{"local": {"yahoo": [119.11942, 256.210551, 49.2410083333, 273.803665, 48.3991383333, 275.004684, 257.2020413333], "upstox": [9.8017556667, 13.772825, 9.2146506667, 14.2080736667], "alibaba": [254.356685, 256.4429393333], "semrush": [35.1635276667], "jeevansathi": [14.9410786667], "yahoosandbox": [49.2410083333, 48.3991383333], "whitehatjr": [], "yimg": [50.0595963333, 48.9619143333]}, "diff_metro": {"yahoo": [119.11942, 256.210551, 50.0595963333, 273.803665, 48.9619143333, 275.004684, 257.2020413333], "upstox": [47.2283806667, 41.2215, 47.916919, 49.653869], "alibaba": [254.356685, 256.4429393333], "semrush": [35.1635276667], "jeevansathi": [271.256935, 291.139936, 67.7730023333], "yahoosandbox": [50.0595963333, 48.9619143333], "whitehatjr": [], "yimg": [50.0595963333, 48.9619143333]}, "same_region": {"yahoo": [82.8197733333, 256.210551, 80.2001266667, 75.2356623333, 273.803665, 275.004684, 73.288109, 257.2020413333, 1.419847], "upstox": [41.7090803333, 41.530617, 50.0393226667, 64.852726], "alibaba": [254.356685, 256.4429393333], "semrush": [35.1635276667], "jeevansathi": [274.9522636667, 69.341601, 298.5226106667], "yahoosandbox": [80.2001266667, 73.288109, 82.8197733333, 75.2356623333], "whitehatjr": [], "yimg": [75.2356623333, 73.288109, 82.8197733333, 80.2001266667]}, "neighboring_region": {"yahoo": [126.4814026667, 119.11942, 256.210551, 117.1960833333, 273.803665, 275.004684, 257.2020413333], "upstox": [215.9627916667, 198.0134973333, 216.86345599999999, 193.7412876667], "alibaba": [254.356685, 256.4429393333], "semrush": [35.1635276667], "jeevansathi": [289.151627, 285.6959116667, 291.803549], "yahoosandbox": [126.4814026667, 117.1960833333], "whitehatjr": [], "yimg": [126.4814026667, 117.1960833333]}, "non-neighboring_region": {"yahoo": [256.210551, 411.1925506667, 256.7904903333, 273.803665, 275.004684, 387.706972, 257.2020413333], "upstox": [158.3222643333, 161.9639603333, 164.78134333334998, 181.469774], "alibaba": [254.356685, 256.4429393333], "semrush": [35.1635276667], "jeevansathi": [302.1836833333, 177.96236066665, 301.8431845], "yahoosandbox": [387.706972, 411.1925506667], "whitehatjr": [], "yimg": [387.706972, 411.1925506667]}}