{"clmbtech": [27.4694443333, 27.4081113333], "fairwork": [7.8786526667], "ancestrycdn": [4.497583, 32.2016943333, 8.198375], "content-cms": [26.759014, 26.7599306667], "twinkl": [26.8451666667, 32.9633053333, 26.36593], "nine": [3.51525, 96.5310416667, 4.1735556667, 4.0004443333, 3.980125, 5.8631943333], "pocruises": [27.338125, 27.4120833333], "outbrain": [26.8719583333], "optimizely": [26.6764996667, 27.3930416667, 27.1557916667, 26.7783893333, 27.748208], "prettylittlething": [26.3785416667], "rbxcdn": [27.3111243333, 27.2893053333, 187.1788613333, 26.827847, 26.36593, 27.381861, 26.8356806667], "static": [27.2010143333, 27.4081113333], "tripadvisor": [13.2396533333, 13.214681, 13.8498193333, 12.802014], "foxtel": [26.8594303333], "agoda": [27.3815973333], "sportsbet": [26.8652913333], "walkme": [32.6064446667], "bestrecipes": [6.4888053333], "serving-sys": [26.8094446667, 26.8645833333], "cloudinary": [32.2470416667, 26.423097], "monu": [152.739819], "nab": [26.861472, 27.3228056667, 32.9911526667], "royalcaribbean": [3.3399723333, 4.3928336667], "themercury": [26.7629306667], "bbci": [27.5926526667, 26.737069], "shein": [26.7571526667, 26.9237636667], "commsec": [27.2839303333], "steampowered": [97.4673196667], "domain": [27.297931, 210.617625, 300.6505973333, 204.7689996667, 203.6374026667], "mzstatic": [26.848097], "qatarairways": [27.4181946667], "appier": [], "azureedge": [26.501875, 26.832597], "tiktokcdn": [27.2330136667, 26.3839163333, 27.337125, 26.5841386667, 27.878625, 26.3898886667, 27.477625, 26.5158053333, 26.8720416667, 26.858764, 27.4039443333], "scene7": [27.347014], "bilibili": [96.0478746667, 129.5111106667, 161.3392916667], "ebay": [26.94625, 27.5062223333], "samsung": [26.8500833333], "liveperson": [55.744611], "9now": [4.1735556667, 4.0004443333, 3.980125, 26.523736, 5.8631943333], "ign": [26.950375, 26.909278], "travel-assets": [26.8912916667], "groupon": [27.2841806667, 32.4363056667], "weather": [27.0491526667], "im-apps": [27.338125, 27.4120833333, 5.6645143333], "akamaihd": [27.4517083333, 27.3400833333, 27.1035276667, 27.328264, 27.2792083333, 27.591292, 26.791278, 26.501875, 27.238792, 26.478389, 27.4165276667, 27.2259306667, 27.2371393333], "kargo": [26.8047636667, 26.9120696667], "akamaized": [27.4079726667, 27.3536803333, 26.8645833333, 26.8229583333, 27.374, 26.5676246667, 27.2271113333, 27.2136666667, 32.5230556667, 33.0214306667, 33.165861, 26.8094446667, 27.4955413333, 26.941653, 27.1990833333, 26.437514, 26.9293196667, 27.2371393333, 92.1310696667, 32.606, 32.0355416667, 27.3915, 27.4809583333, 32.499903], "abc-cdn": [27.3086256667], "bizographics": [27.5212083333, 32.8727916667], "espncdn": [26.883889, 27.328264], "racing": [27.090319], "certona": [27.4694443333, 26.870222], "commbank": [27.4752636667, 26.9215833333, 26.975014], "pstatic": [4.9446666667, 26.9147636667, 26.8344166667], "dell": [192.0929446667, 191.6396533333, 27.0016943333], "dotomi": [96.18425], "livechatinc": [26.870222, 26.9237636667], "scentregroup": [27.338125, 27.4120833333], "tnaflix": [257.923528, 258.4251393333, 258.402111], "moatads": [27.2682086667], "markitdigital": [27.576889], "hm": [27.076986], "365dm": [26.610444, 27.4039443333], "appsflyer": [27.3447223333, 27.301889], "microsoft": [27.4694443333, 5.2072776667, 184.006028, 26.913028, 26.8801803333, 27.4120833333, 249.63132, 153.2570003333, 208.416181], "uciservice": [], "expedia": [4.341361], "office": [27.803028, 32.450514, 26.9309863333, 26.6047496667], "realestate": [27.3889583333, 33.0819306667, 3.7066803333], "optus": [26.883889, 27.328264], "smartadserver": [], "uniqlo": [27.2279026667], "markitcdn": [3.8783196667], "marketo": [27.4073056667, 26.928403], "fastsimon": [26.870222, 27.4081113333], "apple": [26.881111, 4.7279723333], "perimeterx": [4.1919026667], "lululemon": [26.7571526667, 27.5827363333, 26.9237636667], "bigcontent": [4.4912083333, 4.3472083333], "bonds": [], "americanexpress": [26.934764], "hellomagazine": [27.338125, 27.4120833333], "tiktok": [152.2288053333, 27.328264, 158.333931, 26.7571526667, 26.5004163333, 26.447986, 27.4120833333, 154.6529306667, 26.98975, 27.3915, 152.1927223333], "adform": [27.4694443333, 26.870222], "lpsnmedia": [55.7548473333, 4.938528], "xero": [27.4694443333, 253.753487, 253.7350556667, 26.4594166667, 27.0586943333, 254.1254026667, 253.1728053333], "fastclick": [180.224889], "realcommercial": [27.3889583333, 3.7066803333], "licdn": [27.5212083333, 32.8727916667, 4.4024443333, 4.3824583333], "news": [27.5698753333], "autotrader": [27.2010143333, 26.870222, 26.938139], "naver": [26.9147636667], "cxense": [26.5557366667], "ato": [27.1225836667], "abc": [27.3086256667], "cricbuzz": [26.9237636667, 27.4081113333], "jgl": [27.4694443333, 27.2010143333], "manoramaonline": [28.162986], "tiktokv": [27.4694443333, 26.9237636667, 27.2010143333, 26.870222, 26.7571526667, 27.4120833333, 27.0586943333, 27.338125, 27.4081113333], "ninthdecimal": [152.8760553333], "jdsports-client-resources": [32.6477363333], "rubiconproject": [152.364639, 96.3568196667, 32.6093753333, 151.6608613333, 96.2768756667], "heraldsun": [26.7629306667], "innovid": [], "adnami": [27.2259306667, 26.787361], "macquarie": [7.168139], "pricefinder": [26.355903], "brightcove": [27.6596113333, 27.0046663333], "teads": [27.3644163333, 3.7203193333, 32.6810276667], "microsoftonline-p": [26.8186663333], "kia": [153.656875], "tesla": [252.2681803333, 222.3347223333, 95.6648053333, 126.6795003333, 179.6972363333], "alicdn": [26.9235136667, 26.555875, 4.6284583333, 27.0015, 75.0160553333, 12.7997496667], "casalemedia": [205.3592363333], "rnengage": [], "anrdoezrs": [], "sydney": [4.1529166667], "carsguide": [32.559542], "sharethis": [27.338125, 27.4120833333], "dellcdn": [27.0016943333], "ebayimg": [3.3155693333], "servicesaustralia": [], "mygovid": [], "brasnthings": [], "optussport": [26.870153, 26.8959303333], "kidspot": [26.7629306667], "cbsaavideo": [26.8244303333, 27.4775276667], "cnbc": [26.8327496667], "dailymail": [27.332014, 32.583], "pinterest": [27.450653, 12.88675, 13.8236943333, 13.3151806667, 15.0382503333], "adelaidenow": [26.7629306667], "op": [27.5787636667, 32.606, 27.6535003333, 27.5867773333], "health": [], "nflximg": [27.3197083333], "energyaustralia": [27.3740416667, 26.7597913333], "addthis": [26.807764], "rightinthebox": [27.4694443333, 26.9237636667], "thelott": [26.9207916667], "janrain": [], "teacherspayteachers": [3.7311806667, 27.0475416667, 5.1174443333, 32.4745973333], "homeaway": [26.7571526667, 189.12, 26.870222], "flightaware": [210.6328196667, 201.168, 188.4217916667, 95.8045976667, 253.6530836667, 152.4659166667, 193.1203196667], "live": [4.3456106667], "mt48": [26.947361], "boohoo": [6.613639, 4.2691253333], "everesttech": [], "espncricinfo": [27.2010143333, 27.385347], "amazon": [160.5416666667, 160.813097, 260.5766113333, 164.258708, 260.5873333333, 261.2088893333], "cricket": [26.4339586667, 7.7081803333], "dominos": [26.642875], "byteoversea": [26.869875, 26.9237636667, 27.338125, 27.2259306667, 26.8356806667, 27.385347, 27.4694443333, 27.2010143333, 26.854986, 26.8094446667, 27.4955413333, 26.4875693333, 27.0586943333, 26.7571526667, 26.870222, 27.4120833333, 27.2494723333, 27.4081113333, 27.4439863333], "nike": [27.4694443333, 27.3276943333, 26.7571526667, 27.4120833333, 27.338125], "amplience": [6.613639, 4.2691253333], "monetate": [26.943889], "stan": [27.2626386667, 203.6829866667, 203.6510833333, 204.021542, 204.1289723333], "sharepointonline": [32.6324446667], "msn": [27.4688326667], "kayosports": [26.9770556667], "bluekai": [27.22675], "austlii": [4.234611], "viator": [27.4003613333], "grouponcdn": [27.2841806667], "yotpo": [27.0801523333, 32.4364443333], "mathtag": [26.9136663333], "typekit": [27.4955413333, 26.883889, 27.328264, 27.4439863333], "readspeaker": [27.7034443333, 33.0742636667], "icloud": [4.7279723333],