{"clmbtech": [5.0871803333, 4.8267223333, 4.562597, 5.2636526667, 3.6525696667, 4.0275276667], "fairwork": [7.8786526667], "ancestrycdn": [4.497583, 4.2630553333, 8.198375], "content-cms": [5.7860973333, 4.6573193333], "twinkl": [6.935361, 4.9361803333, 3.2109996667], "nine": [4.1735556667, 4.0004443333, 3.980125, 5.8631943333, 4.5404996667], "pocruises": [4.761486, 4.128375], "outbrain": [3.1981526667], "optimizely": [4.641625, 5.0621806667, 4.5405693333, 8.787806, 4.0909446667, 4.4858056667, 3.9303336667, 4.443806, 4.247903], "prettylittlething": [4.7420136667], "rbxcdn": [4.3545, 3.5461803333, 5.1112916667, 4.3398053333, 6.2221663333, 4.1698056667], "static": [169.0394583333, 5.0364723333, 5.121542, 4.4828336667], "tripadvisor": [13.214681, 13.2396533333, 13.8498193333, 12.802014], "foxtel": [5.180028], "agoda": [3.8358886667, 4.6419446667, 7.17475], "sportsbet": [4.812833], "walkme": [14.5826663333], "bestrecipes": [6.4888053333], "serving-sys": [4.7635836667, 4.1844443333], "cloudinary": [4.3264863333, 4.4170696667, 4.3498473333], "monu": [152.739819], "nab": [5.7314583333, 5.0495833333, 5.836264], "royalcaribbean": [95.7769443333, 96.242181], "themercury": [6.4888053333], "bbci": [4.400986, 4.3817776667, 5.1515136667, 3.7966943333], "shein": [5.7860973333, 4.3238333333, 4.840111, 169.0394583333, 4.478903, 4.393778, 4.470222, 5.04875, 7.0704303333, 3.940542, 6.074333], "commsec": [3.9053056667], "steampowered": [4.660833], "domain": [3.8541386667, 5.1338053333, 3.9415553333, 4.2825696667, 4.601694], "mzstatic": [5.3402363333, 3.894819, 4.8937083333], "qatarairways": [7.7703613333], "appier": [], "azureedge": [9.079875, 4.319486, 4.0091806667, 4.7596253333], "tiktokcdn": [4.5731803333, 4.0957083333, 4.727639, 5.6435556667, 4.3937776667, 6.7472916667, 3.9779863333, 4.6423336667, 4.7161526667, 4.563472], "scene7": [6.5607916667], "bilibili": [96.0478746667, 129.5111106667, 161.3392916667], "ebay": [3.824111, 4.4065553333], "samsung": [4.361847], "liveperson": [55.744611], "9now": [4.1735556667, 4.0004443333, 3.980125, 3.8920276667, 5.8631943333], "ign": [3.2327083333, 4.2588053333], "travel-assets": [4.270722, 5.0272083333], "groupon": [5.1474306667, 14.232861], "weather": [4.777347], "im-apps": [5.6645143333, 4.512278, 4.4684166667], "akamaihd": [4.871972, 13.9183613333, 4.673111, 6.6174583333, 5.6484723333, 14.4999583333, 4.4778886667, 4.478764, 7.2174303333, 273.5580976667, 4.118486, 3.8728473333, 4.8532496667], "kargo": [4.0828333333, 5.1578333333], "akamaized": [14.2181526667, 4.446, 6.6174583333, 4.489861, 14.1696806667, 5.0085416667, 4.223361, 4.439139, 4.4405, 5.4905556667, 4.647847, 4.7134446667, 4.3496526667, 4.5036526667, 13.9183613333, 6.3249303333, 4.478764, 14.3821523333, 4.888569, 4.6979443333], "abc-cdn": [3.5619723333], "bizographics": [4.8084576667, 4.834889], "espncdn": [4.852722, 4.7255], "racing": [3.8694303333, 4.4519583333], "certona": [4.9865696667, 4.8267223333], "commbank": [6.3150416667, 3.914375, 4.8437503333, 5.4461526667], "pstatic": [3.592111, 4.5825693333, 4.7675, 4.587639], "dell": [192.0929446667, 191.6396533333, 3.7885003333], "dotomi": [137.144403], "livechatinc": [169.0394583333, 4.761486, 4.0558333333], "scentregroup": [4.2868056667, 4.831764], "tnaflix": [257.923528, 258.4251393333, 258.402111], "moatads": [3.3287503333, 4.0524863333], "markitdigital": [5.564792], "hm": [3.326722], "365dm": [4.7661386667, 3.3539166667], "appsflyer": [3.9823893333, 4.975403], "microsoft": [5.636514, 4.965111, 5.2072776667, 184.006028, 4.4793056667, 249.63132, 153.2570003333, 208.416181, 4.2130413333], "uciservice": [], "expedia": [4.341361], "office": [3.3307643333, 4.5040556667, 4.6463196667, 4.3271526667], "realestate": [132.582278, 5.1719303333, 4.026125], "optus": [5.121458, 4.927097], "smartadserver": [], "uniqlo": [6.658278, 3.410778], "markitcdn": [4.0810973333], "marketo": [3.9632776667, 4.6031113333, 4.054097], "fastsimon": [3.940542, 5.5655833333, 4.435361, 169.0394583333], "apple": [14.7388333333, 4.7279723333], "perimeterx": [4.1919026667], "lululemon": [6.6589863333, 4.290361, 5.0871803333], "bigcontent": [4.4912083333, 4.3472083333], "bonds": [], "americanexpress": [3.2451943333], "hellomagazine": [5.3290556667], "tiktok": [5.0587083333, 4.7976943333, 4.0558333333, 5.312639, 6.4451526667, 5.3709166667, 4.3238333333, 5.6484723333, 4.1849446667, 3.940542, 4.4684166667, 4.290361, 5.04875, 7.2174303333, 4.128375, 7.0704303333, 4.4669026667, 6.7401246667, 3.7989306667], "adform": [5.103986, 4.322917], "lpsnmedia": [15.9370693333, 4.938528], "xero": [3.8102223333, 5.065014, 4.9651526667, 4.7065556667, 3.8699303333, 3.426639, 4.461667], "fastclick": [4.1170276667], "realcommercial": [4.8096663333, 3.7066803333], "licdn": [4.798347, 4.4527773333, 5.0659166667, 4.834889, 4.8084576667, 79.52075], "news": [161.9006803333], "autotrader": [5.7860973333, 169.0394583333, 3.506708], "naver": [3.774083], "cxense": [4.7201946667], "ato": [4.833278], "abc": [3.5619723333, 4.9995556667], "cricbuzz": [3.8920136667, 3.675861], "jgl": [4.9651526667, 4.062875], "manoramaonline": [3.913292], "tiktokv": [4.5154166667, 4.2579723333, 4.4828336667, 4.926583, 4.831764, 4.9479583333, 4.8106943333, 7.0096666667, 5.165125], "ninthdecimal": [153.0915136667], "jdsports-client-resources": [4.6135836667], "rubiconproject": [152.364639, 96.3568196667, 151.6608613333, 96.2768756667, 6.5408193333], "heraldsun": [6.4888053333], "innovid": [], "adnami": [4.6345276667, 4.5639306667], "macquarie": [7.168139], "pricefinder": [3.3389446667], "brightcove": [5.014236], "teads": [4.8147913333, 3.7203193333, 3.6721526667], "microsoftonline-p": [4.3133196667], "kia": [153.656875], "tesla": [252.2681803333, 222.3347223333, 95.6648053333, 126.6795003333, 179.6972363333], "alicdn": [4.374833, 4.9031943333, 5.9594583333, 4.053611, 4.378514], "casalemedia": [205.3592363333], "rnengage": [], "anrdoezrs": [], "sydney": [4.1529166667], "carsguide": [4.181264], "sharethis": [5.04875, 7.695986], "dellcdn": [3.7885003333], "ebayimg": [3.8521526667], "servicesaustralia": [], "mygovid": [], "brasnthings": [], "optussport": [5.3147223333, 4.8696666667], "kidspot": [4.744125], "cbsaavideo": [221.2008476667], "cnbc": [156.488764], "dailymail": [5.7980973333, 3.8578886667], "pinterest": [12.88675, 3.8208893333, 13.8236943333, 13.3151806667, 15.0382503333], "adelaidenow": [4.744125], "op": [4.519958, 4.1698056667, 3.8728473333, 4.439139], "health": [], "nflximg": [5.364597], "energyaustralia": [4.5188883333, 3.805028], "addthis": [3.7933606667], "rightinthebox": [4.761486, 5.7860973333, 4.3262916667, 4.478903, 5.2636526667, 4.512278, 4.470222], "thelott": [4.2917363333], "janrain": [4.3575416667, 4.2130413333], "teacherspayteachers": [3.7311806667, 5.1174443333, 6.3508196667], "homeaway": [189.12, 7.0704303333, 4.4684166667], "flightaware": [210.6328196667, 201.168, 188.4217916667, 95.8045976667, 253.6530836667, 152.4659166667, 193.1203196667], "live": [4.3456106667], "mt48": [3.871944], "boohoo": [6.613639, 4.2691253333], "everesttech": [], "espncricinfo": [5.0364723333, 4.0558333333], "amazon": [160.5416666667, 160.813097, 260.5766113333, 164.258708, 260.5873333333, 261.2088893333], "cricket": [5.6967083333, 7.7081803333], "dominos": [3.4234583333, 5.6346946667], "byteoversea": [5.636514, 4.8338616667, 5.3569443333, 6.4184586667, 4.9651526667, 5.154972, 5.779153, 4.5012363333, 7.524111, 4.765236, 7.3779303333, 3.8109443333, 5.4201663333, 3.8183193333, 4.4979023333, 6.4981946667, 4.086847, 3.672722, 4.7723613333, 4.8288193333, 3.7047083333, 3.7234306667, 4.5811253333, 6.8802916667, 6.5225836667, 6.393097, 3.7655693333], "nike": [5.636514, 4.414097, 3.7963193333, 4.929389, 3.6808753333, 4.8657916667, 5.0340416667], "amplience": [3.703736, 6.1755553333], "monetate": [4.7396526667], "stan": [4.224361, 6.765139, 3.7454306667, 4.5182776667, 4.1843056667], "sharepointonline": [4.612514], "msn": [4.9699586667], "kayosports": [4.7620416667], "bluekai": [4.19325], "austlii": [4.234611],