{"clmbtech": [3.6525696667, 4.0275276667, 4.1739303333], "fairwork": [7.8786526667], "ancestrycdn": [4.497583, 4.2630553333, 8.198375], "content-cms": [5.7860973333, 6.074333], "twinkl": [13.352278, 13.822764, 13.4586946667, 12.7715973333, 3.3168473333, 3.7224303333], "nine": [3.51525, 4.1735556667, 4.0004443333, 3.980125, 5.8631943333, 4.2573193333], "pocruises": [4.761486, 4.128375], "outbrain": [4.8740693333, 3.1981526667], "optimizely": [5.0621806667, 3.3902083333, 6.179639, 3.3881666667, 3.9303336667, 4.247903, 4.394889], "prettylittlething": [4.4539586667], "rbxcdn": [4.1204583333, 4.3545, 3.7860976667, 4.2934026667, 4.478764, 4.3398053333, 4.1586666667, 6.2221663333], "static": [169.0394583333, 5.0364723333, 3.675861, 4.086847], "tripadvisor": [13.214681, 13.2396533333, 13.8498193333, 12.802014], "foxtel": [5.180028], "agoda": [3.8358886667, 4.6419446667], "sportsbet": [4.6714583333, 5.2276526667], "walkme": [4.32975], "bestrecipes": [6.4888053333], "serving-sys": [4.224097, 3.8472643333], "cloudinary": [13.9482776667, 13.2269026667, 12.7593473333, 4.3498473333, 13.7051526667, 4.3087086667], "monu": [152.739819], "nab": [4.6371666667, 4.028667, 4.4290693333], "royalcaribbean": [266.7848333333, 265.9119303333], "themercury": [6.6108193333], "bbci": [4.400986, 5.1515136667], "shein": [5.0364723333, 4.290361, 4.3238333333, 5.0871803333, 169.0394583333, 5.04875, 4.470222, 4.0558333333, 4.128375, 6.074333, 7.695986, 4.4684166667], "commsec": [4.5128886667], "steampowered": [4.253903], "domain": [3.8541386667, 5.1338053333, 3.3389446667, 3.9415553333, 4.2825696667], "mzstatic": [3.6930833333, 5.212875, 5.3402363333], "qatarairways": [3.7375136667], "appier": [], "azureedge": [4.8297356667, 4.319486, 4.0091806667, 3.7646946667], "tiktokcdn": [5.4794863333, 3.283403, 5.705361, 3.4136113333, 3.8877083333, 4.7635836667, 4.460611, 4.686639, 4.0338473333, 3.696875, 3.866514], "scene7": [3.435986], "bilibili": [129.5111106667, 96.0478746667, 161.3392916667], "ebay": [4.4065553333, 4.7769306667, 4.6918336667], "samsung": [4.361847], "liveperson": [55.744611], "9now": [4.1735556667, 4.0004443333, 6.179681, 3.980125, 5.8631943333], "ign": [3.2327083333, 4.2588053333], "travel-assets": [5.0272083333, 4.5933613333], "groupon": [32.4363056667, 5.1474306667], "weather": [3.3040136667], "im-apps": [5.6645143333, 4.512278, 4.4684166667], "akamaihd": [3.8608473333, 3.713625, 3.4199583333, 3.7396666667, 4.3505693333, 6.6174583333, 4.0338473333, 5.1176526667, 4.2934026667, 4.478764, 4.5289446667, 6.224417, 4.5121526667, 4.765236], "kargo": [3.283403, 3.447181], "akamaized": [4.6304303333, 5.7801526667, 4.7267916667, 4.2640416667, 4.3928336667, 4.7827223333, 4.4405, 3.2161946667, 5.4905556667, 4.1586666667, 4.6678476667, 4.7134446667, 7.4080416667, 83.539986, 3.3399723333, 4.5036526667, 6.3249303333, 6.8802916667, 4.3383333333, 4.478764, 6.4341666667], "abc-cdn": [4.357153], "bizographics": [4.8084576667, 4.834889], "espncdn": [5.1290553333, 4.7839026667, 4.6092083333], "racing": [3.8694303333, 3.8824166667], "certona": [4.693694, 5.04875], "commbank": [5.4461526667, 3.2731113333, 4.317889, 4.52975, 4.3981803333], "pstatic": [4.5081946667, 4.5825693333, 4.3865276667], "dell": [192.0929446667, 191.6396533333, 3.7885003333], "dotomi": [96.18425], "livechatinc": [4.761486, 7.536778, 169.0394583333, 4.0558333333, 4.8657916667, 4.6573193333, 6.074333], "scentregroup": [13.1668473333, 12.9511806667, 13.7281106667, 13.1720973333], "tnaflix": [257.923528, 258.4251393333, 258.402111], "moatads": [76.056403, 4.891181], "markitdigital": [159.0779306667], "hm": [3.326722], "365dm": [4.5121526667, 7.0361806667], "appsflyer": [3.9823893333, 4.975403], "microsoft": [4.4821386667, 4.693694, 5.2072776667, 184.006028, 4.9405836667, 4.0558333333, 249.63132, 153.2570003333, 208.416181], "uciservice": [], "expedia": [4.341361], "office": [4.5040556667, 4.6463196667, 4.3271526667, 4.0974443333], "realestate": [3.991514, 3.7066803333], "optus": [3.9882086667, 4.243597], "smartadserver": [], "uniqlo": [90.292875, 4.0348336667], "markitcdn": [3.8783196667], "marketo": [5.461889, 3.791014, 4.054097], "fastsimon": [169.0394583333, 5.5655833333, 3.940542, 4.435361], "apple": [4.5302776667, 4.7279723333], "perimeterx": [13.2761663333, 12.8789306667, 13.9142916667, 13.297347], "lululemon": [6.6589863333, 4.290361, 5.0871803333], "bigcontent": [5.0364723333, 5.7860973333], "bonds": [], "americanexpress": [3.2451943333], "hellomagazine": [13.1668473333, 12.9511806667, 13.7281106667, 13.1720973333], "tiktok": [6.6174583333, 4.478903, 4.7976943333, 5.312639, 6.4451526667, 4.3238333333, 3.7700276667, 4.1849446667, 4.8084576667, 79.5480693333, 85.952931, 3.940542, 4.4684166667, 5.9195973333, 7.0704303333, 4.2968056667, 4.2110276667, 4.0898473333, 166.1649583333, 6.273139, 3.6698336667, 4.6958053333], "adform": [5.7860973333, 4.3262916667], "lpsnmedia": [15.9370693333, 4.938528], "xero": [5.0364723333, 4.0859583333, 3.834639, 4.0288333333, 5.5031946667, 7.0704303333, 4.135458], "fastclick": [4.681611], "realcommercial": [3.7569163333, 3.7066803333], "licdn": [4.4527773333, 4.4024443333, 4.8084576667, 4.834889, 79.52075, 4.3824583333], "news": [4.160389], "autotrader": [5.7860973333, 3.81325, 169.0394583333], "naver": [5.6910973333], "cxense": [4.7201946667], "ato": [4.470389], "abc": [4.9995556667, 13.6223613333, 3.6343886667], "cricbuzz": [169.0394583333, 4.0558333333], "jgl": [5.3377223333, 5.9071113333, 3.340917], "manoramaonline": [5.272778], "tiktokv": [5.0364723333, 4.290361, 4.3238333333, 5.3709166667, 5.0871803333, 169.0394583333, 6.074333, 7.695986, 4.4684166667], "ninthdecimal": [153.3442643333], "jdsports-client-resources": [4.6135836667], "rubiconproject": [152.364639, 96.3568196667, 4.29825, 151.6608613333, 96.2768756667], "heraldsun": [6.6108193333], "innovid": [], "adnami": [4.0833333333, 3.8336666667], "macquarie": [7.168139], "pricefinder": [4.4653053333], "brightcove": [3.9145276667, 4.5502223333], "teads": [3.7203193333, 7.2918893333, 3.6721526667], "microsoftonline-p": [4.5310693333], "kia": [153.656875], "tesla": [252.2681803333, 222.3347223333, 95.6648053333, 126.6795003333, 179.6972363333], "alicdn": [3.805028, 3.421972, 4.211403, 4.053611, 4.378514], "casalemedia": [205.3592363333], "rnengage": [], "anrdoezrs": [], "sydney": [4.1529166667], "carsguide": [4.181264], "sharethis": [5.04875, 7.695986], "dellcdn": [6.8620696667], "ebayimg": [12.8620553333, 13.8460553333, 13.416014, 13.3295693333], "servicesaustralia": [], "mygovid": [], "brasnthings": [], "optussport": [4.2371253333, 6.171556], "kidspot": [6.6108193333], "cbsaavideo": [4.6304303333, 4.600708, 4.8428053333, 4.427639, 4.626472, 4.4625003333, 4.806833, 7.910764, 6.1845556667], "cnbc": [3.782833], "dailymail": [4.0675833333, 6.487292], "pinterest": [13.3151806667, 13.8236943333, 12.88675, 15.0382503333], "adelaidenow": [4.3148193333], "op": [4.519958, 4.1698056667, 3.8728473333, 4.439139], "health": [], "nflximg": [3.2185143333], "energyaustralia": [6.9327496667, 3.9664996667], "addthis": [4.7870276667], "rightinthebox": [4.512278, 4.3262916667], "thelott": [4.7419166667], "janrain": [], "teacherspayteachers": [3.7311806667, 6.0903476667, 5.1174443333, 4.180472], "homeaway": [189.12, 4.4684166667, 7.0704303333], "flightaware": [210.6328196667, 201.168, 188.4217916667, 95.8045976667, 253.6530836667, 152.4659166667, 193.1203196667], "live": [4.3456106667], "mt48": [3.871944], "boohoo": [6.613639, 4.2691253333], "everesttech": [], "espncricinfo": [5.0364723333, 4.0558333333], "amazon": [160.5416666667, 160.813097, 260.5766113333, 164.258708, 260.5873333333, 261.2088893333], "cricket": [4.512931, 7.7081803333], "dominos": [4.361125, 3.4234583333, 4.5725416667],