{"ctfassets": [3.7482223333, 77.5861386667, 4.9759443333, 3.838736], "bcf": [5.9589166667, 4.4157503333, 6.9789863333, 3.8699303333], "imrworldwide": [4.3334303333, 3.907597, 4.1457223333, 7.267861, 4.8018613333, 4.275778, 4.2748053333, 3.920389, 4.7065556667, 4.0944026667, 4.258347, 3.934389, 4.1509723333, 5.233125, 5.4962223333, 4.5427913333], "sndcdn": [6.017236, 6.765139, 5.1338053333, 4.5116666667, 4.366722, 5.2130973333, 3.8479163333, 3.878208, 5.680361, 4.6017223333, 5.026389], "eventbrite": [3.691875, 6.2029586667, 3.834639, 4.3934863333], "sail-horizon": [4.9629163333, 3.9500136667, 7.2059303333, 4.2589863333], "pbxai": [4.744444, 6.9789863333, 4.4832916667, 5.1338053333], "the-sun": [5.312639, 4.3124863333, 4.6072916667, 4.1849446667], "thereviewsplace": [77.5861386667, 4.137222, 4.4157503333, 3.8720973333, 4.412264, 4.0504996667, 4.2522083333, 4.1333613333], "stats": [4.9403333333, 3.7940973333, 4.4832916667, 4.461667], "marinsm": [4.1333613333, 4.0744163333, 3.7725693333, 4.1849446667], "reastatic": [4.744444, 4.1457223333, 4.5890833333, 5.1338053333, 4.591611, 4.487736, 4.412264, 4.1509723333, 5.2130973333, 4.3447916667, 5.7157916667, 3.7959166667, 8.3658333333, 4.2710836667, 3.7482223333, 6.9353473333], "privacy-center": [152.274653, 152.3203193333, 152.306403, 152.1783613333], "gr-assets": [3.754986], "rudderlabs": [4.4877223333, 3.9500136667, 4.7065556667, 4.6155556667], "adsafeprotected": [152.41232, 6.4451526667, 152.3973053333, 4.4157503333, 4.4850416667, 152.5256393333, 4.2710836667, 153.2624306667], "playwire": [4.9629163333, 4.4877223333, 4.733389, 4.864486], "rebelsport": [4.1509723333, 5.7157916667, 4.318042, 3.838736], "jaycar": [], "sprinklr": [4.8495136667, 3.8905976667, 4.0571663333, 4.1849446667], "viostream": [5.2130973333, 4.1457223333, 4.0788746667, 4.318042], "igaming-service": [5.680361, 6.4451526667, 4.7976943333, 5.1338053333], "newscgp": [4.4533336667, 7.267861, 4.4836943333, 3.8541386667, 4.1849446667, 5.3503333333, 8.3658333333, 3.838736], "customer": [4.9757083333, 4.6017223333, 4.0571663333, 4.487736], "fclmedia": [4.1333613333, 3.8433196667, 5.4327776667, 4.1843056667], "fclweb": [4.9629163333, 4.4877223333, 3.8463196667, 77.5861386667], "bazaarvoice": [4.5427913333, 5.7814163333, 4.8040003333, 4.137222, 4.8495136667, 4.412264, 3.920389, 4.6155556667, 5.282917, 4.2825696667, 4.128167, 4.6072916667, 3.7959166667, 4.3775693333, 4.6017223333, 4.864486], "securiti": [151.7894723333, 151.4662776667, 151.2779586667, 151.8269163333], "bendigobank": [4.2825696667, 4.0744163333, 5.026389, 4.7065556667], "bestandless": [], "coinmarketcap": [4.8380416667, 5.4327776667, 5.8383056667, 6.4451526667, 6.765139, 3.7745693333, 3.7759166667, 4.7526946667, 4.0744163333, 5.3503333333, 4.3775693333, 4.2710836667, 4.8040003333, 4.461667, 3.8424166667], "tradingview": [4.3414306667, 6.4451526667, 4.3074166667, 3.920389], "snapchat": [96.228889, 96.4145136667, 96.1104863333, 95.9134586667], "builder": [4.4157503333, 5.7814163333, 4.651, 3.838736], "mailchimp": [4.306875], "sharethis": [4.744444, 5.4327776667, 3.7959166667, 4.321], "intergient": [4.2522083333, 4.435514, 4.2845833333, 4.318042], "strava": [3.907597, 5.4327776667, 5.282917, 4.318042], "imagekit": [5.680361, 4.0571663333, 6.9353473333, 5.7814163333], "unimelb": [4.864486, 5.7814163333, 77.5861386667, 6.9353473333], "invocacdn": [152.3928053333, 152.8541803333, 152.4285, 152.344097], "barilliance": [4.5182776667, 4.0744163333, 5.065014, 4.6155556667], "vpsvc": [3.7759166667, 5.2130973333, 3.8433196667, 4.601097], "monsido": [6.9789863333, 4.7526946667, 4.4832916667, 4.9757083333], "medicalnewstoday": [152.9142083333, 152.3749726667, 151.6967223333, 152.0484586667], "saasexch": [4.6958613333, 6.9789863333, 4.591611, 4.275778, 4.5116666667, 4.1457223333, 3.7959166667, 4.6072916667], "trackonomics": [152.1765973333, 152.3005416667, 152.840639, 151.859042], "pprl": [8.3658333333, 4.733389, 5.1690973333, 77.5861386667], "lfeeder": [4.0944026667, 4.275778, 3.9500136667, 3.7745693333], "the-ozone-project": [4.1333613333, 5.312639, 4.9629163333, 5.7157916667], "inskinad": [3.7482223333, 5.2130973333, 4.864486, 4.412264], "tiqcdn": [4.2024166667, 4.2845833333, 4.1457223333, 4.4850416667], "prismic": [4.1457223333, 3.9500136667, 4.5116666667, 4.0571663333], "opentok": [4.591611, 6.9353473333, 5.282917, 5.9589166667], "stgeorge": [6.017236, 3.8463196667, 3.7482223333, 5.065014], "fcl": [5.7562776667, 4.128167, 6.137347, 5.1338053333], "s-onetag": [4.1457223333, 4.137222, 4.487736, 4.275778, 4.412264, 3.8699303333, 3.7759166667, 4.0788746667], "timeout": [152.8477086667, 151.9275556667, 4.258347, 3.7759166667, 152.588542, 151.8864166667, 6.017236, 4.6072916667], "ensighten": [5.9589166667, 4.4157503333, 4.275778, 5.7157916667], "pepperjam": [5.3503333333, 4.5182776667, 4.1457223333, 4.7976943333], "express": [152.2152083333, 151.745889, 151.8773476667, 151.7204166667, 151.9023333333, 152.5256393333, 152.4184443333, 152.3866943333], "rotorint": [5.7157916667, 5.1690973333, 3.7725693333, 4.5890833333], "associates-amazon": [4.383125], "liteneasy": [3.7959166667, 3.7759166667, 4.9629163333, 3.8424166667], "surveygizmo": [226.3247363333, 226.3078196667, 229.0277083333, 225.0828473333], "brauz": [4.2522083333, 3.907597, 4.4850416667, 4.7526946667], "originenergy": [4.8501116667, 4.1930553333, 5.140014, 4.4228193333], "airg": [4.0944026667, 4.651, 3.9500136667, 3.920389], "racing": [3.7759166667, 77.5861386667, 4.117722, 4.9403333333], "abrankings": [5.9589166667, 4.3334303333, 4.7065556667, 3.838736], "bamgrid": [6.9789863333, 4.7526946667, 7.267861, 4.0504996667], "bonzai": [4.5890833333, 5.9589166667, 4.5419026667, 3.490125, 83.1138333333, 5.2184303333, 3.5420003333, 3.7482223333], "geekdo-static": [4.1509723333, 7.267861, 4.7976943333, 4.591611], "storyasset": [3.878208, 4.0571663333, 5.4327776667, 4.2589863333], "minutemedia-prebid": [4.2710836667, 5.680361, 4.5182776667, 3.7940973333], "soundcloud": [5.246833, 4.8040003333, 3.7245, 4.1509723333, 5.2184303333, 3.868264, 4.9985136667, 4.2845833333], "reamedia": [4.1509723333, 5.7814163333, 4.3447916667, 5.1690973333], "dwin1": [], "parastorage": [4.0949166667], "openpay": [4.435514, 5.7562776667, 4.4850416667, 77.5861386667], "revolutionise": [6.9789863333, 4.8495136667, 4.412264, 6.0586253333, 4.117528, 4.3074166667, 3.8905976667, 8.3658333333, 4.651, 4.8380416667, 4.1843056667, 4.321], "quantcount": [3.5228473333, 4.9285416667, 3.5141113333, 7.753819], "binance": [], "mytoll": [], "dotmetrics": [3.7482223333, 4.487736, 6.4451526667, 5.282917], "oribi": [4.1457223333, 8.3658333333, 6.4451526667, 4.461667], "wushka": [3.7959166667, 3.7759166667, 5.312639, 4.5116666667], "qgraph": [4.487736, 6.4451526667, 3.8541386667, 4.9759443333], "storystream": [4.8923053333, 4.281528, 4.32725, 5.314139], "disney-plus": [3.8699303333, 4.5116666667, 4.1457223333, 4.1509723333], "nine": [4.2710836667, 3.7725693333, 4.1457223333, 4.0504996667], "profitwell": [151.295306, 151.835778, 151.8074583333, 151.8390553333], "adroll": [4.45625, 6.9789863333, 4.8380416667, 5.1338053333], "geetest": [5.3503333333, 3.7759166667, 5.2130973333, 4.461667], "nsw": [4.0454443333, 3.9399723333], "website-files": [152.5191113333, 152.7868473333, 152.75432, 152.588542], "tyroola": [4.5427913333, 3.8463196667, 4.4836943333, 4.4889996667], "searchspring": [4.9757083333, 4.2710836667, 5.026389, 4.7065556667], "liadm": [4.9113056667, 4.0744163333, 4.1849446667, 4.5890833333], "jisho": [4.128167, 4.3334303333, 4.7065556667, 4.9113056667], "pendo": [5.7814163333, 4.3447916667, 4.366722, 4.321], "primis": [152.4210976667, 153.07975, 151.8130276667, 152.0371943333], "captcha-delivery": [5.9589166667, 4.373972, 5.7157916667, 4.321], "loggly": [5.087028], "riotgames": [151.3918336667, 152.078097, 152.0833886667, 152.319361], "amazon-adsystem": [4.930861], "stripe": [3.2774443333], "wxapi": [4.3414306667, 4.4533336667, 4.601097, 4.744444],