{"ctfassets": [5.3222216667, 3.910417, 4.6344723333, 4.4100973333], "bcf": [4.098833, 4.6131943333, 4.4794716667, 4.5829166667], "imrworldwide": [4.4693056667, 4.2748053333, 83.1138333333, 4.042278, 4.9246106667, 4.7967086667, 3.920389, 4.258347, 4.1509723333, 4.354764, 3.926028, 4.8018613333, 3.5177363333, 5.7328746667, 4.055833, 4.5427913333, 3.934389, 4.5829166667, 5.4962223333, 5.0176246667], "sndcdn": [5.6578336667, 5.619111, 3.9777356667, 3.852722, 79.022736, 4.6150416667, 4.109792, 4.573347, 4.4801253333, 6.8325973333, 4.776722], "eventbrite": [3.691875, 6.2029586667, 3.834639, 4.3934863333], "sail-horizon": [4.9629163333, 3.9500136667, 7.2059303333, 4.2589863333], "pbxai": [4.744444, 6.9789863333, 4.4832916667, 5.1338053333], "the-sun": [3.9434443333, 4.15475, 4.3759026667, 5.0176246667], "thereviewsplace": [77.5861386667, 4.137222, 4.4157503333, 3.8720973333, 4.412264, 4.0504996667, 4.2522083333, 4.1333613333], "stats": [4.9403333333, 3.7940973333, 4.4832916667, 4.461667], "marinsm": [4.1333613333, 4.0744163333, 3.7725693333, 4.1849446667], "reastatic": [4.744444, 4.6708473333, 5.3829166667, 5.1338053333, 4.591611, 4.5890833333, 4.487736, 3.5345276667, 5.7157916667, 4.428889, 4.9827916667, 5.4962223333, 8.3658333333, 4.2710836667, 4.3361116667, 4.091361], "privacy-center": [151.5196113333, 150.8324863333, 155.5354583333, 154.9336386667], "gr-assets": [4.4110833333], "rudderlabs": [4.4877223333, 3.9500136667, 4.7065556667, 4.6155556667], "adsafeprotected": [11.2116386667, 3.8962496667, 152.7442506667, 3.4942776667, 152.9680693333, 153.243542, 3.944278, 152.8187503333], "playwire": [4.9629163333, 4.4877223333, 4.733389, 4.864486], "rebelsport": [3.9129996667, 3.8660696667, 4.4519726667, 5.3248753333], "jaycar": [], "sprinklr": [5.156167, 4.4693056667, 4.6741666667, 77.9934163333], "viostream": [5.7328746667, 5.914458, 3.6595836667, 4.032139], "igaming-service": [3.4763333333, 3.4942776667, 3.4228476667, 4.7899583333], "newscgp": [5.3648056667, 3.9686943333, 4.6158473333, 5.140611, 5.204375, 3.911639, 4.2480556667, 4.4801253333], "customer": [4.9757083333, 4.6017223333, 4.0571663333, 4.487736], "fclmedia": [4.1031946667, 3.6700836667, 3.9669723333, 3.9953056667], "fclweb": [4.4098196667, 6.4238613333, 5.3222363333, 6.8325973333], "bazaarvoice": [11.2116386667, 260.694111, 260.3208746667, 5.0875833333, 5.7814163333, 4.8495136667, 3.920389, 5.282917, 261.1617363333, 4.6155556667, 3.8917916667, 3.9195696667, 4.3775693333, 4.8040003333, 4.6072916667, 261.258208], "securiti": [204.1039033333, 204.3082636667, 203.783, 203.636097], "bendigobank": [3.5280973333, 5.619111, 3.910417, 4.3934863333], "bestandless": [], "coinmarketcap": [5.8383056667, 5.3088053333, 4.4519726667, 3.9065003333, 6.765139, 3.7745693333, 4.0150696667, 4.6158473333, 7.2744166667, 3.4942776667, 4.7526946667, 5.7273886667, 3.9669166667, 3.9767636667, 4.4279446667], "tradingview": [4.3414306667, 6.4451526667, 4.3074166667, 3.920389], "snapchat": [225.3928333333, 226.2561253333, 226.6335003333, 225.1681253333], "builder": [4.423778, 3.4508613333, 4.776722, 4.5829166667], "mailchimp": [4.789097], "sharethis": [3.944278, 4.2480556667, 5.140611, 3.9442913333], "intergient": [3.4742636667, 3.5271526667, 4.487583, 4.6741666667], "strava": [3.907597, 5.4327776667, 5.282917, 4.318042], "imagekit": [4.9285416667, 5.4854026667, 4.776722, 5.7485276667], "unimelb": [4.0449863333, 5.3248753333, 5.7273886667, 3.6700836667], "invocacdn": [180.781, 155.2648893333, 155.1023746667, 155.7008746667], "barilliance": [4.5182776667, 4.0744163333, 5.065014, 4.6155556667], "vpsvc": [3.7759166667, 3.8433196667, 4.601097, 5.2130973333], "monsido": [4.4693056667, 4.032139, 4.4098196667, 3.9803053333], "medicalnewstoday": [158.8695553333, 154.5480836667, 157.1524026667, 155.1816526667], "saasexch": [4.6958613333, 6.9789863333, 4.591611, 4.5116666667, 4.275778, 4.1457223333, 3.7959166667, 4.6072916667], "trackonomics": [152.6631943333, 152.8023193333, 153.042625, 152.3922776667], "pprl": [3.608986, 6.9045976667, 7.92168, 3.5228473333], "lfeeder": [4.0944026667, 4.275778, 3.9500136667, 3.7745693333], "the-ozone-project": [3.9731253333, 3.4686526667, 3.90625, 4.5785693333], "inskinad": [3.5990413333, 3.7772083333, 3.8962496667, 4.0086943333], "tiqcdn": [4.328153, 6.6973613333, 4.573347, 4.5829166667], "prismic": [3.4641253333, 4.268736, 4.2488746667, 4.7899583333], "opentok": [4.591611, 6.9353473333, 5.282917, 5.9589166667], "stgeorge": [4.582333, 4.0431943333, 4.4098196667, 3.926028], "fcl": [5.619111, 8.1610003333, 3.5820553333, 4.15475], "s-onetag": [4.6708473333, 4.137222, 4.275778, 4.412264, 3.7759166667, 4.0043336667, 3.5420003333, 5.210347], "timeout": [159.187278, 154.6980553333, 155.6206943333, 4.258347, 3.7759166667, 155.3667083333, 6.017236, 4.6072916667], "ensighten": [5.9589166667, 4.4157503333, 4.275778, 5.7157916667], "pepperjam": [5.3503333333, 4.5182776667, 4.1457223333, 4.7976943333], "express": [152.0991806667, 155.0435283333, 158.1308613333, 155.3925416667, 155.5838193333, 155.0238336667, 154.9998196667, 155.032778], "rotorint": [6.2029586667, 3.911639, 4.042278, 4.2488746667], "associates-amazon": [4.383125], "liteneasy": [4.9629163333, 3.7759166667, 3.7959166667, 3.8424166667], "surveygizmo": [95.7571946667, 96.3130973333, 96.725528, 95.7994586667], "brauz": [4.423778, 3.9767636667, 3.846361, 4.328153], "originenergy": [4.8501116667, 4.1930553333, 5.140014, 4.4228193333], "airg": [9.2816393333, 4.5121526667, 4.2453193333, 4.446097], "racing": [4.9403333333, 77.5861386667, 3.7759166667, 4.117722], "abrankings": [5.9589166667, 4.3334303333, 4.7065556667, 3.838736], "bamgrid": [6.2723473333, 3.911639, 4.032139, 3.802972], "bonzai": [215.1002223333, 214.7300416667, 214.6789446667, 4.5890833333, 5.9589166667, 214.857653, 5.2184303333, 3.7482223333], "geekdo-static": [4.591611, 7.267861, 4.7976943333, 4.1509723333], "storyasset": [221.7645696667, 215.3723336667, 214.8056946667, 215.6269446667], "minutemedia-prebid": [4.6104163333, 3.4357503333, 4.5459446667, 4.728139], "soundcloud": [5.246833, 4.8040003333, 3.7245, 4.1509723333, 4.2845833333, 3.868264, 4.9985136667, 5.2184303333], "reamedia": [4.1509723333, 5.7814163333, 5.1690973333, 4.3447916667], "dwin1": [], "parastorage": [4.275778, 4.0571663333, 4.1457223333, 3.7745693333], "openpay": [4.5034166667, 3.4763333333, 4.0942916667, 3.9442913333], "revolutionise": [4.7264443333, 3.7131246667, 4.412264, 6.0586253333, 4.6380693333, 4.0748886667, 5.7273886667, 4.3074166667, 3.998625, 6.8014026667, 4.651, 3.9803053333], "quantcount": [4.9629163333, 4.435514, 4.5116666667, 4.591611], "binance": [], "mytoll": [], "dotmetrics": [4.0150696667, 3.4641253333, 3.568653, 3.9803053333], "oribi": [8.3658333333, 6.4451526667, 4.1457223333, 4.461667], "wushka": [4.6104163333, 3.9095, 5.679028, 3.9669166667], "qgraph": [4.487736, 6.4451526667, 3.8541386667, 4.9759443333], "storystream": [3.4641253333, 4.4693056667, 3.9223606667, 4.3759026667], "disney-plus": [4.6380693333, 3.6595836667, 4.2480556667, 5.679028], "nine": [4.2710836667, 3.7725693333, 4.1457223333, 4.0504996667], "profitwell": [154.9968753333, 154.606514, 150.7440836667, 157.177], "adroll": [7.1207086667, 5.3222363333, 4.3531526667, 4.7967086667], "geetest": [5.679028, 3.5280973333, 4.3759026667, 7.3215553333], "nsw": [4.0454443333, 3.9399723333], "website-files": [150.743111, 151.2840693333, 151.6928746667, 151.641653], "tyroola": [4.5427913333, 3.8463196667, 4.4836943333, 4.4889996667], "searchspring": [4.9757083333, 4.2710836667, 5.026389, 4.7065556667], "liadm": [4.0449863333, 4.0089723333, 3.901292, 5.0004306667], "jisho": [4.128167, 4.3334303333, 4.7065556667, 4.9113056667], "pendo": [3.9129996667, 3.8451943333, 6.9045976667, 3.8807363333], "primis": [152.5772083333, 152.8229303333, 152.4685973333, 152.3297083333], "captcha-delivery": [4.6708473333, 7.8397083333, 5.1636806667, 4.9827916667], "loggly": [4.9164026667], "riotgames": [159.3003333333, 154.6529306667, 151.701556, 155.3837776667],