{"bigcommerce": [4.5171113333, 6.479972], "genius": [6.0062776667, 5.505264], "zoro": [13.1314863333, 13.9403886667], "pushys": [5.6885833333, 5.1860973333], "useinsider": [3.989625, 6.014875], "westfield": [11.956514, 3.584111, 77.8690693333, 4.2315416667, 4.0417223333], "ilovepdf": [4.305125, 4.2155696667], "thenews": [4.4745276667, 4.13025], "ancestrycdn": [4.497583, 8.198375], "ozbargain": [4.547875, 4.096792, 4.3416246667], "sitescdn": [4.4395833333, 4.5432363333, 5.2237916667, 3.9940696667, 4.2828336667], "aquamanga": [4.0365273333, 4.8716386667, 4.9653193333], "scentregroup": [4.1067916667, 4.5662776667, 5.055139], "escortsandbabes": [4.2060836667, 3.8309583333], "mangago": [4.3964026667, 4.4620553333, 4.5152776667], "sibforms": [4.9377223333, 5.1630693333], "qualtrics": [5.0097916667, 4.805125], "onetrust": [4.9674863333, 4.7593473333, 4.1745973333, 5.2171666667], "quoracdn": [4.1969446667, 3.6921246667], "coursehero": [6.1739723333, 4.8253056667], "coinspot": [4.775903, 5.703111, 4.3700003333], "the-ozone-project": [4.7793193333, 4.6453473333], "videoplayerhub": [4.4096526667, 4.9623333333, 4.2220136667], "eagleagent": [7.9298333333, 5.505986], "cludo": [4.3488613333, 4.1258473333, 4.1194723333], "speedcafe": [4.878486, 4.470334, 5.432986], "adultmatchmaker": [4.1860553333, 4.982375, 4.9714583333], "poki": [4.2874446667, 4.9746113333], "app-us1": [4.3150973333, 6.4403613333], "furaffinity": [8.2392776667, 4.7525836667, 5.194111], "id5-sync": [4.4063616667, 5.4053196667, 4.6664443333], "gbqofs": [4.055181, 4.1381526667], "the-riotact": [5.3307636667, 4.8851393333, 5.268486], "wisepops": [5.8055413333, 5.781014, 4.1789863333], "word": [5.0641943333, 5.0903473333], "npttech": [], "4channel": [5.2049446667, 6.6325833333], "fextralife": [4.6849026667, 4.912542], "snigelweb": [4.6396806667, 4.546917], "ixl": [4.445111, 4.5313333333, 4.7808333333, 6.46225, 4.263736], "griffith": [4.658361, 4.8223336667, 4.5183333333], "odysee": [5.2122776667, 4.6070833333, 4.871833], "permutive": [3.8582363333, 4.48475, 4.4543053333, 5.2847086667], "hentaifox": [4.530014, 4.2505693333, 4.5239723333], "piano": [7.1878056667, 4.340111], "heavy-r": [4.4186526667, 4.8370833333, 6.344639], "imgtp": [13.922903, 86.8114166667], "stratco": [], "grsm": [5.9956806667, 4.5106806667], "learnon": [4.6035553333, 4.5096806667], "educationperfect": [7.4719583333, 5.183042], "ptv": [3.4742636667, 4.4669446667, 5.464486, 3.4357503333, 4.6741666667, 79.6897776667], "ltwebstatic": [80.8051386667, 4.6063196667], "btttag": [3.8894583333, 5.4634723333, 4.5231666667], "episerver": [4.2648606667, 4.2658053333], "ad-delivery": [5.0681666667, 6.5185416667, 4.4593333333], "cleverwebserver": [4.4695833333, 4.6641803333], "thedevs": [3.9416663333, 5.2946526667], "wise": [4.250431, 4.1058056667], "adskeeper": [4.8028473333, 4.767153, 4.5324863333, 9.0022643333], "homely": [4.0925553333, 4.327347, 4.7598886667], "lady-first": [6.9440003333, 4.6923333333], "mryum": [3.9367363333, 4.8183613333], "mxstore": [5.9924446667, 6.1752083333], "media6degrees": [4.3157776667, 4.275361], "glassdoor": [158.3647776667, 4.6260973333], "exponential": [7.3478053333, 7.2964303333], "mgid": [4.6124446667, 4.3726386667, 6.4948333333, 4.9571113333, 4.624333], "hcaptcha": [5.2718056667, 4.3973473333], "emarsys": [4.8337916667, 4.733361], "rule34": [5.4207363333, 4.8909306667, 5.378917], "wordleunlimited": [4.778139, 4.816139], "vicroads": [5.356639, 4.956972], "pickles": [4.999653, 4.6266526667, 4.6611943333, 4.9331946667], "ancestry": [4.5642226667, 8.198375, 6.5819306667, 4.497583, 6.151514, 5.2630136667, 5.060653, 6.50075], "truoptik": [6.2939166667, 4.2249863333, 8.6953753333, 4.6772226667, 3.9478056667], "dummyimage": [5.220917, 4.2258333333], "hs-scripts": [80.4384996667, 4.345028, 3.9592916667, 4.7334446667, 4.552903], "onesignal": [77.4985833333, 4.670653], "inspectlet": [4.309111, 6.152472, 4.7688056667], "quotemedia": [4.790486, 4.9559586667], "xvideos-cdn": [154.2889443333, 152.6485973333], "hubspotusercontent-na1": [4.1843053333, 5.619639], "wizardingworld": [], "hsadspixel": [4.560361, 4.9689166667, 4.6940276667, 4.0604583333, 5.5298613333], "weirdgloop": [4.168875, 4.4932636667, 4.4922363333], "zdassets": [4.8608333333, 4.0377083333], "prplads": [3.6912083333, 5.5752916667, 4.9859443333], "seek": [4.2307913333, 4.019625, 4.8475556667, 4.667889], "unleashedsoftware": [5.067153], "16personalities": [4.300222, 5.2484023333], "gorgias": [5.1602363333, 5.0508196667], "cloudflareinsights": [4.7528196667, 4.4580276667], "hsleadflows": [4.1223196667, 4.6033473333, 3.9877223333, 4.5737503333, 4.8737776667], "hoyts": [4.0589443333, 3.822403], "yachthub": [4.4898746667, 4.7295696667, 4.4890413333], "researchgate": [4.575958, 4.7441946667], "tru": [4.4180833333, 4.0542913333, 4.3294306667], "repco": [4.3909996667, 4.144389], "heapsowins": [4.8416943333, 5.6264163333], "inside-graph": [4.9504446667, 4.23125], "lululemon": [6.6589863333], "klaviyo": [], "seedheritage": [4.8337916667, 4.733361], "citychic": [4.543055, 4.983014], "corelogic": [5.6884723333], "sendinblue": [4.1503333333, 4.502903], "discogs": [5.173055, 4.423611], "tldw": [5.7702776667, 4.4208613333, 4.947736], "getadblock": [4.0184446667, 7.277278, 3.7538333333], "vimeo": [4.332958, 4.0208333333], "hubspot": [7.9702496667, 4.663361], "accentuate": [4.316139, 3.800458, 4.0404866667], "izooto": [4.849986, 5.1722226667], "firefoxcasino": [3.667528, 4.424486], "hsforms": [4.735389, 4.5197086667, 4.2094443333, 156.30175, 4.3707223333, 4.1826113333, 4.1342223333, 5.0351803333, 4.4805693333, 4.4456806667], "acsbapp": [4.6984166667, 4.1040006667, 4.5623473333], "discord": [3.807306, 4.2957363333, 4.8700416667, 4.6140416667, 4.7467773333], "yts": [4.2605553333, 6.02075], "acc": [4.1699306667, 5.116764, 5.4346246667], "strpst": [154.1974863333, 151.1063193333], "fortnitetracker": [5.0511113333, 4.6618056667, 7.6925833333], "scarletblue": [6.1665553333, 5.5126806667], "carexpert": [3.8997223333, 4.644792, 4.4414583333, 4.614153, 5.3248753333, 6.8014026667, 4.6667226667], "fontawesome": [4.66475, 14.1395556667, 13.685236, 4.3955833333], "afterpay": [4.8727773333, 4.6293613333], "symbolab": [4.484458, 4.2966803333], "placehold": [4.8246113333, 4.4188606667], "babybunting": [4.6975413333, 4.272528], "unimelb": [4.7405136667, 4.00175], "navdmp": [5.2239173333, 4.28825, 4.5679443333, 4.8033196667, 6.5425416667], "infusionsoft": [8.0804863333, 4.197486], "chemistwarehouse": [4.7291666667, 5.7341246667], "tzegilo": [5.853417, 166.829792], "dtscout": [4.974764, 5.931333], "srcdn": [4.2705836667, 4.107861, 6.658167], "rome2rio": [3.6263053333, 5.2583473333], "chaturbate": [4.7939443333, 4.543625], "casalemedia": [4.8062913333, 4.720986], "curalate": [6.1764863333, 3.8570693333], "obviyo": [3.7640416667, 4.584389], "instant": [5.6433193333, 4.3716666667], "mlcdn": [3.7510553333, 3.9176943333, 5.1989306667], "queryly": [4.4004303333, 5.2487083333, 4.652514], "trackedweb": [4.1315, 4.1602496667, 5.1045133333, 4.335181, 7.4428193333], "images-iherb": [9.311444, 5.9159026667], "dropboxstatic": [4.1744446667, 5.707889], "amung": [5.2992503333, 87.267764, 4.655875], "vistaprint": [4.1348613333, 4.1927223333], "config-security": [4.1699306667, 5.116764, 5.4346246667], "qikify": [13.856153, 14.211542, 14.2935, 14.3406386667], "highwebmedia": [5.260347, 4.831861, 4.409264, 4.522014], "businessinsider": [4.7295276667, 4.505139, 5.715486], "vpsvc": [4.2806946667, 4.298361], "fanfiction": [4.4321526667, 4.487917], "hs-analytics": [5.399055, 4.4957776667, 4.713917, 4.356222, 4.3348196667], "workers": [4.7228476667, 4.4907783333], "partnerstack": [4.1887223333, 5.0789583333], "gettimely": [7.6690556667, 4.5554443333, 4.2668473333, 4.53225], "iherb": [4.640472, 4.0800003333, 4.4165276667, 4.1688886667], "fx-exchange": [3.981014, 4.767278, 4.6518473333], "flightradar24": [5.681389, 74.687, 6.5122223333, 4.9395833333, 4.6665556667], "esc-apps-cdn": [14.4321526667, 14.2249856667],