{"choice": [3.8035276667], "botframework": [3.779875], "oath": [6.9010136667], "accor": [32.254236], "jwplayer": [4.1350276667], "twimg": [3.9525, 4.2948333333], "yahoo": [6.3056806667, 4.039819, 3.8951386667], "aolcdn": [3.5759303333], "flightcdn": [14.344236], "w3schools": [4.417403, 4.199764], "msecnd": [3.779875], "licdn": [4.4024443333, 4.3824583333], "3gl": [4.2632083333], "twitter": [3.7965693333], "paypal": [26.8601666667], "paypalobjects": [316.012111, 316.9495973333], "paypal-mktg": [316.012111, 316.9495973333]}