{"facebook": [27.4642916667, 26.6875416667, 27.0555553333], "cdninstagram": [27.258847, 174.320014, 4.04975], "fbcdn": [212.4818893333, 27.0555553333], "whatsapp": [26.4908193333], "instagram": [27.0016246667], "fbsbx": [27.0555553333], "messenger": [26.6875416667]}