{"facebook": [363.8150693333, 292.3889446667, 291.49382, 376.161736, 290.817042], "cdninstagram": [408.7619033333, 174.320014, 290.5574586667, 4.04975], "fbcdn": [350.859153, 212.4818893333, 290.817042], "whatsapp": [291.0770976667], "instagram": [313.3308056667], "fbsbx": [350.859153, 290.817042], "messenger": [291.49382]}