{"doubleclick": [127.4668613333, 127.7947083333, 127.3787776667, 98.4713473333, 131.3140836667, 97.831389, 127.053806, 128.7436663333, 127.9778893333, 97.4021526667, 98.052472, 128.2610143333, 126.6992636667], "sentry": [195.547042, 4.3445556667], "googlesyndication": [127.9805556667, 130.3880696667, 128.421292, 126.7417223333, 129.7075833333], "openx": [3.8983476667, 4.6530416667, 4.908333, 4.9688196667, 3.995097, 4.644667], "gstatic": [126.9780696667, 4.0015833333, 129.201028, 128.7606386667, 126.155597, 128.0969033333, 127.77925], "google": [95.9139026667, 97.477014, 127.95082, 127.0466113333, 130.3639726667, 126.0615, 127.3546386667, 95.8462913333, 127.4967366667, 126.2967223333, 95.395611, 127.385389, 97.7435556667, 127.106861, 3.6928886667, 94.4481806667, 127.3787776667, 131.3140836667, 127.2153056667, 127.1241523333, 4.9739306667, 129.835792, 128.262708, 128.2305556667, 128.1204583333, 127.8414163333, 4.087139, 128.7717776667, 128.5854726667, 127.4365416667, 4.5461946667, 126.3650276667, 126.956083, 129.4655273333, 95.8775553333], "recaptcha": [126.5467776667], "firebaseio": [3.7147776667], "digittl": [4.90325], "the-sun": [4.2733606667, 4.1293333333, 5.253181, 7.5417503333, 6.432847], "openxcdn": [3.765625], "impactradius-event": [4.4152496667], "citrusad": [4.9230833333], "2mdn": [127.919], "boardgamegeek": [4.0928333333], "davidjones": [4.1293333333, 4.2733606667, 5.253181, 6.432847], "homely": [4.1293333333, 4.2733606667, 5.253181, 6.432847], "rmtag": [8.9667356667], "bluecore": [129.0074446667], "snapchat": [4.1489726667, 3.9244856667], "abtasty": [4.1480276667, 6.1936113333], "brand-display": [4.42025], "prmutv": [4.837111], "px-cloud": [3.9692216667], "googletagservices": [], "monsido": [3.8372363333, 4.336764, 4.5250413333], "kampyle": [4.106097], "skimresources": [4.840986, 5.746903, 4.3000693333, 4.5988753333], "bugsnag": [4.7583886667, 6.1055416667], "googleapis": [127.794597, 127.5085696667, 127.7914723333, 127.2267363333, 129.3478333333, 129.274472, 126.6207083333, 127.7239446667, 126.6245, 129.8100276667, 129.775097, 127.25, 127.240986, 127.5590973333, 126.807611, 128.1071666667, 129.1102916667, 128.1274306667, 127.631792, 127.506653, 98.2745, 127.8361386667, 127.3929443333, 128.7154026667, 127.385389, 128.2242363333, 131.0866253333, 131.183792, 128.076639, 125.9065973333, 126.5423613333, 126.7116526667, 128.6702363333, 127.244945, 127.46325, 127.4494306667, 128.115597, 127.5407916667, 131.2114446667, 128.7499166667, 130.1652223333, 126.8446666667, 127.7291666667, 128.2584303333, 128.5854726667, 129.0613196667, 128.010403, 126.5569306667, 127.4018613333, 127.1909583333, 129.9309306667, 125.625611, 129.6783196667], "rlcdn": [4.0115416667, 4.4333053333], "five9": [4.2273333333], "truefitcorp": [4.265764], "barbarousbase": [4.849028], "accor": [274.758], "sjv": [3.7907496667], "unbecominglamp": [4.5852083333], "clean": [160.7751386667], "showpo": [129.0074446667], "wordsdb": [178.6031666667], "streem": [3.8871946667], "spotify": [6.8416526667, 4.0124306667, 3.5661113333], "appmate": [4.641], "loyalsys": [5.266597, 4.2340416667], "blooket": [4.2733606667, 4.4914586667, 4.1293333333, 5.253181, 4.847264, 6.432847], "acsbapp": [4.6984166667, 4.1040006667, 4.5623473333], "tangycover": [5.3350273333], "trafficguard": [5.9025276667], "pxf": [4.4005276667], "sajari": [8.728861, 129.0074446667], "appier": [4.3672223333], "insightech": [129.8103333333, 4.3891806667, 129.0074446667], "uber": [4.454445], "broadsheet": [3.9956803333], "behold": [4.1293333333, 4.2733606667, 5.253181, 6.432847], "b0e8": [5.3788333333, 4.4185], "pendo": [4.240986, 4.6991253333, 6.5368193333], "iherb": [4.1293333333, 4.2733606667, 5.253181, 6.432847], "echidnaonline": [4.8276526667], "wknd": [4.5816253333], "lloydsonline": [4.077], "getelevar": [4.045764, 4.5810276667], "cdn-net": [4.9165136667], "chess": [5.9052363333], "loopme": [267.1434443333], "permutive": [4.583972], "sojern": [4.1543196667, 4.527833], "bc0a": [5.5349166667], "sc-prod": [4.4532643333], "knitstamp": [5.8513193333], "cloudiq": [274.403236], "petcircle": [4.1293333333, 4.2733606667, 5.253181, 6.432847], "culturekings": [4.1293333333, 4.2733606667, 5.253181, 6.432847], "run": [3.837028, 4.698625, 4.0433466667, 4.80525], "newscgp": [4.62675], "mrtnsvr": [4.1168473333], "palacecinemas": [4.132847], "squarecloudservices": [3.9931526667], "pghub": [3.936153], "visualwebsiteoptimizer": [4.221986], "thesun": [4.2733606667, 4.1293333333, 5.253181, 7.5417503333, 6.432847], "mixpanel": [75.7001803333, 4.5953753333, 3.9814026667, 6.4438056667], "wootric": [129.8103333333], "pro-market": [4.465125], "cleanhaircut": [4.849028], "nextdirect": [5.3189446667], "googleadservices": [127.3787776667, 127.3692643333], "px-client": [3.9692216667], "udimg": [4.502111], "siftscience": [4.4655973333], "officeworks": [4.5988473333], "itvsn": [4.1293333333, 4.2733606667, 5.253181, 6.432847], "bidence": [5.5025413333], "rechargecdn": [4.0356943333], "btvtech": [4.90325], "freepik": [3.9230973333], "nineanalytics": [3.6211943333], "googletagmanager": [127.588764], "mookie1": [4.4922503333], "tapad": [4.4334026667], "vimeo": [4.412625], "rtbhouse": [6.0067496667], "youtube": [126.9780696667, 127.986278, 128.9497916667, 126.155597, 127.0466113333, 127.4137776667, 129.201028, 126.704069, 126.2967223333, 127.2956666667, 127.2899306667, 127.106861, 127.9036113333, 128.4814583333, 127.623236, 129.835792, 128.219875, 127.1241523333, 128.2305556667, 128.1204583333, 127.467278, 127.8414163333, 128.7195413333, 126.3650276667, 131.5471253333, 129.4655273333, 131.4780833333], "google-analytics": [126.9095836667, 129.6783196667], "ampproject": [128.4317083333], "brightcove": [3.898861], "flashscore": [4.1790973333], "flavedo": [5.1090143333], "btloader": [4.0346666667], "customer": [3.7280833333], "wise": [4.1293333333, 4.2733606667, 5.253181, 6.432847], "cloudfunctions": [4.6821106667], "vimeocdn": [4.412625], "33across": [4.722], "attraqt": [4.7207363333], "assemblyexchange": [4.6228886667], "urbandictionary": [129.0074446667], "bonds": [4.1293333333, 4.2733606667, 5.253181, 6.432847], "yieldoptimizer": [4.1562636667], "kitchenwarehouse": [4.1293333333, 4.2733606667, 5.253181, 6.432847], "teenytinyshirt": [5.8513193333], "finder": [5.2663336667], "agoda": [4.2733606667], "seoab": [4.6490276667], "quirkysugar": [4.3228746667], "adingo": [4.391389], "perimeterx": [3.9692216667], "mxpnl": [4.241625, 3.7749446667], "4dex": [4.0835696667], "shopifysvc": [3.6419446667], "creativecdn": [4.4370136667, 6.5686803333], "fg8dgt": [144.9023333333], "tagalys": [4.0010836667], "googleusercontent": [4.002792, 129.625806], "linksynergy": [4.9972226667, 5.1085136667], "wpengine": [175.899556, 5.2453613333], "wonderpush": [4.1293333333, 4.2733606667, 5.253181, 6.432847], "geekdo": [4.0928333333], "pdst": [5.7759723333], "pizzahut": [4.1293333333, 4.2733606667, 5.253181, 6.432847], "factors": [4.3643196667], "doubleverify": [4.0150553333], "perfdrive": [4.485819, 4.178014], "afr": [3.668361], "pub": [3.723764], "costco": [], "ytimg": [129.533611, 128.2305556667, 128.46225, 126.6720416667, 127.4379443333, 127.581111, 127.3928886667, 126.704069, 127.526278, 127.526111, 127.0360556667, 129.5034306667, 127.2814726667, 127.183014, 98.8115696667, 126.9290143333, 129.952014, 130.073208], "theiconic": [4.1293333333, 4.2733606667, 5.253181, 6.432847], "fxctag": [4.517167], "kochava": [4.0437083333, 4.2353473333], "rdpnt": [4.078417], "impact-ad": [4.0004026667], "tapcart": [4.4046526667], "dialogflow": [127.77925], "ggpht": [126.779083], "company-target": [4.528583], "mxstore": [4.90325], "seedtag": [9.0400136667], "game8": [4.918764], "crosswordsolver": [178.6031666667], "googlevideo": [7.145861], "forexpros": [267.5692086667], "fout": [4.5464583333], "rakuten": [8.9667356667], "emarsys": [5.4417916667], "bidswitch": [133.9164583333], "tgtag": [4.058], "bigcommerce": [3.965972], "weborama": [3.647486], "digitaleast": [4.002625], "sift": [4.4655973333],