{"doubleclick": [269.997236, 267.8735136667, 245.2120833333, 266.0986113333, 266.9440143333, 244.453236, 266.4028056667, 245.5660276667, 267.5617226667, 264.6171393333, 320.4759586667, 267.0579306667], "sentry": [195.547042, 4.3445556667], "googlesyndication": [268.618778, 269.997236, 266.7987086667, 265.367403], "openx": [3.8983476667, 4.6530416667, 4.908333, 4.9688196667, 3.995097, 4.644667], "gstatic": [269.41707, 266.1544026667, 266.264236, 155.022625, 267.1029726667, 266.036153, 267.6341806667], "google": [266.5300833333, 245.6255, 268.3496526667, 265.7403056667, 265.885889, 267.3318886667, 245.154958, 266.534528, 245.4062223333, 266.7875, 266.264236, 266.2103196667, 244.8338886667, 266.647695, 265.901194, 267.0830833333, 267.072611, 266.9853893333, 245.5200276667, 266.72225, 3.6928886667, 265.778375, 246.026097, 265.0726946667, 4.9739306667, 266.036153, 244.966153, 266.2658056667, 266.1570973333, 270.1595553333, 4.087139, 267.3985006667, 267.1029726667, 4.5461946667], "recaptcha": [266.7875], "firebaseio": [3.7147776667], "digittl": [4.90325], "the-sun": [4.2733606667, 4.1293333333, 5.253181, 7.5417503333, 6.432847], "openxcdn": [3.765625], "impactradius-event": [4.4152496667], "citrusad": [4.9230833333], "2mdn": [264.987486], "boardgamegeek": [4.0928333333], "davidjones": [4.1293333333, 4.2733606667, 5.253181, 6.432847], "homely": [4.1293333333, 4.2733606667, 5.253181, 6.432847], "rmtag": [8.9667356667], "bluecore": [266.6924306667], "snapchat": [4.1489726667, 3.9244856667], "abtasty": [4.1480276667, 6.1936113333], "brand-display": [4.42025], "prmutv": [4.837111], "px-cloud": [3.9692216667], "googletagservices": [], "monsido": [3.8372363333, 4.336764, 4.5250413333], "kampyle": [4.106097], "skimresources": [4.840986, 5.746903, 4.3000693333, 4.5988753333], "bugsnag": [4.7583886667, 6.1055416667], "googleapis": [266.386986, 269.1035413333, 270.3635, 267.071611, 339.5463613333, 266.5328476667, 264.2768753333, 266.126347, 264.0510693333, 266.500986, 265.8856393333, 268.1672363333, 266.4231533333, 266.526139, 266.1313473333, 269.9134446667, 264.966347, 267.1094996667, 265.684403, 266.826014, 266.2540696667, 267.856417, 266.1434306667, 265.9478753333, 268.0824166667, 266.7285416667, 266.1570973333, 267.74075, 270.1595553333, 266.910903, 265.44225, 266.8573333333, 267.353514], "rlcdn": [4.0115416667, 4.4333053333], "five9": [4.2273333333], "truefitcorp": [4.265764], "barbarousbase": [4.849028], "accor": [274.758], "sjv": [3.7907496667], "unbecominglamp": [4.5852083333], "clean": [160.7751386667], "showpo": [266.6924306667], "wordsdb": [178.6031666667], "streem": [3.8871946667], "spotify": [6.8416526667, 4.0124306667, 3.5661113333], "appmate": [4.641], "loyalsys": [5.266597, 4.2340416667], "blooket": [4.4914586667, 4.2733606667, 4.1293333333, 5.253181, 4.847264, 6.432847], "acsbapp": [4.6984166667, 4.1040006667, 4.5623473333], "tangycover": [5.3350273333], "trafficguard": [5.9025276667], "pxf": [4.4005276667], "sajari": [8.728861, 266.6924306667], "appier": [4.3672223333], "insightech": [4.3891806667, 266.6924306667], "uber": [], "broadsheet": [3.9956803333], "behold": [4.1293333333, 4.2733606667, 5.253181, 6.432847], "b0e8": [5.3788333333, 4.4185], "pendo": [4.240986, 4.6991253333, 6.5368193333], "iherb": [4.1293333333, 4.2733606667, 5.253181, 6.432847], "echidnaonline": [4.8276526667], "wknd": [4.5816253333], "lloydsonline": [4.077], "getelevar": [4.045764, 4.5810276667], "cdn-net": [4.9165136667], "chess": [5.9052363333], "loopme": [267.1434443333], "permutive": [4.583972], "sojern": [4.1543196667, 4.527833], "bc0a": [5.5349166667], "sc-prod": [4.4532643333], "knitstamp": [5.8513193333], "cloudiq": [274.403236], "petcircle": [4.1293333333, 4.2733606667, 5.253181, 6.432847], "culturekings": [4.1293333333, 4.2733606667, 5.253181, 6.432847], "run": [3.837028, 4.698625, 4.0433466667, 4.80525], "newscgp": [4.62675], "mrtnsvr": [4.1168473333], "palacecinemas": [4.132847], "squarecloudservices": [3.9931526667], "pghub": [3.936153], "visualwebsiteoptimizer": [4.221986], "thesun": [4.2733606667, 4.1293333333, 5.253181, 7.5417503333, 6.432847], "mixpanel": [75.7001803333, 3.9814026667, 6.4438056667, 4.5953753333], "wootric": [266.6924306667], "pro-market": [4.465125], "cleanhaircut": [4.849028], "nextdirect": [5.3189446667], "googleadservices": [267.072611, 269.997236], "px-client": [3.9692216667], "udimg": [4.502111], "siftscience": [4.4655973333], "officeworks": [4.5988473333], "itvsn": [4.1293333333, 4.2733606667, 5.253181, 6.432847], "bidence": [5.5025413333], "rechargecdn": [4.0356943333], "btvtech": [], "freepik": [3.9230973333], "nineanalytics": [3.6211943333], "googletagmanager": [266.4637916667], "mookie1": [3.8599026667], "tapad": [4.4334026667], "vimeo": [4.412625], "rtbhouse": [6.0067496667], "youtube": [266.72225, 265.8724306667, 265.901194, 265.778375, 266.264236, 267.1436253333, 267.3985006667, 267.1029726667, 265.885889, 267.3318886667, 266.647695, 265.0726946667, 266.7686663333, 266.036153, 265.643], "google-analytics": [267.2384866667, 265.2926666667], "ampproject": [266.7987086667], "brightcove": [3.898861], "flashscore": [4.1790973333], "flavedo": [5.1090143333], "btloader": [4.0346666667], "customer": [3.7280833333], "wise": [4.1293333333, 4.2733606667, 5.253181, 6.432847], "cloudfunctions": [4.6821106667], "vimeocdn": [4.412625], "33across": [4.722], "attraqt": [4.7207363333], "assemblyexchange": [4.6228886667], "urbandictionary": [266.6924306667], "bonds": [4.1293333333, 4.2733606667, 5.253181, 6.432847], "yieldoptimizer": [4.74375], "kitchenwarehouse": [4.1293333333, 4.2733606667, 5.253181, 6.432847], "teenytinyshirt": [5.8513193333], "finder": [5.2663336667], "agoda": [4.2733606667], "seoab": [4.6490276667], "quirkysugar": [4.3228746667], "adingo": [4.391389], "perimeterx": [3.9692216667], "mxpnl": [4.241625, 3.7749446667], "4dex": [4.0835696667], "shopifysvc": [3.6400136667], "creativecdn": [4.4370136667, 6.5686803333], "fg8dgt": [216.3806946667], "tagalys": [4.0010836667], "googleusercontent": [4.002792, 264.8685003333], "linksynergy": [4.9972226667, 5.1085136667], "wpengine": [175.899556, 5.2453613333], "wonderpush": [4.1293333333, 4.2733606667, 5.253181, 6.432847], "geekdo": [4.0928333333], "pdst": [5.7759723333], "pizzahut": [4.1293333333, 4.2733606667, 5.253181, 6.432847], "factors": [4.3643196667], "doubleverify": [4.0150553333, 4.5335556667], "perfdrive": [4.485819, 4.178014], "afr": [3.668361], "pub": [3.723764], "costco": [], "ytimg": [265.51557, 263.6106666667, 266.7073333333, 266.2666666667, 270.6089863333, 266.3034446667, 265.286792, 269.664111, 264.7398336667, 267.1029726667, 264.8611526667, 266.5745696667, 264.901875, 267.3152366667, 265.1947086667, 265.3775003333], "theiconic": [4.1293333333, 4.2733606667, 5.253181, 6.432847], "fxctag": [4.517167], "kochava": [4.0437083333, 4.2353473333], "rdpnt": [4.078417], "impact-ad": [4.0004026667], "tapcart": [4.4046526667], "dialogflow": [268.3496526667], "ggpht": [265.247986], "company-target": [4.528583], "mxstore": [4.90325], "seedtag": [9.0400136667], "game8": [], "crosswordsolver": [178.6031666667], "googlevideo": [7.145861], "forexpros": [267.5692086667], "fout": [4.5464583333], "rakuten": [8.9667356667], "emarsys": [5.4417916667], "bidswitch": [215.4873056667], "tgtag": [4.058], "bigcommerce": [3.965972], "weborama": [3.647486], "digitaleast": [4.002625], "sift": [4.4655973333], "ad-score": [190.0387503333]}