{"doubleclick": [4.298167, 4.0594026667, 97.8810973333, 3.640792, 98.4713473333, 4.446111, 97.831389, 97.4021526667, 98.052472, 4.3798886667, 5.2258473333, 4.2085, 4.0684583333], "sentry": [195.547042, 4.3445556667], "googlesyndication": [4.5055693333, 4.4415973333, 4.0711523333, 4.3798886667, 3.721708], "openx": [3.8983476667, 4.6530416667, 4.908333, 4.9688196667, 3.995097, 4.644667], "gstatic": [5.804403, 273.2953193333, 5.3388476667, 4.2146943333, 3.596375], "google": [4.5198473333, 98.230611, 6.003861, 4.7400273333, 98.4849306667, 5.4755413333, 4.271861, 97.8459163333, 5.3388476667, 4.4920973333, 98.112972, 3.6928886667, 5.536875, 95.7829303333, 4.9739306667, 98.1394163333, 3.744597, 3.596375, 98.199972, 5.804403, 4.087139, 3.8822223333, 4.2619306667, 4.5461946667, 4.9345276667, 95.0438746667, 4.2146943333, 3.721708], "recaptcha": [5.536875], "firebaseio": [3.7147776667], "digittl": [4.90325], "the-sun": [4.2733606667, 4.1293333333, 5.253181, 7.5417503333, 6.432847], "openxcdn": [3.765625], "impactradius-event": [4.4152496667], "citrusad": [4.9230833333], "2mdn": [97.8810973333], "boardgamegeek": [4.0928333333], "davidjones": [4.1293333333, 4.2733606667, 5.253181, 6.432847], "homely": [4.1293333333, 4.2733606667, 5.253181, 6.432847], "rmtag": [8.9667356667], "bluecore": [4.814625], "snapchat": [4.1489726667, 3.9244856667], "abtasty": [4.1480276667, 6.1936113333], "brand-display": [4.42025], "prmutv": [4.837111], "px-cloud": [3.9692216667], "googletagservices": [], "monsido": [3.8372363333, 4.336764, 4.5250413333], "kampyle": [4.106097], "skimresources": [4.840986, 5.746903, 4.3000693333, 4.5988753333], "bugsnag": [4.7583886667, 6.1055416667], "googleapis": [4.799097, 5.4755413333, 6.003861, 5.132889, 5.1368333333, 4.4230276667, 4.2619306667, 4.6474303333, 3.693458, 5.0988053333, 8.2054306667, 4.564028], "rlcdn": [4.0115416667, 4.4333053333], "five9": [4.2273333333], "truefitcorp": [4.265764], "barbarousbase": [4.849028], "accor": [98.169014], "sjv": [3.7907496667], "unbecominglamp": [4.5852083333], "clean": [160.7751386667], "showpo": [4.814625], "wordsdb": [178.6031666667], "streem": [3.8871946667], "spotify": [6.8416526667, 4.0124306667, 3.5661113333], "appmate": [4.641], "loyalsys": [5.266597, 4.2340416667], "blooket": [4.2733606667, 4.4914586667, 4.1293333333, 5.253181, 4.847264, 6.432847], "acsbapp": [4.6984166667, 4.1040006667, 4.5623473333], "tangycover": [5.3350273333], "trafficguard": [5.9025276667], "pxf": [4.4005276667], "sajari": [8.728861, 4.814625], "appier": [4.3672223333], "insightech": [4.3891806667, 4.814625], "uber": [4.454445], "broadsheet": [3.9956803333], "behold": [4.1293333333, 4.2733606667, 5.253181, 6.432847], "b0e8": [5.3788333333, 4.4185], "pendo": [4.240986, 4.6991253333, 6.5368193333], "iherb": [4.1293333333, 4.2733606667, 5.253181, 6.432847], "echidnaonline": [4.8276526667], "wknd": [4.5816253333], "lloydsonline": [4.077], "getelevar": [4.045764, 4.5810276667], "cdn-net": [4.9165136667], "chess": [5.9052363333], "loopme": [267.1434443333], "permutive": [4.583972], "sojern": [4.1543196667, 4.527833], "bc0a": [5.5349166667], "sc-prod": [4.4532643333], "knitstamp": [5.8513193333], "cloudiq": [274.403236], "petcircle": [4.1293333333, 4.2733606667, 5.253181, 6.432847], "culturekings": [4.1293333333, 4.2733606667, 5.253181, 6.432847], "run": [3.837028, 4.698625, 4.0433466667, 4.80525], "newscgp": [4.62675], "mrtnsvr": [4.1168473333], "palacecinemas": [4.132847], "squarecloudservices": [3.9931526667], "pghub": [3.936153], "visualwebsiteoptimizer": [4.221986], "thesun": [4.2733606667, 4.1293333333, 5.253181, 7.5417503333, 6.432847], "mixpanel": [75.7001803333, 4.5953753333, 3.9814026667, 6.4438056667], "wootric": [4.814625], "pro-market": [4.465125], "cleanhaircut": [4.849028], "nextdirect": [5.3189446667], "googleadservices": [5.2258473333], "px-client": [3.9692216667], "udimg": [4.502111], "siftscience": [4.4655973333], "officeworks": [4.5988473333], "itvsn": [4.1293333333, 4.2733606667, 5.253181, 6.432847], "bidence": [5.5025413333], "rechargecdn": [4.0356943333], "btvtech": [4.90325], "freepik": [3.9230973333], "nineanalytics": [3.6211943333], "googletagmanager": [3.7697223333], "mookie1": [4.4922503333], "tapad": [4.4334026667], "vimeo": [4.412625], "rtbhouse": [6.0067496667], "youtube": [4.5284443333, 5.804403, 6.3670973333, 5.3388476667, 4.9345276667, 4.6585833333, 4.2146943333], "google-analytics": [5.4755413333, 3.7697223333], "ampproject": [4.4415973333], "brightcove": [3.898861], "flashscore": [4.1790973333], "flavedo": [5.1090143333], "btloader": [4.0346666667], "customer": [4.2192223333], "wise": [4.1293333333, 4.2733606667, 5.253181, 6.432847], "cloudfunctions": [4.6821106667], "vimeocdn": [4.412625], "33across": [4.722], "attraqt": [4.7207363333], "assemblyexchange": [4.6228886667], "urbandictionary": [4.0991943333], "bonds": [4.1293333333, 4.2733606667, 5.253181, 6.432847], "yieldoptimizer": [4.1562636667], "kitchenwarehouse": [4.1293333333, 4.2733606667, 5.253181, 6.432847], "teenytinyshirt": [5.8513193333], "finder": [5.2663336667], "agoda": [4.2733606667], "seoab": [4.6490276667], "quirkysugar": [4.3228746667], "adingo": [4.391389], "perimeterx": [3.9692216667], "mxpnl": [4.241625, 3.7749446667], "4dex": [4.0835696667], "shopifysvc": [3.6400136667], "creativecdn": [4.4370136667, 6.5686803333], "fg8dgt": [144.9023333333], "tagalys": [4.0010836667], "googleusercontent": [4.002792, 4.5055693333], "linksynergy": [4.9972226667, 5.1085136667], "wpengine": [175.899556, 5.2453613333], "wonderpush": [4.1293333333, 4.2733606667, 5.253181, 6.432847], "geekdo": [4.0928333333], "pdst": [5.7759723333], "pizzahut": [4.1293333333, 4.2733606667, 5.253181, 6.432847], "factors": [4.3643196667], "doubleverify": [4.0150553333], "perfdrive": [4.485819, 4.178014], "afr": [3.668361], "pub": [3.723764], "costco": [], "ytimg": [4.5194723333, 5.804403, 5.3388476667], "theiconic": [4.1293333333, 4.2733606667, 5.253181, 6.432847], "fxctag": [4.517167], "kochava": [4.0437083333, 4.2353473333], "rdpnt": [4.078417], "impact-ad": [4.0004026667], "tapcart": [4.4046526667], "dialogflow": [3.596375], "ggpht": [4.5055693333], "company-target": [4.528583], "mxstore": [4.90325], "seedtag": [9.0400136667], "game8": [4.918764], "crosswordsolver": [178.6031666667], "googlevideo": [7.145861], "forexpros": [267.5692086667], "fout": [4.5464583333], "rakuten": [8.9667356667], "emarsys": [5.4417916667], "bidswitch": [133.9164583333], "tgtag": [4.058], "bigcommerce": [3.965972], "weborama": [3.647486], "digitaleast": [4.002625], "sift": [4.4655973333], "ad-score": [190.0387503333]}