{"suncorp": [95.2491113333, 4.3003333333], "anz": [], "pageuppeople": [4.3459163333], "employmenthero": [3.3239856667, 212.988264, 214.3880416667, 215.3946806667, 214.9023336667], "myheritage-container": [161.1119306667, 95.2861666667], "pccasegear": [238.2454446667, 161.137542], "translink": [4.2982636667, 95.4125696667, 95.3181943333], "apia": [4.3003333333], "rpdata": [3.391458], "a-kmtkmg": [5.334], "shannons": [4.3003333333], "bunnings": [4.1447773333], "countryroad": [], "bupa": [95.2466806667], "suncorpbank": [4.3003333333], "twinkl": [95.274431, 251.6956943333], "aami": [4.3003333333], "kmart": [5.334], "propertyvalue": [160.6389443333, 95.266625], "asx": [4.8966803333, 94.8850283333], "villagecinemas": [160.577625, 4.1310973333]}