{"fmkorea": [4.3398053333, 4.3545], "tldw": [4.3398053333, 4.3545], "fluidplayer": [4.3398053333, 4.3545], "tnaflix": [4.3398053333, 4.3545], "tnastatic": [4.3398053333, 4.3545], "pushalert": [4.840986], "neopets": [4.840986, 4.3398053333, 4.3545], "a3ion": [4.3398053333, 4.3545], "nsimg": [150.4463333333, 151.549389], "enzymic": [4.840986], "mouseflow": [4.840986], "phncdn": [151.065264], "trafficjunky": [151.3105553333], "minute": [4.3398053333, 4.3545], "servedby-buysellads": [4.840986], "jquery": [150.4463333333, 151.549389], "willyweather": [4.840986], "moviefap": [4.3398053333, 4.3545], "exdynsrv": [4.3398053333, 4.3545], "506": [4.3398053333, 4.3545], "skimresources": [4.840986], "userzoom": [5.172833], "juicyads": [150.4463333333, 151.549389], "rdtcdn": [4.3398053333, 4.3545], "exoclick": [4.3398053333, 4.3545], "bttrack": [150.4463333333, 151.549389], "buysellads": [4.840986], "stackpathcdn": [4.840986], "sancdn": [150.4463333333, 151.549389]}