{"yahoo": [212.5666943333, 164.0712913333, 192.3668753333, 189.955306, 164.5676253333, 294.150417, 213.111542, 190.0158473333, 95.9959306667, 163.5096526667, 4.7401386667, 164.6083336667, 95.370889, 95.361278, 3.7905696667], "yimg": [3.7905696667, 170.976306, 4.7401386667, 162.3679306667]}