{"yahoo": [214.327472, 213.7746113333, 212.5666943333, 216.267542, 189.955306, 164.5676253333, 422.1740143333, 327.3992363333, 179.3431943333, 213.6353893333, 213.111542, 190.0158473333, 212.7288193333, 163.5096526667, 405.288236, 326.335028, 214.6791803333], "yimg": [327.3992363333, 170.7684446667, 326.335028]}