{"ifood": [209.9683156667, 208.9216803333, 204.686052, 210.6481523333], "voegol": [231.7880296667, 179.1712126667], "akamaized": [209.6132676667, 210.8822516667, 211.746563, 208.122409, 212.7112023333, 207.7555333333, 209.328124, 210.8757706667, 0.1702243333, 209.165427], "pushio": [179.440644], "r7": [0.1702243333, 209.1442923333], "bbc": [209.419376, 199.338746, 216.6514046667], "trivago": [210.701259, 208.7311806667, 260.551384], "sascdn": [224.300799, 210.0298623333, 0.1702243333, 212.911873], "cvc": [], "stickyadstv": [0.1702243333], "senac": [17.524134], "clmbtech": [0.1702243333], "estadao": [209.6940946667, 209.9666606667, 209.125168, 211.610467, 209.377618], "espncdn": [210.5898306667, 210.5978313333, 211.0063343333, 207.6463833333, 210.1569596667, 213.2515136667, 208.374444, 210.623669, 209.930622, 212.635306, 212.8055876667], "xbox": [207.727593], "bbci": [179.7093666667, 0.1702243333, 180.8937476667, 199.338746, 216.6514046667], "dell": [209.971486, 0.1702243333, 207.8802046667, 210.0932606667], "univision": [], "steampowered": [210.2470906667], "mzstatic": [209.59555], "trrsf": [0.1702243333, 209.6834496667, 209.124625], "go": [208.1369413333], "tiktokcdn": [210.8386856667, 207.6555066667, 210.233469, 589.2547196667, 207.627276, 210.5925173333, 210.8179203333, 210.2829433333, 211.4149283333, 209.9316686667, 426.9031243333], "vggcdn": [418.165165, 211.0118623333], "liveperson": [0.1702243333, 139.282174], "uol": [16.786491], "weather": [210.357937], "akstat": [212.419576], "steamstatic": [208.6955843333, 210.5421076667, 209.6834496667, 209.930907, 209.124625, 324.5100813333], "babycenter": [220.2908766667, 212.947305], "aliexpress": [180.4803656667], "gndi": [178.609461], "addthis": [0.1702243333], "livechatinc": [438.0590466667, 337.5940323333, 238.4135876667, 207.8682786667], "tnaflix": [181.8477516667, 181.5391843333, 181.5900496667], "carrefour": [208.2588346667], "moatads": [0.1702243333], "vidabrilhante": [133.7515096667, 134.9854213333], "hotelurbano": [180.9578243333], "media": [209.930907, 0.1702243333, 209.576495, 208.521957], "appsflyer": [0.1702243333], "microsoft": [207.3473873333, 181.194, 211.0118623333, 209.6957213333], "sportradar": [211.4057536667, 210.675345, 438.0590466667, 210.7140693333, 220.2908766667, 208.718966, 211.771819, 209.8878876667, 209.377618, 214.833774], "dotomi": [203.949684, 204.0061953333, 207.6322206667, 204.388372], "smartadserver": [0.1702243333, 209.5485793333, 209.4071586667, 211.015608, 209.124625], "apple": [17.5062466667], "perimeterx": [198.3062023333], "ngtv": [207.9322796667], "ingresso": [179.7988166667, 207.5985053333], "spotxchange": [0.1702243333], "tiktok": [204.1526226667, 0.1702243333, 209.224177, 203.347124, 209.6321646667, 209.6917163333, 205.1124746667, 211.4149283333, 209.4913493333], "kalunga": [208.0032543333, 209.6221986667], "sicredi": [152.5978533333, 178.261159], "rubiconproject": [0.1702243333, 207.587345], "letras": [18.0451286667, 209.6703693333, 210.251411, 210.0298623333, 209.576495, 18.6566233333], "vagalume": [207.6987773333, 211.8387856667, 207.537618, 207.9522386667], "adform": [0.1702243333], "lpsnmedia": [216.308605], "tripadvisor": [16.478593, 18.602021, 214.292115, 16.7559236667, 16.4797863333], "teads": [0.1702243333, 212.42674], "cxense": [0.1702243333], "bv": [], "cifraclub": [210.0298623333, 209.576495], "santander": [216.6154823333], "itau": [337.705107, 338.1588436667], "outbrain": [0.1702243333], "smiles": [460.682605, 263.0435583333, 206.7136106667, 208.237547], "tiktokv": [0.1702243333], "shein": [283.004575, 210.2075923333, 210.5043583333, 209.0888366667], "kwai": [213.1936646667, 210.4186913333, 209.124625, 205.1456663333, 210.0477183333, 212.8244216667, 17.7373326667], "santandernet": [209.385974], "honda": [], "starplus": [], "alicdn": [210.319225, 178.6912463333, 371.6387766667], "casalemedia": [0.1702243333], "rnengage": [0.1702243333], "playstream": [212.2473066667, 212.0899613333], "dellcdn": [210.0932606667], "hbomax": [210.6603693333], "sscdn": [212.8782466667, 208.1289793333], "everesttech": [0.1702243333], "eepurl": [0.1702243333], "rfihub": [0.1702243333], "insightexpressai": [0.1702243333], "estacio": [178.7728026667, 207.0604683333], "pneustore": [16.2794446667], "siteblindado": [210.361107, 210.2252643333], "akamaihd": [0.1702243333, 208.227826, 210.802101, 209.185719, 210.4530406667, 210.279053, 212.7402236667], "banco": [209.904159, 210.1591806667], "turn": [0.1702243333], "live": [19.213234], "zdbb": [0.1702243333], "samsung": [179.6362223333, 180.0742126667], "bluekai": [0.1702243333], "list-manage": [180.5287443333], "staticontent": [210.1450836667, 125.3185006667], "motorola": [130.006646], "ttwstatic": [209.5485793333, 210.4186913333, 209.930907], "cdnpk": [208.4573763333], "avon": [163.1533386667], "bkrtx": [0.1702243333], "mlstatic": [206.346038, 209.165427], "fresh8": [238.4135876667, 209.5186946667, 209.0923846667, 209.9931883333, 210.4600736667, 209.279309, 210.7442246667, 285.2983793333], "byteoversea": [209.6940946667, 207.3473873333, 209.6729256667, 209.4913493333, 210.1593363333, 207.543516, 212.8232783333, 210.701259, 0.1702243333, 209.6221986667], "zappeando": [], "mathtag": [0.1702243333], "typekit": [213.2786043333, 210.1569596667, 213.2515136667, 206.707717, 0.1702243333], "fast": [210.7835166667], "livelo": [196.6426913333], "bancopan": [17.6092786667, 16.93163], "rdops": [209.6323013333, 210.2252643333], "flashtalking": [0.1702243333], "drogaraia": [203.6416633333, 210.0900143333, 209.426394, 205.7903553333], "hurb": [17.658166, 180.9578243333], "fwmrm": [], "licdn": [0.1702243333], "brightcove": [210.6356526667], "optimizely": [0.1702243333, 180.8647203333], "espn": [208.374444, 207.6463833333], "outbrainimg": [0.1702243333], "airbnb": [], "xboxlive": [], "cookiebot": [210.4744616667, 207.3179586667, 207.3473873333], "fluxteam": [346.5360686667, 213.225314, 213.4960443333, 209.6965933333], "catho": [210.5041133333, 209.9666606667], "freepik": [208.4573763333], "terra": [123.8615583333], "disneyplus": [], "centauro": [178.56905], "mobills": [121.593977], "office": [210.328834], "richrelevance": [0.1702243333], "viagogo": [19.4204876667, 18.985164], "muscache": [210.701259, 206.5616626667], "azureedge": [208.7659153333, 206.4403293333], "warnermediacdn": [207.9322796667, 209.531422, 212.582741], "ebit": [211.4748966667, 210.251411], "ibytedtos": [209.4071586667, 210.4186913333], "addthisedge": [213.7882756667], "rbxcdn": [209.5569063333, 211.3205313333, 210.406006, 207.8359953333, 207.131734], "pinimg": [210.1593363333, 209.4913493333, 217.619315], "shopee": [201.1542973333], "cdn-apple": [207.707632], "doubleverify": [0.1702243333], "maxymiser": [0.1702243333], "office365": [214.0390996667, 208.709443], "otempo": [207.864994, 210.052538], "smiler": [231.7347946667], "go-mpulse": [0.1702243333], "shopeemobile": [207.641035, 211.8816176667], "transfermarkt": [213.1038776667, 209.8487973333], "steamcommunity": [210.390486], "pubmatic": [0.1702243333, 283.1798706667], "cobasi": [20.5272006667], "ziffstatic": [212.252873, 210.0874346667], "onelink": [], "adobedtm": [0.1702243333], "dmcdn": [208.122409, 209.751012], "imguol": [206.877304, 206.9894286667, 210.4357293333], "postaffiliatepro": [149.7705653333, 149.485787], "adp": [210.0298623333, 209.930907], "natura": [210.9075656667], "uvnimg": [178.5046916667], "ebaystatic": [209.862845], "ghucdn": [180.9578243333, 208.037163], "viralize": [208.0428826667, 210.4010316667], "mythad": [17.7358956667], "shukriya90": [223.600248], "freepikcompany": [282.7021823333, 209.7509353333], "ebay": [], "s-microsoft": [211.9688256667], "postrelease": [0.1702243333], "reclameaqui": [207.4077166667, 208.227826, 211.015608, 209.124625], "freefiremobile": [209.6132676667, 210.1220376667], "nsoft": [193.5545946667, 195.7361496667, 196.6200666667, 196.289142, 195.7527096667, 193.6795276667, 193.382193, 193.840961]}