{"ifood": [201.8284213333, 191.5099676667, 344.5323446667, 192.9153376667], "voegol": [149.08988, 149.3434886667], "akamaized": [152.952804, 155.3133343333, 154.2924916667, 153.78808, 155.574008, 155.6440333333, 154.638433, 156.051397, 151.075915], "pushio": [149.2098576667], "r7": [152.961718, 155.191586, 147.3304746667], "bbc": [137.8298283333, 154.3720593333], "trivago": [151.059972, 152.5902396667, 155.7733583333], "sascdn": [149.6261266667, 146.4773446667, 158.088694, 154.0227336667, 383.638604], "cvc": [], "stickyadstv": [156.0827146667, 149.3026816667, 149.5477893333, 158.346621], "senac": [17.524134], "clmbtech": [155.722638, 148.3812036667], "estadao": [158.0414483333, 149.7329483333], "espncdn": [151.3939733333, 152.7664213333, 153.3137543333, 155.994316, 153.76759, 151.312653, 156.2809586667, 153.5946116667, 156.6621003333, 153.566917], "xbox": [156.123562], "bbci": [153.306489, 137.8298283333, 135.9135056667, 151.665529, 154.3720593333], "dell": [154.730751, 157.584995], "univision": [], "steampowered": [156.461913], "mzstatic": [153.0213566667], "trrsf": [149.56223, 147.5000373333], "go": [154.1186743333], "tiktokcdn": [153.617204, 153.2660656667, 153.336041, 153.3395956667, 156.6849293333, 156.7006506667, 153.4557353333, 154.0815, 155.574008, 151.4701346667, 154.8295793333, 154.818663, 154.638433, 153.5277283333, 155.3912036667], "vggcdn": [157.6890406667, 153.056608], "liveperson": [132.3383593333, 139.282174], "uol": [16.786491], "weather": [139.8263516667], "akstat": [157.73751], "steamstatic": [149.9431716667, 149.6261266667, 158.0041476667, 149.971505, 157.7986826667, 386.6193543333], "babycenter": [149.801361, 155.722638, 157.6890406667, 153.557118], "aliexpress": [148.8069353333, 156.2455416667], "gndi": [136.2367856667], "addthis": [149.2896916667, 158.806096, 148.2616536667], "livechatinc": [222.4356503333, 155.253234, 148.818072, 148.2904763333, 157.1453096667, 149.2237843333, 153.602266, 152.4308163333, 153.3242003333], "tnaflix": [181.8477516667, 181.5391843333, 181.5900496667], "carrefour": [151.196317], "moatads": [156.6768503333], "vidabrilhante": [133.8841546667], "hotelurbano": [138.580162], "media": [150.8198546667, 156.1906813333, 146.9378703333, 157.986446, 192.1200343333], "appsflyer": [156.1980396667, 156.456323], "microsoft": [153.056608, 152.6327596667, 154.2256526667, 151.610689], "sportradar": [152.581189, 222.4356503333, 311.1135966667, 155.416774, 156.0574143333, 148.818072, 150.0899053333, 158.0414483333, 150.2987033333, 153.7540456667, 150.3548666667, 151.671216], "dotomi": [142.023231, 132.8033253333, 141.9125393333, 133.2569283333], "smartadserver": [121.177741, 121.739522, 147.5000373333, 122.1227363333, 122.376592, 122.2422486667, 121.877602, 151.075915, 122.138538, 154.4175886667, 149.3213603333, 121.749572, 121.109063, 121.9211086667, 122.357684, 121.2990376667], "apple": [17.5062466667], "perimeterx": [206.2259596667], "ngtv": [149.9548133333], "ingresso": [142.403985, 156.5529003333], "spotxchange": [134.2469896667, 133.865445, 133.7555996667, 134.3571623333], "tiktok": [126.3882113333, 149.7741753333, 157.1196003333, 149.789475, 126.942993, 148.295997, 151.670702, 146.4773446667, 154.6599883333, 152.581189, 124.4253296667, 149.760205, 149.708412, 158.598326, 162.9152813333, 151.671216, 150.721703, 127.7108416667, 152.4308163333, 155.8734163333, 149.8339983333, 148.8425346667], "kalunga": [149.8216876667, 148.818072], "sicredi": [136.2691166667, 152.5978533333], "rubiconproject": [135.336774, 136.7234436667, 136.2991043333, 205.1965333333, 205.0299463333, 136.4084663333, 151.8893406667, 137.044557, 149.2454753333, 158.987652, 137.5099303333, 136.774826, 136.877893, 136.7784293333, 136.468156, 137.0184456667, 156.260979, 136.6258216667, 140.946182, 138.8231846667], "letras": [18.0451286667, 149.276027, 18.6566233333, 148.527117], "vagalume": [199.445985, 205.7894856667, 206.591511, 200.204801], "adform": [], "lpsnmedia": [158.9212063333, 143.785016], "tripadvisor": [16.478593, 18.602021, 138.8362466667, 16.7559236667, 16.4797863333], "teads": [280.182297, 142.1540316667, 148.34992, 153.675844], "cxense": [154.521579], "bv": [], "cifraclub": [149.276027, 148.527117], "santander": [149.9945056667], "itau": [149.4122046667, 149.6724983333], "outbrain": [156.3553123333, 194.69115], "smiles": [124.0461773333, 125.0347016667, 124.9164766667, 125.8352016667], "tiktokv": [152.3113673333, 151.125054, 152.2217983333, 155.8411793333, 152.6715406667, 150.721703, 153.602266, 153.8548433333, 152.4308163333], "shein": [151.610689, 153.820966, 149.773835, 157.6890406667, 153.0570273333, 149.7991143333, 153.557118, 155.7733583333, 148.2904763333, 150.2987033333, 155.8734163333, 149.2237843333, 149.445614, 157.686877, 153.602266, 151.944753, 148.7210256667, 149.2605993333], "kwai": [126.69665, 124.7348483333, 200.291006, 194.37226, 17.7373326667, 124.8730373333, 200.1777013333, 194.123065, 128.138529], "santandernet": [152.9732533333, 153.1973853333], "honda": [], "starplus": [], "alicdn": [148.8069353333, 149.5714193333, 149.7155716667, 149.445614], "casalemedia": [128.722594], "rnengage": [], "playstream": [155.690708, 151.8600393333], "dellcdn": [157.584995], "hbomax": [138.9359626667], "sscdn": [149.7104456667, 149.810615], "everesttech": [], "eepurl": [149.4580103333], "rfihub": [180.900811], "insightexpressai": [138.9135986667], "estacio": [135.9029366667], "pneustore": [16.2794446667], "siteblindado": [149.5714193333, 149.445614], "akamaihd": [157.82817, 149.3213603333, 153.78808, 154.4175886667, 149.4303763333, 154.615781, 154.638433, 153.3857163333, 149.276027], "banco": [149.849318, 148.818072], "turn": [137.5194586667, 137.3511906667], "live": [19.213234], "zdbb": [150.9270123333, 156.4834186667], "samsung": [157.5314856667, 149.4958716667], "bluekai": [149.2896916667], "list-manage": [149.3455703333], "staticontent": [156.0685633333, 125.3185006667], "motorola": [130.006646], "ttwstatic": [149.0185255, 156.285361, 149.9431716667, 157.4975426667], "cdnpk": [155.4767513333], "avon": [163.1533386667], "bkrtx": [290.9164053333], "mlstatic": [157.2469903333, 154.9859], "fresh8": [153.8605786667, 148.3812036667, 149.708412, 155.7733583333, 150.0899053333, 148.2904763333, 150.2987033333, 150.2181093333, 149.793929], "byteoversea": [154.7450306667, 154.3549653333, 153.368214, 153.0570273333, 157.6890406667, 151.671216, 153.419613, 154.0878136667, 154.6504253333, 152.689372, 152.4308163333, 154.8295793333, 151.175162, 156.389876, 154.0618956667, 151.610689, 155.673737, 155.3912036667], "zappeando": [], "mathtag": [155.874575], "typekit": [151.3939733333, 156.015108, 156.6621003333], "fast": [140.4579896667], "livelo": [279.639619], "bancopan": [17.6092786667, 16.93163], "rdops": [157.6741643333, 149.330864], "flashtalking": [139.944834], "drogaraia": [126.9253563333, 126.0742776667, 123.6439953333, 125.7529696667], "hurb": [138.580162, 17.658166], "fwmrm": [], "licdn": [153.617204, 153.336041, 152.6437483333, 156.7006506667, 154.0878136667, 154.8295793333, 156.389876], "brightcove": [155.461235], "optimizely": [374.9975136667, 158.30738, 137.7570863333], "espn": [151.3939733333, 156.6621003333], "outbrainimg": [272.5745193333], "airbnb": [], "xboxlive": [], "cookiebot": [152.4308163333, 153.602266, 158.0082316667], "fluxteam": [135.744383, 136.6011553333], "catho": [157.987163, 149.2605993333], "freepik": [155.4767513333], "terra": [123.8615583333], "disneyplus": [], "centauro": [149.8258406667], "mobills": [121.593977], "office": [190.7632746667], "richrelevance": [136.040511], "viagogo": [19.3097086667, 18.788967], "muscache": [150.7151133333, 155.7733583333], "azureedge": [154.3695363333, 153.1909543333, 154.0878136667], "warnermediacdn": [136.6868643333, 157.9515933333, 158.014392], "ebit": [], "ibytedtos": [147.812348, 146.9378703333], "addthisedge": [148.2616536667], "rbxcdn": [149.9241693333, 17.228639, 157.112617, 17.0498046667],