{"ifood": [201.8284213333, 191.5099676667, 344.5323446667, 192.9153376667], "voegol": [42.2467136667, 46.124017], "akamaized": [45.773786, 46.66918, 43.877517, 46.365936, 43.7687703333, 45.654106, 44.4363983333, 46.772679, 44.4159303333, 46.660656, 46.2492626667, 46.46769], "pushio": [42.2612416667], "r7": [44.7138513333, 50.6289693333, 46.3604003333], "bbc": [49.4189143333, 44.6465943333], "trivago": [47.0191306667, 46.734264, 46.5882873333], "sascdn": [48.7646033333, 45.554239, 51.898204, 44.290702, 44.2602436667, 44.4526173333], "cvc": [], "stickyadstv": [179.7277353333, 46.666801, 179.9435666667, 43.854026], "senac": [17.524134], "clmbtech": [45.200286, 42.8715356667], "estadao": [44.699783, 46.734264, 43.6675463333, 42.843866], "espncdn": [44.2152263333, 46.333796, 44.7532306667, 46.5688216667, 45.39262, 43.217157, 47.9780213333, 43.3954556667, 45.395208, 44.1706516667], "xbox": [45.1128426667], "bbci": [44.6465943333, 50.6597473333], "dell": [48.0131236667], "univision": [], "steampowered": [43.8477173333], "mzstatic": [45.3382743333], "trrsf": [43.2424986667, 44.5210896667, 45.7640593333, 46.4351026667], "go": [49.819965], "tiktokcdn": [47.9873726667, 47.9291063333, 45.654106, 47.408169, 44.0448676667, 44.638341, 44.357015, 45.6567426667, 47.1093506667, 44.7859593333, 44.5444263333], "vggcdn": [46.734264, 42.8715356667], "liveperson": [132.3383593333, 139.282174], "uol": [16.786491], "weather": [], "akstat": [45.853028], "steamstatic": [43.5953936667, 42.9930233333, 44.5789533333, 45.6567426667, 45.578083], "babycenter": [45.006989, 52.123229, 43.0500503333, 49.392387], "aliexpress": [44.4812116667, 44.4809886667], "gndi": [44.5973976667], "addthis": [46.655587, 46.80312, 44.2846726667], "livechatinc": [44.5262686667, 45.006989, 46.761496, 46.3904926667], "tnaflix": [181.8477516667, 181.5391843333, 181.5900496667], "carrefour": [44.4938816667], "moatads": [44.8259206667], "vidabrilhante": [134.5049936667], "hotelurbano": [42.6389703333, 49.5354203333], "media": [45.265694, 44.8725936667, 45.2239273333, 45.6567426667], "appsflyer": [45.5805286667, 45.1602353333], "microsoft": [46.9262093333, 43.407042, 48.7031013333, 46.8309686667], "sportradar": [46.5652596667, 45.006989, 43.056996, 46.1226156667, 45.6104203333, 46.8309686667, 46.7630103333, 43.981865, 43.697302], "dotomi": [209.6726876667, 199.6092246667, 196.9361986667], "smartadserver": [121.177741, 121.739522, 44.181274, 44.9276186667, 44.6947, 122.1227363333, 122.376592, 122.2422486667, 121.877602, 122.138538, 121.749572, 45.688943, 121.109063, 121.9211086667, 122.357684, 121.2990376667], "apple": [17.5062466667], "perimeterx": [42.7382366667], "ngtv": [47.8304116667], "ingresso": [48.6088096667, 43.0469936667, 44.1848746667], "spotxchange": [162.9866086667, 162.8686556667, 163.427853, 163.367474], "tiktok": [126.942993, 44.219359, 45.2245713333, 124.4253296667, 43.056996, 126.3882113333, 44.596398, 48.3659233333, 44.5262686667, 127.7108416667, 44.055773, 45.688943, 47.8488613333, 48.2433243333, 46.4083693333], "kalunga": [45.7010066667, 46.1226156667], "sicredi": [42.7165983333, 152.5978533333], "rubiconproject": [135.336774, 136.7234436667, 136.2991043333, 136.4084663333, 211.736186, 137.044557, 158.987652, 137.5099303333, 136.774826, 45.167098, 136.877893, 136.7784293333, 136.468156, 137.0184456667, 211.616439, 156.260979, 136.6258216667, 342.4460346667, 44.1956793333, 140.946182, 138.8231846667], "letras": [42.2441273333, 43.965043, 43.0066676667, 43.3010506667], "vagalume": [199.445985, 205.7894856667, 206.591511, 200.204801], "adform": [46.5882873333, 43.9210106667], "lpsnmedia": [158.9212063333, 143.785016], "tripadvisor": [16.478593, 42.6306103333, 18.602021, 16.7559236667, 16.4797863333], "teads": [44.1194563333, 46.2355146667], "cxense": [47.560881], "bv": [], "cifraclub": [], "santander": [121.975617], "itau": [148.2487216667, 146.0555786667], "outbrain": [46.579587, 44.9363566667], "smiles": [124.0461773333, 125.0347016667, 124.9164766667, 125.8352016667], "tiktokv": [43.0194723333, 45.2245713333, 47.059252, 43.56215, 44.185861, 48.156658, 46.3904926667, 47.3301603333, 42.843866], "shein": [44.5262686667, 43.056996, 46.293678, 44.465775], "kwai": [126.69665, 124.7348483333, 200.291006, 194.37226, 17.7373326667, 124.8730373333, 200.1777013333, 194.123065, 128.138529], "santandernet": [44.2819216667], "honda": [], "starplus": [], "alicdn": [44.3909586667, 44.2635633333, 43.246991, 44.3743793333], "casalemedia": [206.449244], "rnengage": [], "playstream": [48.3659233333, 44.185861], "dellcdn": [48.0131236667], "hbomax": [46.6490653333], "sscdn": [46.2784116667, 42.9089776667], "everesttech": [], "eepurl": [50.6043476667], "rfihub": [127.3069823333], "insightexpressai": [50.4585796667], "estacio": [41.7102293333, 49.0600203333], "pneustore": [16.2794446667], "siteblindado": [46.770223, 46.7830733333], "akamaihd": [47.1093506667, 47.9873726667, 45.554239, 43.6157766667, 43.022814, 44.290702, 46.8947336667, 45.5805286667, 43.7649566667, 46.2784116667], "banco": [43.366759, 43.407042], "turn": [137.5194586667, 137.3511906667], "live": [19.213234], "zdbb": [45.6675993333, 46.5882873333], "samsung": [45.0099116667, 48.5089773333], "bluekai": [46.80312], "list-manage": [42.7654343333], "staticontent": [46.4828806667, 125.3185006667], "motorola": [], "ttwstatic": [43.351119, 43.0066676667, 44.9276186667], "cdnpk": [47.349982], "avon": [163.1533386667], "bkrtx": [44.3632136667], "mlstatic": [17.7415803333], "fresh8": [45.200286, 46.5232856667, 46.426383, 46.7830733333, 46.293678, 43.8382663333, 48.204256, 43.697302], "byteoversea": [43.5953936667, 43.173904, 43.351119, 46.761496, 46.5652596667, 45.200286, 46.734264, 42.9089776667, 42.900282, 44.290702, 43.2424986667, 46.710575, 46.293678, 43.981865, 46.2784116667, 45.5817023333, 46.5882873333, 45.578083], "zappeando": [], "mathtag": [45.357602], "typekit": [43.217157, 44.2152263333, 45.082984, 44.356266], "fast": [52.3347226667], "livelo": [70.5034066667], "bancopan": [16.93163, 17.6092786667], "rdops": [46.1226156667, 46.8309686667], "flashtalking": [42.6548093333], "drogaraia": [126.0742776667, 126.9253563333, 123.6439953333, 125.7529696667], "hurb": [49.5354203333, 17.658166], "fwmrm": [133.1981686667, 133.2966766667, 133.5182873333, 133.406294], "licdn": [43.660496, 43.9229093333], "brightcove": [46.4133336667], "optimizely": [42.7645736667, 49.2940676667, 44.357532], "espn": [43.217157, 44.2152263333], "outbrainimg": [44.0549836667], "airbnb": [], "xboxlive": [], "cookiebot": [44.9885243333, 45.8218483333, 43.0034653333], "fluxteam": [144.266338, 140.96418, 142.247111, 139.5594233333], "catho": [47.0926203333, 45.5403506667], "freepik": [], "terra": [123.8615583333], "disneyplus": [], "centauro": [42.692277], "mobills": [121.593977], "office": [46.9454166667], "richrelevance": [50.62621], "viagogo": [19.2507593333, 18.963917], "muscache": [46.5232856667, 42.9468846667], "azureedge": [44.0373073333, 44.9816403333], "warnermediacdn": [44.5653393333, 43.0050466667, 45.0273053333], "ebit": [43.965043, 45.2340586667], "ibytedtos": [43.2424986667, 44.290702], "addthisedge": [44.2846726667], "rbxcdn": [17.0498046667, 43.022814, 45.5988956667, 48.715316, 17.228639, 154.1240783333], "pinimg": [11.6289303333, 44.1960173333, 12.0496863333], "shopee": [47.5580683333, 48.016864], "cdn-apple": [46.3208303333], "doubleverify": [48.473842, 17.5635416667, 51.0600226667], "maxymiser": [46.734264, 44.2317456667], "office365": [43.366759, 45.6104203333], "otempo": [45.6567426667, 45.7640593333], "smiler": [47.6642553333], "go-mpulse": [45.853028], "shopeemobile": [44.4159303333, 43.7649566667], "transfermarkt": [45.6294163333, 46.322783], "steamcommunity": [44.6587193333], "pubmatic": [44.4790446667, 44.2751253333], "cobasi": [20.5272006667], "ziffstatic": [44.936798, 44.1830536667], "onelink": [], "adobedtm": [45.0360216667], "dmcdn": [43.3529103333, 43.854026], "imguol": [141.025526, 140.7440826667, 139.950542, 139.8310083333],