{"metropoles": [17.2519823333, 15.9901466667, 15.608748, 17.4009466667], "tricae": [15.9901466667, 17.4009466667, 15.608748, 17.2519823333], "rbsdirect": [15.608748, 15.9901466667, 17.4009466667, 17.2519823333], "caixa": [15.9901466667, 17.4009466667, 15.608748, 17.2519823333], "lojadomecanico": [15.608748, 15.9901466667, 17.2519823333, 17.4009466667], "lojasrenner": [15.9901466667, 17.4009466667, 143.145636, 15.608748, 17.2519823333], "dafiti": [15.9901466667, 17.4009466667, 15.608748, 17.2519823333], "nznweb": [17.2519823333, 15.9901466667, 15.608748, 17.4009466667], "exame": [15.608748, 15.9901466667, 17.4009466667, 17.2519823333], "kalunga": [15.608748, 15.9901466667, 17.4009466667, 17.2519823333], "madeiramadeira": [15.608748, 15.9901466667, 17.4009466667, 17.2519823333], "mlcdn": [17.2519823333, 15.9901466667, 15.608748, 17.4009466667], "sodresantoro": [15.9901466667, 17.4009466667, 15.608748, 17.2519823333], "marisa": [15.9901466667, 17.4009466667, 15.608748, 17.2519823333], "epocacosmeticos": [15.608748, 15.9901466667, 17.4009466667, 17.2519823333], "suamusica": [15.608748, 17.2519823333, 17.4009466667], "avon": [], "ibxk": [15.608748, 15.9901466667, 17.2519823333, 17.4009466667], "baixaki": [15.608748, 15.9901466667, 17.4009466667, 17.2519823333], "correiobraziliense": [15.9901466667, 17.4009466667, 15.608748, 17.2519823333], "smarthint": [15.608748, 15.9901466667, 17.2519823333, 17.4009466667], "tecmundo": [15.608748, 15.9901466667, 17.2519823333, 17.4009466667], "magazineluiza": [128.1898843333, 15.9901466667, 17.4009466667, 127.6491686667, 15.608748, 17.2519823333, 124.8854243333, 124.112708], "chaordicsystems": [15.608748, 15.9901466667, 17.4009466667, 17.2519823333], "magazinevoce": [125.3295673333, 225.4888066667, 127.9910086667, 127.037327], "clicrbs": [15.608748, 15.9901466667, 17.4009466667, 17.2519823333], "arezzo": [15.608748, 15.9901466667, 17.2519823333, 17.4009466667], "azion": [15.608748, 15.9901466667, 17.4009466667, 17.2519823333], "azioncdn": [17.2519823333, 15.9901466667, 15.608748, 17.4009466667], "vakinha": [], "mobiauto": [15.9901466667, 17.4009466667, 317.1392996667, 208.7365883333, 15.608748, 17.2519823333, 206.1862953333, 206.2222436667], "anacapri": [15.608748, 15.9901466667, 17.2519823333, 17.4009466667], "petz": [], "motorola": [130.006646], "colombo": [15.9901466667, 206.3782303333, 17.4009466667, 206.5775726667, 15.608748, 206.802337, 17.2519823333, 370.1979353333], "bemol": [15.608748, 15.9901466667, 17.2519823333, 17.4009466667], "zattini": [15.9901466667, 17.4009466667, 19.0809983333, 15.608748, 17.2519823333], "azionedge": [15.608748, 15.9901466667, 17.2519823333], "azionrum": [17.2519823333, 15.9901466667, 15.608748, 17.4009466667], "estantevirtual": [], "netshoes": [15.608748, 15.9901466667, 17.2519823333, 17.4009466667], "clickbus": [15.608748, 15.9901466667, 17.4009466667, 17.2519823333], "correioweb": [15.608748, 15.9901466667, 17.2519823333, 17.4009466667], "vitat": [15.608748, 15.9901466667, 17.2519823333, 17.4009466667], "paguemenos": [], "canaltech": [15.627647, 17.2454793333, 17.4015856667, 15.7625666667, 17.4587996667, 15.7057213333, 15.726395, 17.2092043333, 15.525703, 15.727422]}