{"metropoles": [16.2542826667, 15.5203983333, 15.627647, 17.2454793333, 17.4887496667, 17.4015856667, 17.387228, 15.7625666667, 17.3342146667, 17.4587996667, 15.7407373333, 17.2092043333, 15.727422], "tricae": [17.255026, 16.2542826667, 15.627647, 15.5203983333, 17.2454793333, 17.387228, 17.4587996667, 15.7407373333, 15.7057213333, 17.2092043333, 15.525703, 15.726395], "rbsdirect": [15.5203983333, 15.627647, 17.4887496667, 17.4015856667, 15.7625666667, 15.7407373333, 15.7057213333, 17.2092043333, 15.727422, 15.726395], "caixa": [17.255026, 16.2542826667, 15.627647, 17.4887496667, 17.2454793333, 17.387228, 17.4015856667, 15.7625666667, 17.3342146667, 17.4587996667, 15.7407373333, 15.7057213333, 15.726395, 17.2092043333, 15.525703, 15.727422], "lojadomecanico": [17.255026, 16.2542826667, 15.525703, 17.4887496667, 15.7625666667, 17.4587996667, 15.7407373333, 15.7057213333, 15.727422, 15.726395], "lojasrenner": [15.627647, 17.2454793333, 17.4887496667, 143.145636, 17.4015856667, 15.7625666667, 17.4587996667, 15.7407373333, 15.727422, 15.525703, 15.726395], "dafiti": [16.2542826667, 17.4015856667, 17.387228, 17.4587996667, 17.2454793333, 15.7625666667, 15.7407373333, 17.2092043333, 15.7057213333, 15.627647, 15.525703, 15.727422, 17.255026, 15.5203983333, 17.4887496667, 17.3342146667], "nznweb": [15.627647, 15.5203983333, 17.2454793333, 17.4887496667, 17.4015856667, 17.4587996667, 15.7057213333, 17.2092043333, 15.525703, 15.727422], "exame": [17.255026, 16.2542826667, 15.5203983333, 17.2454793333, 17.4887496667, 17.4015856667, 17.387228, 15.7625666667, 17.3342146667, 17.4587996667, 15.7407373333, 15.7057213333, 15.726395, 17.2092043333, 15.525703, 15.727422], "kalunga": [17.255026, 15.627647, 15.5203983333, 17.4015856667, 15.7625666667, 17.3342146667, 15.7407373333, 15.7057213333, 15.726395, 17.2092043333, 15.525703, 15.727422], "madeiramadeira": [17.255026, 16.2542826667, 15.627647, 17.2454793333, 17.4015856667, 15.7625666667, 17.4587996667, 15.7407373333, 15.7057213333, 15.525703], "mlcdn": [16.2542826667, 15.5203983333, 17.2454793333, 17.387228, 15.7625666667, 17.3342146667, 15.7057213333, 15.726395, 15.525703, 15.727422], "sodresantoro": [17.255026, 15.5203983333, 15.627647, 17.4887496667, 17.2454793333, 17.387228, 15.7407373333, 15.7057213333, 17.2092043333, 15.727422], "marisa": [17.255026, 16.2542826667, 15.627647, 15.5203983333, 17.2454793333, 17.4887496667, 17.387228, 15.7057213333, 17.3342146667, 17.4587996667, 15.7407373333, 15.727422, 17.2092043333, 15.525703, 15.726395], "epocacosmeticos": [17.255026, 15.627647, 15.5203983333, 17.4887496667, 17.387228, 17.4015856667, 15.7625666667, 17.4587996667, 15.7057213333, 15.727422], "suamusica": [17.255026, 15.5203983333, 17.2454793333, 17.4887496667, 17.387228, 15.7625666667, 17.3342146667, 15.7407373333, 15.525703, 15.727422], "avon": [], "ibxk": [17.255026, 16.2542826667, 15.627647, 15.5203983333, 17.2454793333, 17.4887496667, 17.387228, 17.4015856667, 15.7625666667, 17.3342146667, 17.4587996667, 15.727422, 15.7057213333, 17.2092043333, 15.525703, 15.726395], "baixaki": [17.255026, 15.627647, 17.4015856667, 15.7625666667, 17.4587996667, 15.7407373333, 15.726395, 17.2092043333, 15.525703, 15.727422], "correiobraziliense": [17.255026, 16.2542826667, 15.5203983333, 15.627647, 17.4887496667, 17.2454793333, 17.4015856667, 17.387228, 15.7625666667, 17.3342146667, 15.7407373333, 15.727422, 17.2092043333, 15.525703, 15.726395], "smarthint": [17.255026, 16.2542826667, 15.627647, 15.5203983333, 15.525703, 17.4887496667, 17.2454793333, 17.4015856667, 15.7625666667, 17.3342146667, 17.4587996667, 15.7407373333, 15.7057213333, 17.2092043333, 15.727422, 15.726395], "tecmundo": [16.2542826667, 15.5203983333, 15.627647, 17.4887496667, 17.2454793333, 17.4015856667, 15.7625666667, 17.4587996667, 15.7407373333, 15.727422], "magazineluiza": [16.2542826667, 16.4496146667, 17.4015856667, 16.6344026667, 17.4587996667, 16.2036776667, 17.2454793333, 15.7625666667, 15.7407373333, 15.7057213333, 15.627647, 16.2814003333, 15.525703, 15.727422, 17.255026, 15.726395, 15.5203983333, 17.4887496667, 17.3342146667], "chaordicsystems": [16.2542826667, 15.627647, 15.5203983333, 15.525703, 17.4015856667, 17.387228, 15.7625666667, 17.4587996667, 15.727422, 15.726395], "magazinevoce": [16.272703, 16.725492, 15.755668, 16.373456], "clicrbs": [17.255026, 16.2542826667, 15.627647, 15.5203983333, 17.2454793333, 17.387228, 17.4015856667, 15.7625666667, 17.3342146667, 17.4587996667, 15.7407373333, 15.727422, 15.7057213333, 15.525703, 15.726395], "arezzo": [17.255026, 16.2542826667, 15.5203983333, 17.4887496667, 17.387228, 17.4015856667, 15.7625666667, 15.7057213333, 15.727422, 15.726395], "azion": [15.608748, 15.9901466667, 17.2519823333, 17.4009466667], "azioncdn": [17.255026, 16.2542826667, 15.5203983333, 17.4887496667, 17.2454793333, 15.7625666667, 17.3342146667, 17.4587996667, 15.7407373333, 15.727422], "vakinha": [17.255026, 15.5203983333, 15.627647, 17.2454793333, 17.4015856667, 17.387228, 17.4587996667, 15.7057213333, 15.726395, 15.727422], "mobiauto": [17.255026, 15.525703, 15.627647, 15.7597486667, 17.4887496667, 17.387228, 16.36016, 17.3342146667, 17.4587996667, 16.4563106667, 16.7043553333, 17.2092043333, 15.727422, 15.726395], "anacapri": [16.2542826667, 15.5203983333, 17.4887496667, 17.387228, 17.3342146667, 17.4587996667, 15.7407373333, 15.727422, 15.525703, 15.726395], "petz": [], "motorola": [130.006646], "colombo": [16.1700466667, 16.2542826667, 17.4887496667, 17.2454793333, 16.3790783333, 17.4015856667, 15.7625666667, 16.284072, 17.4587996667, 15.7057213333, 16.275696, 17.2092043333, 15.727422, 15.726395], "bemol": [17.255026, 15.627647, 17.4887496667, 17.2454793333, 17.387228, 15.7625666667, 17.4587996667, 15.7407373333, 15.7057213333, 15.525703], "zattini": [17.255026, 16.2542826667, 15.5203983333, 17.387228, 17.3342146667, 17.4587996667, 15.7407373333, 17.2092043333, 15.727422, 15.726395], "azionedge": [17.255026, 15.5203983333, 17.2454793333, 17.4887496667, 17.387228, 17.4587996667, 15.7407373333, 15.7057213333, 15.525703, 15.727422], "azionrum": [15.608748, 15.9901466667, 17.4009466667, 17.2519823333], "estantevirtual": [], "netshoes": [17.255026, 16.2542826667, 15.5203983333, 17.2454793333, 17.4015856667, 17.387228, 15.7625666667, 17.3342146667, 17.4587996667, 15.525703], "clickbus": [17.255026, 17.2454793333, 17.4887496667, 17.3342146667, 15.7407373333, 15.7057213333, 15.726395, 17.2092043333, 15.525703, 15.727422], "correioweb": [16.2542826667, 15.5203983333, 17.2454793333, 17.4887496667, 17.387228, 17.3342146667, 15.7407373333, 15.7057213333, 17.2092043333, 15.726395], "vitat": [17.255026, 16.2542826667, 15.5203983333, 17.4887496667, 17.387228, 17.4015856667, 15.7625666667, 17.3342146667, 15.7407373333, 15.7057213333], "paguemenos": [], "canaltech": [16.2542826667, 15.5203983333, 17.2454793333, 17.4887496667, 17.387228, 17.4015856667, 15.7625666667, 15.7057213333, 15.525703, 15.727422]}