{"metropoles": [466.0685666667], "tricae": [466.0685666667], "rbsdirect": [466.0685666667], "caixa": [466.0685666667], "lojadomecanico": [466.0685666667], "lojasrenner": [143.145636, 466.0685666667], "dafiti": [466.0685666667], "nznweb": [466.0685666667], "exame": [466.0685666667], "kalunga": [466.0685666667], "madeiramadeira": [466.0685666667], "mlcdn": [466.0685666667], "sodresantoro": [466.0685666667], "marisa": [466.0685666667], "epocacosmeticos": [466.0685666667], "suamusica": [466.0685666667], "avon": [], "ibxk": [466.0685666667], "baixaki": [466.0685666667], "correiobraziliense": [466.0685666667], "smarthint": [466.0685666667], "tecmundo": [466.0685666667], "magazineluiza": [383.5548136667, 466.0685666667, 437.2351333333, 404.958037, 390.708559], "chaordicsystems": [466.0685666667], "magazinevoce": [389.4140766667, 402.8016706667, 382.6345353333, 392.4360953333], "clicrbs": [466.0685666667], "arezzo": [466.0685666667], "azion": [466.0685666667], "azioncdn": [466.0685666667], "vakinha": [466.0685666667], "mobiauto": [556.6770563333, 393.6517753333, 466.0685666667, 393.4921056667, 394.3543186667], "anacapri": [466.0685666667], "petz": [], "motorola": [130.006646], "colombo": [466.0685666667, 387.668262, 437.0245563333, 446.3943116667, 389.0403233333], "bemol": [466.0685666667], "zattini": [19.0809983333, 466.0685666667], "azionedge": [466.0685666667], "azionrum": [466.0685666667], "estantevirtual": [], "netshoes": [466.0685666667], "clickbus": [466.0685666667], "correioweb": [466.0685666667], "vitat": [466.0685666667], "paguemenos": [], "canaltech": [179.9267636667]}