{"metropoles": [44.403928], "tricae": [44.403928], "rbsdirect": [44.403928], "caixa": [44.403928], "lojadomecanico": [44.403928], "lojasrenner": [], "dafiti": [44.403928], "nznweb": [44.403928], "exame": [44.403928], "kalunga": [44.403928], "madeiramadeira": [44.403928], "mlcdn": [44.403928], "sodresantoro": [44.403928], "marisa": [44.403928, 46.3404786667], "epocacosmeticos": [44.403928], "suamusica": [44.403928], "avon": [], "ibxk": [44.403928], "baixaki": [44.403928], "correiobraziliense": [44.403928], "smarthint": [44.403928], "tecmundo": [44.403928], "magazineluiza": [199.2128043333, 193.7772613333, 44.403928, 192.5818113333, 196.5050496667], "chaordicsystems": [44.403928], "magazinevoce": [], "clicrbs": [44.403928], "arezzo": [44.403928], "azion": [46.3404786667], "azioncdn": [44.403928], "vakinha": [44.403928], "mobiauto": [199.0507886667, 193.733623, 44.403928, 199.040152, 199.7135826667], "anacapri": [44.403928], "petz": [], "motorola": [130.006646], "colombo": [126.3196256667, 125.2682466667, 44.403928, 126.2214363333, 128.8533273333], "bemol": [44.403928], "zattini": [19.0809983333, 44.403928], "azionedge": [119.7612633333, 119.7616726667, 121.2052266667, 125.4557586667, 147.700823, 144.676696], "azionrum": [119.7612633333, 144.676696, 119.7616726667, 121.2052266667, 125.4557586667, 147.700823], "estantevirtual": [], "netshoes": [44.403928], "clickbus": [44.403928], "correioweb": [44.403928], "vitat": [46.3404786667], "paguemenos": [], "canaltech": [46.3404786667]}