{"xvideos-cdn": [357.9530256667, 368.2806816667, 365.1657356667, 362.941119, 363.775217, 364.1572636667, 360.7189673333, 566.2951166667, 359.8894076667, 363.6740016667, 376.185248, 369.3559853333, 365.210023], "userway": [355.7669863333, 367.6732146667, 362.1687786667, 363.2532746667, 364.1806086667, 361.652451, 363.5092873333], "tudoreceitas": [360.8550003333, 355.7669863333, 367.6732146667, 373.4699036667, 362.1687786667, 356.3170696667, 363.2532746667, 364.1806086667, 361.652451, 363.5092873333, 366.9840386667], "brazino-cdnsrv-cst": [], "icons8": [355.7669863333, 360.8550003333, 367.6732146667, 373.4699036667, 356.3170696667, 363.2532746667, 364.1806086667], "tmdb": [365.81638], "dicionariopopular": [181.304335], "playstream": [365.81638, 357.54454], "afcdn": [364.883654, 360.8550003333, 367.6732146667, 373.4699036667, 362.1687786667, 364.1806086667, 364.581698], "cdn4ads": [137.647972], "mundodasmensagens": [180.2057943333], "iubenda": [179.847999], "intellipopup": [136.6827536667], "garotocomlocal": [375.7474946667], "aj2550": [364.883654, 355.7669863333, 360.8550003333, 364.1806086667, 356.3170696667, 366.9840386667, 363.5092873333], "tuasaude": [363.437347], "vidoomy": [360.8550003333, 367.6732146667, 366.8761423333, 362.1687786667, 363.2532746667, 363.5092873333, 364.581698], "sex": [390.9019356667, 362.9311353333], "creativecdn": [364.883654, 360.8550003333, 355.7669863333, 367.6732146667, 373.4699036667, 356.3170696667, 364.1806086667], "dicio": [181.5620986667], "aucdn": [364.883654, 366.8761423333, 373.4699036667, 356.3170696667, 366.9840386667, 361.652451, 364.581698], "getsitecontrol": [358.5593206667, 389.1269413333, 395.6062603333], "insurads": [181.626675], "sinonimos": [389.1269413333], "dicionariodenomesproprios": [180.2579576667], "xnxx-cdn": [357.9530256667, 365.202697, 362.963262, 364.984454, 366.530392, 363.775217, 360.7189673333, 566.2951166667, 365.210023, 366.2757376667, 369.3559853333, 357.0702743333, 372.390754], "webpushs": [360.8550003333, 367.6732146667, 366.8761423333, 373.4699036667, 356.3170696667, 363.2532746667, 364.581698], "exosrv": [355.7669863333, 367.6732146667, 366.8761423333, 373.4699036667, 356.3170696667, 363.2532746667, 361.652451], "ligadosgames": [181.5620986667], "displayvertising": [139.4879763333]}