{"xvideos-cdn": [17.4831086667, 17.7137953333, 17.5504953333, 17.5396036667, 17.500967, 17.4856316667, 17.6230773333, 17.6728846667, 17.605395, 17.9926183333], "userway": [123.733407, 123.519058], "tudoreceitas": [18.669953, 17.6415863333, 17.526307], "brazino-cdnsrv-cst": [], "icons8": [123.3427473333, 122.9588223333], "tmdb": [124.6250956667], "dicionariopopular": [3.2522546667], "playstream": [124.349486, 125.015103], "afcdn": [18.669953, 17.6415863333], "cdn4ads": [137.647972], "mundodasmensagens": [124.349486], "iubenda": [123.2492626667], "intellipopup": [136.6827536667], "garotocomlocal": [124.6250956667], "aj2550": [127.5183753333, 126.479298], "tuasaude": [123.2492626667], "vidoomy": [17.7433946667, 17.526307], "sex": [124.349486, 123.84738], "creativecdn": [17.7433946667, 17.526307], "dicio": [123.2492626667], "aucdn": [18.669953, 17.6415863333], "getsitecontrol": [124.349486, 123.5516796667, 123.2492626667], "insurads": [123.2492626667], "sinonimos": [123.2492626667], "dicionariodenomesproprios": [124.6250956667], "xnxx-cdn": [17.5396036667, 17.7137953333, 17.5310963333, 17.6055266667, 17.500967, 17.605395, 17.6728846667, 17.5504953333, 17.9926183333, 18.6183646667], "webpushs": [18.669953, 17.526307], "exosrv": [17.7433946667, 17.526307], "ligadosgames": [124.349486], "displayvertising": [139.4879763333]}