{"placardefutebol": [17.5565123333], "ctfassets": [125.3048303333, 127.9167833333, 128.1288133333], "imrworldwide": [132.325964, 126.5179656667, 139.0755126667, 141.003489, 125.3259706667, 127.7017336667, 129.3805646667, 140.4425276667, 126.554334, 140.2743036667, 125.6412786667, 124.6680006667], "percycle": [193.9416056667, 198.1928283333, 196.8109843333, 200.314398], "mercadolivre": [202.830305, 199.5204066667, 201.9954356667, 141.8266336667, 126.1151893333, 126.501348, 200.200286, 200.6174663333, 196.7184926667, 200.10939, 140.9760943333, 194.393895, 125.4510796667, 197.4663163333, 143.0077196667, 199.2703316667, 126.0791983333, 320.5304596667, 194.1623266667, 394.1435286667], "sndcdn": [126.9965, 141.5795116667, 199.5781563333, 126.2859196667, 194.6254083333, 140.0604833333, 127.08121, 200.3923593333, 140.7631263333, 126.978031, 140.7078636667, 197.706331], "undertone": [201.401178, 195.3622483333, 193.8953526667, 201.4749276667, 193.9053033333, 195.284046, 194.3311256667, 196.7961496667], "asaas": [199.701773, 199.534545, 193.181031, 198.166356, 200.1428276667, 194.1487773333, 201.249898, 194.298356], "liftoffintl": [127.212921, 123.7022436667, 126.2322023333, 126.9179386667], "optad360": [196.9885246667, 140.672597, 193.6003613333, 143.4511986667, 196.837427, 141.058796, 375.75995, 202.3485106667], "dwin2": [], "uol": [126.278765, 206.368942, 17.2794293333, 192.5509683333, 141.7937693333, 194.2849326667, 206.1277153333, 199.8645206667, 208.179035, 127.042164, 128.377538, 174.022264, 206.2738193333, 275.380922, 142.1814963333, 199.5223816667, 125.4408133333, 124.0876256667, 208.0068463333, 140.0644863333, 208.5614026667, 125.058316, 207.8570693333, 206.332128, 206.775218, 139.732969, 207.3596836667, 214.5036973333, 139.0385376667, 124.9662683333, 127.4785803333, 475.612203, 139.914096, 193.3571973333, 143.3641396667, 200.286831, 190.6484343333], "privacy-center": [208.8457913333, 217.8883876667, 208.300822, 207.0346036667], "mitula": [141.8234713333, 193.3155086667, 139.445592, 194.6254083333, 200.303317, 139.2663026667, 140.8297663333, 202.725317], "pubguru": [278.9430183333, 206.2120546667, 208.3898903333, 207.6638563333, 206.4908923333, 207.0153353333, 212.8391646667], "onebra": [], "adsafeprotected": [126.367091, 124.6340526667, 124.7558033333, 128.7298296667], "playwire": [126.9167153333, 128.752225, 127.0112773333, 126.898031], "olx": [195.6080613333, 238.80715, 199.4546106667, 209.695984, 205.0253943333, 209.3881923333, 127.0170213333, 199.7013873333, 209.2118333333, 202.8717876667, 125.37302, 198.6853913333, 195.616542, 196.6885216667, 205.7636313333, 199.5508246667, 206.4924943333, 124.7322813333, 206.2318586667, 211.8726063333, 128.3651756667, 126.771325, 129.5937613333, 199.358119, 253.967276, 196.865598, 207.0099193333, 124.9681503333, 126.9949263333, 197.6714436667, 126.974942, 205.542889, 126.260342, 130.0793366667, 125.413841, 211.6725426667], "sprinklr": [194.6453336667, 191.4378633333, 192.0232246667, 198.390396], "igaming-service": [274.915109, 194.0732973333, 199.5727883333, 199.4419713333, 194.3790573333, 199.24284, 202.792816, 193.681841], "ofutebolero": [11.7551373333, 11.9439783333], "foresee": [194.0996943333, 206.3164366667, 200.286831, 194.190021], "omnycontent": [125.4104026667, 126.940926, 124.82371, 126.958734], "onlyfans": [199.780939, 196.2144213333, 201.13485, 193.68946], "antillephone": [199.1387343333, 440.6819406667, 199.2915483333, 200.2760076667, 212.5745613333, 199.946664, 215.0236053333, 198.0087276667, 200.2664666667, 192.8582506667, 198.013628, 196.3717926667, 207.869039, 204.9927513333, 195.5678863333, 194.1134196667], "jsuol": [205.5474016667, 216.8128013333, 215.6200563333, 211.9563036667, 202.9791246667, 127.1929596667, 16.183904, 125.3520793333, 216.5837096667, 198.0775533333, 216.441146, 196.4848973333, 192.0004943333, 16.2015263333, 451.2654206667, 126.9341263333, 124.1439506667], "kto": [201.0545223333, 198.296568, 201.1262583333, 195.006084], "indicative": [206.7556123333, 208.255766, 207.1315416667, 208.140564], "securiti": [125.445089, 125.0316426667, 209.057018, 123.926144, 126.496806, 206.9117423333, 359.6409503333, 280.664215], "makestories": [206.3298583333, 198.8534296667, 198.2651086667, 201.7010006667], "ulife": [140.5284943333, 140.9978716667, 138.164606, 359.59018], "coinmarketcap": [196.6277246667, 210.36667, 199.4253653333, 234.511372, 191.7799503333, 205.5172643333, 138.3032133333, 219.0838856667, 193.805846, 138.750312, 203.041017, 140.4044856667, 140.1593143333, 202.1038336667, 201.5650036667, 199.1475126667], "pagseguro": [125.6891706667, 123.2298866667, 127.7027926667, 124.7027453333], "myvisualiq": [140.594217, 141.1045406667, 543.9451113333, 140.7907686667], "mailchimp": [126.9394533333], "intergient": [207.9549273333, 210.6868896667, 206.8379706667, 283.857957], "maxmilhas": [206.5407433333, 125.9911663333, 126.2563843333, 123.6608486667, 208.05288, 124.0048683333, 124.820373, 289.7953413333, 124.160065, 206.7887356667, 126.9253563333, 206.18067], "vtexassets": [139.099558, 208.0279316667, 206.463627, 140.111206, 139.4922463333, 200.9410806667, 206.4532743333, 205.7397523333, 200.7215773333, 206.017146, 140.1147026667, 200.923388], "espn": [195.0171223333, 193.3508623333, 200.279771, 193.3148266667], "sympla": [206.010443, 206.7987303333, 206.9713446667, 205.936701], "campograndenews": [192.0415586667, 193.6366036667, 192.0232246667, 199.0535673333], "howuku": [126.281144, 124.5849733333, 126.1746416667, 126.5546926667], "lobo888": [], "vteximg": [139.099558, 208.0279316667, 206.463627, 140.111206, 139.4922463333, 206.4532743333, 205.7397523333, 140.1147026667], "icarros": [126.69665, 205.0396016667, 123.8436763333, 193.5236886667, 205.349752, 210.3962376667, 126.4295783333, 201.144004, 196.431317, 196.8003436667, 128.2362213333, 212.0797393333], "saasexch": [126.894438, 210.195801, 214.8068946667, 123.5862136667, 126.9247723333, 127.9659693333, 208.6068486667], "booking": [127.1929596667, 125.7357543333, 126.364739, 126.755427], "lfeeder": [213.952438, 208.2568643333, 210.653922, 214.3013943333], "oraai": [142.4449643333, 140.298981, 143.2847596667], "tiqcdn": [193.56787, 193.542759, 199.9558316667, 199.9416386667], "novaescola": [127.749834, 132.325964, 194.572492, 194.37226, 200.7929633333, 197.264929, 200.0690093333, 460.8696493333, 194.0208053333, 125.3440213333, 123.596908, 195.5094563333], "galera": [127.5685363333, 126.0748803333, 125.1083413333, 128.3145116667], "twiggys": [126.2396353333, 130.8913433333, 126.0771843333, 128.6530013333], "emarsys": [196.8003436667, 193.2284876667, 196.6030166667, 193.742999], "surveygizmo": [128.7187013333, 127.2571816667, 126.2741776667, 126.9784143333], "dugout": [126.4501426667, 128.5909426667, 123.8019923333, 127.9160156667], "kabum": [125.6434546667, 126.1514346667, 124.5703906667, 349.2125816667], "bamgrid": [208.04407, 475.612203, 210.4731073333, 216.151923, 206.920895, 209.1688303333, 206.4412086667, 206.6817393333], "zicard": [195.7940816667, 197.081632, 192.8233466667, 196.3876276667], "imguol": [16.2766196667, 16.2777096667], "drogasil": [125.1552043333, 126.496233, 123.5862136667, 369.030767], "estantevirtual": [197.9478346667, 206.6632873333, 204.2261466667, 226.3919546667], "mercadopago": [124.866433, 206.2281263333, 124.7917663333, 445.4225306667, 208.2289366667, 125.8942036667, 206.512177, 126.5358996667, 370.1979353333, 206.3860723333, 206.653866, 207.4299246667], "storyasset": [125.3440213333, 124.5795013333, 123.6254543333, 126.2563843333], "grupokabum": [201.3962553333, 196.2399896667, 396.244359, 203.8379456667], "seondfresolver": [126.9855543333, 125.30675, 127.018363, 128.7696513333], "soundcloud": [139.6897483333, 141.2917443333, 218.970403, 223.5043886667, 329.4019266667, 227.6080103333, 141.328456, 138.7130143333], "dwin1": [], "trov": [193.7939906667, 194.8835596667, 197.9524403333, 198.484364], "petz": [126.496233, 126.9412413333, 127.335634, 127.9994063333],