{"placardefutebol": [16.3126166667], "ctfassets": [16.247339, 15.7920756667, 16.2222966667, 16.7410593333], "imrworldwide": [16.1700466667, 16.7559003333, 16.2013703333, 16.1886053333, 16.2814003333, 16.392613, 16.2207306667, 15.925495, 15.786887, 16.416327, 16.7288636667, 16.6976986667, 15.7665296667, 16.2279276667, 17.882088, 16.227956], "percycle": [137.025177, 124.9891846667, 138.1333206667, 136.448883], "mercadolivre": [16.7422166667, 15.7824266667, 16.3978063333, 16.2139706667, 16.6344026667, 16.2094213333, 16.668542, 16.2826306667, 16.5805793333, 16.2753786667, 16.3009063333, 16.3414773333, 16.2042736667, 15.75045, 16.2663666667, 16.263878], "sndcdn": [16.8158823333, 16.3241986667, 16.3206583333, 16.2719496667, 16.4713773333, 15.8144963333, 16.74295, 16.182857, 16.4387776667, 16.760223, 16.4055766667, 16.397732], "undertone": [16.2712383333, 16.197987, 16.3091383333, 16.2045896667, 16.361404, 16.2975236667, 16.1981773333, 16.2754033333], "asaas": [16.2746526667, 16.5566843333, 16.2778683333, 16.2819356667, 16.1844406667, 16.2398653333, 16.318402, 16.3270356667], "liftoffintl": [16.2653023333, 16.29898, 16.359194, 16.2608736667], "optad360": [17.7686886667, 16.3913533333, 16.4130323333, 16.6397783333, 16.7967543333, 16.3587016667, 16.3077523333, 16.264439], "dwin2": [], "uol": [16.2548526667, 16.2697483333, 16.3053386667, 16.8968246667, 16.2896496667, 16.8213236667, 18.6875753333, 16.2243823333, 16.816944, 15.73663, 16.340966, 16.429398, 16.8144466667, 17.3852386667, 16.6283653333, 16.9727016667, 138.0495913333, 16.828963, 16.361404, 123.5540873333, 137.0221773333, 143.205491, 359.520189, 16.9124496667, 16.8446516667, 16.2032073333, 123.9123383333, 16.2938766667, 15.7319086667, 16.4055766667, 16.7058446667, 16.3003496667, 124.255639, 123.728655, 16.984022, 16.203535], "privacy-center": [123.9994056667, 124.441351, 123.719692, 124.8479946667], "mitula": [16.29898, 16.2378693333, 16.2831536667, 16.2307206667, 16.2655343333, 16.168208, 16.2476653333, 16.21467], "pubguru": [16.3665966667, 16.1458596667, 16.8279286667, 16.2240556667, 16.3151936667, 16.249849, 16.672444, 16.264439], "onebra": [17.8949243333], "adsafeprotected": [16.2398653333, 16.3018153333, 16.2951393333, 16.2107556667], "playwire": [16.760223, 16.3053196667, 16.8034053333, 16.3011146667], "olx": [15.7145416667, 16.2621356667, 16.2714393333, 15.73663, 16.2929503333, 16.2261563333, 15.7613713333, 16.3362086667, 16.2442446667, 16.7410593333, 16.2108223333, 15.799494, 16.404295, 15.7933886667, 15.7601826667, 16.7945526667, 16.376278, 16.6661536667, 16.2378693333, 16.9320503333, 16.248285, 15.8167853333, 16.342449, 16.2092856667, 16.7249853333, 16.2216976667, 16.2982063333, 15.9245463333, 16.2530563333, 15.853737, 15.821267], "sprinklr": [16.325817, 16.372487, 15.7486126667, 16.3055066667], "igaming-service": [16.299092, 16.2416903333, 16.2244903333, 17.653789, 16.6976986667, 16.254501, 16.982293, 16.21467], "ofutebolero": [11.7551373333, 11.9439783333], "foresee": [16.431883, 16.2527813333, 15.753236, 16.4585093333], "omnycontent": [137.3956806667, 137.9721316667, 119.263448, 136.923347], "onlyfans": [16.2653023333, 16.2157196667, 16.2036776667, 16.2497116667], "antillephone": [17.157754, 16.321569, 16.8554673333, 16.7155523333, 18.1749006667, 17.344783, 16.2882063333, 16.248111, 16.3011146667, 15.7820446667, 16.1776626667, 17.2842813333, 16.1839683333, 16.2822183333, 16.291871, 16.69868], "jsuol": [16.19223, 16.5191013333, 16.8213236667, 16.757643, 15.9639246667, 16.653559, 16.851296, 16.2163786667, 17.743602, 16.719451, 16.2769063333, 16.8034053333, 16.3720493333, 16.7853953333, 16.9124496667, 17.1407563333, 16.8554673333, 16.734016, 16.35638, 15.8691343333], "kto": [16.3409656667, 16.3915873333, 16.4400513333, 16.2572986667], "indicative": [16.213556, 15.7861846667, 16.7603833333, 16.1886053333], "securiti": [136.475943, 118.9500516667, 123.404099, 136.421874, 124.6691883333, 138.0175166667, 222.7144713333, 138.136057], "makestories": [16.2653023333, 16.278642, 16.2753786667, 16.2394203333], "ulife": [15.8308823333, 16.2222966667, 16.239558, 16.1869536667], "coinmarketcap": [15.8196286667, 16.9815416667, 16.2089203333, 16.392613, 15.838286, 16.7410593333, 16.2714393333, 16.6988326667, 16.8654686667, 16.2982063333, 15.7665296667, 16.2028943333, 16.1981773333, 16.170287, 16.770314, 16.3520726667], "pagseguro": [16.318402, 16.2572986667, 16.177276, 16.2873823333], "myvisualiq": [16.4931656667, 16.275696, 16.3512293333, 16.2612433333], "mailchimp": [15.9936376667], "intergient": [15.834391, 15.9639246667, 16.7404483333, 16.7575953333], "maxmilhas": [16.7603833333, 16.3314373333, 16.3978063333, 16.206392, 16.372487, 16.2261563333, 16.2712003333, 16.5805793333, 16.1879463333, 16.2294113333, 16.438777, 16.262123], "vtexassets": [16.836816, 16.3582566667, 16.325817, 16.2352706667, 16.4713773333, 16.2596233333, 18.803343, 16.2572986667], "espn": [416.1033866667, 137.7509683333, 139.010558, 139.1447976667], "sympla": [16.17046, 16.2896496667, 16.610352, 17.942641], "campograndenews": [16.305483, 16.318402, 16.3362086667, 16.182857], "howuku": [124.095555, 124.7634893333, 124.77187, 123.8345606667], "lobo888": [15.8034656667], "vteximg": [16.723335, 16.222557, 16.603055, 16.2455996667, 16.3582566667, 16.1982893333, 16.2352706667, 16.5609513333, 15.7034396667, 16.391668, 16.2596233333, 16.2572986667], "icarros": [16.391748, 16.6603316667, 15.7446673333, 16.7647893333, 15.7579473333, 16.79964, 16.672444, 16.9335233333], "saasexch": [16.2320403333, 16.257433, 16.2394203333, 16.3362086667, 16.2873823333, 16.172909, 16.2280433333, 16.22849], "booking": [16.2220353333, 16.1969343333, 16.3256973333, 16.2951393333], "lfeeder": [16.8213236667, 16.911949, 16.330592, 16.2825906667], "oraai": [123.5528113333, 129.6215533333, 123.4833936667, 124.4366363333], "tiqcdn": [16.241, 16.204009, 16.221334, 17.021773], "novaescola": [16.6924646667, 16.1490806667, 16.2440003333, 17.065295, 15.9585246667, 16.751314, 15.8366153333, 15.8268383333, 16.8482796667, 16.7800113333, 16.7668476667, 16.1515133333], "galera": [16.4298356667, 16.26704, 15.838286, 15.7751093333], "twiggys": [18.2178666667, 16.275386, 16.8517983333, 16.671499], "emarsys": [16.2964586667, 15.7434366667, 15.749484, 17.427866], "surveygizmo": [123.5869326667, 123.6473706667, 124.7888343333, 125.0005493333], "dugout": [16.305483, 16.307291, 16.1808333333, 16.1518576667], "kabum": [17.1407563333, 16.209118, 16.310783, 16.2691776667], "bamgrid": [16.1947973333, 16.2824256667, 16.284072, 16.2653023333, 16.149225, 16.3414773333, 16.1985713333, 16.2566236667], "zicard": [16.297949, 15.8144963333, 16.19223, 16.1515133333], "imguol": [137.6336873333, 137.9796686667, 137.0212223333, 119.0990323333], "drogasil": [16.2013703333, 16.2819356667, 16.2831536667, 133.7654576667], "estantevirtual": [16.2089203333, 16.3017033333, 16.2768903333, 16.310257], "mercadopago": [15.9453733333, 16.7668476667, 16.2806596667, 16.2663116667, 16.424275, 15.773748, 16.2531113333, 17.1699946667, 16.275696, 16.2754033333, 16.7226983333, 16.2148603333], "storyasset": [16.3031273333, 15.7867183333, 16.228224, 16.703394], "grupokabum": [16.2678493333, 16.1869536667, 15.853737, 16.1982893333], "seondfresolver": [16.8554673333, 16.4130323333, 16.3492976667, 17.103283], "soundcloud": [16.837768, 16.2778683333, 16.3498603333, 16.298415, 16.2826306667, 17.1161696667, 16.7889096667], "dwin1": [], "trov": [16.2537273333, 16.4342736667, 16.2596233333, 16.2975236667], "petz": [16.249849, 16.1797676667, 16.3642123333, 16.404295], "globo": [16.254501, 16.2746526667, 16.2559533333, 16.2966036667], "quantcount": [16.309035, 16.2596233333, 16.21467, 16.4266543333], "senior": [15.9453733333, 16.6885226667, 15.794149, 16.7804393333], "dotmetrics": [16.227776, 123.2305493333, 137.3712866667, 15.7933886667, 16.2853816667, 137.5632246667, 138.3272933333, 16.379963], "oribi": [15.7930753333, 16.3702926667, 16.7468343333, 16.662909], "betocarrero": [123.8952083333],