{"placardefutebol": [17.8487653333], "ctfassets": [], "imrworldwide": [132.325964, 201.808704, 199.5953786667, 126.5179656667, 198.7460936667, 129.3805646667, 125.3259706667, 127.7017336667, 126.554334, 197.7993696667, 125.6412786667, 124.6680006667], "percycle": [193.9416056667, 198.1928283333, 196.8109843333, 200.314398], "mercadolivre": [126.24629, 126.501348, 140.9760943333, 143.0077196667, 126.942993, 124.8288613333, 126.0791983333, 194.393895, 201.9954356667, 141.8266336667, 200.6174663333, 125.4510796667, 320.5304596667, 126.1151893333, 394.1435286667, 125.2493006667], "sndcdn": [141.0211543333, 126.9965, 141.5795116667, 142.6794873333, 126.2859196667, 141.0322786667, 140.0604833333, 127.08121, 140.7631263333, 126.978031, 140.7078636667, 141.1876483333], "undertone": [193.8953526667, 140.68596, 193.9053033333, 194.3311256667, 141.3384126667, 196.7961496667, 139.7797513333, 141.372843], "asaas": [199.534545, 200.1428276667, 126.4972963333, 194.1487773333, 126.5841566667, 194.298356, 125.871851, 127.7309073333], "liftoffintl": [201.8159696667, 193.556269, 195.357308, 193.6204076667], "optad360": [129.0764136667, 126.3662743333, 227.736593, 124.5585443333], "dwin2": [], "uol": [126.278765, 193.5428453333, 202.6464733333, 196.468314, 192.5509683333, 199.601385, 18.6875753333, 194.2849326667, 194.0278046667, 199.8645206667, 194.106365, 125.8575353333, 127.042164, 128.377538, 193.7264906667, 174.022264, 275.380922, 142.1814963333, 199.5223816667, 125.4408133333, 124.0876256667, 140.0644863333, 125.058316, 199.5005913333, 192.578247, 198.3033593333, 125.884429, 139.732969, 126.445545, 125.1083413333, 124.9662683333, 127.4785803333, 193.3571973333, 200.286831, 201.9803283333, 190.6484343333, 200.27636], "privacy-center": [200.6299103333, 201.4175553333, 195.3072786667, 195.9428133333], "mitula": [141.8234713333, 193.3155086667, 139.445592, 194.6254083333, 200.303317, 139.2663026667, 140.8297663333, 202.725317], "pubguru": [193.8301913333, 125.9911663333, 125.2718533333, 126.9264226667, 196.9963776667, 197.4962916667, 126.4394613333, 218.918997], "onebra": [17.8949243333], "adsafeprotected": [126.367091, 124.6340526667, 124.7558033333, 128.7298296667], "playwire": [126.9167153333, 128.752225, 127.0112773333, 126.898031], "olx": [128.5375283333, 200.9366456667, 200.2408686667, 238.80715, 195.6080613333, 199.4546106667, 209.695984, 126.290121, 209.3881923333, 137.9206973333, 127.0170213333, 203.2006776667, 125.37302, 193.7836173333, 124.2905626667, 140.45078, 199.5508246667, 124.7322813333, 125.1552043333, 129.5937613333, 199.358119, 140.57586, 125.6959986667, 126.3291056667, 125.2674246667, 141.32244, 127.5318106667, 126.9949263333, 126.260342, 126.974942, 125.413841, 211.6725426667], "sprinklr": [194.6453336667, 191.4378633333, 192.0232246667, 198.390396], "igaming-service": [202.792816, 140.1239893333, 194.3790573333, 140.0564726667, 141.7496546667, 199.24284, 140.6282506667, 193.681841], "ofutebolero": [18.5105486667], "foresee": [141.4075066667, 140.5165766667, 394.1435286667, 140.6010383333], "omnycontent": [199.4742943333, 206.3288293333, 200.2216836667, 205.5855403333], "onlyfans": [141.3882246667, 139.5809856667, 137.9211443333, 140.9598416667], "antillephone": [139.0852366667, 139.7531623333, 125.437667, 127.8073126667, 140.2471723333, 126.6509313333, 200.2760076667, 125.9526653333, 200.2664666667, 126.563145, 204.9927513333, 140.228868, 127.059801, 125.690409, 124.5910306667, 194.1134196667], "jsuol": [126.996008, 125.437667, 127.8073126667, 202.9791246667, 206.225486, 200.01271, 138.3032133333, 198.0775533333, 192.0004943333, 139.5635896667, 141.2609883333, 141.8266336667, 127.4359933333, 154.8295793333, 196.4848973333, 153.6599856667, 199.3358436667, 195.3182693333], "kto": [201.1262583333, 201.0545223333, 198.296568, 195.006084], "indicative": [199.415837, 194.1487773333, 193.942197, 201.1404636667], "securiti": [198.763951, 191.6078656667, 462.358753, 196.9598063333, 457.6521163333, 197.9300786667, 194.0642136667, 199.912237], "makestories": [128.765009, 126.8989413333, 124.6233903333, 128.2258426667], "ulife": [196.6195183333, 202.6727643333, 200.919217, 193.7721966667], "coinmarketcap": [196.6277246667, 124.5703906667, 216.1502906667, 426.5642853333, 214.2799696667, 191.7799503333, 138.3032133333, 127.0387593333, 125.302002, 124.62613, 138.750312, 140.4044856667, 140.1593143333, 216.9047286667, 202.1038336667, 199.1475126667], "pagseguro": [199.6686966667, 196.5156906667, 195.4838986667], "myvisualiq": [140.594217, 141.1045406667, 543.9451113333, 140.7907686667], "mailchimp": [126.9394533333], "intergient": [192.5180753333, 199.695056, 202.2740056667, 193.629496], "maxmilhas": [127.581079, 125.9911663333, 126.2563843333, 123.6608486667, 128.161988, 124.199862, 124.0048683333, 124.820373, 289.7953413333, 124.160065, 126.9253563333, 128.1987563333], "vtexassets": [139.099558, 140.111206, 200.9410806667, 139.4922463333, 200.7215773333, 206.017146, 140.1147026667, 200.923388], "espn": [193.3508623333, 200.279771, 193.3148266667, 195.0171223333], "sympla": [216.344611, 424.6562906667, 216.7586183333, 216.134158], "campograndenews": [192.0415586667, 193.6366036667, 192.0232246667, 199.0535673333], "howuku": [126.281144, 124.5849733333, 126.1746416667, 126.5546926667], "lobo888": [15.8034656667], "vteximg": [139.099558, 208.0279316667, 206.463627, 140.111206, 139.4922463333, 200.9410806667, 206.4532743333, 205.7397523333, 200.7215773333, 206.017146, 140.1147026667, 200.923388], "icarros": [126.69665, 123.8436763333, 193.5236886667, 126.4295783333, 201.144004, 196.431317, 196.8003436667, 128.2362213333], "saasexch": [126.894438, 124.4500283333, 126.9779443333, 126.322508, 123.5862136667, 126.9247723333, 127.9659693333, 126.2419583333], "booking": [402.152889, 196.6030166667, 195.6018253333, 199.13101], "lfeeder": [213.952438, 208.2568643333, 210.653922, 214.3013943333], "oraai": [142.4449643333, 140.298981, 143.2847596667], "tiqcdn": [194.651261, 201.96814, 201.733433, 192.6007123333], "novaescola": [125.5709953333, 127.749834, 132.325964, 126.519822, 124.186211, 125.602984, 125.3440213333, 123.596908], "galera": [127.5685363333, 126.0748803333, 125.1083413333, 128.3145116667], "twiggys": [126.2396353333, 130.8913433333, 126.0771843333, 128.6530013333], "emarsys": [331.5223703333, 140.79166, 140.499725, 139.099558], "surveygizmo": [127.2571816667, 128.7187013333, 126.2741776667, 126.9784143333], "dugout": [196.6674653333, 192.0004943333, 195.6963633333, 197.6713686667], "kabum": [198.4250983333, 197.508385, 195.8350833333, 192.5882853333], "bamgrid": [193.7034823333, 258.0925926667, 123.706208, 126.9566373333, 126.4810246667, 195.5895716667, 193.7593643333, 127.0591176667], "zicard": [195.7940816667, 197.081632, 192.8233466667, 196.3876276667], "imguol": [141.025526, 140.7440826667, 139.950542, 139.8310083333], "drogasil": [125.1552043333, 126.496233, 123.5862136667, 369.030767], "estantevirtual": [199.5953786667, 195.616542, 195.758094, 200.3032553333], "mercadopago": [140.406608, 193.9354126667, 193.9315573333, 207.4203106667, 209.3899053333, 211.6102616667, 142.6180776667, 140.9580603333, 199.36362, 139.5277703333, 207.7575616667, 199.6065893333], "storyasset": [192.5882853333, 192.9895246667, 199.138021, 199.9113826667], "grupokabum": [201.3962553333, 196.2399896667, 396.244359, 203.8379456667], "seondfresolver": [215.0236053333, 208.088903, 196.78285], "soundcloud": [139.6897483333, 208.943203, 212.615413, 141.2917443333, 207.738529, 141.328456, 210.480298, 138.7130143333], "dwin1": [], "trov": [193.7939906667, 194.8835596667, 198.484364, 197.9524403333], "petz": [265.915241, 192.9153536667, 193.680234, 194.668993], "globo": [215.766694, 210.96472, 594.173356, 215.8305396667], "quantcount": [128.3097123333, 127.3963796667, 127.4783996667, 128.015495], "senior": [124.36222, 127.053032, 125.9629486667, 124.6183143333], "dotmetrics": [127.59064, 128.3910736667, 125.517383, 127.160848, 124.2144643333, 123.7963373333, 128.279025, 134.009561],