{"local": {"msauth": [16.857858], "licdn": [2.9461153333, 3.8087286667], "infojobs": [16.8735806667], "uol": [16.6231456667, 17.041157, 16.8866193333, 16.841643], "msecnd": [19.9150293333, 16.9596836667], "oath": [123.3414446667], "yahoo": [132.807123], "dlkmodas": [16.865904, 20.2081846667], "advertising": [17.014616], "claro": [16.9495533333], "metaffiliation": [17.572535], "band": [17.0208666667], "tradelab": [16.881129], "twimg": [17.6541166667, 19.1447076667], "shopee": [20.3863233333], "w55c": [123.816319], "twitter": [16.8136983333], "cruzeirodosul": [17.3378143333], "fbitsstatic": [20.173455], "paypalobjects": [135.5570413333, 135.9290086667]}, "diff_metro": {"msauth": [16.857858], "licdn": [19.2507593333, 18.963917], "infojobs": [16.8735806667], "uol": [17.041157, 16.8866193333, 16.841643], "msecnd": [16.9596836667], "oath": [123.3414446667], "yahoo": [132.807123], "dlkmodas": [20.2081846667], "advertising": [17.014616], "claro": [16.9495533333], "metaffiliation": [17.572535], "band": [17.0208666667], "tradelab": [16.881129], "twimg": [17.6541166667, 19.1447076667], "shopee": [20.3863233333], "w55c": [123.816319], "twitter": [16.8136983333], "cruzeirodosul": [17.3378143333], "fbitsstatic": [20.173455], "paypalobjects": [135.5570413333, 135.9290086667]}, "same_region": {"msauth": [19.2507593333, 18.963917], "licdn": [16.9241856667], "infojobs": [16.8735806667], "uol": [16.6231456667, 17.041157, 16.8866193333, 16.841643], "msecnd": [19.9150293333, 16.9596836667], "oath": [123.3414446667], "yahoo": [132.807123], "dlkmodas": [16.865904, 20.2081846667], "advertising": [17.014616], "claro": [16.9495533333], "metaffiliation": [17.572535], "band": [17.0208666667], "tradelab": [16.881129], "twimg": [17.6541166667, 19.1447076667], "shopee": [47.5580683333, 48.016864], "w55c": [123.816319], "twitter": [16.8136983333], "cruzeirodosul": [17.3378143333], "fbitsstatic": [20.173455], "paypalobjects": [135.5570413333, 135.9290086667]}, "neighboring_subregion": {"msauth": [18.788967, 19.3097086667], "licdn": [157.2469903333, 427.8455906667], "infojobs": [123.1120326667], "uol": [122.9768976667, 121.6125173333, 122.5763536667, 121.61148], "msecnd": [122.951456, 122.723285], "oath": [123.3414446667], "yahoo": [132.807123], "dlkmodas": [20.2081846667, 140.783601], "advertising": [124.1598536667], "claro": [141.5862396667, 16.9495533333], "metaffiliation": [122.8945196667], "band": [135.6927913333], "tradelab": [124.0816216667], "twimg": [123.664997, 122.6933906667], "shopee": [153.6599856667, 154.9335166667], "w55c": [123.816319], "twitter": [122.7841303333], "cruzeirodosul": [123.5255796667], "fbitsstatic": [123.642337], "paypalobjects": [135.5570413333, 135.9290086667]}, "neighboring_region": {"msauth": [193.6829716667], "licdn": [210.96483, 210.8757706667], "infojobs": [221.479423], "uol": [226.80726, 205.276914, 201.6818663333, 0.1702243333], "msecnd": [210.516627, 209.6881236667], "oath": [204.8379753333], "yahoo": [223.3055683333], "dlkmodas": [225.9517243333, 20.2081846667], "advertising": [0.1702243333], "claro": [221.254108, 16.9495533333], "metaffiliation": [0.1702243333], "band": [194.865786], "tradelab": [0.1702243333], "twimg": [213.5921403333, 220.6017666667], "shopee": [201.1542973333], "w55c": [0.1702243333], "twitter": [218.9227496667], "cruzeirodosul": [202.9784446667], "fbitsstatic": [216.9400736667], "paypalobjects": [135.5570413333, 135.9290086667]}, "non-neighboring_region": {"msauth": [286.2320206667], "licdn": [262.762303, 261.075801], "infojobs": [287.3462966667], "uol": [287.926337, 288.9609603333, 287.8811716667, 313.773553], "msecnd": [286.641036], "oath": [289.0272303333], "yahoo": [287.9372703333], "dlkmodas": [292.0438966667], "advertising": [276.8441636667], "claro": [285.9306773333, 16.9495533333], "metaffiliation": [296.628304], "band": [286.9348373333], "tradelab": [271.2321963333], "twimg": [355.040754], "shopee": [286.6440983333], "w55c": [287.108815], "twitter": [363.231182], "cruzeirodosul": [285.399182], "fbitsstatic": [288.690661], "paypalobjects": [135.5570413333, 135.9290086667]}}