{"claro": [141.5862396667, 16.9495533333], "fbitsstatic": [123.642337], "dlkmodas": [20.2081846667, 140.783601], "oath": [123.3414446667], "band": [135.6927913333], "twimg": [122.6933906667, 123.664997], "msauth": [19.3097086667, 18.788967], "cruzeirodosul": [123.5255796667], "shopee": [153.6599856667, 154.9335166667], "uol": [121.6125173333, 121.61148, 122.9768976667, 122.5763536667], "msecnd": [122.951456, 122.723285], "yahoo": [132.807123], "advertising": [124.1598536667], "licdn": [427.8455906667, 157.2469903333], "twitter": [122.7841303333], "metaffiliation": [122.8945196667], "tradelab": [124.0816216667], "paypalobjects": [135.5570413333, 135.9290086667], "w55c": [123.816319], "infojobs": [123.1120326667]}