{"noembed": [16.671915, 16.7268086667, 16.785034, 19.0491293333], "r9cdn": [17.653331], "nr-data": [16.7126506667], "vimeocdn": [22.5228183333, 17.7786133333], "sentry-cdn": [16.721859, 16.8418943333, 18.6427013333, 16.6978913333], "pinterest": [14.8735626667, 17.493912, 16.4200086667], "px-cdn": [18.2612593333], "taboola": [17.5006846667, 21.722664], "klaviyo": [17.5360056667], "disqus": [123.396631, 17.3001046667, 16.689204, 18.7179776667, 144.507388, 16.7175496667], "outbrain": [17.4512123333], "twitchcdn": [21.679579], "revampcdn": [21.7487856667], "livestream": [11.7475903333, 12.0510556667, 21.5091153333, 17.509789], "imgur": [137.994374], "reddit": [18.58605, 16.6462636667, 16.7256426667, 16.8394083333, 17.5736396667], "w-x": [17.5360056667], "redditmedia": [18.58605, 16.6462636667, 21.7921196667, 16.7256426667, 16.8394083333, 17.5736396667], "paypalobjects": [135.5570413333, 135.9290086667], "ads-twitter": [21.48277], "scribdassets": [17.8243916667], "zencdn": [17.729951], "havan": [18.6260646667, 16.547246, 16.7505766667, 16.9424076667], "spotifycdn": [17.5796203333], "paypal": [190.6113656667, 134.9841716667, 19.9750343333], "evgnet": [18.6219656667, 16.8454286667, 16.872144, 16.69752], "scribd": [17.2113376667, 17.8243916667, 16.6753423333, 16.8371003333, 19.0341933333], "krxd": [21.603204], "ebayimg": [17.5793623333], "newrelic": [17.4485343333], "github": [16.6048213333, 17.184943, 16.9567376667, 143.0915353333, 16.6786766667], "tudocelular": [11.8697593333, 11.5798266667, 11.9363706667], "braze": [18.3435113333, 21.8660073333], "madeiramadeira": [], "scdn": [17.9343136667, 22.5182333333], "twitter": [16.8136983333], "githubassets": [16.9243653333, 17.267378, 16.8609843333, 16.6283186667], "tubemogul": [21.58362], "ravenjs": [16.721859, 16.8418943333, 18.6427013333, 16.6978913333], "ebaystatic": [17.5793623333], "launchdarkly": [21.5666653333], "adnxs": [16.2691846667], "tripadvisor": [16.478593, 17.7501883333, 18.602021, 16.7559236667, 16.4797863333], "cbsi": [21.8713846667], "stackoverflow": [16.7076646667, 18.6501523333, 16.715548, 16.8338816667], "twimg": [21.7622383333, 16.511267], "perfectmarket": [21.722664], "redditstatic": [], "polyfill": [16.793913, 16.488765, 16.560712, 19.1107846667], "paramountplus": [], "twitch": [16.8155233333, 16.8807746667, 17.6673163333, 16.829294, 18.9286633333], "medallia": [17.5147123333], "tacdn": [21.6184386667], "linktr": [19.0574136667, 123.2313003333, 16.7334016667, 16.472099, 16.819836], "last": [18.1053073333], "imgix": [144.8662066667], "innogamescdn": [22.5228183333], "receitasnestle": [16.9401223333], "wikihow": [16.7268086667, 16.671915, 17.63476, 19.0491293333, 16.785034], "filestackapi": [21.603204], "redd": [17.5736396667], "centraldasapostas": [17.5088693333], "sstatic": [18.6501523333, 16.7076646667, 16.715548, 16.8338816667], "fastly-insights": [16.6575826667, 16.7166373333, 16.636982, 18.7954303333], "getfeedback": [21.5072363333], "pplusstatic": [145.4438993333], "kayak": [16.7149173333, 18.6749763333, 16.765018, 16.7101193333], "speedcurve": [17.729951], "chartbeat": [21.678046], "webcollage": [17.6820476667], "jwpcdn": [21.908911], "bbc": [16.7816586667, 17.0885203333, 18.7400733333, 16.600656], "jwpltx": [21.908911]}