{"noembed": [16.7268086667, 16.785034, 19.0491293333, 16.671915], "r9cdn": [43.975653], "nr-data": [16.7126506667], "vimeocdn": [42.0946366667], "sentry-cdn": [16.6978913333, 16.721859, 16.8418943333, 18.6427013333], "pinterest": [116.8779563333, 44.1960173333], "px-cdn": [42.162258], "taboola": [131.191656], "klaviyo": [42.8960993333], "disqus": [17.3001046667, 16.689204, 18.7179776667, 144.507388, 16.7175496667], "outbrain": [42.137313], "twitchcdn": [41.7411406667], "revampcdn": [42.1220176667], "livestream": [12.0510556667, 11.7475903333, 42.593349], "imgur": [137.994374], "reddit": [18.58605, 16.6462636667, 42.156567, 16.7256426667, 16.8394083333], "w-x": [42.8960993333], "redditmedia": [18.58605, 16.6462636667, 42.156567, 16.7256426667, 16.8394083333], "paypalobjects": [135.5570413333, 135.9290086667], "ads-twitter": [43.6305456667], "scribdassets": [42.7696376667], "zencdn": [42.558206], "havan": [18.6260646667, 16.547246, 16.7505766667, 16.9424076667], "spotifycdn": [42.6363336667], "paypal": [25.8124946667, 190.6113656667, 134.9841716667], "evgnet": [18.6219656667, 16.8454286667, 16.872144, 16.69752], "scribd": [17.2113376667, 16.6753423333, 42.7696376667, 16.8371003333, 19.0341933333], "krxd": [42.8960993333], "ebayimg": [16.891372], "newrelic": [42.700457], "github": [16.6048213333, 146.388104, 17.184943, 16.9567376667, 16.6786766667], "tudocelular": [11.8697593333, 11.9363706667, 11.5798266667], "braze": [101.7368653333], "madeiramadeira": [], "scdn": [43.120594], "twitter": [16.8136983333], "githubassets": [16.9243653333, 17.267378, 16.8609843333, 16.6283186667], "tubemogul": [42.869581], "ravenjs": [16.6978913333, 16.721859, 16.8418943333, 18.6427013333], "ebaystatic": [46.132109], "launchdarkly": [42.558206], "adnxs": [42.6478123333], "tripadvisor": [16.478593, 42.2246483333, 18.602021, 16.7559236667, 16.4797863333], "cbsi": [43.092704], "stackoverflow": [16.7076646667, 18.6501523333, 16.715548, 16.8338816667], "twimg": [16.511267, 41.670111], "perfectmarket": [131.191656], "redditstatic": [], "polyfill": [16.793913, 16.488765, 16.560712, 19.1107846667], "paramountplus": [], "twitch": [16.8155233333, 41.7411406667, 16.8807746667, 16.829294, 18.9286633333], "medallia": [42.2992806667], "tacdn": [42.7331686667], "linktr": [19.0574136667, 123.2313003333, 16.7334016667, 16.472099, 16.819836], "last": [18.1053073333], "imgix": [144.8662066667], "innogamescdn": [42.0946366667], "receitasnestle": [16.9401223333], "wikihow": [16.7268086667, 16.671915, 19.0491293333, 42.1220176667, 16.785034], "filestackapi": [61.8080383333], "redd": [42.156567], "centraldasapostas": [17.5088693333], "sstatic": [18.6501523333, 16.7076646667, 16.8338816667, 16.715548], "fastly-insights": [16.6575826667, 16.7166373333, 16.636982, 18.7954303333], "getfeedback": [42.6865333333], "pplusstatic": [145.4438993333], "kayak": [16.7149173333, 18.6749763333, 16.765018, 16.7101193333], "speedcurve": [42.558206], "chartbeat": [42.8779776667], "webcollage": [42.869581], "jwpcdn": [43.027177], "bbc": [17.0885203333, 18.7400733333, 16.7816586667, 16.600656], "jwpltx": [43.027177]}