{"local": {"px-cdn": [18.2612593333], "taboola": [17.5006846667], "sentry-cdn": [16.8418943333, 18.6427013333, 16.6978913333, 16.721859], "outbrain": [17.4512123333], "tacdn": [17.7640266667], "scribdassets": [17.8243916667], "nr-data": [16.7126506667], "twimg": [16.511267, 21.7622383333], "revampcdn": [17.63476], "paramountplus": [], "spotifycdn": [17.5796203333], "tubemogul": [17.6820476667], "redditmedia": [16.8394083333, 16.7256426667, 17.5736396667, 16.6462636667, 18.58605], "paypal": [25.8124946667, 134.9841716667, 190.6113656667], "newrelic": [17.4485343333], "disqus": [144.507388, 16.689204, 18.7179776667, 16.7175496667, 17.3001046667], "vimeocdn": [17.7786133333], "tripadvisor": [17.7501883333, 16.7559236667, 16.4797863333, 18.602021, 16.478593], "reddit": [16.8394083333, 16.7256426667, 17.5736396667, 16.6462636667, 18.58605], "github": [17.184943, 16.6786766667, 147.4160816667, 16.6048213333, 16.9567376667], "havan": [16.547246, 16.7505766667, 16.9424076667, 18.6260646667], "filestackapi": [17.5360056667], "kayak": [16.7101193333, 16.7149173333, 16.765018, 18.6749763333], "jwpcdn": [17.5975866667], "perfectmarket": [17.5006846667], "innogamescdn": [17.7786133333], "polyfill": [16.793913, 19.1107846667, 16.488765, 16.560712], "madeiramadeira": [], "cbsi": [17.7395856667], "livestream": [17.509789, 12.0510556667, 11.7475903333], "braze": [18.3435113333], "stackoverflow": [18.6501523333, 16.8338816667, 16.7076646667, 16.715548], "launchdarkly": [17.729951], "krxd": [17.5360056667], "webcollage": [17.6820476667], "r9cdn": [17.653331], "twitter": [16.8136983333], "ebayimg": [17.5793623333], "scdn": [17.9343136667], "scribd": [19.0341933333, 17.8243916667, 17.2113376667, 16.6753423333, 16.8371003333], "twitch": [16.829294, 17.6673163333, 18.9286633333, 16.8155233333, 16.8807746667], "redd": [17.5736396667], "w-x": [17.5360056667], "tudocelular": [11.8697593333, 11.9363706667, 11.5798266667], "pplusstatic": [123.5160146667], "klaviyo": [17.5360056667], "imgur": [137.994374], "imgix": [144.8662066667], "getfeedback": [17.680005], "pinterest": [17.493912], "speedcurve": [17.729951], "sstatic": [18.6501523333, 16.8338816667, 16.7076646667, 16.715548], "twitchcdn": [17.6673163333], "linktr": [16.819836, 19.0574136667, 137.4440663333, 16.472099, 16.7334016667], "zencdn": [17.729951], "centraldasapostas": [17.5088693333], "githubassets": [16.6283186667, 17.267378, 16.8609843333, 16.9243653333], "chartbeat": [17.6039923333], "ebaystatic": [17.5793623333], "wikihow": [16.7268086667, 17.63476, 16.785034, 19.0491293333, 16.671915], "bbc": [16.600656, 16.7816586667, 17.0885203333, 18.7400733333], "receitasnestle": [16.9401223333], "fastly-insights": [16.636982, 18.7954303333, 16.6575826667, 16.7166373333], "jwpltx": [17.5975866667], "last": [18.1053073333], "medallia": [17.5147123333], "adnxs": [17.616367], "evgnet": [18.6219656667, 16.8454286667, 16.872144, 16.69752], "ads-twitter": [21.48277], "redditstatic": [], "ravenjs": [18.6427013333, 16.8418943333, 16.721859, 16.6978913333], "noembed": [16.7268086667, 16.785034, 19.0491293333, 16.671915], "paypalobjects": [135.5570413333, 135.9290086667]}, "diff_metro": {"px-cdn": [18.2612593333], "taboola": [17.5006846667, 21.722664], "sentry-cdn": [18.6427013333, 16.8418943333, 16.721859, 16.6978913333], "outbrain": [17.4512123333], "tacdn": [21.6184386667], "scribdassets": [17.8243916667], "nr-data": [16.7126506667], "twimg": [16.511267, 21.7622383333], "revampcdn": [21.7487856667], "paramountplus": [], "spotifycdn": [17.5796203333], "tubemogul": [21.58362], "redditmedia": [16.8394083333, 16.7256426667, 17.5736396667, 21.7921196667, 16.6462636667, 18.58605], "paypal": [190.6113656667, 134.9841716667, 19.9750343333], "newrelic": [17.4485343333], "disqus": [144.507388, 16.689204, 18.7179776667, 16.7175496667, 17.3001046667, 123.396631], "vimeocdn": [17.7786133333, 22.5228183333], "tripadvisor": [17.7501883333, 16.7559236667, 16.4797863333, 18.602021, 16.478593], "reddit": [16.8394083333, 16.7256426667, 17.5736396667, 16.6462636667, 18.58605], "github": [17.184943, 16.6786766667, 16.6048213333, 16.9567376667, 143.0915353333], "havan": [16.547246, 16.7505766667, 16.9424076667, 18.6260646667], "filestackapi": [21.603204], "kayak": [16.7101193333, 16.7149173333, 16.765018, 18.6749763333], "jwpcdn": [21.908911], "perfectmarket": [21.722664], "innogamescdn": [22.5228183333], "polyfill": [16.560712, 19.1107846667, 16.488765, 16.793913], "madeiramadeira": [], "cbsi": [21.8713846667], "livestream": [17.509789, 21.5091153333, 12.0510556667, 11.7475903333], "braze": [18.3435113333, 21.8660073333], "stackoverflow": [18.6501523333, 16.8338816667, 16.7076646667, 16.715548], "launchdarkly": [21.5666653333], "krxd": [21.603204], "webcollage": [17.6820476667], "r9cdn": [17.653331], "twitter": [16.8136983333], "ebayimg": [17.5793623333], "scdn": [22.5182333333, 17.9343136667], "scribd": [19.0341933333, 17.8243916667, 17.2113376667, 16.6753423333, 16.8371003333], "twitch": [16.829294, 17.6673163333, 16.8155233333, 18.9286633333, 16.8807746667], "redd": [17.5736396667], "w-x": [17.5360056667], "tudocelular": [11.8697593333, 11.9363706667, 11.5798266667], "pplusstatic": [145.4438993333], "klaviyo": [17.5360056667], "imgur": [137.994374], "imgix": [144.8662066667], "getfeedback": [21.5072363333], "pinterest": [16.4200086667, 17.493912, 14.8735626667], "speedcurve": [17.729951], "sstatic": [18.6501523333, 16.8338816667, 16.7076646667, 16.715548], "twitchcdn": [21.679579], "linktr": [16.819836, 19.0574136667, 123.2313003333, 16.472099, 16.7334016667], "zencdn": [17.729951], "centraldasapostas": [17.5088693333], "githubassets": [16.6283186667, 17.267378, 16.8609843333, 16.9243653333], "chartbeat": [21.678046], "ebaystatic": [17.5793623333], "wikihow": [16.7268086667, 17.63476, 16.785034, 19.0491293333, 16.671915], "bbc": [16.600656, 16.7816586667, 17.0885203333, 18.7400733333], "receitasnestle": [16.9401223333], "fastly-insights": [16.636982, 18.7954303333, 16.6575826667, 16.7166373333], "jwpltx": [21.908911], "last": [18.1053073333], "medallia": [17.5147123333], "adnxs": [16.2691846667], "evgnet": [16.8454286667, 16.872144, 16.69752, 18.6219656667], "ads-twitter": [21.48277], "redditstatic": [], "ravenjs": [18.6427013333, 16.8418943333, 16.721859, 16.6978913333], "noembed": [16.7268086667, 16.671915, 16.785034, 19.0491293333], "paypalobjects": [135.5570413333, 135.9290086667]}, "same_region": {"px-cdn": [42.162258], "taboola": [131.191656], "sentry-cdn": [16.8418943333, 18.6427013333, 16.6978913333, 16.721859], "outbrain": [42.137313], "tacdn": [42.7331686667], "scribdassets": [42.7696376667], "nr-data": [16.7126506667], "twimg": [16.511267, 41.670111], "revampcdn": [42.1220176667], "paramountplus": [], "spotifycdn": [42.6363336667], "tubemogul": [42.869581], "redditmedia": [16.8394083333, 16.7256426667, 42.156567, 16.6462636667, 18.58605], "paypal": [25.8124946667, 134.9841716667, 190.6113656667], "newrelic": [42.700457], "disqus": [144.507388, 16.689204, 18.7179776667, 16.7175496667, 17.3001046667], "vimeocdn": [42.0946366667], "tripadvisor": [42.2246483333, 16.7559236667, 16.4797863333, 18.602021, 16.478593], "reddit": [16.8394083333, 16.7256426667, 42.156567, 16.6462636667, 18.58605], "github": [17.184943, 16.6786766667, 16.6048213333, 16.9567376667, 146.388104], "havan": [16.7505766667, 16.547246, 18.6260646667, 16.9424076667], "filestackapi": [61.8080383333], "kayak": [16.7101193333, 16.7149173333, 16.765018, 18.6749763333], "jwpcdn": [43.027177], "perfectmarket": [131.191656], "innogamescdn": [42.0946366667], "polyfill": [16.488765, 19.1107846667, 16.793913, 16.560712], "madeiramadeira": [], "cbsi": [43.092704], "livestream": [42.593349, 12.0510556667, 11.7475903333], "braze": [101.7368653333], "stackoverflow": [18.6501523333, 16.8338816667, 16.7076646667, 16.715548], "launchdarkly": [42.558206], "krxd": [42.8960993333], "webcollage": [42.869581], "r9cdn": [43.975653], "twitter": [16.8136983333], "ebayimg": [16.891372],