{"googlesyndication": [24.0266213333, 23.5042963333, 23.5628183333, 31.6262696667, 23.4012403333], "adjust": [138.1519223333], "linksynergy": [17.5007076667], "google": [70.94566, 23.419412, 67.1850633333, 23.762595, 24.78769, 63.920652, 267.700416, 66.7163113333, 23.4896403333, 23.3844733333, 23.4472713333, 24.363915, 67.6650613333, 23.3849433333, 23.6394673333, 23.803037, 65.77865, 28.7677076667, 23.4230336667, 70.7253833333, 23.9228793333, 23.263496, 17.6995476667, 23.5756453333, 23.351848, 65.5143666667, 23.3151246667, 23.5160213333, 23.8025676667, 17.6708316667, 23.6789103333, 18.5183276667, 23.1790493333, 23.4870233333], "shopee": [17.6508846667], "doubleclick": [23.4041206667, 69.865845, 73.1763276667, 24.78769, 68.0779323333, 63.0637963333, 71.9055066667, 23.391805, 23.8847383333, 64.5085273333, 345.88078, 23.5540906667, 23.4472713333, 73.7015946667, 67.2415976667, 67.4480773333, 66.0920716667, 66.262878, 67.628258, 23.4445256667, 23.6239443333, 68.4431843333, 65.9130953333, 23.588653, 64.9236106667, 65.6871303333, 70.0169896667, 69.8920863333], "login": [17.559544], "lngtd": [17.659965, 17.5742583333, 17.6774893333, 17.6174466667], "instana": [17.7088516667, 17.6298103333], "sportradarserving": [138.8902046667], "onclickalgo": [17.640279], "globo": [18.477303, 17.8075963333, 19.7432616667, 139.3582776667, 18.477114, 18.6592016667, 18.443961, 18.5241046667, 18.5223333333, 17.6586226667, 18.4940893333, 17.6229273333], "openxcdn": [18.2530273333], "consensu": [17.6134973333], "tailtarget": [17.519199, 17.674093], "rdstation": [17.6205066667, 153.110217, 153.3747113333], "googleapis": [23.2772883333, 23.5683126667, 23.5968503333, 23.350432, 23.517301, 23.580225, 23.509353, 23.3462863333, 23.6688696667, 23.2402413333, 23.884165, 23.3384486667, 23.590486, 23.3772426667, 23.528846, 23.2663856667, 23.263496, 24.040534, 23.8407783333, 23.6283346667, 23.445959, 23.413161, 23.4841926667, 23.3189353333, 23.4494296667, 23.655955, 23.4870233333], "googleusercontent": [17.6882353333, 23.6296983333, 23.4012403333], "withgoogle": [23.2243646667], "2mdn": [23.588653], "gstatic": [23.6695696667, 23.6789103333, 23.7972263333, 133.7799613333, 133.8576713333], "aswpsdkus": [17.5882773333], "googlevideo": [17.5370473333], "tpmn": [18.2747923333], "conjur": [17.551275], "blogger": [23.355145], "cruzeirodosuleducacional": [17.615911], "sentry": [130.5509973333, 153.412231, 17.6420703333], "alura": [18.5112436667], "pub": [17.543402, 17.50287], "smartclip": [17.8439703333], "dailymotion": [196.0737856667, 19.0310706667], "rlcdn": [17.5847656667, 17.628248], "firebaseio": [17.6330423333], "viralize": [17.5294553333], "istoedinheiro": [17.6942753333], "fretebras": [185.4063233333], "gvt1": [23.419412], "spotify": [17.595526, 17.5041283333, 17.6022153333], "acsbapp": [12.3453316667, 11.8762946667, 11.9007983333], "melhoresdestinos": [17.5742583333, 17.659965, 17.6774893333, 17.6070633333, 17.6174466667], "primecursos": [23.434499], "openx": [17.807782, 17.610758, 17.6302963333, 17.492728, 17.5370963333, 17.6170923333], "bitmovin": [17.6683603333, 17.505736], "indicative": [17.6588676667], "uber": [17.935826], "freepik": [17.677226], "bri": [17.9111126667], "wixmp": [17.6457023333], "impactcdn": [17.8174933333], "fullstory": [17.585827, 18.523933], "trkwwtarget": [17.527352], "wknd": [], "snapchat": [], "cdn-net": [], "cybercook": [], "px-client": [17.6214336667], "chess": [17.556374], "loopme": [211.4019206667], "estadao": [17.777473], "desejoslocais": [18.454587], "mrtnsvr": [17.571395], "appspot": [23.40204, 23.3804553333, 23.4657513333, 23.106683, 23.4689383333], "xonados": [17.659965], "youtube": [23.3151246667, 23.47186, 23.419412, 23.4230336667, 23.762595, 24.78769, 23.3844733333, 24.363915, 23.5756453333, 23.3849433333, 23.6394673333, 23.351848, 23.803037], "pghub": [18.4943123333], "datalivemarketing": [133.587769], "estacio": [17.659965, 17.5742583333, 17.6774893333, 17.6174466667], "googleadservices": [23.8295326667, 23.6239443333], "meuguia": [17.659965, 17.5742583333, 17.6774893333, 17.6174466667], "ivitrack": [17.625103], "4dex": [17.6028266667, 17.6617526667], "bidence": [17.698845], "px-cloud": [17.6214336667], "ipinfo": [17.8326533333], "googletagmanager": [23.9480206667], "kwai": [17.7373326667, 17.5950566667], "tapad": [17.9815866667], "prmutv": [17.5246506667], "conteudo": [17.7210306667], "flashscore": [17.7640366667], "cruzeirodosulvirtual": [17.615911], "rtbhouse": [17.6012843333], "queropassagem": [18.926288], "google-analytics": [23.9718176667], "brightcove": [17.5757656667], "tail": [17.519199], "hurb": [17.658166], "btloader": [17.5719576667], "doubleverify": [18.2290953333], "cloudfunctions": [17.5266276667], "vimeocdn": [18.271669], "ap4r": [17.795423], "matheranalytics": [17.5549863333], "perfdrive": [17.5230683333, 17.5650853333, 17.837261], "33across": [17.5597233333], "grancursosonline": [17.659965, 17.5742583333, 17.6774893333, 17.6174466667], "media": [17.6395886667, 17.6160416667], "mxpnl": [17.846897, 17.5354726667], "permutive": [17.530151], "fresh8": [17.5391153333], "acordocerto": [17.5574206667], "creativecdn": [17.5720183333, 17.5619016667], "googleoptimize": [23.5756453333], "petlove": [17.659965, 17.5742583333, 17.6774893333, 17.6174466667], "blismedia": [17.646968], "istoe": [17.4692623333], "kwai-pro": [17.4900926667], "pdst": [17.692889], "mr-in": [153.2273133333], "bugsnag": [24.838554], "croct": [18.5815496667, 17.6174383333], "poki": [17.5578283333], "petametrics": [17.6016546667], "nobeta": [17.5955476667], "rakuten": [17.5775156667], "ytimg": [23.6296983333, 23.623386, 23.6085093333, 23.5034636667, 23.762595, 23.3439036667, 23.358309, 23.472729, 23.2953566667, 23.4729606667, 23.185591, 24.1813636667, 23.3934263333], "kochava": [17.6603883333, 17.8149366667], "onr": [17.59883], "parastorage": [], "ampproject": [23.7048096667], "collectconsent": [18.5536883333], "webtrafficsource": [17.6028063333], "ggpht": [23.4012403333], "simpli": [153.2640323333, 153.4083313333, 153.682825], "notifia": [178.279256], "mythad": [17.7358956667], "lr-ingest": [153.102977], "last": [18.1053073333], "seedtag": [], "solucx": [17.6867933333], "squidit": [], "mobiauto": [18.5098536667], "grumpydime": [17.761079], "sift": [17.732355]}