{"googlesyndication": [49.781548, 50.2257386667, 46.8370973333], "adjust": [], "linksynergy": [17.5007076667], "google": [46.515198, 70.94566, 67.1850633333, 47.8046976667, 46.1773233333, 51.052553, 63.920652, 50.708132, 45.607609, 66.7163113333, 54.4177156667, 54.4417926667, 50.985152, 50.295103, 45.6028173333, 67.6650613333, 48.3391866667, 65.77865, 28.7677076667, 45.290352, 70.7253833333, 47.0584036667, 49.4273603333, 17.6995476667, 46.0247826667, 45.8140483333, 65.5143666667, 17.6708316667, 47.1670936667, 45.7419396667, 18.5183276667, 45.3636903333, 49.7888333333], "shopee": [385.4201423333], "doubleclick": [46.2775496667, 69.865845, 73.1763276667, 47.8046976667, 51.0606606667, 47.2487706667, 68.0779323333, 64.5085273333, 345.88078, 50.2897706667, 51.6100803333, 50.263488, 75.0123886667, 67.4480773333, 67.2415976667, 66.0920716667, 49.944638, 66.262878, 50.8029083333, 67.628258, 68.4431843333, 45.7419396667, 50.4141863333, 65.6871303333, 64.9236106667, 70.0169896667, 51.598347, 69.8920863333], "login": [17.559544], "lngtd": [17.659965, 17.5742583333, 17.6774893333, 17.6174466667], "instana": [17.7088516667, 17.6298103333], "sportradarserving": [138.8902046667], "onclickalgo": [17.640279], "globo": [18.477303, 17.8075963333, 19.7432616667, 139.3582776667, 18.477114, 18.6592016667, 18.443961, 18.5241046667, 18.5223333333, 17.6586226667, 18.4940893333, 17.6229273333], "openxcdn": [18.2530273333], "consensu": [17.6134973333], "tailtarget": [17.519199, 17.674093], "rdstation": [17.6205066667, 153.110217, 153.3747113333], "googleapis": [54.377951, 46.2129943333, 47.0922303333, 50.3480776667, 54.3816323333, 50.708132, 46.8285053333, 46.0618563333, 49.8109066667, 50.3197123333, 50.295103, 55.1683526667, 46.1388373333, 51.876073, 47.055397, 46.341547, 46.4650383333, 51.327446, 45.291299, 51.8947556667, 55.113371, 50.97229, 54.420997, 46.4203603333, 50.5966686667, 49.8551796667, 46.7587473333, 45.2375923333, 47.0651613333, 50.9797666667, 46.187747, 54.356674], "googleusercontent": [17.6882353333, 50.5850073333, 50.337403], "withgoogle": [46.3478236667], "2mdn": [47.014652], "gstatic": [52.133156, 46.014545, 47.614719, 51.0805356667], "aswpsdkus": [17.5882773333], "googlevideo": [17.5370473333], "tpmn": [18.2747923333], "conjur": [17.551275], "blogger": [46.0332403333], "cruzeirodosuleducacional": [17.615911], "sentry": [130.5509973333, 153.412231, 17.6420703333], "alura": [18.5112436667], "pub": [17.543402, 17.50287], "smartclip": [17.8439703333], "dailymotion": [196.0737856667, 19.0310706667], "rlcdn": [17.5847656667, 17.628248], "firebaseio": [17.6330423333], "viralize": [17.5294553333], "istoedinheiro": [17.6942753333], "fretebras": [185.4063233333], "gvt1": [47.0584036667], "spotify": [17.595526, 17.5041283333, 17.6022153333], "acsbapp": [12.3453316667, 11.8762946667, 11.9007983333], "melhoresdestinos": [17.5742583333, 17.659965, 17.6774893333, 17.6070633333, 17.6174466667], "primecursos": [], "openx": [17.807782, 17.610758, 17.6302963333, 17.492728, 17.5370963333, 17.6170923333], "bitmovin": [17.6683603333, 17.505736], "indicative": [17.6588676667], "uber": [17.935826], "freepik": [17.677226], "bri": [17.9111126667], "wixmp": [17.6457023333], "impactcdn": [], "fullstory": [17.585827, 18.523933], "trkwwtarget": [17.527352], "wknd": [18.21469], "snapchat": [17.6722846667], "cdn-net": [17.69037], "cybercook": [17.7597663333], "px-client": [17.6214336667], "chess": [17.556374], "loopme": [211.4019206667], "estadao": [17.777473], "desejoslocais": [18.454587], "mrtnsvr": [17.571395], "appspot": [50.591334, 51.0702223333, 49.833623, 45.3043503333], "xonados": [17.659965], "youtube": [48.3391866667, 46.515198, 45.6178293333, 45.290352, 50.985152, 45.7419396667, 46.1773233333, 51.5068806667, 50.1483213333, 47.0563226667, 47.0584036667, 51.052553, 45.3636903333, 46.0247826667, 54.3846426667, 49.8795823333], "pghub": [18.4943123333], "datalivemarketing": [133.587769], "estacio": [17.659965, 17.5742583333, 17.6774893333, 17.6174466667], "googleadservices": [54.4417926667, 47.8046976667], "meuguia": [17.659965, 17.5742583333, 17.6774893333, 17.6174466667], "ivitrack": [17.625103], "4dex": [17.6028266667, 17.6617526667], "bidence": [17.698845], "px-cloud": [17.6214336667], "ipinfo": [17.8326533333], "googletagmanager": [46.3503873333], "kwai": [17.7373326667, 17.5950566667], "tapad": [17.9815866667], "prmutv": [17.5246506667], "conteudo": [17.7210306667], "flashscore": [17.7640366667], "cruzeirodosulvirtual": [17.615911], "rtbhouse": [17.6012843333], "queropassagem": [18.926288], "google-analytics": [45.7436733333, 45.695768], "brightcove": [17.5757656667], "tail": [17.519199], "hurb": [17.658166], "btloader": [17.5719576667], "doubleverify": [17.5635416667, 18.2290953333], "cloudfunctions": [17.5266276667], "vimeocdn": [18.271669], "ap4r": [17.795423], "matheranalytics": [17.5549863333], "perfdrive": [17.5230683333, 17.5650853333, 17.837261], "33across": [17.5597233333], "grancursosonline": [17.659965, 17.5742583333, 17.6774893333, 17.6174466667], "media": [17.6395886667, 17.6160416667], "mxpnl": [17.846897, 17.5354726667], "permutive": [17.530151], "fresh8": [17.5391153333], "acordocerto": [17.5574206667], "creativecdn": [17.5720183333, 17.5619016667], "googleoptimize": [50.985152], "petlove": [17.659965, 17.5742583333, 17.6774893333, 17.6174466667], "blismedia": [17.646968], "istoe": [17.4692623333], "kwai-pro": [17.4900926667], "pdst": [17.692889], "mr-in": [153.2273133333], "bugsnag": [24.838554], "croct": [18.5815496667, 17.6174383333], "poki": [17.5578283333], "petametrics": [17.6016546667], "nobeta": [17.5955476667], "rakuten": [17.6295433333, 17.5775156667], "ytimg": [50.395076, 49.356051, 50.337403, 46.0586266667, 45.3856406667, 50.7256903333, 46.8945786667, 54.6463306667, 49.7895643333, 49.6507816667, 49.806295, 47.3338283333, 47.3782373333, 49.8795823333], "kochava": [17.6603883333, 17.8149366667], "onr": [17.59883], "parastorage": [141.9274206667, 140.6036166667, 137.9211443333, 143.3153083333], "ampproject": [54.4690686667], "collectconsent": [18.5536883333], "webtrafficsource": [17.6028063333], "ggpht": [50.2140383333], "simpli": [153.2640323333, 153.4083313333, 153.682825], "notifia": [178.279256], "mythad": [17.7358956667], "lr-ingest": [153.102977], "last": [18.1053073333], "seedtag": [], "solucx": [17.6867933333], "squidit": [17.741636], "mobiauto": [18.5098536667], "grumpydime": [17.761079], "sift": [17.732355]}