{"local": {"tmdb": [124.6250956667], "displayvertising": [139.4879763333], "afcdn": [18.669953, 17.6415863333], "mundodasmensagens": [124.349486], "vidoomy": [17.7433946667, 17.526307], "dicio": [123.2492626667], "cdn4ads": [137.647972], "playstream": [125.015103, 124.349486], "getsitecontrol": [123.5516796667, 123.2492626667, 124.349486], "xvideos-cdn": [17.4856316667, 17.500967, 17.9926183333, 17.7137953333, 17.6728846667, 17.6230773333, 17.5396036667, 17.605395, 17.5504953333, 17.4831086667], "aj2550": [126.479298, 127.5183753333], "userway": [123.519058, 123.733407], "tudoreceitas": [17.526307, 18.669953, 17.6415863333], "dicionariodenomesproprios": [124.6250956667], "dicionariopopular": [3.2522546667], "icons8": [122.9588223333, 123.3427473333], "creativecdn": [17.526307, 17.7433946667], "xnxx-cdn": [17.500967, 17.605395, 17.9926183333, 17.7137953333, 17.6728846667, 18.6183646667, 17.5396036667, 17.6055266667, 17.5310963333, 17.5504953333], "ligadosgames": [124.349486], "aucdn": [18.669953, 17.6415863333], "sex": [123.84738, 124.349486], "iubenda": [123.2492626667], "brazino-cdnsrv-cst": [], "webpushs": [17.526307, 18.669953], "intellipopup": [136.6827536667], "sinonimos": [123.2492626667], "garotocomlocal": [124.6250956667], "exosrv": [17.526307, 17.7433946667], "insurads": [123.2492626667], "tuasaude": [123.2492626667]}, "diff_metro": {"tmdb": [123.2492626667], "displayvertising": [139.4879763333], "afcdn": [17.526307, 18.669953], "mundodasmensagens": [123.2492626667], "vidoomy": [17.7433946667, 17.6415863333], "dicio": [123.2492626667], "cdn4ads": [137.647972], "playstream": [124.6250956667], "getsitecontrol": [123.5516796667, 123.84738], "xvideos-cdn": [17.500967, 17.6055266667, 17.7852013333, 17.5944353333, 17.6728846667, 17.72176, 17.7081363333, 17.6230773333, 17.5988356667, 17.605395], "aj2550": [139.4134263333], "userway": [123.9853143333, 123.733407], "tudoreceitas": [17.7433946667, 18.669953, 17.6415863333], "dicionariodenomesproprios": [124.6250956667], "dicionariopopular": [3.2522546667], "icons8": [132.4364136667], "creativecdn": [18.669953, 17.6415863333], "xnxx-cdn": [17.6055266667, 17.7852013333, 17.611196, 17.7137953333, 17.6728846667, 17.8032586667, 17.5396036667, 17.5988356667, 17.746016, 17.4831086667], "ligadosgames": [123.2492626667], "aucdn": [18.669953, 17.6415863333], "sex": [123.84738, 124.349486], "iubenda": [124.349486], "brazino-cdnsrv-cst": [], "webpushs": [17.526307, 18.669953], "intellipopup": [136.6827536667], "sinonimos": [124.349486], "garotocomlocal": [124.6250956667], "exosrv": [], "insurads": [124.349486], "tuasaude": [123.2492626667]}, "same_region": {"tmdb": [125.015103], "displayvertising": [139.4879763333], "afcdn": [17.526307, 18.669953], "mundodasmensagens": [123.2492626667], "vidoomy": [17.526307, 18.669953], "dicio": [124.6250956667], "cdn4ads": [137.647972], "playstream": [123.84738, 124.6250956667], "getsitecontrol": [125.015103, 123.84738], "xvideos-cdn": [17.4856316667, 17.7852013333, 17.611196, 17.5944353333, 17.6728846667, 17.7081363333, 17.6230773333, 17.5988356667, 17.605395, 17.5310963333], "aj2550": [128.1130746667, 126.479298], "userway": [122.9588223333, 123.733407], "tudoreceitas": [17.7433946667, 17.526307, 17.6415863333], "dicionariodenomesproprios": [124.6250956667], "dicionariopopular": [42.166456], "icons8": [123.519058, 123.3427473333], "creativecdn": [], "xnxx-cdn": [17.605395, 17.611196, 17.7137953333, 17.6728846667, 18.6183646667, 17.7081363333, 17.7360323333, 17.6055266667, 17.5310963333, 17.746016], "ligadosgames": [124.6250956667], "aucdn": [17.526307, 18.669953], "sex": [125.015103], "iubenda": [123.2492626667], "brazino-cdnsrv-cst": [], "webpushs": [18.669953, 17.6415863333], "intellipopup": [136.6827536667], "sinonimos": [124.349486], "garotocomlocal": [125.015103], "exosrv": [18.669953, 17.6415863333], "insurads": [124.349486], "tuasaude": [124.6250956667]}, "neighboring_subregion": {"tmdb": [146.4863256667], "displayvertising": [139.4879763333], "afcdn": [148.5184486667], "mundodasmensagens": [151.087217], "vidoomy": [148.1838123333], "dicio": [151.087217], "cdn4ads": [137.647972], "playstream": [154.3267246667, 147.353336], "getsitecontrol": [147.312236, 147.3675506667, 146.985741], "xvideos-cdn": [150.4091473333, 151.2468973333], "aj2550": [154.256487, 145.804248], "userway": [148.5184486667], "tudoreceitas": [148.5184486667], "dicionariodenomesproprios": [151.087217], "dicionariopopular": [180.2057943333], "icons8": [148.1838123333], "creativecdn": [148.5184486667], "xnxx-cdn": [150.4091473333, 151.2468973333], "ligadosgames": [151.087217], "aucdn": [148.5184486667], "sex": [146.8060316667, 146.886598], "iubenda": [151.087217], "brazino-cdnsrv-cst": [], "webpushs": [148.1838123333], "intellipopup": [136.6827536667], "sinonimos": [151.087217], "garotocomlocal": [146.8735356667], "exosrv": [148.1838123333], "insurads": [151.087217], "tuasaude": [147.3675506667]}, "neighboring_region": {"tmdb": [395.6062603333], "displayvertising": [0.1702243333], "afcdn": [0.1702243333], "mundodasmensagens": [181.5620986667], "vidoomy": [181.2290426667, 179.7820096667, 180.0680863333, 180.3440366667, 180.0713563333], "dicio": [181.6731583333], "cdn4ads": [0.1702243333], "playstream": [179.7672966667, 181.910421], "getsitecontrol": [179.7069826667, 181.0089436667, 179.8605256667], "xvideos-cdn": [179.8217396667, 181.3485956667, 180.1668846667, 180.218076], "aj2550": [181.2290426667, 179.7820096667, 179.833525, 180.3440366667, 384.6057453333], "userway": [181.2290426667, 179.4644743333, 181.7282423333, 180.0680863333, 384.6057453333], "tudoreceitas": [181.2290426667, 179.7820096667, 181.7282423333, 180.0680863333, 180.3440366667, 384.6057453333, 180.0713563333], "dicionariodenomesproprios": [179.847999], "dicionariopopular": [395.6062603333], "icons8": [179.7820096667, 179.833525, 180.3351996667, 180.3440366667, 384.6057453333], "creativecdn": [179.7820096667, 180.3351996667, 180.0680863333, 180.3440366667, 384.6057453333], "xnxx-cdn": [179.8217396667, 181.6906006667, 179.8110273333, 180.0704073333], "ligadosgames": [181.304335], "aucdn": [179.4644743333, 179.833525, 180.3351996667, 180.3440366667, 384.6057453333], "sex": [181.304335, 179.847999], "iubenda": [0.1702243333], "brazino-cdnsrv-cst": [], "webpushs": [179.4644743333, 181.2290426667, 180.0680863333, 180.3440366667, 384.6057453333], "intellipopup": [0.1702243333], "sinonimos": [180.2579576667], "garotocomlocal": [179.847999], "exosrv": [0.1702243333], "insurads": [0.1702243333], "tuasaude": [180.2579576667]}, "non-neighboring_region": {"tmdb": [365.81638], "displayvertising": [139.4879763333], "afcdn": [362.1687786667, 360.8550003333, 367.6732146667, 364.883654, 373.4699036667, 364.1806086667, 364.581698], "mundodasmensagens": [180.2057943333], "vidoomy": [362.1687786667, 360.8550003333, 367.6732146667, 363.2532746667, 366.8761423333, 363.5092873333, 364.581698], "dicio": [181.5620986667], "cdn4ads": [137.647972], "playstream": [357.54454, 365.81638], "getsitecontrol": [389.1269413333, 358.5593206667, 395.6062603333], "xvideos-cdn": [359.8894076667, 566.2951166667, 363.6740016667, 365.1657356667, 364.1572636667, 368.2806816667, 369.3559853333, 357.9530256667, 376.185248, 363.775217, 362.941119, 360.7189673333, 365.210023], "aj2550": [356.3170696667, 360.8550003333, 355.7669863333, 364.883654, 366.9840386667, 364.1806086667, 363.5092873333], "userway": [362.1687786667, 367.6732146667, 363.2532746667, 355.7669863333, 361.652451, 364.1806086667, 363.5092873333], "tudoreceitas": [362.1687786667, 360.8550003333, 367.6732146667, 356.3170696667, 363.2532746667, 355.7669863333, 366.9840386667, 373.4699036667, 361.652451, 364.1806086667, 363.5092873333], "dicionariodenomesproprios": [180.2579576667], "dicionariopopular": [181.304335], "icons8": [356.3170696667, 367.6732146667, 360.8550003333, 363.2532746667, 355.7669863333, 373.4699036667, 364.1806086667],