{"local": {"msecnd": [37.8659863333], "live": [4.195055, 4.554486, 4.3766943333, 4.4300693333, 4.1408196667], "postype": [], "statcounter": [30.2815416667, 29.521528]}, "diff_metro": {"msecnd": [37.8659863333], "live": [4.195055, 9.003639, 10.265903, 9.486722, 9.8310556667], "postype": [], "statcounter": [30.2815416667, 29.521528]}, "same_region": {"msecnd": [37.8659863333], "live": [28.9815553333, 4.195055, 27.9184166667, 27.9599583333, 29.4542356667, 28.643875, 28.0868613333, 27.8109026667, 28.2213613333], "postype": [], "statcounter": [1.487514]}, "neighboring_region": {"msecnd": [37.8659863333], "live": [4.195055, 124.053014, 121.123042, 124.622306, 129.3617086667], "postype": [], "statcounter": [30.2815416667, 29.521528]}, "non-neighboring_region": {"msecnd": [255.894611], "live": [4.195055, 299.6296113333, 302.6331806667, 297.832514, 299.0678753333], "postype": [], "statcounter": [30.2815416667, 29.521528]}}