{"146.75.50.206": [3.3565693333], "163.171.210.190": [91.969222], "151.101.130.206": [3.115028], "20.84.181.62": [], "40.100.51.18": [4.1408196667], "52.222.144.118": [], "151.101.130.110": [3.5097916667], "108.158.251.104": [327.6143473333], "143.244.33.172": [89.4241113333], "108.138.233.13": [266.7533053333], "20.81.111.85": [], "52.98.64.2": [27.9184166667], "211.174.53.133": [4.5378473333], "43.200.194.63": [], "38.54.44.77": [343.3906526667], "52.98.82.210": [29.4542356667], "61.29.242.83": [41.3132083333], "61.110.197.11": [4.7311106667], "52.98.40.2": [9.8310556667], "108.156.28.36": [272.1367083333], "14.0.113.206": [4.3718333333], "40.100.46.114": [9.003639], "89.187.187.14": [134.2383333333], "18.161.246.123": [269.9614443333], "101.226.27.233": [], "110.93.135.40": [5.1526526667], "119.205.214.184": [], "183.111.134.78": [], "151.101.194.206": [3.2537913333], "104.250.33.34": [70.0304303333], "151.101.154.110": [146.5957776667], "169.150.225.36": [38.0498196667], "172.67.25.170": [31.010028], "210.222.32.91": [], "52.222.144.77": [], "169.150.225.35": [38.872236], "89.187.187.15": [135.47575], "54.230.167.81": [6.3758333333], "156.146.43.167": [195.8218886667], "89.187.187.22": [135.155278], "23.45.149.12": [283.9827226667], "104.22.24.74": [30.2644443333], "40.99.58.18": [28.643875], "89.187.173.50": [197.6837083333], "183.111.134.45": [], "140.249.147.247": [], "112.124.44.92": [], "156.146.59.194": [196.2102916667], "211.47.29.84": [], "36.25.245.252": [], "18.67.51.104": [4.6631666667], "156.146.59.200": [196.925278], "112.175.57.230": [], "140.249.147.245": [], "104.20.219.77": [30.2815416667], "200.25.62.5": [330.6471113333], "209.140.139.232": [], "156.146.43.149": [197.5504166667], "47.95.182.167": [], "185.107.56.52": [], "61.110.192.59": [5.2567363333], "143.244.33.176": [92.3603193333], "108.138.233.51": [270.1381526667], "204.79.197.212": [4.195055], "129.227.82.186": [105.915069], "192.157.56.141": [201.5794443333], "61.110.192.11": [4.5492223333], "121.243.83.25": [367.140389], "23.251.127.175": [291.620542], "108.156.28.30": [266.5418753333], "195.181.163.202": [201.9586803333], "209.140.129.83": [], "138.199.5.37": [293.4089723333], "103.151.139.217": [], "199.91.74.217": [197.2916526667], "115.111.76.26": [374.2964866667], "140.249.147.246": [], "18.67.51.98": [4.226458], "115.111.76.25": [383.109306], "69.16.175.10": [130.817569], "129.227.82.185": [94.942764], "129.227.82.187": [87.6244583333], "115.68.55.93": [], "143.244.49.177": [137.7541253333], "211.43.191.215": [4.782667], "220.230.120.199": [3.586847], "104.22.72.187": [35.200278], "143.244.33.161": [101.9098613333], "89.187.187.12": [135.779417], "129.227.82.188": [112.8927503333], "101.79.211.11": [4.0648606667], "69.16.175.42": [135.0041946667], "14.0.44.211": [41.528305], "156.59.44.85": [4.1830696667], "23.192.46.227": [44.990042], "108.158.251.97": [153.954125], "183.111.159.20": [], "101.226.27.235": [], "101.226.27.237": [], "54.230.167.128": [6.4563883333], "18.67.51.33": [4.6678196667], "151.101.2.110": [3.826153], "23.212.13.202": [3.67675], "146.75.114.110": [42.1224303333], "103.180.115.2": [238.4699306667], "40.99.9.66": [124.053014], "151.101.66.206": [3.5649166667], "103.198.200.1": [83.1565833333], "13.209.118.73": [], "209.140.129.52": [], "199.91.74.214": [191.682639], "8.246.160.250": [3.8933886667], "40.99.9.194": [4.4300693333], "20.53.203.50": [], "38.54.44.73": [355.840597], "101.226.27.239": [], "52.222.144.95": [], "52.97.78.114": [297.832514], "205.234.175.175": [38.5072083333], "52.98.83.2": [28.0868613333], "40.99.6.146": [27.8109026667], "52.98.51.130": [4.554486], "89.187.163.84": [89.4988056667], "23.15.37.131": [271.1501946667], "119.8.158.17": [247.5315276667], "104.22.73.187": [31.112833], "151.101.194.110": [3.841611], "14.0.113.209": [4.733042], "52.98.89.50": [28.2213613333], "89.187.187.19": [133.1859303333], "209.140.129.67": [], "204.93.150.152": [37.0619306667], "103.151.139.215": [], "101.226.27.240": [], "89.187.173.53": [199.225361], "23.35.222.141": [3.897639], "84.17.50.58": [254.8569583333], "108.158.251.18": [241.9450143333], "143.244.51.207": [132.9901526667], "129.227.9.2": [4.1919583333], "140.249.147.244": [], "23.192.47.9": [37.5041806667], "18.161.246.2": [243.458792], "36.25.245.251": [], "117.18.232.200": [37.8659863333], "120.46.209.149": [], "14.0.41.202": [37.8439166667], "151.101.154.206": [146.328528], "108.158.251.55": [271.1766946667], "108.156.28.49": [265.895639], "89.187.162.143": [89.26775], "3.37.235.125": [], "156.59.44.83": [4.4786803333], "54.230.167.32": [6.4743336667], "123.249.6.80": [], "117.52.47.78": [], "52.97.78.130": [299.6296113333], "40.101.147.114": [27.9599583333], "14.0.43.164": [22.137236], "23.197.58.150": [262.1578473333], "151.101.2.206": [3.511889], "45.134.141.12": [322.9431526667], "14.0.113.205": [4.3065136667], "89.187.162.134": [94.174139], "151.101.66.110": [3.4946663333], "52.222.144.56": [], "40.99.9.178": [129.3617086667], "14.41.60.24": [], "129.227.82.184": [107.3834443333], "116.120.4.214": [], "23.60.109.48": [36.924736], "151.101.218.110": [261.9262913333], "151.101.218.206": [262.6061253333], "169.150.225.34": [36.82375], "199.91.74.205": [188.8628893333], "101.226.27.234": [], "40.99.36.210": [28.9815553333], "18.161.246.83": [263.795778], "35.241.38.53": [3.8144583333], "54.230.167.13": [6.352444], "115.111.76.27": [393.4929723333], "40.100.22.18": [10.265903], "52.97.26.34": [299.0678753333], "82.192.82.227": [], "143.244.33.174": [95.7447916667], "138.199.24.211": [90.5649166667], "209.140.136.254": [], "18.67.51.88": [5.1721806667], "199.91.74.188": [193.1897503333], "52.222.144.41": [], "104.20.218.77": [29.521528], "104.22.25.74": [35.3766806667], "183.111.172.138": [], "0.0.0.0": [1.487514], "121.125.60.151": [], "101.226.27.236": [], "38.54.44.78": [327.7559166667], "89.187.187.23": [133.2423753333], "199.91.74.210": [190.8502086667], "209.140.136.23": [], "23.210.41.99": [40.1386803333], "52.97.26.98": [302.6331806667], "156.59.44.84": [4.5728193333], "40.100.47.50": [9.486722], "52.222.144.93": [], "61.110.208.140": [], "121.243.83.27": [371.316653], "23.15.37.80": [266.1808473333], "157.185.169.206": [132.026639], "101.226.27.238": [], "199.91.74.187": [193.2835276667], "172.67.7.8": [31.0900413333], "119.205.214.176": [], "108.138.233.22": [269.7382086667], "211.47.29.86": [], "89.187.187.11": [133.9299446667], "84.17.50.59": [255.5525973333], "23.251.127.182": [288.318806], "192.16.48.200": [255.894611], "156.146.43.145": [202.473347], "204.93.142.142": [220.2854163333], "115.68.55.83": [], "52.98.123.242": [121.123042], "115.111.76.29": [369.1715416667], "3.38.9.170": [], "119.8.158.19": [245.142417], "165.132.13.38": [], "156.146.43.151": [198.907028], "146.75.50.110": [3.6982776667], "115.68.55.84": [], "18.161.246.12": [278.3070696667], "52.98.123.210": [124.622306], "194.26.73.110": [306.1523476667], "89.187.162.136": [89.8704726667], "52.98.51.178": [4.3766943333], "64.190.63.136": [284.8642083333], "20.103.85.33": [], "20.112.52.29": [], "74.63.241.21": [], "143.244.50.209": [140.9004863333], "163.171.210.189": [105.0864583333], "108.156.28.67": [272.840264], "27.96.132.231": [3.709875], "52.222.144.39": [], "108.138.233.53": [269.5665276667], "52.222.144.15": [], "194.26.73.114": [306.1151666667], "61.29.242.85": [38.1820696667]}