{"googlesyndication": [2.1146143333, 2.648516, 2.499113, 2.887986, 2.9111203333, 2.9812273333, 2.9698946667, 3.802407], "doubleclick": [2.616765, 23.1352973333, 3.4866476667, 22.6872616667, 2.681605, 23.7818903333, 3.5003186667, 2.5146196667, 2.940254, 2.9025433333, 22.182077, 2.958934, 2.8625543333], "puntal": [3.3476286667], "tailtarget": [3.491906, 3.6859903333], "prisasd": [2.1292676667], "sentry": [3.361542, 145.3379816667], "media": [3.8525446667], "segmentify": [3.3097336667], "google": [2.1538276667, 24.3583, 2.9557653333, 1.8732513333, 21.8726123333, 2.638452, 3.78826, 1.7756076667, 2.5175796667, 20.5945113333, 2.8354126667, 20.8152423333, 2.9621743333, 22.1733843333, 22.315222, 2.8885626667, 1.7184423333, 2.8310956667, 2.9543523333, 21.5662333333, 2.222893, 2.887986, 2.1436783333, 2.9412913333, 2.5172226667, 2.9599423333], "visualwebsiteoptimizer": [3.1676783333], "mxpnl": [2.596957, 2.561265], "megafaraon": [2.323707], "optable": [2.8319116667, 3.3499716667], "google-analytics": [2.615738], "justwatch": [3.1236353333], "simpli": [145.3170303333, 145.833696, 144.33118], "gfl85trk": [2.565372], "luckyorange": [3.1018296667], "googleadservices": [2.807728, 2.6205003333], "musimundo": [3.8295316667, 1.875843, 2.7104266667, 3.6758256667], "tradeinn": [2.1224543333, 2.5737156667, 3.0790056667], "lmcipolletti": [4.0585456667], "openx": [2.5300486667, 3.6008363333, 2.7574556667, 3.449586, 2.6199553333, 3.9783296667], "scuore": [3.6200366667], "jobrapido": [3.1126396667, 2.646169], "impactradius-event": [2.2768603333], "2mdn": [2.681605], "newscgp": [4.2747153333], "botmaker": [1.9785176667], "gstatic": [2.789768, 167.215451, 2.9557653333, 2.5805586667, 3.039486, 2.8354126667, 2.8310956667, 1.8732513333], "googleusercontent": [2.9812273333, 2.947998, 2.4987803333], "kampyle": [3.8582416667], "tangycover": [2.965622], "ctxtfl": [3.3093776667], "recaptcha": [2.741606], "googleapis": [3.8041613333, 2.6382533333, 2.907203, 2.1442826667, 2.9723013333, 2.9506016667, 3.0631373333, 3.5253163333, 1.7756076667, 2.5504606667, 2.8219586667, 3.7391276667, 2.1452606667, 2.5271096667, 2.1526913333, 2.8095063333, 2.534912, 3.7149703333, 2.88762, 2.775205, 1.7896283333, 3.671899, 2.027173, 3.6438936667, 2.9629196667, 2.661036, 2.6529513333, 2.9669853333, 2.563308, 2.6756473333, 2.8688126667], "chattigo": [121.8658796667, 1.721995], "googletagmanager": [2.882315], "emarsys": [3.953298], "smartclip": [2.876708], "pub": [2.928952, 2.572002], "wise": [3.8295316667, 1.875843, 2.7104266667, 3.6758256667], "googlevideo": [2.719461, 35.987562, 2.8864413333, 2.9607916667, 2.550106, 2.7177236667, 2.848944, 2.4530963333, 2.1619656667, 3.0072626667, 2.5005523333, 2.7233436667], "rlcdn": [2.8333976667, 4.2558096667], "desafiomundial": [151.1172413333, 136.6269573333], "run": [2.6054536667, 2.5542343333, 2.811636, 2.6760283333], "appspot": [2.60183, 3.005577, 3.0102103333], "ampproject": [2.9229166667, 2.789768, 2.1604846667, 2.6655376667], "avo": [3.9451466667], "rhino-play": [2.323707], "ml314": [3.0731616667], "px-cloud": [2.6751706667, 3.0811866667], "adzone": [4.3919136667], "skimresources": [2.6360666667, 2.8195483333, 3.2640796667], "ambito": [3.615578], "ytimg": [2.1538276667, 2.6720323333, 2.5587836667, 2.8885626667, 2.6294313333, 2.6538036667, 2.4987803333, 3.7475683333, 3.0373393333, 2.134394, 2.9412913333, 2.6085596667, 2.138335, 3.005568, 2.800095], "a24": [2.5909503333], "adnsur": [145.7387146667], "youtube": [2.6772813333, 3.78826, 2.1538276667, 2.8310956667, 2.8885626667, 2.5175796667, 2.9557653333, 2.8354126667, 2.1436783333, 1.8417386667, 3.8534646667, 2.9599423333, 1.8732513333, 2.6585036667, 2.638452], "sojern": [3.526945], "clean": [3.4302763333], "365vivo": [119.9887793333], "bri": [2.819285], "diarioregistrado": [145.6594913333], "spotify": [3.2075123333, 2.8906326667, 2.833969], "googleoptimize": [3.78826], "glanacion": [33.9068403333], "nrk": [3.0026133333], "chess": [4.326355], "googletagservices": [], "viralize": [2.8708543333], "wixmp": [3.157796, 3.1937026667], "clarin": [3.1668306667, 2.459893], "grumpydime": [3.4124663333], "tapad": [2.8012983333, 3.3276493333, 2.6747526667], "px-client": [2.6751706667], "citiservi": [3.2226403333], "instana": [4.1373753333], "perfdrive": [3.6155063333, 2.6556806667, 1.740672, 1.8285886667], "freepik": [2.5435113333], "lapoliticaonline": [2.9389736667], "casinofox": [2.323707], "prmutv": [2.6439856667], "cba24n": [145.6594913333], "rdstation": [144.407824, 145.2367873333], "ivitrack": [2.8167596667], "paulinacocina": [], "unosantafe": [3.0839526667], "openxcdn": [3.772054], "creativecdn": [2.5900226667], "bidswitch": [145.4665776667], "broadcom": [4.1270073333], "firebaseio": [3.3573286667], "flashscore": [4.0737356667], "tappx": [143.7554726667], "impactcdn": [2.2768603333], "poki": [3.9470223333], "telam": [2.5406356667], "bugsnag": [2.5240783333], "ggpht": [2.636812], "gravitec": [], "weborama": [3.184098], "ctnsnet": [2.603928], "c5n": [3.886147], "lmneuquen": [2.5184653333], "bit": [3.715369, 2.3484453333], "jugalo": [2.323707], "aswpsdkus": [2.8886313333], "mythad": [2.876021], "deruedas": [123.4111446667], "lacapital": [4.2052546667], "lifestylelatino": [119.5653513333], "airedesantafe": [3.5340406667], "rtbhouse": [1.8761823333], "mookie1": [3.8039243333, 2.5071563333], "sgmntfy": [2.0419193333], "youtube-nocookie": [2.5175796667], "company-target": [4.3334633333], "unahur": [37.00197], "infocielo": [3.6407053333], "withgoogle": [2.8515633333], "udmserve": [2.017231], "palpitos": [3.040054], "loopme": [233.7617963333], "mlstatic": [2.6377536667], "optimise": [3.3795493333], "bigwinenvivo": [2.323707], "seedtag": [1.7556983333], "minutouno": [3.263649], "rdpnt": [3.219932], "btloader": [2.1811736667], "yieldoptimizer": [2.6671673333], "mixpanel": [4.2042566667, 3.1755826667, 2.8017596667, 2.7281246667], "consensu": [3.4372003333], "ncaudienceexchange": [2.6007766667], "adhaven": [3.7001116667], "pdst": [1.8785803333], "pageimprove": [3.514661]}