{"googlesyndication": [237.9228213333, 237.7289676667, 231.811035, 231.982075, 231.2916083333, 228.1972096667, 0.1690903333], "doubleclick": [235.3159633333, 226.2564823333, 237.3578456667, 238.7402823333, 0.1690903333, 231.530459], "puntal": [3.3476286667], "tailtarget": [0.1690903333, 3.6859903333], "prisasd": [2.1292676667], "sentry": [3.361542, 145.3379816667], "media": [0.1690903333], "segmentify": [0.1690903333], "google": [229.3380226667, 228.8495613333, 233.7522293333, 231.0975363333, 231.0691993333, 238.392367, 229.2815563333, 0.1690903333, 232.3217953333, 235.579648, 237.6894573333, 233.9926203333, 232.1403056667, 235.1790026667, 237.2714786667, 232.3057873333, 233.1295796667, 234.2744653333, 237.7822183333, 238.5046166667], "visualwebsiteoptimizer": [0.1690903333], "mxpnl": [0.1690903333], "megafaraon": [2.323707], "optable": [2.8319116667, 3.3499716667], "google-analytics": [0.1690903333], "justwatch": [3.1236353333], "simpli": [0.1690903333], "gfl85trk": [2.565372], "luckyorange": [3.1018296667], "googleadservices": [0.1690903333], "musimundo": [1.875843, 3.8295316667, 2.7104266667, 3.6758256667], "tradeinn": [2.1224543333, 2.5737156667, 3.0790056667], "lmcipolletti": [4.0585456667], "openx": [3.6008363333, 2.5300486667, 3.449586, 0.1690903333, 3.9783296667], "scuore": [3.6200366667], "jobrapido": [230.7922313333, 3.1126396667], "impactradius-event": [0.1690903333], "2mdn": [0.1690903333], "newscgp": [0.1690903333], "botmaker": [1.9785176667], "gstatic": [228.0278076667, 232.3057873333, 227.3050323333, 0.1690903333, 232.3217953333], "googleusercontent": [231.073089, 231.1480756667, 2.947998], "kampyle": [0.1690903333], "tangycover": [2.965622], "ctxtfl": [0.1690903333], "recaptcha": [227.3050323333], "googleapis": [228.6899863333, 232.4639003333, 228.8495613333, 229.713385, 231.567997, 231.5987006667, 233.0906803333, 234.3811873333, 231.5854013333, 234.2423266667, 234.388224, 229.718874, 229.7955976667, 231.335948, 239.320126, 230.0743696667, 231.4121963333, 229.289697, 229.2882363333, 232.313866, 232.307275, 231.9000283333, 231.7955993333, 235.182135], "chattigo": [121.8658796667, 1.721995], "googletagmanager": [0.1690903333], "emarsys": [3.953298], "smartclip": [0.1690903333, 2.876708], "pub": [0.1690903333], "wise": [0.1690903333], "googlevideo": [2.719461, 35.987562, 2.8864413333, 2.9607916667, 2.550106, 2.7177236667, 2.848944, 2.4530963333, 2.1619656667, 3.0072626667, 2.5005523333, 2.7233436667], "rlcdn": [0.1690903333], "desafiomundial": [119.5653513333], "run": [2.6054536667, 2.5542343333, 2.811636, 2.6760283333], "appspot": [229.0378233333, 232.0362096667, 229.8522013333], "ampproject": [235.253129, 231.811035, 228.0278076667], "avo": [3.9451466667], "rhino-play": [2.323707], "ml314": [0.1690903333], "px-cloud": [2.6751706667, 3.0811866667], "adzone": [4.3919136667], "skimresources": [0.1690903333], "ambito": [3.615578], "ytimg": [239.5340256667, 232.3057873333, 232.3274893333, 229.2719356667, 232.3217953333, 227.9124116667, 227.9462626667], "a24": [2.5909503333], "adnsur": [145.7387146667], "youtube": [232.6611973333, 229.3380226667, 231.9168196667, 233.3889976667, 233.7522293333, 237.952992, 237.925892, 232.1159573333, 235.3971, 232.3217953333, 232.7156823333, 233.547069, 233.1073243333, 235.579648, 235.1790026667, 231.0565123333, 238.581792, 238.9854343333, 232.3057873333, 232.5447446667], "sojern": [0.1690903333], "clean": [0.1690903333], "365vivo": [119.9887793333], "bri": [2.819285], "diarioregistrado": [145.6594913333], "spotify": [3.2075123333, 2.8906326667, 2.833969], "googleoptimize": [0.1690903333], "glanacion": [], "nrk": [3.0026133333], "chess": [4.326355], "googletagservices": [0.1690903333], "viralize": [2.8708543333], "wixmp": [3.157796, 3.1937026667], "clarin": [3.1668306667, 2.459893], "grumpydime": [3.4124663333], "tapad": [0.1690903333, 2.6747526667], "px-client": [2.6751706667], "citiservi": [3.2226403333], "instana": [4.1373753333], "perfdrive": [3.6155063333, 2.6556806667, 1.740672, 1.8285886667], "freepik": [2.5435113333], "lapoliticaonline": [2.9389736667], "casinofox": [2.323707], "prmutv": [2.6439856667], "cba24n": [145.6594913333], "rdstation": [144.407824, 145.2367873333], "ivitrack": [0.1690903333], "paulinacocina": [], "unosantafe": [3.0839526667], "openxcdn": [0.1690903333], "creativecdn": [2.5900226667], "bidswitch": [0.1690903333], "broadcom": [4.1270073333], "firebaseio": [3.3573286667], "flashscore": [4.0737356667], "tappx": [0.1690903333], "impactcdn": [2.2768603333], "poki": [3.9470223333], "telam": [2.5406356667], "bugsnag": [0.1690903333], "ggpht": [231.811035], "gravitec": [], "weborama": [3.184098], "ctnsnet": [2.603928], "c5n": [3.886147], "lmneuquen": [2.5184653333], "bit": [3.715369, 2.3484453333], "jugalo": [2.323707], "aswpsdkus": [0.1690903333], "mythad": [2.876021], "deruedas": [123.4111446667], "lacapital": [4.2052546667], "lifestylelatino": [122.4577226667, 124.2046876667], "airedesantafe": [3.5340406667], "rtbhouse": [1.8761823333], "mookie1": [0.1690903333], "sgmntfy": [2.0419193333], "youtube-nocookie": [232.3057873333], "company-target": [4.3334633333], "unahur": [37.00197], "infocielo": [3.6407053333], "withgoogle": [231.822869], "udmserve": [0.1690903333], "palpitos": [3.040054], "loopme": [0.1690903333], "mlstatic": [219.7715183333, 222.0381106667], "optimise": [3.3795493333], "bigwinenvivo": [2.323707], "seedtag": [1.7556983333], "minutouno": [3.263649], "rdpnt": [3.219932], "btloader": [0.1690903333], "yieldoptimizer": [0.1690903333], "mixpanel": [0.1690903333], "consensu": [3.4372003333], "ncaudienceexchange": [0.1690903333], "adhaven": [0.1690903333], "pdst": [1.8785803333], "pageimprove": [3.514661]}