{"googlesyndication": [324.1462286667, 325.5437723333, 325.2232196667, 321.7429033333], "doubleclick": [321.1119126667, 326.6314376667, 294.3244423333, 326.582576, 325.7912086667, 292.458453, 326.1287523333, 293.8263106667, 294.034677, 325.0026746667, 326.1512526667], "puntal": [3.3476286667], "tailtarget": [3.491906, 3.6859903333], "prisasd": [2.1292676667], "sentry": [3.361542, 145.3379816667], "media": [3.8525446667], "segmentify": [3.3097336667], "google": [325.123351, 291.032945, 325.4262496667, 2.7849333333, 322.5359103333, 1.7421226667, 294.674148, 327.3525316667, 319.6967093333, 2.6423076667, 326.1931766667, 326.472166, 322.3238286667, 326.0088816667, 3.4741393333, 327.2144216667, 292.2441276667, 321.6869716667, 323.136503, 326.9554116667, 326.5226053333, 292.8923553333, 323.4724436667, 291.6663056667, 294.4290643333, 322.3066106667, 615.7503753333, 320.448881, 293.7928003333, 323.8964433333], "visualwebsiteoptimizer": [3.1676783333], "mxpnl": [2.561265, 2.596957], "megafaraon": [2.323707], "optable": [2.8319116667, 3.3499716667], "google-analytics": [323.9945486667], "justwatch": [3.1236353333], "simpli": [293.486828, 295.2612466667, 293.636513], "gfl85trk": [2.565372], "luckyorange": [3.1018296667], "googleadservices": [326.1287523333], "musimundo": [1.875843, 3.8295316667, 2.7104266667, 3.6758256667], "tradeinn": [2.1224543333, 2.5737156667, 3.0790056667], "lmcipolletti": [4.0585456667], "openx": [3.6008363333, 2.5300486667, 2.7574556667, 3.449586, 2.6199553333, 3.9783296667], "scuore": [3.6200366667], "jobrapido": [3.1126396667, 323.939474], "impactradius-event": [2.2768603333], "2mdn": [322.2678746667], "newscgp": [4.2747153333], "botmaker": [1.9785176667], "gstatic": [322.632188, 324.7698506667, 40.0725826667, 326.5226053333, 323.3521853333, 330.0992933333, 619.1581336667, 327.61581], "googleusercontent": [325.5628833333, 328.7915936667, 2.947998], "kampyle": [3.8582416667], "tangycover": [2.965622], "ctxtfl": [3.3093776667], "recaptcha": [323.2755873333], "googleapis": [325.265054, 323.3707206667, 323.9583493333, 325.8573906667, 323.5448853333, 325.554291, 324.8843776667, 322.9017336667, 326.430585, 323.255282, 327.950339, 325.8626396667, 327.4548056667, 325.4605383333, 325.895945, 323.0116163333, 323.8541363333, 324.6571833333, 324.3765883333, 325.6606676667, 329.69863, 326.0088816667, 326.318136, 324.8463306667, 324.486029, 292.5393163333, 323.9945486667, 326.2551853333, 325.10515, 325.0492843333, 322.4255363333, 323.862439, 326.6820276667, 324.944206, 327.300882, 324.297117, 323.6154393333, 323.062284, 322.6260786667, 323.8766583333, 323.8637456667, 321.2225166667, 323.5790793333, 331.1055373333, 326.657443, 321.5497316667, 323.97635, 322.6900463333, 322.8438926667], "chattigo": [121.8658796667, 1.721995], "googletagmanager": [328.0779793333], "emarsys": [3.953298], "smartclip": [2.876708], "pub": [2.928952, 2.572002], "wise": [3.8295316667, 1.875843, 2.7104266667, 3.6758256667], "googlevideo": [2.719461, 35.987562, 2.8864413333, 2.9607916667, 2.550106, 2.7177236667, 2.848944, 2.4530963333, 2.1619656667, 3.0072626667, 2.5005523333, 2.7233436667], "rlcdn": [2.8333976667, 4.2558096667], "desafiomundial": [123.480723], "run": [2.6054536667, 2.5542343333, 2.811636, 2.6760283333], "appspot": [324.6914403333, 325.839796, 325.076973], "ampproject": [326.584685, 325.0133373333, 324.2926863333, 326.0182973333], "avo": [3.9451466667], "rhino-play": [2.323707], "ml314": [3.0731616667], "px-cloud": [2.6751706667, 3.0811866667], "adzone": [4.3919136667], "skimresources": [2.6360666667, 2.8195483333, 3.2640796667], "ambito": [3.615578], "ytimg": [324.0655503333, 325.849614, 324.7424963333, 325.6781166667, 322.6440433333, 325.8082193333, 326.8790403333, 322.901243, 327.362322, 326.9116256667, 321.8482973333, 325.5206783333, 325.5628833333, 323.6423716667, 328.3161533333, 323.539901, 325.107169, 324.517968, 324.4240913333], "a24": [2.5909503333], "adnsur": [145.7387146667], "youtube": [325.123351, 325.4262496667, 325.4190516667, 326.332765, 330.0992933333, 322.320842, 327.3525316667, 319.6967093333, 324.0655503333, 326.1931766667, 323.0595216667, 326.7950143333, 325.6781166667, 666.146827, 326.9554116667, 326.5226053333, 619.1581336667, 322.0057476667, 324.7139, 320.448881, 325.442348, 325.5590143333, 327.61581, 327.010513, 325.1329953333, 321.6869716667, 323.8964433333], "sojern": [3.526945], "clean": [3.4302763333], "365vivo": [119.9887793333], "bri": [2.819285], "diarioregistrado": [145.6594913333], "spotify": [3.2075123333, 2.8906326667, 2.833969], "googleoptimize": [326.1931766667], "glanacion": [], "nrk": [3.0026133333], "chess": [4.326355], "googletagservices": [], "viralize": [2.8708543333], "wixmp": [3.157796, 3.1937026667], "clarin": [3.1668306667, 2.459893], "grumpydime": [3.4124663333], "tapad": [2.8012983333, 3.3276493333, 2.6747526667], "px-client": [2.6751706667], "citiservi": [3.2226403333], "instana": [4.1373753333], "perfdrive": [3.6155063333, 2.6556806667, 1.740672, 1.8285886667], "freepik": [2.5435113333], "lapoliticaonline": [2.9389736667], "casinofox": [2.323707], "prmutv": [2.6439856667], "cba24n": [145.6594913333], "rdstation": [144.407824, 145.2367873333], "ivitrack": [2.8167596667], "paulinacocina": [], "unosantafe": [3.0839526667], "openxcdn": [3.772054], "creativecdn": [2.5900226667], "bidswitch": [267.773934], "broadcom": [4.1270073333], "firebaseio": [3.3573286667], "flashscore": [4.0737356667], "tappx": [146.4619556667, 150.85976, 143.7554726667], "impactcdn": [2.2768603333], "poki": [3.9470223333], "telam": [2.5406356667], "bugsnag": [2.5240783333], "ggpht": [328.1790463333], "gravitec": [], "weborama": [3.184098], "ctnsnet": [2.603928], "c5n": [3.886147], "lmneuquen": [2.5184653333], "bit": [3.715369, 2.3484453333], "jugalo": [2.323707], "aswpsdkus": [2.8886313333], "mythad": [2.876021], "deruedas": [123.4111446667], "lacapital": [4.2052546667], "lifestylelatino": [122.9375736667, 122.5621723333], "airedesantafe": [3.5340406667], "rtbhouse": [1.8761823333], "mookie1": [3.8039243333, 3.2240726667], "sgmntfy": [2.0419193333], "youtube-nocookie": [323.424939], "company-target": [4.3334633333], "unahur": [37.00197], "infocielo": [3.6407053333], "withgoogle": [328.175142], "udmserve": [2.017231], "palpitos": [3.040054], "loopme": [233.7617963333], "mlstatic": [626.0724953333, 329.576867], "optimise": [3.3795493333], "bigwinenvivo": [2.323707], "seedtag": [1.7556983333], "minutouno": [3.263649], "rdpnt": [3.219932], "btloader": [2.1811736667], "yieldoptimizer": [2.8554403333], "mixpanel": [4.2042566667, 3.1755826667, 2.8017596667, 2.7281246667], "consensu": [3.4372003333], "ncaudienceexchange": [323.939474], "adhaven": [3.7001116667], "pdst": [1.8785803333], "pageimprove": [3.514661]}