{"googlesyndication": [164.2532526667, 165.7226426667], "doubleclick": [146.8883003333, 168.152537, 163.862873, 167.518423, 148.7489136667, 167.8586163333], "puntal": [], "tailtarget": [], "prisasd": [2.1292676667], "sentry": [3.361542], "media": [3.8525446667], "segmentify": [], "google": [164.6020736667, 164.272785, 166.1757076667, 166.2000843333, 168.288853, 167.2922096667, 469.366197, 167.9031686667], "visualwebsiteoptimizer": [3.1676783333], "mxpnl": [2.596957, 2.561265], "megafaraon": [2.323707], "optable": [2.8319116667, 3.3499716667], "google-analytics": [169.4133293333], "justwatch": [], "simpli": [], "gfl85trk": [], "luckyorange": [3.1018296667], "googleadservices": [164.703191], "musimundo": [1.875843, 3.8295316667, 2.7104266667, 3.6758256667], "tradeinn": [3.0790056667], "lmcipolletti": [4.0585456667], "openx": [2.7574556667, 2.6199553333, 2.5300486667, 3.6008363333], "scuore": [], "jobrapido": [168.44914], "impactradius-event": [], "2mdn": [], "newscgp": [], "botmaker": [1.9785176667], "gstatic": [165.53549, 166.040439, 231.7916563333, 167.2922096667, 167.9031686667], "googleusercontent": [166.9272763333, 2.947998], "kampyle": [], "tangycover": [], "ctxtfl": [3.3093776667], "recaptcha": [], "googleapis": [164.6020736667, 164.629274, 168.1478356667, 165.852471, 168.870433, 166.0712123333, 166.8602433333], "chattigo": [1.721995], "googletagmanager": [169.00294], "emarsys": [], "smartclip": [2.876708], "pub": [2.928952, 2.572002], "wise": [], "googlevideo": [2.719461, 35.987562, 2.9607916667, 2.550106, 2.7177236667, 2.848944, 2.4530963333, 3.0072626667], "rlcdn": [2.8333976667], "desafiomundial": [], "run": [2.6054536667, 2.5542343333, 2.811636, 2.6760283333], "appspot": [165.586969, 168.4890116667], "ampproject": [169.302431, 166.9272763333], "avo": [], "rhino-play": [], "ml314": [3.0731616667], "px-cloud": [2.6751706667, 3.0811866667], "adzone": [], "skimresources": [2.6360666667], "ambito": [], "ytimg": [166.2024363333, 168.4279773333, 165.831934, 168.3198113333, 169.2406116667, 168.190888], "a24": [2.5909503333], "adnsur": [], "youtube": [166.1757076667, 166.2000843333, 167.2922096667, 170.527323, 167.9031686667], "sojern": [], "clean": [], "365vivo": [], "bri": [], "diarioregistrado": [], "spotify": [2.833969], "googleoptimize": [170.527323], "glanacion": [], "nrk": [], "chess": [4.326355], "googletagservices": [], "viralize": [2.8708543333], "wixmp": [3.157796, 3.1937026667], "clarin": [2.459893], "grumpydime": [], "tapad": [], "px-client": [2.6751706667], "citiservi": [], "instana": [], "perfdrive": [1.740672], "freepik": [], "lapoliticaonline": [2.9389736667], "casinofox": [], "prmutv": [2.6439856667], "cba24n": [], "rdstation": [144.407824, 145.2367873333], "ivitrack": [2.8167596667], "paulinacocina": [], "unosantafe": [], "openxcdn": [], "creativecdn": [], "bidswitch": [145.4665776667], "broadcom": [], "firebaseio": [3.3573286667], "flashscore": [], "tappx": [], "impactcdn": [2.2768603333], "poki": [3.9470223333], "telam": [2.5406356667], "bugsnag": [2.5240783333], "ggpht": [], "gravitec": [], "weborama": [3.184098], "ctnsnet": [], "c5n": [], "lmneuquen": [], "bit": [], "jugalo": [], "aswpsdkus": [2.8886313333], "mythad": [], "deruedas": [123.4111446667], "lacapital": [], "lifestylelatino": [], "airedesantafe": [3.5340406667], "rtbhouse": [1.8761823333], "mookie1": [], "sgmntfy": [2.0419193333], "youtube-nocookie": [], "company-target": [], "unahur": [], "infocielo": [3.6407053333], "withgoogle": [], "udmserve": [], "palpitos": [3.040054], "loopme": [233.7617963333], "mlstatic": [167.9512446667, 165.8916606667], "optimise": [3.3795493333], "bigwinenvivo": [], "seedtag": [], "minutouno": [3.263649], "rdpnt": [], "btloader": [2.1811736667], "yieldoptimizer": [], "mixpanel": [], "consensu": [3.4372003333], "ncaudienceexchange": [168.44914], "adhaven": [], "pdst": [1.8785803333], "pageimprove": []}