{"google-analytics": [262.934464, 15.4412516667, 13.993563], "autochek": [103.7473743333], "football-espana": [104.301862], "google": [111.8245963333, 260.6246585, 261.4754616667, 259.9515996667, 262.956953, 111.6556113333, 260.4754466667, 15.4412516667, 13.993563, 261.587292, 113.8622686667, 262.19921, 261.448087, 263.2158695, 259.8308573333, 261.8456703333, 115.252769, 109.7082936667, 259.951121, 110.064774, 261.4342873333], "googleapis": [215.100867, 262.5402046667, 215.044438, 264.1463776667, 260.242586, 215.0690496667, 263.7213805, 259.3564416667, 259.082763, 263.2158695, 262.0999325, 259.5192433333, 263.3284343333], "adomonline": [188.6438843333], "sentry": [15.5643966667, 187.2986006667], "videos-mgh": [], "33across": [13.2519926667], "media": [13.0308643333], "visualwebsiteoptimizer": [12.1496023333], "appspot": [259.60829], "googlesyndication": [263.5237205, 261.63137, 262.7310183333], "mxpnl": [12.043906], "fctvlive": [13.663278, 13.8003195, 14.985547, 17.1392245], "simpli": [114.8296843333, 117.988829, 114.167384], "luckyorange": [15.054069], "gstatic": [120.534827, 262.956953, 262.092779], "doubleclick": [260.521286, 111.84517, 111.1328916667, 259.5162486667, 113.1113076667, 110.8033905, 262.7310183333], "googleadservices": [261.4342873333], "jotform": [], "openx": [16.179999, 17.345774, 13.099537, 13.1580626667, 14.1518916667, 13.0880173333], "wonderpush": [13.8003195, 13.663278, 14.985547, 17.1392245], "livescore": [16.8703676667, 13.9191953333, 16.2480515, 14.896128, 12.981409, 13.4007696667], "spotify": [14.283359, 13.6863943333, 14.8137546667], "avads": [113.938333], "impactradius-event": [17.3310405], "2mdn": [261.780973], "flashscore": [14.5553653333], "mrtnsvr": [12.1783523333], "kastatic": [287.0166595], "blogspot": [263.5237205, 264.734694], "googleusercontent": [14.5804426667, 261.63137, 261.8580116667], "alkoora": [10.7702876667, 10.3008065, 5.7750586667], "kampyle": [15.723684], "recaptcha": [259.8308573333], "skimresources": [177.2733476667, 13.2011016667, 13.18802, 14.1605943333], "googletagmanager": [261.7728103333], "games-mgh": [14.633004], "proto": [373.1522116667], "wise": [13.663278, 13.8003195, 14.985547, 17.1392245], "googlevideo": [261.4754616667, 111.7744266667], "eskimi": [12.4018723333], "rlcdn": [12.157883, 13.6380606667], "sw420101": [13.1285983333], "shopify": [], "mcusercontent": [13.7423756667], "ampproject": [262.092779, 264.734694, 261.589362], "fg8dgt": [], "solvvy": [14.5183453333], "ml314": [], "permutive": [13.4767943333], "4dex": [13.9770613333], "buzzonclick": [], "soccer24": [15.6277173333], "myjoyonline": [197.0630146667], "softonic": [13.1814213333], "abtasty": [16.8901985], "sojern": [], "quillkick": [13.404765], "googleoptimize": [261.4754616667], "youtube": [260.6246585, 262.19921, 261.4754616667, 259.951121, 259.9515996667], "chess": [], "googletagservices": [], "prmutv": [13.4743413333], "soundcast": [14.391133], "brand-display": [], "snapchat": [13.1365653333], "fwpub1": [14.2240643333], "linksynergy": [], "tapad": [12.0430216667, 13.5298333333, 13.458284], "ctnsnet": [13.2238593333], "basketball24": [15.6277173333], "perfdrive": [14.4826313333], "the-sun": [13.8003195, 13.663278, 14.985547, 12.0963763333, 17.1392245], "adjust": [], "aswpsdkeu": [14.6023155], "fireworktv": [13.5227425], "pghub": [15.0391985], "livescores": [13.4435846667], "ivitrack": [13.081577], "editec-online": [17.0635706667], "gammamaximum": [14.4561963333], "openxcdn": [13.19465], "beforward": [13.8003195, 13.663278, 14.985547, 17.1392245], "scorenga": [13.0351323333], "cnet": [15.8067416667], "doubleverify": [16.121156, 12.1130473333], "playground": [12.223744], "edkt": [13.4427753333], "lightdload": [13.8003195, 13.663278, 14.985547, 17.1392245], "gesupdates": [13.8003195, 13.663278, 14.985547, 17.1392245], "creativecdn": [14.8720136667], "ggpht": [263.5237205], "gravitec": [], "epicsports": [13.663278, 13.8003195, 14.985547, 17.1392245], "px-client": [17.262984], "datadoghq": [14.5663633333], "px-cloud": [17.262984, 13.081254], "aswpsdkus": [13.9704573333], "springer": [13.663278, 13.8003195, 14.985547, 17.1392245], "blogger": [260.322942], "ytimg": [259.9539106667, 260.6246585, 266.0021183333, 260.9676306667, 261.8580116667, 259.951121], "bugsnag": [13.2319196667], "optimove": [15.026603], "deriv": [263.9723896667], "sc-prod": [13.2252103333], "mdhv": [13.663278, 13.8003195, 14.985547, 17.1392245], "hexagon-analytics": [13.4797413333], "skillpack": [], "gbwhatsapp": [15.627685], "alluringbucket": [12.1825983333], "istaging": [], "assemblyexchange": [13.4533073333], "wishesmsg": [], "unequalbrake": [13.8274305], "urbanairship": [13.9704573333], "blismedia": [12.2526476667], "rtbhouse": [13.9765786667], "cloudfunctions": [12.1481253333], "youtube-nocookie": [261.4754616667], "pippio": [13.2467023333], "bounceexchange": [14.1380413333], "dailypermits": [188.864915], "freepik": [], "jagranjosh": [332.6062076667], "rakuten": [13.1707033333, 14.728885], "loopme": [114.394336], "lovethynerd": [199.005417], "seedtag": [15.329675], "metadsp": [121.742708], "instana": [13.5713776667], "rdpnt": [12.5174655], "yieldoptimizer": [], "mixpanel": [13.125089, 13.2762486667, 13.310686, 14.351804], "scaredsnakes": [16.8705096667], "srcspot": [13.166249], "weborama": [12.6658623333], "mookie1": [13.5637623333], "ncaudienceexchange": [217.502732], "ahagamecenter": [293.0848656667], "invitemedia": [262.19921], "apxor": [13.1349686667], "pdst": [13.1481376667], "crane": [], "wknd": [14.1380413333]}