{"google-analytics": [15.023366, 15.4412516667, 13.993563], "autochek": [103.7473743333], "football-espana": [104.301862], "google": [113.078258, 114.2539266667, 88.683153, 13.1866993333, 17.0911825, 111.9516163333, 112.3881936667, 111.5061536667, 12.1845646667, 15.880793, 12.207774, 15.4412516667, 109.8782236667, 13.993563, 112.908395, 114.142389], "googleapis": [13.916321, 91.514952, 93.2477185, 92.271257, 90.888965, 88.9519606667, 93.8380043333, 88.923302, 12.107277, 14.4546643333, 16.7930825, 88.9974635, 90.823644], "adomonline": [188.6438843333], "sentry": [15.5643966667, 187.2986006667], "videos-mgh": [], "33across": [], "media": [13.0308643333], "visualwebsiteoptimizer": [12.1496023333], "appspot": [12.7085936667], "googlesyndication": [14.716285, 16.282566, 14.3659933333], "mxpnl": [], "fctvlive": [], "simpli": [114.8296843333, 117.988829, 114.167384], "luckyorange": [15.054069], "gstatic": [12.207774, 373.64235], "doubleclick": [14.8503656667, 112.3494703333, 111.9929696667, 112.874032, 13.2963233333, 114.8820225, 16.282566], "googleadservices": [], "jotform": [], "openx": [17.345774, 16.179999, 13.099537, 13.1580626667, 14.1518916667, 13.0880173333], "wonderpush": [13.8003195, 13.663278, 14.985547, 17.1392245], "livescore": [16.8703676667, 13.9191953333, 16.2480515, 14.896128, 12.981409, 13.4007696667], "spotify": [14.283359, 13.6863943333, 14.8137546667], "avads": [], "impactradius-event": [17.3310405], "2mdn": [13.2963233333], "flashscore": [14.5553653333], "mrtnsvr": [12.1783523333], "kastatic": [7.4983436667, 7.2379146667, 7.3192796667], "blogspot": [92.42585, 89.986556, 90.4958346667, 88.7739686667, 14.3659933333, 14.716285, 86.9776763333], "googleusercontent": [14.5804426667, 94.4888843333], "alkoora": [10.3008065, 10.7702876667, 5.7750586667], "kampyle": [15.723684], "recaptcha": [91.5152456667], "skimresources": [177.2733476667, 13.2011016667, 13.18802, 14.1605943333], "googletagmanager": [], "games-mgh": [14.633004], "proto": [373.1522116667], "wise": [13.8003195, 13.663278, 14.985547, 17.1392245], "googlevideo": [111.7744266667], "eskimi": [12.4018723333], "rlcdn": [12.157883], "sw420101": [13.1285983333], "shopify": [13.8003195, 13.663278, 14.985547, 17.1392245], "mcusercontent": [], "ampproject": [12.207774], "fg8dgt": [], "solvvy": [14.5183453333], "ml314": [], "permutive": [13.4767943333], "4dex": [13.9770613333], "buzzonclick": [], "soccer24": [15.6277173333], "myjoyonline": [197.0630146667], "softonic": [13.1814213333], "abtasty": [16.8901985], "sojern": [], "quillkick": [13.404765], "googleoptimize": [15.880793], "youtube": [15.880793, 12.1845646667], "chess": [], "googletagservices": [], "prmutv": [13.4743413333], "soundcast": [14.391133], "brand-display": [], "snapchat": [13.1365653333], "fwpub1": [14.2240643333], "linksynergy": [], "tapad": [12.0430216667, 13.5298333333, 13.458284], "ctnsnet": [13.2238593333], "basketball24": [15.6277173333], "perfdrive": [14.4826313333], "the-sun": [13.663278, 13.8003195, 14.985547, 12.0963763333, 17.1392245], "adjust": [], "aswpsdkeu": [14.6023155], "fireworktv": [13.5227425], "pghub": [], "livescores": [], "ivitrack": [], "editec-online": [17.0635706667], "gammamaximum": [14.4561963333], "openxcdn": [13.19465], "beforward": [13.663278, 13.8003195, 14.985547, 17.1392245], "scorenga": [13.0351323333], "cnet": [15.8067416667], "doubleverify": [16.121156, 12.1130473333], "playground": [12.223744], "edkt": [13.4427753333], "lightdload": [13.8003195, 13.663278, 14.985547, 17.1392245], "gesupdates": [], "creativecdn": [14.8720136667], "ggpht": [14.3659933333], "gravitec": [], "epicsports": [13.663278, 13.8003195, 14.985547, 17.1392245], "px-client": [17.262984], "datadoghq": [14.5663633333], "px-cloud": [17.262984, 13.081254], "aswpsdkus": [13.9704573333], "springer": [13.8003195, 13.663278, 14.985547, 17.1392245], "blogger": [12.7656803333], "ytimg": [13.5792273333, 14.592981, 12.1845646667], "bugsnag": [13.2319196667], "optimove": [15.026603], "deriv": [90.99397], "sc-prod": [13.2252103333], "mdhv": [], "hexagon-analytics": [13.4797413333], "skillpack": [], "gbwhatsapp": [15.627685], "alluringbucket": [12.1825983333], "istaging": [], "assemblyexchange": [13.4533073333], "wishesmsg": [15.8585843333], "unequalbrake": [13.8274305], "urbanairship": [13.9704573333], "blismedia": [12.2526476667], "rtbhouse": [13.9765786667], "cloudfunctions": [], "youtube-nocookie": [15.880793], "pippio": [13.2467023333], "bounceexchange": [14.1380413333], "dailypermits": [188.864915], "freepik": [], "jagranjosh": [332.6062076667], "rakuten": [13.1707033333, 14.728885], "loopme": [114.394336], "lovethynerd": [199.005417], "seedtag": [], "metadsp": [121.742708], "instana": [13.5713776667], "rdpnt": [], "yieldoptimizer": [], "mixpanel": [13.125089, 13.2762486667, 13.310686, 14.351804], "scaredsnakes": [16.8705096667], "srcspot": [13.166249], "weborama": [12.6658623333], "mookie1": [13.5637623333], "ncaudienceexchange": [], "ahagamecenter": [13.7552893333], "invitemedia": [], "apxor": [13.1349686667], "pdst": [13.1481376667], "crane": [], "wknd": [14.1380413333]}