{"google-analytics": [314.3684616667, 15.4412516667, 13.993563], "autochek": [103.7473743333], "football-espana": [104.301862], "google": [312.3584435, 313.4541056667, 282.441235, 311.186643, 313.4639916667, 309.9735663333, 306.2726306667, 313.4935843333, 282.5650056667, 15.4412516667, 13.993563, 314.952646, 282.5891346667, 315.7260606667, 313.3570426667, 281.254502, 281.5812253333, 312.0038783333, 311.91041, 307.8878715, 316.8275743333, 309.772873, 307.912483], "googleapis": [310.4735246667, 314.8874743333, 315.044968, 311.186643, 317.7497436667, 310.9290726667, 311.0233543333, 316.668494, 320.916784, 316.1212643333, 311.194898, 309.058999, 309.6560716667, 283.9240433333, 309.412689, 311.1896955, 311.628626, 484.3109393333, 313.5185366667, 314.466275, 310.4175386667, 307.36606, 280.245645, 313.450615, 316.6198533333, 311.291873, 315.634033, 307.912483], "adomonline": [188.6438843333], "sentry": [15.5643966667, 187.2986006667], "videos-mgh": [], "33across": [], "media": [13.0308643333], "visualwebsiteoptimizer": [], "appspot": [311.669852], "googlesyndication": [], "mxpnl": [12.043906], "fctvlive": [13.8003195, 13.663278, 14.985547, 17.1392245], "simpli": [187.0339396667, 188.1895773333], "luckyorange": [15.054069], "gstatic": [316.9511823333, 318.548361, 312.0038783333, 311.901445], "doubleclick": [304.961365, 315.154135, 308.9891843333], "googleadservices": [312.788463], "jotform": [], "openx": [17.345774, 16.179999, 13.099537, 13.1580626667, 14.1518916667, 13.0880173333], "wonderpush": [13.8003195, 13.663278, 14.985547, 17.1392245], "livescore": [16.8703676667, 13.9191953333, 16.2480515, 14.896128, 12.981409, 13.4007696667], "spotify": [14.283359, 13.6863943333, 14.8137546667], "avads": [113.938333], "impactradius-event": [17.3310405], "2mdn": [311.281139], "flashscore": [14.5553653333], "mrtnsvr": [12.1783523333], "kastatic": [], "blogspot": [310.353432], "googleusercontent": [14.5804426667, 307.1925806667], "alkoora": [10.7702876667, 10.3008065, 5.7750586667], "kampyle": [15.723684], "recaptcha": [310.6766933333], "skimresources": [177.2733476667, 13.2011016667, 13.18802, 14.1605943333], "googletagmanager": [310.1433653333], "games-mgh": [14.633004], "proto": [373.1522116667], "wise": [13.663278, 13.8003195, 14.985547, 17.1392245], "googlevideo": [111.7744266667, 306.2726306667], "eskimi": [12.4018723333], "rlcdn": [12.157883, 13.6380606667], "sw420101": [13.1285983333], "shopify": [13.663278, 13.8003195, 14.985547, 17.1392245], "mcusercontent": [13.7423756667], "ampproject": [318.548361, 308.4323206667, 308.1856293333], "fg8dgt": [], "solvvy": [14.5183453333], "ml314": [], "permutive": [13.4767943333], "4dex": [13.9770613333], "buzzonclick": [], "soccer24": [15.6277173333], "myjoyonline": [197.0630146667], "softonic": [13.1814213333], "abtasty": [16.8901985], "sojern": [], "quillkick": [13.404765], "googleoptimize": [317.3019466667], "youtube": [284.2988033333, 307.6850666667, 307.758561, 312.3584435, 311.4041793333, 315.7260606667, 308.568577, 313.4935843333, 305.919974, 316.8275743333, 313.3570426667, 315.6812105, 309.772873, 309.9735663333, 317.3019466667, 306.2726306667], "chess": [], "googletagservices": [], "prmutv": [13.4743413333], "soundcast": [14.391133], "brand-display": [], "snapchat": [13.1365653333], "fwpub1": [14.2240643333], "linksynergy": [], "tapad": [12.0430216667, 13.5298333333, 13.458284], "ctnsnet": [13.2238593333], "basketball24": [15.6277173333], "perfdrive": [14.4826313333], "the-sun": [13.8003195, 13.663278, 14.985547, 12.0963763333, 17.1392245], "adjust": [], "aswpsdkeu": [14.6023155], "fireworktv": [13.5227425], "pghub": [15.0391985], "livescores": [13.4435846667], "ivitrack": [13.081577], "editec-online": [17.0635706667], "gammamaximum": [14.4561963333], "openxcdn": [13.19465], "beforward": [13.663278, 13.8003195, 14.985547, 17.1392245], "scorenga": [13.0351323333], "cnet": [15.8067416667], "doubleverify": [12.1130473333, 227.4134253333], "playground": [12.223744], "edkt": [13.4427753333], "lightdload": [13.663278, 13.8003195, 14.985547, 17.1392245], "gesupdates": [13.8003195, 13.663278, 14.985547, 17.1392245], "creativecdn": [14.8720136667], "ggpht": [310.353432], "gravitec": [], "epicsports": [13.663278, 13.8003195, 14.985547, 17.1392245], "px-client": [17.262984], "datadoghq": [14.5663633333], "px-cloud": [17.262984, 13.081254], "aswpsdkus": [13.9704573333], "springer": [13.8003195, 13.663278, 14.985547, 17.1392245], "blogger": [310.719468], "ytimg": [315.976284, 315.9123146667, 306.2283556667, 317.3019466667, 311.7566883333, 317.225918, 309.547843, 310.6916016667, 311.9900733333, 313.3570426667, 311.4041793333, 309.6153073333, 311.2928805, 312.9145426667, 307.1925806667], "bugsnag": [13.2319196667], "optimove": [15.026603], "deriv": [307.3045093333], "sc-prod": [13.2252103333], "mdhv": [13.8003195, 13.663278, 14.985547, 17.1392245], "hexagon-analytics": [13.4797413333], "skillpack": [], "gbwhatsapp": [15.627685], "alluringbucket": [12.1825983333], "istaging": [], "assemblyexchange": [13.4533073333], "wishesmsg": [14.1064706667], "unequalbrake": [13.8274305], "urbanairship": [13.9704573333], "blismedia": [12.2526476667], "rtbhouse": [13.9765786667], "cloudfunctions": [12.1481253333], "youtube-nocookie": [308.568577], "pippio": [13.2467023333], "bounceexchange": [14.1380413333], "dailypermits": [], "freepik": [15.7837383333], "jagranjosh": [332.6062076667], "rakuten": [13.1707033333], "loopme": [114.394336], "lovethynerd": [199.005417], "seedtag": [15.329675], "metadsp": [121.742708], "instana": [13.5713776667], "rdpnt": [12.5174655], "yieldoptimizer": [16.320305], "mixpanel": [13.125089, 13.2762486667, 13.310686, 14.351804], "scaredsnakes": [], "srcspot": [13.166249], "weborama": [12.6658623333], "mookie1": [13.855973], "ncaudienceexchange": [307.3045093333], "ahagamecenter": [], "invitemedia": [312.3584435], "apxor": [13.1349686667], "pdst": [13.1481376667], "crane": [], "wknd": [14.1380413333]}