{"google-analytics": [91.713325, 15.4412516667, 13.993563], "autochek": [103.7473743333], "football-espana": [104.301862], "google": [93.735413, 90.9123955, 91.4389326667, 89.572253, 112.908395, 114.142389, 93.0496103333, 89.980811, 91.3434676667, 91.0243716667, 93.4587325, 91.3856036667, 112.3881936667, 92.271257, 88.8261583333, 89.6301506667, 15.4412516667, 13.993563, 90.823644, 111.723709, 111.9516163333, 90.0384376667, 92.7495283333, 92.5448385, 90.941281, 114.2539266667, 111.5061536667, 90.2606733333, 94.8665613333], "googleapis": [88.9519606667, 90.894419, 88.9974635, 91.514952, 93.6498933333, 92.271257, 93.8380043333, 90.823644, 88.683153, 92.5170765, 92.5754893333, 90.7371013333, 88.923302, 92.2945633333, 92.0066556667, 93.862762, 93.2477185, 90.888965, 90.998259, 91.1539125], "adomonline": [188.6438843333], "sentry": [15.5643966667, 187.2986006667], "videos-mgh": [], "33across": [13.2519926667], "media": [13.0308643333], "visualwebsiteoptimizer": [12.1496023333], "appspot": [94.419952, 91.352918], "googlesyndication": [93.4197883333, 92.5121923333, 92.42585], "mxpnl": [12.043906], "fctvlive": [13.663278, 13.8003195, 14.985547, 17.1392245], "simpli": [114.8296843333, 117.988829, 114.167384], "luckyorange": [15.054069], "gstatic": [93.4698995, 88.5861786667, 92.2691633333, 356.227675], "doubleclick": [111.84517, 111.1328916667, 94.071056, 90.3175266667, 91.3228333333, 91.0815616667, 113.1113076667, 110.8033905], "googleadservices": [90.941281, 90.9777856667], "jotform": [], "openx": [17.345774, 16.179999, 13.099537, 13.1580626667, 14.1518916667, 13.0880173333], "wonderpush": [13.8003195, 13.663278, 14.985547, 17.1392245], "livescore": [16.8703676667, 13.9191953333, 16.2480515, 14.896128, 12.981409, 13.4007696667], "spotify": [13.6863943333, 14.8137546667], "avads": [113.938333], "impactradius-event": [17.3310405], "2mdn": [91.062563], "flashscore": [14.5553653333], "mrtnsvr": [12.1783523333], "kastatic": [6.091215], "blogspot": [86.9776763333, 92.42585, 91.2574163333], "googleusercontent": [91.227586, 94.7072736667, 14.5804426667, 92.42585], "alkoora": [10.7702876667, 10.3008065, 5.7750586667], "kampyle": [15.723684], "recaptcha": [89.4103746667], "skimresources": [177.2733476667, 13.2011016667, 13.18802, 14.1605943333], "googletagmanager": [89.9602956667], "games-mgh": [14.633004], "proto": [373.1522116667], "wise": [13.8003195, 13.663278, 14.985547, 17.1392245], "googlevideo": [111.7744266667, 91.4389326667], "eskimi": [12.4018723333], "rlcdn": [12.157883, 13.6380606667], "sw420101": [13.1285983333], "shopify": [13.8003195, 13.663278, 14.985547, 17.1392245], "mcusercontent": [13.7423756667], "ampproject": [93.4698995, 93.0848743333, 89.986556], "fg8dgt": [], "solvvy": [14.5183453333], "ml314": [], "permutive": [13.4767943333], "4dex": [13.9770613333], "buzzonclick": [], "soccer24": [15.6277173333], "myjoyonline": [197.0630146667], "softonic": [13.1814213333], "abtasty": [16.8901985], "sojern": [], "quillkick": [13.404765], "googleoptimize": [91.3856036667], "youtube": [93.0496103333, 89.980811, 91.3434676667, 87.731378, 91.4389326667, 91.3856036667, 90.2606733333, 88.8261583333, 89.572253, 90.0384376667, 91.473761], "chess": [], "googletagservices": [], "prmutv": [13.4743413333], "soundcast": [14.391133], "brand-display": [], "snapchat": [13.1365653333], "fwpub1": [14.2240643333], "linksynergy": [], "tapad": [12.0430216667, 13.5298333333, 13.458284], "ctnsnet": [13.2238593333], "basketball24": [15.6277173333], "perfdrive": [14.4826313333], "the-sun": [13.663278, 13.8003195, 14.985547, 12.0963763333, 17.1392245], "adjust": [], "aswpsdkeu": [14.6023155], "fireworktv": [13.5227425], "pghub": [15.0391985], "livescores": [13.4435846667], "ivitrack": [13.081577], "editec-online": [], "gammamaximum": [14.4561963333], "openxcdn": [13.19465], "beforward": [13.663278, 13.8003195, 14.985547, 17.1392245], "scorenga": [13.0351323333], "cnet": [15.8067416667], "doubleverify": [16.121156, 12.1130473333], "playground": [12.223744], "edkt": [13.4427753333], "lightdload": [13.663278, 13.8003195, 14.985547, 17.1392245], "gesupdates": [13.663278, 13.8003195, 14.985547, 17.1392245], "creativecdn": [14.8720136667], "ggpht": [89.986556], "gravitec": [], "epicsports": [13.663278, 13.8003195, 14.985547, 17.1392245], "px-client": [17.262984], "datadoghq": [14.5663633333], "px-cloud": [17.262984, 13.081254], "aswpsdkus": [13.9704573333], "springer": [13.663278, 13.8003195, 14.985547, 17.1392245], "blogger": [93.3753516667], "ytimg": [88.5141833333, 90.9966816667, 92.185562, 89.980811, 90.5543703333, 90.2606733333, 91.227586, 88.8261583333, 95.2837813333, 90.3775183333, 90.8417666667, 93.3290256667], "bugsnag": [13.2319196667], "optimove": [15.026603], "deriv": [92.6402715], "sc-prod": [13.2252103333], "mdhv": [13.8003195, 13.663278, 14.985547, 17.1392245], "hexagon-analytics": [13.4797413333], "skillpack": [], "gbwhatsapp": [15.627685], "alluringbucket": [12.1825983333], "istaging": [], "assemblyexchange": [13.4533073333], "wishesmsg": [14.1064706667], "unequalbrake": [13.8274305], "urbanairship": [13.9704573333], "blismedia": [12.2526476667], "rtbhouse": [13.9765786667], "cloudfunctions": [12.1481253333], "youtube-nocookie": [88.8261583333], "pippio": [13.2467023333], "bounceexchange": [14.1380413333], "dailypermits": [188.864915], "freepik": [15.7837383333], "jagranjosh": [332.6062076667], "rakuten": [14.728885], "loopme": [114.394336], "lovethynerd": [199.005417], "seedtag": [15.329675], "metadsp": [121.742708], "instana": [13.5713776667], "rdpnt": [12.5174655], "yieldoptimizer": [], "mixpanel": [13.125089, 13.310686, 14.351804, 13.2762486667], "scaredsnakes": [16.8705096667], "srcspot": [13.166249], "weborama": [12.6658623333], "mookie1": [13.5637623333], "ncaudienceexchange": [88.5232413333], "ahagamecenter": [13.7552893333], "invitemedia": [93.0496103333], "apxor": [13.1349686667], "pdst": [13.1481376667], "crane": [], "wknd": [14.1380413333]}