{"akstat": [104.0283803333], "outbrain": [85.904835, 51.465584, 123.739802], "adform": [54.6999543333, 51.9267823333], "gaanacdn": [61.6226316667, 59.552493, 48.7479453333, 103.3812706667, 104.0193813333], "flixcart": [96.9822876667, 61.4250826667, 59.1852043333], "lemnisk": [91.4720373333], "optimizely": [54.1718903333, 104.2374003333, 104.064802], "shiksha": [111.8444593333, 111.855547], "yotpo": [94.2802343333], "samsung": [50.8222076667], "voot": [59.676102, 60.1986053333, 48.59762, 54.4483176667, 57.244765, 59.680534, 127.5795923333, 51.5416273333, 59.7143673333, 51.3353473333, 80.5397866667, 88.685166, 48.5491903333, 51.6340146667, 54.2681526667, 56.1633573333, 48.7423623333, 54.827489, 57.4534653333, 55.471753, 127.9612983333, 66.130915], "haryanakranti": [366.690078, 391.986167], "casalemedia": [116.8219033333], "fnp": [93.8659556667, 48.7651666667], "go-mpulse": [48.7270673333, 50.921263], "doubleverify": [1.3515246667], "abplive": [60.2218256667, 61.2714466667, 60.0217256667, 61.903768, 60.1061483333, 63.8462996667, 60.402352], "bikedekho": [], "news18": [96.098411, 48.655794, 61.903768, 60.1061483333, 91.3840676667], "drivespark": [0.7722316667, 0.730107], "unacademy": [61.903768, 58.6147393333, 59.552493, 60.1061483333], "bbc": [129.1768596667, 85.7374816667], "herzindagi": [1.8386556667], "reliancedigital": [], "mxradon": [59.5386073333, 50.7243476667], "cloudinary": [57.931664], "gadgetsnow": [95.002428], "livehindustan": [88.5138103333], "bankbazaar": [110.9288833333, 48.6496956667], "norton": [51.817139], "indiatimes": [51.344858], "hindustantimes": [], "geeksforgeeks": [], "goindigo": [], "tripadvisor": [0.755188, 0.9706503333, 1.2253713333, 1.0163633333], "justdial": [56.633748], "jagranimages": [], "pubmatic": [54.0474733333], "rubiconproject": [53.6068583333, 129.1224923333, 129.0018286667, 55.3326423333, 91.5448126667, 61.586161, 129.1475583333], "agoda": [48.5933313333, 104.1830843333], "akamaihd": [60.3253963333, 60.1061483333, 60.700077], "bbci": [129.1768596667, 88.4605356667, 85.7374816667], "rediff": [54.5412313333, 50.7243476667], "nta": [58.6147393333, 60.3253963333], "herbalifenutrition": [94.1072606667], "serving-sys": [60.0217256667, 65.1406016667], "nike": [109.8713556667, 104.1247503333, 54.172219, 104.0280066667, 103.2253406667, 106.137978, 110.1298633333, 104.2092213333, 103.3812706667, 109.7534093333, 106.3374, 104.1939616667], "onelink": [26.0494426667, 26.300459, 27.5471013333, 27.2784933333], "naukri": [88.4112936667], "airtel": [58.3568626667, 60.700077], "tvid": [88.601695], "akamaized": [60.2218256667, 58.6498053333, 61.2714466667, 58.2167033333, 60.700077, 60.0217256667, 60.007052, 65.1406016667, 60.2650873333, 60.379181], "zee5": [], "licdn": [60.0217256667, 58.071125], "clmbtech": [110.0567143333, 55.0234756667, 54.6999543333, 104.1247503333], "leadsquared": [51.312532, 54.0241223333], "gst": [], "goodreturns": [0.7944663333, 0.772096], "adobedtm": [123.453459], "economictimes": [95.330153], "tatadigital": [54.7206123333, 53.637361, 51.9267823333, 54.5412313333], "etsy": [1.25009, 0.7965623333, 1.0058566667, 0.975409], "godaddy": [281.9376053333], "turn": [267.3989533333, 203.0619033333], "sharethis": [54.0540586667, 53.6141753333], "jagranjosh": [90.8892763333, 1.8386556667], "mzstatic": [77.6256886667, 126.179861, 54.1404536667], "moatads": [52.276766, 57.7230243333], "nativeplanet": [0.7763206667, 0.8267583333], "hansel": [60.0217256667, 60.3253963333], "loksatta": [48.563726, 88.5469306667], "haptikapi": [58.7056846667, 60.402352], "nxstatic": [54.6999543333, 53.5203843333], "oneindia": [0.827209, 0.812801], "everesttech": [], "paytm": [53.2800706667, 77.4052983333, 60.3253963333, 91.6486656667, 58.6147393333], "5paisa": [124.1223776667, 125.0021123333], "dmcdn": [210.833835, 217.0700496667], "livemint": [91.5148896667, 58.3568626667, 58.2371086667], "pharmeasy": [57.5113386667, 54.7206123333, 51.9267823333, 54.5412313333], "paisabazaar": [85.844661], "s3waas": [60.0217256667, 61.2714466667], "dailyhunt": [53.5203843333, 61.2714466667, 60.3253963333, 51.9267823333], "croma": [51.1858823333, 57.279094, 51.367213, 56.704894], "addthis": [54.1870983333, 88.4982536667, 77.3600246667], "mayoclinic": [54.5484736667, 57.1544166667], "indianexpress": [48.563726, 88.5469306667], "dinamalar": [88.5067473333, 54.6874803333], "gizbot": [0.7971346667, 0.7674566667], "bilibili": [79.5130506667, 50.246597, 119.7493966667], "ndtvimg": [57.2668883333], "htmedia": [91.5148896667], "netcoresmartech": [60.402352, 61.903768, 63.8462996667, 60.1061483333], "intoday": [58.071125, 61.2714466667], "oneplus": [2.382942], "cardekho": [63.8462996667, 58.7056846667], "weather": [95.0658066667], "axisbank": [137.905556], "teads": [54.578066], "mca": [], "incometax": [], "myherbalife": [48.7792483333, 85.6971353333], "cricbuzz": [1.492894, 53.5203843333, 54.5412313333], "sportz": [56.783802, 57.403333], "gaadicdn": [58.071125, 61.2714466667], "connecto": [63.8462996667, 60.379181], "kuikr": [48.5883753333, 91.6565286667], "quikr": [138.008189], "pinterest": [54.587247], "site": [56.704894, 57.1544166667], "digialm": [77.5645076667, 54.8289303333], "magicbricks": [51.344858], "appsflyer": [58.2371086667, 65.1406016667], "amazon": [77.349911, 54.740612, 119.2147663333, 120.474334, 121.5017823333], "zeenews": [58.6498053333, 60.1797436667], "99acres": [130.7448216667, 124.4222853333], "spotxchange": [48.5240556667, 50.4609393333], "singular": [58.3568626667, 58.071125, 60.3253963333, 60.379181], "etsystatic": [61.6226316667, 60.379181], "smartadserver": [138.5996926667, 138.5932423333, 138.6868856667, 138.570406, 138.710138, 138.5913003333], "prokerala": [0.7490316667, 0.752757, 53.637361, 51.4864033333, 0.803512], "langimg": [60.4946723333], "bluekai": [106.239202], "media": [48.6018886667, 56.6521063333, 48.6639246667], "typekit": [58.2371086667, 58.071125, 59.552493, 60.379181], "apple": [91.5038633333, 49.1418535], "tiktok": [77.3723233333, 56.7188803333], "yodasoft": [1.2461593333, 1.1850506667], "cbse": [], "uacdn": [60.3253963333, 61.2714466667], "moatpixel": [52.276766], "addons": [230.8853403333], "addthisedge": [77.3600246667], "growthrx": [60.4946723333, 106.3676593333, 109.829361], "toiimg": [54.5412313333, 54.0924313333], "naukimg": [51.3537456667], "ambitionbox": [], "icicibank": [3.877557], "azureedge": [61.903768, 61.2714466667], "pinimg": [51.5572606667], "sonyliv": [55.0234756667, 56.704894], "jagran": [1.313792], "tcsion": [51.312532, 54.5412313333], "fastclick": [91.3543146667], "adpushup": [61.903768, 65.1406016667], "fcglcdn": [57.0202096667, 51.3721073333], "opstatics": [54.2539946667, 51.2409983333, 57.5113386667, 53.177623], "stickyadstv": [65.1406016667, 60.402352], "jiocinema": [59.5386073333, 54.5484736667], "jansatta": [88.5469306667], "zupee": [59.5386073333, 54.5484736667], "vivo": [], "cxense": [54.5153903333], "bing": [106.018877, 104.1247503333, 104.0020203333, 104.0280066667, 110.0567143333, 104.0193813333, 103.3171133333, 106.300693, 106.2310296667], "6sc": [91.395433, 92.1723023333], "nikecdn": [106.300693, 104.2493973333], "mathtag": [57.3134936667]}