{"akstat": [17.873275], "outbrain": [26.4451363333, 1.6291956667, 1.8327773333], "adform": [18.3847983333, 18.289078], "gaanacdn": [29.814764, 35.9414076667, 20.582711, 15.343728, 20.3141983333], "flixcart": [2.4016666667, 19.8952483333, 1.6311726667], "lemnisk": [38.4995893333, 19.9184746667, 2.082971], "optimizely": [18.4605886667, 25.9092143333, 18.564533], "shiksha": [146.7533003333, 144.284396], "yotpo": [49.4544373333], "samsung": [22.7118963333], "voot": [18.5497826667, 22.7166396667, 15.359288, 18.5858726667, 18.4032853333, 18.3047656667, 56.5190626667, 18.406407, 22.625933, 22.719568, 18.5582666667, 22.8289073333, 16.9156186667, 22.700189, 18.453821, 18.4099436667, 1.7508386667, 22.1780233333, 18.493657, 18.1743723333, 18.3976563333, 18.4935103333, 1.4655626667, 18.1243016667], "haryanakranti": [4.1845593333, 5.468579], "casalemedia": [116.8219033333], "fnp": [17.1673076667, 18.294001, 29.465146], "go-mpulse": [17.4202773333, 31.7725496667], "doubleverify": [1.3515246667], "abplive": [29.814668, 29.814764, 17.1300376667, 20.74207, 17.1487166667, 15.4592046667, 20.7137423333, 25.1455003333], "bikedekho": [], "news18": [18.1689943333, 2.4481, 33.3259623333, 28.0583436667], "drivespark": [0.7722316667, 0.730107], "unacademy": [44.406449, 32.92421, 19.828015, 29.814764], "bbc": [1.8357293333, 33.5794], "herzindagi": [1.8386556667], "reliancedigital": [], "mxradon": [36.8565703333, 20.6971913333], "cloudinary": [20.6584316667], "gadgetsnow": [13.7250166667], "livehindustan": [18.417007, 33.0533236667], "bankbazaar": [18.887103, 1.098528, 18.117359], "norton": [20.3107803333], "indiatimes": [15.6156376667, 21.642122, 33.584113, 22.1861836667, 20.680546, 21.5073963333, 20.037471, 21.3585273333, 18.064096, 21.3621686667, 18.558335, 21.3479846667], "hindustantimes": [20.5806823333, 20.8367486667, 29.814764, 21.5192803333, 15.343728], "geeksforgeeks": [], "goindigo": [], "tripadvisor": [0.755188, 0.9706503333, 1.2253713333, 1.0163633333], "justdial": [18.0137203333], "jagranimages": [], "pubmatic": [24.511251], "rubiconproject": [129.1224923333, 129.0018286667, 55.3326423333, 21.841261, 21.320378, 61.586161, 1.1011156667, 129.1475583333], "agoda": [17.9412883333, 12.4377596667, 19.7895386667], "akamaihd": [20.7137423333, 20.74207], "bbci": [25.753117, 34.2031063333, 1.8357293333, 33.5794], "rediff": [19.6704963333, 4.789323, 24.3655353333, 33.2700843333, 17.222256, 4.1602963333], "nta": [24.6867303333, 33.240249], "herbalifenutrition": [20.4205656667], "serving-sys": [37.115976, 24.5163156667], "nike": [18.4099436667, 29.7609743333, 20.6216156667, 17.1444013333, 26.6576293333, 18.5096696667], "onelink": [0.7627396667, 1.0415173333, 0.9693393333, 0.9984656667], "naukri": [19.6305246667], "airtel": [17.1487166667, 20.0798656667], "tvid": [19.09957], "akamaized": [20.445184, 20.74207, 22.7564936667, 4.2497016667, 20.7137423333, 4.3150036667, 20.1890973333, 33.512583, 32.1627703333, 36.292833], "zee5": [29.7760156667, 15.4795513333, 16.5369173333, 16.642748], "licdn": [33.3259623333, 34.3931533333], "clmbtech": [25.2727346667, 22.625933, 18.3859723333, 19.849431], "leadsquared": [23.97967, 22.743186], "gst": [24.1376676667], "goodreturns": [0.7944663333, 0.772096], "adobedtm": [29.8150006667], "economictimes": [33.584113], "tatadigital": [42.3739966667, 16.820241, 21.542987, 35.9414076667], "etsy": [1.0058566667, 0.7965623333, 1.25009, 0.975409], "godaddy": [281.9376053333], "turn": [203.0619033333], "sharethis": [17.8975823333, 17.6902076667], "jagranjosh": [2.0667893333, 1.8386556667], "mzstatic": [18.3999756667, 1.532536, 4.4423723333, 36.1415843333], "moatads": [34.2867796667], "nativeplanet": [0.7763206667, 0.8267583333], "hansel": [22.9850886667, 31.777431], "loksatta": [24.9880796667, 22.784925], "haptikapi": [15.4664986667, 31.7364393333], "nxstatic": [4.0929163333, 4.0918633333], "oneindia": [0.827209, 0.812801], "everesttech": [], "paytm": [22.846804, 21.5013326667, 20.74207, 17.9372786667, 20.7137423333], "5paisa": [48.0622966667, 58.8963603333], "dmcdn": [34.8707436667, 15.7326086667], "livemint": [44.406449, 22.3788643333, 16.9526683333], "pharmeasy": [1.471351, 1.6803543333, 1.716959, 23.97967, 33.5316786667], "paisabazaar": [24.5514096667], "s3waas": [22.8637196667, 22.1148003333], "dailyhunt": [17.0655283333, 11.9563633333, 21.8229193333, 16.9694823333, 17.1522376667, 20.74207, 17.289193, 12.3530953333, 20.7137423333, 12.369329, 17.2140526667], "croma": [19.189812, 21.1786926667, 17.9808126667], "addthis": [12.669132, 18.5633626667, 19.6671316667], "mayoclinic": [4.0918633333, 5.828747], "indianexpress": [18.4310743333, 22.784925], "dinamalar": [1.5659063333, 17.2467243333], "gizbot": [0.7971346667, 0.7674566667], "bilibili": [79.5130506667, 50.246597, 119.7493966667], "ndtvimg": [16.815382], "htmedia": [21.338783], "netcoresmartech": [18.1689943333, 16.8784276667, 25.026395, 25.2150343333], "intoday": [20.7137423333, 20.74207], "oneplus": [2.382942], "cardekho": [20.7137423333, 20.74207], "weather": [1.9635556667], "axisbank": [1.1178873333], "teads": [17.7697836667, 16.6308876667], "mca": [], "incometax": [16.9599233333, 21.85117], "myherbalife": [25.588818, 17.1855846667], "cricbuzz": [16.795715, 1.492894, 20.0885743333], "sportz": [19.10953, 17.9386593333], "gaadicdn": [20.7137423333, 20.74207], "connecto": [18.2161723333, 17.9901186667], "kuikr": [36.4374666667, 32.9705193333, 28.089054], "quikr": [48.4270293333], "pinterest": [16.6483973333], "site": [19.9266293333, 19.849431], "digialm": [20.4010876667, 24.5206], "magicbricks": [18.428825], "appsflyer": [25.579837, 21.4943976667], "amazon": [16.63774, 19.669264, 119.2147663333, 120.474334, 121.5017823333], "zeenews": [16.60491, 19.7852513333], "99acres": [283.9852486667, 308.0664193333], "spotxchange": [48.5240556667, 50.4609393333], "singular": [20.445184, 29.8895363333, 20.620562, 24.2914143333], "etsystatic": [20.7137423333, 20.74207], "smartadserver": [], "prokerala": [0.7490316667, 0.752757, 19.669264, 26.6576293333, 0.803512], "langimg": [15.6156376667], "bluekai": [18.177342, 18.619787], "media": [20.491068, 21.8064626667], "typekit": [20.7137423333, 33.5512576667, 17.2203876667, 20.74207], "apple": [17.4006983333, 49.1418535], "tiktok": [20.138575, 22.743186], "yodasoft": [1.1850506667, 1.2461593333], "cbse": [], "uacdn": [20.7137423333, 20.74207], "moatpixel": [12.197981], "addons": [230.8853403333], "addthisedge": [1.730575], "growthrx": [15.6156376667, 21.3479846667, 29.447643], "toiimg": [24.458431, 19.0812613333], "naukimg": [17.190582], "ambitionbox": [165.7864963333, 171.5610423333], "icicibank": [3.877557], "azureedge": [31.744332, 21.5023333333], "pinimg": [16.6483973333], "sonyliv": [22.7619763333, 18.6023316667], "jagran": [1.313792], "tcsion": [25.3021916667, 20.6971913333], "fastclick": [16.8427573333], "adpushup": [20.7137423333, 20.74207], "fcglcdn": [16.795715, 21.244191], "opstatics": [21.706436, 18.62947, 18.589787, 25.9162936667], "stickyadstv": [20.7137423333, 20.74207], "jiocinema": [4.080706, 4.3242806667], "jansatta": [17.862931], "zupee": [24.5209756667, 20.0973306667], "vivo": [26.9165303333, 31.7364393333], "cxense": [20.999952], "bing": [20.4010876667, 19.669264, 25.3021916667, 19.826235, 29.7920693333, 25.0995143333, 20.0272923333, 24.6657453333, 25.270233], "6sc": [17.918803, 23.8399946667], "nikecdn": [31.7451806667, 16.9293106667], "mathtag": [19.9218053333]}