{"akstat": [322.9876633333, 329.0740713333], "outbrain": [331.9602086667, 319.476664], "adform": [356.9950513333, 356.2691366667], "gaanacdn": [360.709362, 332.0504576667, 329.4674783333, 326.0866483333, 327.547606], "flixcart": [327.2004203333, 324.3940596667], "lemnisk": [360.05058], "optimizely": [356.5207356667, 374.464953, 334.9234663333, 356.281299], "shiksha": [231.000547, 230.778454], "yotpo": [359.181474], "samsung": [], "voot": [321.737702, 323.4136876667, 335.7233603333, 340.5476076667, 327.7445653333, 322.525529, 324.0935143333, 326.809051, 324.1900856667, 322.6348283333, 333.5875966667, 328.1705623333, 326.4365013333, 317.040016, 328.3963773333, 359.7544046667, 329.0067656667], "haryanakranti": [], "casalemedia": [266.167141], "fnp": [324.065483, 339.80292], "go-mpulse": [329.0740713333], "doubleverify": [1.7564323333], "abplive": [333.743087, 323.5345273333, 329.0044683333, 326.3947133333, 323.3665603333, 323.4739006667, 328.4275626667, 329.074193], "bikedekho": [], "news18": [332.3973803333, 331.369113, 326.4086633333, 329.7403986667, 359.6099673333], "drivespark": [0.7722316667, 0.730107], "unacademy": [322.6163805, 329.2343706667, 329.859237, 323.953205], "bbc": [330.5759676667, 327.298604, 385.8972223333], "herzindagi": [1.8386556667], "reliancedigital": [], "mxradon": [331.2393213333, 330.6762656667], "cloudinary": [0.7252696667, 0.7600576667], "gadgetsnow": [324.6643273333], "livehindustan": [324.7355443333], "bankbazaar": [322.7671313333, 360.240052], "norton": [384.9608363333], "indiatimes": [357.169141, 357.7665546667, 326.5606446667, 386.992181, 330.6020046667, 324.731218, 357.9792493333, 357.9917093333, 359.68272, 327.721295, 378.50896, 356.4637626667], "hindustantimes": [357.1660563333, 330.3805383333, 359.430311, 360.837459, 331.2448966667], "geeksforgeeks": [], "goindigo": [], "tripadvisor": [0.9706503333, 0.755188, 1.2253713333, 1.0163633333], "justdial": [356.21771], "jagranimages": [], "pubmatic": [327.9373896667], "rubiconproject": [195.6072976667, 195.741858, 194.2965156667, 359.987046, 194.105368, 195.6434853333, 194.2812113333, 195.3203816667, 195.6488433333, 194.297882, 194.143463, 194.3546963333, 197.0800666667, 55.3326423333, 329.877205, 194.298236], "agoda": [331.392701], "akamaihd": [326.8901423333, 325.6033893333, 322.959841, 330.6696443333], "bbci": [358.0706783333, 356.9063256667, 385.8972223333], "rediff": [356.247168, 331.986178, 324.0935143333, 359.3953103333], "nta": [330.0098073333, 329.849484], "herbalifenutrition": [356.288524], "serving-sys": [330.0828323333, 330.828942], "nike": [330.0821006667, 329.0823673333, 332.2162286667, 334.7767876667, 324.674528, 323.9279363333, 324.6703256667, 357.9544206667, 332.104104, 323.166465, 323.9797133333, 325.504147], "onelink": [183.4970376667, 183.459499, 183.538259, 183.6343216667], "naukri": [325.4864666667], "airtel": [324.8179043333], "tvid": [331.373449], "akamaized": [328.2858516667, 329.101344, 356.3548566667, 330.3805383333, 330.169458, 325.623259, 357.205185, 330.619391, 357.3898793333, 334.8335193333, 360.207435, 331.899354, 323.2434536667, 331.3320536667, 360.6872633333], "zee5": [331.9617073333, 322.9009976667, 326.3008853333, 326.002076, 328.9150583333, 333.1013333333, 328.5816163333, 333.1444303333, 321.827413, 328.745139, 321.742291], "licdn": [328.3075046667, 329.2937353333], "clmbtech": [330.6367443333, 331.2832006667, 324.747453, 329.786674], "leadsquared": [356.8485363333, 357.3175226667], "gst": [], "goodreturns": [0.7944663333, 0.772096], "adobedtm": [374.737146], "economictimes": [357.3773976667], "tatadigital": [331.316272, 327.6128873333, 330.3704916667, 329.0067656667], "etsy": [], "godaddy": [281.9376053333], "turn": [211.9093563333, 211.7950893333], "sharethis": [329.1085033333, 334.1461526667], "jagranjosh": [1.8386556667, 329.7564363333], "mzstatic": [374.511949, 335.7456973333, 358.3462606667], "moatads": [324.133739], "nativeplanet": [0.7763206667, 0.8267583333], "hansel": [322.6163805, 323.4739006667], "loksatta": [383.639231, 333.7634563333], "haptikapi": [357.3898793333, 357.1080083333], "nxstatic": [324.730475, 324.5813196667], "oneindia": [0.827209, 0.812801], "everesttech": [], "paytm": [378.8168513333, 323.99626, 321.827413, 323.2434536667, 374.6723363333], "5paisa": [135.1385046667, 135.228143], "dmcdn": [], "livemint": [329.2681203333, 359.430311, 328.3050956667], "pharmeasy": [332.0504576667, 328.1705623333, 323.287673, 333.1738326667], "paisabazaar": [357.1294696667], "s3waas": [329.2681203333, 327.6285713333], "dailyhunt": [324.7032793333, 328.1967905], "croma": [331.3557446667, 325.525777], "addthis": [327.5175356667, 360.0276856667], "mayoclinic": [323.910071], "indianexpress": [328.3015513333], "dinamalar": [360.6332673333, 334.3423043333, 328.309084], "gizbot": [], "bilibili": [50.246597, 79.5130506667, 119.7493966667], "ndtvimg": [322.856798], "htmedia": [356.9949833333], "netcoresmartech": [330.3547573333, 324.7553013333, 332.3325403333, 323.884948], "intoday": [328.172739, 329.6775506667], "oneplus": [2.382942], "cardekho": [327.6285713333, 328.9415586667], "weather": [358.032383], "axisbank": [365.8266076667], "teads": [384.3788906667, 331.4011263333], "mca": [], "incometax": [0.8479746667, 1.122386], "myherbalife": [323.9569566667, 357.3964403333], "cricbuzz": [335.647165, 1.492894, 324.747453], "sportz": [332.7895783333], "gaadicdn": [327.5911293333, 329.074193], "connecto": [323.953205, 323.884948], "kuikr": [359.1056386667, 334.9211673333, 332.4825726667], "quikr": [365.204545], "pinterest": [357.1353616667], "site": [334.1461526667, 331.3348405], "digialm": [328.1705623333, 326.0475425], "magicbricks": [331.373449], "appsflyer": [327.2315396667], "amazon": [326.8825063333, 328.2161493333, 119.2147663333, 120.474334, 121.5017823333], "zeenews": [328.5816163333, 322.8839473333], "99acres": [254.589668, 229.5315536667], "spotxchange": [243.1295573333, 244.465894], "singular": [360.2349376667, 328.450303, 357.4524003333, 328.3050956667], "etsystatic": [360.4689223333], "smartadserver": [244.4401173333, 238.3530753333, 236.1272036667, 238.6508666667, 241.0202873333, 236.0627296667], "prokerala": [0.7490316667, 0.752757, 329.812703, 328.3025023333, 0.803512], "langimg": [377.7427786667], "bluekai": [404.722222], "media": [322.956404, 356.2190553333], "typekit": [323.2101756667, 334.8718, 332.108294], "apple": [357.2979323333, 49.1418535], "tiktok": [358.3267783333, 359.08073, 360.8724733333, 360.2552493333], "yodasoft": [1.2461593333, 1.1850506667], "cbse": [], "uacdn": [332.08363, 334.8335193333], "moatpixel": [324.133739], "addons": [230.8853403333], "addthisedge": [327.5175356667], "growthrx": [377.7427786667, 327.7445653333, 323.287673], "toiimg": [358.0656466667, 358.3267783333], "naukimg": [325.4864666667], "ambitionbox": [270.5233756667, 244.5217656667], "icicibank": [3.877557], "azureedge": [331.199209, 330.0928226667], "pinimg": [343.3768043333], "sonyliv": [331.3557446667, 324.747453], "jagran": [1.313792], "tcsion": [328.815065, 330.454524], "fastclick": [], "adpushup": [328.172739, 332.3325403333], "fcglcdn": [331.986178, 326.002076], "opstatics": [323.3822353333, 327.267879], "stickyadstv": [288.204517, 288.421089], "jiocinema": [327.415354, 330.007599], "jansatta": [357.0627146667], "zupee": [333.3108876667, 326.002076], "vivo": [323.2434536667, 321.8753253333], "cxense": [385.744664], "bing": [332.104104, 324.674528], "6sc": [328.281845, 334.0072366667], "nikecdn": [324.0935143333, 333.1738326667], "mathtag": [326.578227]}