{"goodporn": [145.8364966667, 83.7649136667], "tmdb": [51.8639303333], "shortpixel": [117.5408523333], "screener": [116.1088666667], "b-cdn": [117.5408523333], "automatad": [0.1071303333], "mydesi2": [0.1071303333], "plausible": [0.1071303333], "survicate": [0.1071303333], "unibots": [0.1071303333], "sumo": [0.1071303333], "unibotscdn": [0.1071303333]}