{"goodporn": [228.4595806667, 341.8797873333], "tmdb": [231.9031153333], "shortpixel": [341.8797873333], "screener": [228.4344556667], "b-cdn": [341.8797873333], "automatad": [341.8797873333], "mydesi2": [235.9155983333], "plausible": [341.8797873333], "survicate": [341.8797873333], "unibots": [228.4344556667], "sumo": [341.8797873333], "unibotscdn": [228.4344556667]}