{"goodporn": [58.6088336667, 1.6002206667], "tmdb": [128.431368, 128.4739853333, 128.434904, 128.4564783333], "shortpixel": [1.6002206667], "screener": [1.6002206667], "b-cdn": [1.617038], "automatad": [1.6002206667], "mydesi2": [52.2109863333], "plausible": [1.6002206667], "survicate": [1.617038], "unibots": [57.005691], "sumo": [1.6002206667], "unibotscdn": [83.2976103333]}