{"goodporn": [121.145544, 121.187408], "tmdb": [121.110014], "shortpixel": [121.1465893333], "screener": [121.2125463333], "b-cdn": [121.2618483333], "automatad": [0.1071303333], "mydesi2": [53.7566936667], "plausible": [0.1071303333], "survicate": [121.1465893333, 0.1071303333], "unibots": [121.2976646667], "sumo": [0.1071303333], "unibotscdn": [121.2332353333]}