{"goodporn": [78.1980826667, 1.6002206667], "tmdb": [51.8580213333], "shortpixel": [1.6002206667], "screener": [1.6002206667], "b-cdn": [1.617038], "automatad": [1.6002206667], "mydesi2": [51.627816], "plausible": [1.6002206667], "survicate": [1.617038], "unibots": [78.1980826667], "sumo": [1.6002206667], "unibotscdn": [55.170141]}