{"xvideos-cdn": [56.1775353333, 48.5820226667, 55.7773366667, 54.176444, 48.464907, 54.6919556667, 51.3590583333, 80.6310383333, 51.0358603333, 58.475056, 58.1627003333, 51.3809106667, 51.3677873333], "tmdb": [51.8580213333], "b-cdn": [83.2976103333, 1.617038, 58.5032036667], "mydesi2": [51.627816], "cdn77": [55.6401353333, 55.2860096667, 56.927046, 51.3177903333, 60.9707283333, 56.776495, 50.7325536667, 55.2178616667], "sb-cd": [60.290989], "aj2550": [60.6392796667, 85.4061106667, 55.3143666667, 60.9707283333, 51.2306253333, 63.0662243333, 50.7325536667, 63.07029], "exosrv": [60.6392796667, 55.2860096667, 55.6401353333, 51.6207406667, 56.927046, 85.4061106667, 54.3742053333, 55.3143666667, 60.9707283333, 50.7325536667, 63.07029], "goodporn": [78.1980826667], "realsrv": [60.6392796667, 54.3742053333, 55.3143666667, 51.2306253333, 63.0662243333, 55.2178616667, 50.7325536667, 63.07029], "unibots": [78.1980826667], "unibotscdn": [55.170141], "xadsmart": [126.666095], "plausible": [1.6002206667], "cn77nd": [25.8559153333], "xnxx-cdn": [56.1775353333, 55.7773366667, 57.75843, 48.464907, 54.277368, 54.6919556667, 48.885058, 58.1627003333, 54.0842943333, 58.475056, 51.3809106667, 50.8054273333, 51.3677873333], "ibcstack": [60.6392796667, 55.2860096667, 51.2306253333, 54.3742053333, 51.3177903333, 50.7325536667, 55.2178616667, 63.07029], "displayvertising": [126.8544843333]}