{"xvideos-cdn": [], "tmdb": [52.2681933333], "b-cdn": [42.7756043333, 51.8639303333, 58.0819173333], "mydesi2": [60.6915266667], "cdn77": [60.6392796667, 55.6401353333, 55.2860096667, 56.927046, 54.3742053333, 55.3143666667, 50.7325536667, 55.2178616667], "sb-cd": [57.1940906667], "aj2550": [60.6392796667, 55.2860096667, 55.6401353333, 51.6207406667, 54.3742053333, 55.3143666667, 51.2306253333, 55.2178616667], "exosrv": [60.6392796667, 55.6401353333, 51.6207406667, 56.927046, 54.3742053333, 55.3143666667, 51.3177903333, 60.9707283333, 56.776495, 50.7325536667, 63.0662243333, 55.2178616667], "goodporn": [51.3271676667], "realsrv": [60.6392796667, 85.4061106667, 55.3143666667, 60.9707283333, 51.2306253333, 63.0662243333, 50.7325536667, 63.07029], "unibots": [53.7566936667], "unibotscdn": [61.400306], "xadsmart": [126.666095], "plausible": [42.7756043333], "cn77nd": [], "xnxx-cdn": [], "ibcstack": [60.6392796667, 55.6401353333, 55.2860096667, 51.6207406667, 85.4061106667, 55.3143666667, 60.9707283333, 51.2306253333], "displayvertising": [126.8544843333]}