{"xvideos-cdn": [56.1775353333, 48.5820226667, 57.75843, 57.4227376667, 83.6250676667, 77.7314093333, 51.3590583333, 80.6310383333, 58.1627003333, 58.475056, 63.079773, 50.8054273333, 51.3677873333], "tmdb": [128.4739853333, 128.431368, 128.4564783333, 128.434904], "b-cdn": [58.0819173333, 1.617038, 57.358706], "mydesi2": [52.2109863333], "cdn77": [55.2860096667, 55.6401353333, 51.2306253333, 85.4061106667, 51.3177903333, 60.9707283333, 56.776495, 50.7325536667], "sb-cd": [57.5375993333], "aj2550": [60.6392796667, 51.6207406667, 56.927046, 54.3742053333, 55.3143666667, 63.0662243333, 55.2178616667, 63.07029], "exosrv": [60.6392796667, 55.6401353333, 51.6207406667, 56.927046, 85.4061106667, 54.3742053333, 55.3143666667, 60.9707283333, 50.7325536667, 63.0662243333, 63.07029], "goodporn": [58.6088336667], "realsrv": [60.6392796667, 51.2306253333, 55.3143666667, 60.9707283333, 50.7325536667, 63.0662243333, 55.2178616667, 63.07029], "unibots": [57.005691], "unibotscdn": [83.2976103333], "xadsmart": [126.666095], "plausible": [1.6002206667], "cn77nd": [25.8559153333], "xnxx-cdn": [48.5820226667, 57.75843, 57.4227376667, 48.464907, 54.277368, 54.6919556667, 51.1667506667, 57.4977913333, 54.0842943333, 63.079773, 50.8054273333, 106.532812, 51.3677873333], "ibcstack": [60.6392796667, 55.2860096667, 55.6401353333, 51.6207406667, 56.927046, 85.4061106667, 54.3742053333, 51.3177903333], "displayvertising": [126.8544843333]}