{"xvideos-cdn": [121.1056803333, 121.231662, 121.3034626667, 121.1868733333], "tmdb": [121.110014], "b-cdn": [121.110014, 121.2618483333, 61.0072426667], "mydesi2": [53.7566936667], "cdn77": [121.2393966667, 121.223754, 121.138078, 121.17066, 121.2407893333], "sb-cd": [121.1700406667], "aj2550": [121.146319, 121.1546246667, 121.2804726667, 121.138078, 121.17066], "exosrv": [121.2393966667, 121.146319, 121.1546246667, 121.138078, 121.17066, 0.1071303333], "goodporn": [121.187408], "realsrv": [121.223754, 121.138078, 121.2804726667, 121.2407893333, 121.187438], "unibots": [121.2976646667], "unibotscdn": [121.2332353333], "xadsmart": [0.1071303333], "plausible": [0.1071303333], "cn77nd": [121.223754, 121.138078, 121.2804726667, 121.2407893333, 121.187438], "xnxx-cdn": [121.1056803333, 121.231662, 121.1827646667, 121.1721663333], "ibcstack": [121.223754, 121.1546246667, 121.2804726667, 121.187438, 121.2832703333], "displayvertising": [0.1071303333]}