{"xvideos-cdn": [316.3407383333, 316.6640986667], "tmdb": [231.9031153333], "b-cdn": [227.4806653333, 341.8797873333, 224.885932], "mydesi2": [235.9155983333], "cdn77": [226.398027, 228.0572696667], "sb-cd": [229.1213953333], "aj2550": [196.6012193333, 199.7126643333], "exosrv": [332.282161, 328.3868053333, 321.9805846667], "goodporn": [228.4595806667], "realsrv": [332.282161, 328.3868053333], "unibots": [228.4344556667], "unibotscdn": [228.4344556667], "xadsmart": [126.666095], "plausible": [341.8797873333], "cn77nd": [363.702036], "xnxx-cdn": [316.3921073333, 341.3785326667, 319.3641693333, 316.3487656667, 316.3407383333, 335.0780856667, 316.6640986667, 320.809372, 324.5495043333, 320.484598], "ibcstack": [317.9923083333, 328.3868053333], "displayvertising": [126.8544843333]}