{"ctfassets": [0.898951, 0.881184, 0.934123, 0.8845983333], "sdlcdn": [1.0145666667, 1.6119303333, 0.795912, 1.5286743333, 1.6453246667, 1.5854233333, 0.777288, 1.219209], "confirmtkt": [0.991097, 1.2585863333, 1.0090966667, 0.974126], "nykaa": [1.0026256667, 0.9973623333, 1.0234696667, 1.2307346667, 1.2362066667, 1.2388806667, 0.989064, 0.9921113333, 1.0070536667, 0.9792913333, 1.2439203333, 1.2333596667], "naikaa": [0.904032, 0.8934186667, 0.8761393333, 0.9243203333], "webengage": [1.0533903333, 0.9042593333, 0.8701873333, 0.9243203333], "tv9telugu": [0.9826313333, 1.0209056667, 1.2245283333, 1.237228], "rudderlabs": [0.9881233333, 0.9641573333, 0.7039793333, 1.0012913333], "gr-assets": [0.974604, 1.1231306667], "adsafeprotected": [0.783973, 0.968437, 0.9930613333, 1.2578646667], "sprinklr": [1.6000436667, 1.5668696667, 1.5720786667, 1.5635503333], "gumlet": [1.0007853333, 0.708079, 0.8085586667, 0.7406123333], "myglamm": [1.296542, 0.7593056667, 1.2678286667, 1.2516366667], "wynk": [1.005287, 1.0640616667, 0.8876916667, 0.876515, 0.970961, 0.8513523333, 0.7136386667, 1.2304143333, 1.1664906667, 0.7735013333, 0.934123, 1.016532, 0.7609073333, 1.029636, 1.024058, 0.725537], "geeksforgeeks": [1.5668696667, 0.912855, 1.715563, 1.581199, 0.922446, 0.9021073333, 1.6648146667, 1.529581, 0.907167, 1.5701743333, 1.6848446667, 1.7102963333], "mfilterit": [0.9933126667, 0.756979, 0.7798783333, 0.709462, 1.0113133333, 0.998844, 1.0774613333, 0.9874496667], "coinmarketcap": [1.3034683333, 1.238099, 0.7965486667, 0.96423, 1.0842296667, 1.256854, 1.2270426667, 1.018012, 0.9831783333, 0.802431, 1.0057636667, 1.0040696667, 0.916938, 0.962097, 0.779584, 1.058662, 1.263536, 0.9581486667, 0.9642816667, 0.761205], "tradingview": [1.5815056667, 0.812686, 0.7931893333, 1.6648146667, 0.7136386667, 0.9891903333, 1.6173183333, 1.63716], "snapdeal": [0.8876916667, 0.9042593333, 0.934123, 0.872589], "aeplcdn": [1.698359, 1.734406, 1.8229443333, 1.788793], "sharethis": [0.8800396667, 0.7252253333, 0.8814203333, 0.7225413333, 0.9635836667, 0.868176, 0.884325, 0.7170693333], "chegg": [0.9658873333, 1.2678286667, 1.2268473333, 0.797149], "rummycircle": [1.239253, 0.802245, 0.991131, 0.7148033333, 1.0147796667, 1.002245, 0.9624603333], "invocacdn": [128.446931, 128.449307, 128.434904, 128.4613916667], "jiomart": [1.355947], "saasexch": [0.9927353333, 1.229506, 1.2219746667, 1.2583113333, 0.7671943333, 0.9826313333, 0.734496, 0.965868], "adda247": [1.6000436667, 1.2230623333, 1.000762, 1.6968, 0.891406, 0.986089, 0.877601, 1.7037826667, 0.9033816667, 0.869768, 1.5653153333, 1.272547, 1.227396, 1.0041256667], "icai": [1.258876, 1.2604523333, 0.7193096667, 0.960805], "tiqcdn": [0.802245, 1.2492716667, 0.74815, 0.982374], "prismic": [0.779584, 1.2468306667, 0.7320426667, 0.7720166667, 0.7358106667, 0.9694026667, 0.777288, 1.2752523333], "ensighten": [1.2422906667, 1.058662, 0.761566, 1.2449836667], "cleartax-cdn": [0.7744203333, 0.991561, 0.9781476667, 0.972776], "pulselive": [0.7622723333, 0.9954843333, 1.2354993333, 0.9953343333, 0.9831783333, 1.223471, 0.761772, 1.0077036667], "byjus": [1.0852823333, 1.010851, 0.9857623333, 0.795912], "winzogames": [0.569869, 0.568174], "storyasset": [0.981978, 0.9798053333, 1.0102666667, 1.254145], "bigbasket": [0.7857853333, 1.0907976667, 0.7315216667, 0.724507], "dwin1": [], "notifyvisitors": [1.2542363333, 0.985827, 1.2362066667, 1.256854], "careerpower": [0.9072006667, 0.9306843333, 0.9053893333, 0.902472, 0.8642226667, 0.9014036667, 0.8951706667, 0.886097], "icc-cricket": [0.6307556667, 0.6177626667], "quantcount": [0.8642226667, 0.884986, 0.8761393333, 0.8814203333], "tv9hindi": [1.171713, 0.7766246667, 1.0057636667, 0.7135593333], "snapmint": [1.2363906667, 0.9907623333, 0.802431, 0.7170693333], "indiatvnews": [1.000762, 1.0528896667, 0.9938246667, 1.0028516667, 0.72882, 0.96588, 1.0062183333, 1.1448573333], "dotmetrics": [0.9283823333, 0.8513523333, 128.4173726667, 0.881184, 128.5368116667, 128.4830026667, 128.468775, 0.8812473333], "inshorts": [0.9999066667, 1.2968016667, 1.232569, 0.9813426667], "scorecardresearch": [0.7539033333, 1.4146486667, 1.030992, 0.987051], "adroll": [0.7616003333, 1.2609023333, 0.779584, 0.997522], "truepush": [1.033336, 0.741709, 1.219209, 0.9902023333], "9appsdownloading": [1.225796, 0.9639106667, 1.2224436667, 0.9850223333], "meritnation": [], "stripe": [1.229506, 0.7078116667, 1.0027153333, 0.9876143333, 1.2334, 1.2488683333, 0.7536636667, 1.2290123333], "liadm": [0.9650996667, 1.0054836667, 1.0012913333, 0.994925], "captcha-delivery": [0.891909, 0.856045, 0.88689, 0.934123], "line-scdn": [1.029146, 0.959944, 1.2298976667, 0.772513], "amazon-adsystem": [0.7143223333], "chartbeat": [0.8984586667], "cltstatic": [0.729127, 0.9867226667, 1.253358, 0.970961], "moengage": [1.2671756667, 0.960805, 0.693435, 1.2241236667], "angelone": [0.7055513333, 1.2498953333, 0.791237, 1.0297313333, 0.7636533333, 1.2224436667, 0.7177366667, 1.2290123333], "osano": [1.5854233333, 1.6666706667, 1.6968, 1.6811406667], "doubtnut": [0.962097, 1.2349296667, 1.790316, 0.7193096667, 0.761205], "bstatic": [0.795912, 1.002476, 0.7121603333, 0.988433, 0.740354, 0.7929363333, 1.2491926667, 0.7708873333], "delhivery": [], "a2z": [], "cheggcdn": [1.0054836667, 0.69742, 1.2286936667, 0.976446], "juspay": [1.2578783333, 0.9899003333, 0.998844, 1.2557363333], "epsilondelta": [0.970916, 0.708104, 0.9983196667, 0.7252253333], "browsee": [1.0787793333, 0.7055513333, 1.0040696667, 0.772513], "bbassets": [], "booking": [0.901634, 1.144493, 0.777288, 1.219209], "jwpsrv": [0.724589, 0.9812236667, 0.995023, 0.702817], "imimg": [0.9983196667, 1.0282183333, 1.002476, 1.267256, 1.033336, 0.986019, 0.965158, 1.060112], "mnimgs": [1.248572, 0.741709, 1.2147396667, 0.9907623333], "epapr": [0.8661453333, 0.8657636667, 0.869768, 0.9243203333], "leadsquaredcdn": [0.989064, 1.2273493333, 1.0428616667, 1.2476866667], "hindustantimes": [1.225796, 0.979675, 0.9933126667, 1.2298976667], "ntnews": [0.9033816667, 0.891073, 0.8808063333, 0.8945933333], "haptikapi": [0.693435, 1.0226806667, 1.0130866667, 0.761772], "nobroker": [1.3463273333], "uidapi": [0.7519243333], "tv9": [0.957954, 0.9930613333, 0.7798783333, 0.9979156667], "a23": [], "servicewebly": [0.869768, 0.9033816667, 0.9092393333, 0.8814203333], "hippofunnygame": [0.9021073333, 0.889569, 0.8861006667, 0.887346], "pw": [0.875124, 0.8671153333], "site24x7rum": [1.2671756667, 0.9231246667, 1.0226806667, 0.7540966667]}