{"bseindia": [1.8338226667, 92.6982053333], "licdn": [2.7734203333], "tutorialspoint": [147.126169], "linkedin": [1.8181273333], "twimg": [124.7770723333, 0.723657], "twitter": [34.3456643333]}