{"bseindia": [92.6997396667, 92.6982053333], "licdn": [92.8015743333], "tutorialspoint": [147.126169], "linkedin": [92.4801013333], "twimg": [92.76033, 92.6883713333], "twitter": [92.555394]}