{"bseindia": [92.6982053333, 197.7025496667], "licdn": [335.645726, 323.953205], "tutorialspoint": [147.126169], "linkedin": [329.3178673333, 326.3008853333], "twimg": [281.8585943333, 331.9962663333], "twitter": [301.883997]}