{"bseindia": [1.8338226667, 92.6982053333], "licdn": [20.7137423333, 20.74207], "tutorialspoint": [147.126169], "linkedin": [20.7137423333, 20.74207], "twimg": [20.6154423333, 0.723657], "twitter": [19.277153]}