{"whatsapp": [322.211348, 376.396377], "facebook": [327.5433786667, 318.0554663333, 323.1957963333], "fbcdn": [132.0256636667, 371.7747176667], "fbsbx": [323.1957963333], "cdninstagram": [322.9871926667]}