{"sentry-cdn": [0.7610456667, 0.982626, 1.266506, 1.2278323333], "nr-data": [0.1071303333], "placed": [0.1071303333], "reddit": [0.970015, 0.9655586667, 168.4223963333, 0.995813, 0.971727, 0.1071303333], "twimg": [170.1793706667, 92.6883713333], "mparticle": [0.1071303333], "revampcdn": [169.8825066667], "tripadvisor": [1.2253713333, 0.9706503333, 169.9675936667, 0.755188, 1.0163633333], "nike": [169.421069], "taboola": [0.1071303333], "redd": [168.4223963333], "redditmedia": [0.970015, 0.9655586667, 168.4223963333, 0.995813, 0.971727], "gumlet": [167.5309623333], "firebaseapp": [1.254908], "scribdassets": [170.8867233333], "dinamalar": [167.5309623333], "zencdn": [170.8328243333], "ispot": [0.1071303333], "newrelic": [0.1071303333], "nytimes": [170.097741], "etsy": [1.0058566667, 0.7965623333, 1.25009, 0.975409], "scribd": [170.8867233333], "polyfill": [0.744994, 0.978944, 171.9864233333, 0.987863, 1.2397286667], "disqus": [0.1071303333, 175.488794], "slideshare": [1.0369636667, 0.787888, 1.357722, 170.8867233333, 1.212288], "lenskart": [1.2555983333, 1.252256], "githubassets": [0.980327, 0.8079466667, 0.9857753333, 0.980962], "ravenjs": [0.7610456667, 0.982626, 1.266506, 1.2278323333], "truecaller": [], "stripe": [167.2876403333], "datas3ntinel": [167.6776756667], "nyt": [170.097741], "braze": [0.1071303333], "slidesharecdn": [170.8867233333], "perfectmarket": [0.1071303333], "redditstatic": [], "pinterest": [124.9913556667], "tacdn": [170.050859], "medallia": [170.2152393333], "imgix": [169.8904513333], "boltdns": [176.050516], "jscache": [], "91wheels": [167.5309623333], "hubvisor": [167.6776756667], "vimeocdn": [167.201589], "sstatic": [0.747003, 0.9679636667, 0.9995853333, 1.3955103333], "clovia": [167.5309623333], "github": [0.1071303333], "speedcurve": [0.1071303333], "chartbeat": [0.1071303333], "croma": [167.7196293333], "bbc": [0.7430783333, 0.717041, 1.2523896667, 1.0054083333], "prismic": [169.8904513333], "jwpltx": [0.1071303333]}