{"sentry-cdn": [0.7610456667, 0.982626, 1.266506, 1.2278323333], "nr-data": [0.843342], "placed": [0.9498193333], "reddit": [0.970015, 0.9655586667, 0.995813, 0.971727, 0.9557183333], "twimg": [20.6154423333, 1.9099426667], "mparticle": [1.0207813333, 0.993181, 130.7678046667, 1.0143803333, 0.7023586667], "revampcdn": [0.7619946667], "tripadvisor": [1.2253713333, 0.755188, 0.9706503333, 0.986408, 1.0163633333], "nike": [1.2112826667], "taboola": [0.7517856667], "redd": [0.9557183333], "redditmedia": [0.970015, 0.9655586667, 0.995813, 0.971727, 0.9557183333], "gumlet": [0.7425633333], "firebaseapp": [1.254908], "scribdassets": [0.984307], "dinamalar": [0.7425633333], "zencdn": [0.7494536667], "ispot": [0.9498193333], "newrelic": [0.960702, 1.2358656667], "nytimes": [1.255211], "etsy": [1.0058566667, 0.7965623333, 1.25009, 0.975409], "scribd": [0.984307], "polyfill": [0.744994, 0.978944, 0.9547663333, 0.987863, 1.2397286667], "disqus": [92.667436], "slideshare": [1.0369636667, 0.787888, 1.357722, 1.212288, 0.984307], "lenskart": [1.2555983333, 1.252256], "githubassets": [0.980327, 0.8079466667, 0.9857753333, 0.980962], "ravenjs": [0.7610456667, 0.982626, 1.266506, 1.2278323333], "truecaller": [], "stripe": [0.7078116667, 1.0027153333, 1.229506, 0.9876143333, 1.2334, 1.2488683333, 0.7536636667, 1.2290123333], "datas3ntinel": [0.9498193333], "nyt": [1.255211], "braze": [0.982807], "slidesharecdn": [0.984307], "perfectmarket": [0.7517856667], "redditstatic": [], "pinterest": [16.6483973333], "tacdn": [0.987775], "medallia": [124.449648], "imgix": [0.995452], "boltdns": [1.2163073333], "jscache": [], "91wheels": [0.7425633333], "hubvisor": [0.9498193333], "vimeocdn": [1.007413], "sstatic": [0.747003, 0.9679636667, 0.9995853333, 1.3955103333], "clovia": [0.7425633333], "github": [213.9019853333], "speedcurve": [0.7494536667], "chartbeat": [0.6851003333], "croma": [20.6971913333, 21.3988676667], "bbc": [0.7430783333, 0.717041, 1.2523896667, 1.0054083333], "prismic": [0.995452], "jwpltx": [15.5939576667]}