{"sentry-cdn": [0.7610456667, 0.982626, 1.266506, 1.2278323333], "nr-data": [1.2388773333], "placed": [51.2764293333], "reddit": [57.231934, 0.970015, 0.9655586667, 0.995813, 0.971727], "twimg": [120.5141316667, 56.159006], "mparticle": [1.0207813333, 63.0745126667, 0.993181, 1.0143803333, 0.7023586667], "revampcdn": [56.438031], "tripadvisor": [1.2253713333, 0.9706503333, 53.0103703333, 0.755188, 1.0163633333], "nike": [79.3819066667], "taboola": [57.5600556667], "redd": [57.231934], "redditmedia": [57.231934, 0.970015, 0.9655586667, 0.995813, 0.971727], "gumlet": [54.9778183333], "firebaseapp": [1.254908], "scribdassets": [49.041311], "dinamalar": [54.9778183333], "zencdn": [79.397549], "ispot": [51.2764293333], "newrelic": [0.960702, 55.8548273333], "nytimes": [53.8518973333], "etsy": [1.25009, 0.7965623333, 1.0058566667, 0.975409], "scribd": [49.041311], "polyfill": [0.744994, 0.978944, 51.3649486667, 0.987863, 1.2397286667], "disqus": [265.969967], "slideshare": [1.0369636667, 0.787888, 49.041311, 1.357722, 1.212288], "lenskart": [1.2555983333, 1.252256], "githubassets": [0.980327, 0.8079466667, 0.9857753333, 0.980962], "ravenjs": [0.982626, 1.266506, 1.2278323333, 0.7610456667], "truecaller": [], "stripe": [23.209496, 23.185833, 23.250749, 23.2711736667, 23.194945, 23.2536733333, 23.264759], "datas3ntinel": [51.2764293333], "nyt": [53.8518973333], "braze": [53.4827603333], "slidesharecdn": [49.041311], "perfectmarket": [57.5600556667], "redditstatic": [], "pinterest": [54.587247], "tacdn": [52.2221366667], "medallia": [63.3473466667], "imgix": [53.8325343333], "boltdns": [54.3908513333], "jscache": [], "91wheels": [54.9778183333], "hubvisor": [51.2764293333], "vimeocdn": [62.861487], "sstatic": [0.9679636667, 0.747003, 1.3955103333, 0.9995853333], "clovia": [54.9778183333], "github": [211.671872], "speedcurve": [79.397549], "chartbeat": [53.464001], "croma": [83.910279], "bbc": [0.717041, 1.2523896667, 0.7430783333, 1.0054083333], "prismic": [53.8325343333], "jwpltx": [51.6004533333]}