{"fullstory": [0.9654276667, 1.3387626667], "tapad": [1.3375063333], "sentry": [235.1866456667, 0.9437263333], "ahagamecenter": [1.3500976667], "openx": [1.3755186667, 1.3626016667, 1.699404, 1.3694073333], "google": [1.2863116667, 1.333254, 1.2865923333, 1.2657826667, 1.776971, 1.3030243333, 1.3786413333, 1.2912926667, 1.3130123333, 1.7421126667, 1.329475, 1.325064, 1.32497, 1.2512933333, 1.3801036667, 1.371355, 0.9416933333, 1.2683206667, 1.3439906667, 1.6849203333, 0.9248786667, 1.331381, 1.3369753333, 1.3472823333, 57.692745, 1.363938, 1.352881, 1.30314], "doubleverify": [1.3515246667], "sharechat": [1.321101, 1.29205], "rtbhouse": [1.3030713333], "youtube": [1.377683, 1.2865923333, 1.2560526667, 1.776971, 1.3030243333, 1.2912926667, 1.2942793333, 1.3130123333, 1.3165236667, 0.9193086667, 1.300705, 1.329475, 1.371355, 0.9098723333, 1.3439906667, 1.3352376667, 1.3456506667, 1.6849203333, 0.9248786667, 1.277471, 1.7815143333, 1.3899786667, 1.3310046667], "sojern": [1.304312], "google-analytics": [1.311488, 1.3049906667], "googlesyndication": [1.3302453333, 1.770339, 1.3386076667, 1.350451, 1.3648363333, 1.2876146667, 1.3212406667, 1.3449333333, 1.3907036667, 1.3463876667, 0.9261583333, 1.7422233333, 1.3097443333], "herzindagi": [1.8386556667], "fwcdn3": [1.3428193333], "instana": [1.3661786667, 1.26674], "imimg": [1.2940236667, 1.274472, 1.3355876667], "impactcdn": [1.70634], "recaptcha": [0.9745966667], "railyatri": [1.394462], "assamcareer": [1.3188023333, 1.787003, 1.3098146667, 1.719032], "quantummetric": [], "snapchat": [1.6807263333], "verloop": [1.3263173333, 1.3329433333], "doubleclick": [1.740087, 1.3246773333, 1.3515633333, 57.838206, 1.7433076667, 1.358092, 55.078007, 83.5652493333, 1.3412296667, 1.3424046667, 1.3220863333, 1.356514, 1.2795816667, 60.1440056667, 1.69437, 1.2551686667], "openxcdn": [1.265578], "flashscore": [0.932816], "googleapis": [1.3775243333, 1.7423146667, 0.9370053333, 1.337332, 1.2820856667, 1.293801, 1.3192526667, 1.660248, 1.6741706667, 1.305415, 1.315501, 1.3473823333, 1.3635393333, 1.336813, 1.27279, 1.3343073333, 1.3625783333, 1.3156993333, 1.3273633333, 1.8164206667, 1.2652946667, 1.309002, 1.3256386667, 1.3487986667, 1.370253, 1.334881, 1.7358143333, 1.7558563333, 1.3196733333, 1.376644, 1.780771, 1.7234636667, 1.3599783333, 1.330529, 1.3097343333, 1.010712, 1.3349173333, 1.2664343333, 1.3249243333, 1.314631, 1.3707956667, 1.7928783333, 1.3246636667, 1.332125, 1.2753253333, 1.3065906667, 0.9142953333, 1.33582, 1.275569, 1.3022146667], "impactradius-event": [1.70634], "myshowpm": [1.3188023333, 1.787003, 1.3098146667, 1.719032], "googleusercontent": [1.328873, 1.3449333333, 0.9648623333, 1.288024], "btloader": [1.345786], "apxor": [0.95921], "gstatic": [1.2776396667, 1.2891046667, 0.9760393333, 230.353956, 0.9435076667, 229.2107846667], "jiomart": [1.355947], "cloudfunctions": [1.330024], "withgoogle": [1.3195136667], "2mdn": [1.3717986667], "juspay": [1.3447356667], "ampproject": [1.378629, 1.3725323333], "drikpanchang": [1.6705266667], "chess": [1.3620016667], "indiamart": [1.3006566667], "jagranjosh": [1.8386556667], "rlcdn": [1.3214313333, 1.336793], "affinity": [1.2814463333, 1.3645156667], "33across": [1.363408], "rdpnt": [1.3566633333], "getrushapp": [0.9506393333, 1.3862336667, 1.3219693333], "blogger": [1.7192556667], "gsecondscreen": [1.3188023333], "px-cloud": [0.9534033333], "nptel": [1.3994606667], "trainman": [1.3586853333], "simpli": [55.2309373333, 55.9402153333, 58.477852], "googletagservices": [], "media": [1.3008923333, 1.3998383333, 1.3151906667], "fwpub1": [1.3579243333], "0wp0usgn": [1.360353], "dailymotion": [1.8113313333], "kampyle": [1.3436833333], "agoda": [1.787003], "cricbuzz": [1.492894], "testbook": [0.8101666667, 0.7193923333, 0.8089716667], "smart": [1.3330593333], "keralalotteries": [1.3188023333, 1.787003, 1.3098146667, 1.719032], "mxpnl": [1.3372213333, 1.2673376667], "eagllwin": [1.6672203333], "visualwebsiteoptimizer": [1.759839], "nobroker": [1.3463273333, 1.7306413333], "blogspot": [1.2876146667, 1.3302453333, 1.7010643333], "solvvy": [1.2994946667], "adsinnov": [58.954287], "mixpanel": [1.432482, 0.9667126667, 1.76949, 1.698555], "4dex": [0.9564386667], "adjetter": [223.3259626667], "cleartrip": [1.2899316667], "scorenga": [0.9247313333], "trackcourier": [1.3188023333, 1.787003, 1.3098146667, 1.719032], "creativecdn": [1.30132], "googleadservices": [1.3626546667, 1.370901], "mookie1": [1.7352723333], "ytimg": [1.67837, 1.2934706667, 1.36301, 1.7426473333, 1.3675173333, 1.308905, 1.3162143333, 1.324018, 1.400577, 1.322236, 1.3421056667, 1.3614246667, 1.3165476667, 0.9507866667, 1.3312663333, 1.3055763333], "techtarget": [1.786504], "mojapp": [1.3460056667], "googleoptimize": [1.3030243333], "keralalotterytoday": [1.3188023333, 1.787003, 1.3098146667, 1.719032], "blogblog": [0.9124736667], "fout": [0.93772], "nih": [1.614177], "rakuten": [0.9270873333], "vodafone": [1.3655476667], "doubtnut": [1.7420026667, 1.790316], "blismedia": [1.3480806667], "jagran": [1.313792], "trafficguard": [1.3121806667], "pix": [1.3218593333], "bidswitch": [122.123812], "linksynergy": [1.3136116667], "tgtag": [1.3169163333], "px-client": [0.9534033333], "ipinfo": [1.4090296667], "getinpix": [0.9387506667], "ml314": [0.963628], "swayam": [1.3188023333, 1.787003, 1.3098146667, 1.719032], "youtube-nocookie": [1.8073766667], "googletagmanager": [1.3119803333], "uber": [0.9226786667], "pdst": [1.3202576667], "translate": [1.3097443333]}