{"fullstory": [0.9654276667, 1.3387626667], "tapad": [1.3375063333], "sentry": [235.1866456667, 0.9437263333], "ahagamecenter": [1.3500976667], "openx": [1.3755186667, 1.3626016667, 1.699404, 1.3694073333], "google": [358.8299346667, 354.2539116667, 354.79765, 353.616613, 358.6318206667, 358.044457, 357.832617, 355.526307, 359.134682, 358.308682, 354.11992, 361.373118, 359.2537616667, 354.016403, 359.154279, 357.6969336667], "doubleverify": [1.7564323333], "sharechat": [1.321101, 1.29205], "rtbhouse": [1.3030713333], "youtube": [354.2539116667, 359.0098096667, 358.6318206667, 359.0240466667, 358.4603393333, 353.9525313333, 359.134682, 354.4759746667, 354.11992, 358.9171253333, 353.6365286667, 359.2537616667, 354.016403, 358.493822, 357.6969336667], "sojern": [1.304312], "google-analytics": [354.565653, 354.6142923333], "googlesyndication": [353.9047293333, 358.627401, 358.4879696667, 354.7278976667], "herzindagi": [1.8386556667], "fwcdn3": [1.3428193333], "instana": [1.3661786667, 1.26674], "imimg": [1.2940236667, 1.274472, 1.3355876667], "impactcdn": [1.70634], "recaptcha": [354.0539], "railyatri": [1.394462], "assamcareer": [1.3188023333, 1.787003, 1.3098146667, 1.719032], "quantummetric": [], "snapchat": [1.6807263333], "verloop": [1.3263173333, 1.3329433333], "doubleclick": [358.8299346667, 358.462941, 353.6984043333, 360.049161, 352.9358513333, 354.4879713333, 353.940122, 353.9047293333, 358.3538386667, 353.689424, 353.2301123333], "openxcdn": [1.265578], "flashscore": [0.932816], "googleapis": [353.0240403333, 354.377621, 359.0654283333, 354.196597, 357.4388493333, 354.3013586667, 358.2620813333, 353.332142, 353.989366, 354.79765, 359.549063, 354.7458973333, 354.5364576667, 354.853783, 359.0896713333, 359.119089, 357.4449963333, 358.93044, 353.4018303333, 355.2754723333, 354.1932903333, 359.631725, 358.163329, 354.3264066667, 353.5231186667, 359.694664, 355.3649926667, 354.2818223333, 353.7920516667, 354.4668643333, 359.6596956667, 357.9865733333, 355.5254193333], "impactradius-event": [1.70634], "myshowpm": [1.3188023333, 1.787003, 1.3098146667, 1.719032], "googleusercontent": [354.2364983333, 358.4879696667, 1.328873, 359.0287996667], "btloader": [1.345786], "apxor": [0.95921], "gstatic": [359.2429696667, 357.832617, 354.1231443333, 260.5050416667, 358.09928], "jiomart": [1.355947], "cloudfunctions": [1.330024], "withgoogle": [355.3493196667], "2mdn": [354.3516896667], "juspay": [1.3447356667], "ampproject": [354.7278976667], "drikpanchang": [1.6705266667], "chess": [1.3620016667], "indiamart": [1.3006566667], "jagranjosh": [1.8386556667], "rlcdn": [1.3214313333, 1.336793], "affinity": [249.6466866667, 1.3645156667], "33across": [1.363408], "rdpnt": [1.3566633333], "getrushapp": [0.9506393333, 1.3862336667, 1.3219693333], "blogger": [354.3337513333], "gsecondscreen": [1.3098146667], "px-cloud": [0.9534033333], "nptel": [354.515696], "trainman": [1.3586853333], "simpli": [], "googletagservices": [], "media": [1.3008923333, 1.3998383333, 1.3151906667], "fwpub1": [1.3579243333], "0wp0usgn": [1.360353], "dailymotion": [323.226025], "kampyle": [1.3436833333], "agoda": [1.787003], "cricbuzz": [1.492894], "testbook": [0.8101666667, 0.7193923333, 0.8089716667], "smart": [1.3330593333], "keralalotteries": [1.3188023333, 1.787003, 1.3098146667, 1.719032], "mxpnl": [1.3372213333, 1.2673376667], "eagllwin": [1.6672203333], "visualwebsiteoptimizer": [1.759839], "nobroker": [1.3463273333, 1.7306413333], "blogspot": [359.3985456667], "solvvy": [1.2994946667], "adsinnov": [], "mixpanel": [1.698555, 1.432482, 1.76949, 0.9667126667], "4dex": [0.9564386667], "adjetter": [223.3259626667], "cleartrip": [1.2899316667], "scorenga": [0.9247313333], "trackcourier": [1.3188023333, 1.787003, 1.3098146667, 1.719032], "creativecdn": [1.30132], "googleadservices": [353.9047293333, 353.517545], "mookie1": [1.7352723333], "ytimg": [359.660023, 358.420438, 354.2781316667, 353.5212663333, 354.840543, 353.4299856667, 354.1718346667, 355.0921106667, 358.0233306667, 353.22059, 354.2364983333, 354.8142506667, 354.779096, 357.7573813333], "techtarget": [1.786504], "mojapp": [1.3460056667], "googleoptimize": [358.4603393333], "keralalotterytoday": [1.3188023333, 1.787003, 1.3098146667, 1.719032], "blogblog": [353.9071413333], "fout": [0.93772], "nih": [1.614177], "rakuten": [0.9270873333], "vodafone": [1.3655476667], "doubtnut": [1.7420026667, 1.790316], "blismedia": [], "jagran": [1.313792], "trafficguard": [1.3121806667], "pix": [1.3218593333], "bidswitch": [233.7102143333], "linksynergy": [1.3136116667], "tgtag": [1.3169163333], "px-client": [0.9534033333], "ipinfo": [1.4090296667], "getinpix": [0.9387506667], "ml314": [0.963628], "swayam": [1.3188023333, 1.787003, 1.3098146667, 1.719032], "youtube-nocookie": [358.4603393333], "googletagmanager": [355.1808843333], "uber": [0.9226786667], "pdst": [1.3202576667], "translate": [358.8806896667]}