{"fullstory": [0.9654276667, 1.3387626667], "tapad": [1.3375063333], "sentry": [235.1866456667, 0.9437263333], "ahagamecenter": [1.3500976667], "openx": [1.3755186667, 1.3626016667, 1.699404, 1.3694073333], "google": [19.671875, 19.9025216667, 26.957677, 22.9161453333, 23.5039496667, 20.2772973333, 27.642743, 20.2620093333, 21.0722883333, 20.7686856667, 1.325064, 22.9700953333, 20.305441, 52.1124153333, 22.5947926667, 1.2683206667, 43.313176, 54.4128203333, 24.832088, 1.3472823333, 20.6866313333, 22.801872, 1.363938, 19.6693003333, 24.549359, 44.139913], "doubleverify": [1.3515246667], "sharechat": [1.321101, 1.29205], "rtbhouse": [1.3030713333], "youtube": [27.8875136667, 19.671875, 19.9025216667, 28.3587106667, 24.5580463333, 22.508329, 23.5039496667, 20.2772973333, 26.6932063333, 34.119667, 20.7686856667, 20.305441, 52.1124153333, 22.740304, 29.241817, 22.5947926667, 19.9632746667, 24.832088, 19.8596423333, 21.5766236667, 22.9117133333, 20.6866313333, 24.549359, 44.139913, 20.3612476667], "sojern": [1.304312], "google-analytics": [24.065501, 24.6383463333], "googlesyndication": [22.0021756667, 20.277441, 27.927146], "herzindagi": [1.8386556667], "fwcdn3": [1.3428193333], "instana": [1.3661786667, 1.26674], "imimg": [1.2940236667, 1.274472, 1.3355876667], "impactcdn": [1.70634], "recaptcha": [21.86778], "railyatri": [1.394462], "assamcareer": [1.3188023333, 1.787003, 1.3098146667, 1.719032], "quantummetric": [], "snapchat": [1.6807263333], "verloop": [1.3263173333, 1.3329433333], "doubleclick": [57.7954473333, 27.2477363333, 19.1295606667, 23.7908543333, 31.8562666667, 54.738113, 43.4818983333, 61.3407503333, 20.1320046667, 57.7164593333, 20.2057083333, 33.293729], "openxcdn": [1.265578], "flashscore": [0.932816], "googleapis": [48.2816913333, 19.2174563333, 19.824793, 20.2931456667, 48.2159326667, 19.9537656667, 22.4080673333, 36.061873, 20.4782556667, 22.810843, 26.7655523333, 24.464311, 24.4849813333, 29.2886443333, 26.9950213333, 22.133038, 20.041212, 24.6508403333, 19.563218, 24.6968273333, 27.9486816667, 48.1290856667, 46.4304026667, 23.305509, 46.6545436667, 24.4502196667, 20.2941833333, 24.290935, 23.0352016667, 19.9351886667, 22.5357263333, 43.313176, 22.0160726667, 19.8822753333, 23.0355726667, 45.9064263333, 25.21828, 46.9483626667, 20.2411096667, 21.0243083333, 44.1996683333, 24.6011303333, 22.5731946667, 27.3302226667, 24.065501, 19.7326543333], "impactradius-event": [1.70634], "myshowpm": [1.3188023333, 1.787003, 1.3098146667, 1.719032], "googleusercontent": [19.8597006667, 20.2521996667, 1.328873], "btloader": [1.345786], "apxor": [0.95921], "gstatic": [19.9886266667, 28.530947, 22.4277456667, 267.6185723333, 20.312372], "jiomart": [1.355947], "cloudfunctions": [1.330024], "withgoogle": [24.7838263333], "2mdn": [48.4665416667], "juspay": [1.3447356667], "ampproject": [28.290529], "drikpanchang": [1.6705266667], "chess": [1.3620016667], "indiamart": [1.3006566667], "jagranjosh": [1.8386556667], "rlcdn": [1.3214313333, 1.336793], "affinity": [1.2814463333, 1.3645156667], "33across": [1.363408], "rdpnt": [1.3566633333], "getrushapp": [0.9506393333, 1.3862336667, 1.3219693333], "blogger": [32.234327], "gsecondscreen": [1.719032], "px-cloud": [0.9534033333], "nptel": [50.5693466667], "trainman": [1.3586853333], "simpli": [55.2309373333, 55.9402153333, 58.477852], "googletagservices": [], "media": [1.3008923333, 1.3998383333, 1.3151906667], "fwpub1": [1.3579243333], "0wp0usgn": [1.360353], "dailymotion": [1.8113313333], "kampyle": [1.3436833333], "agoda": [1.787003], "cricbuzz": [1.492894], "testbook": [0.8089716667, 0.7193923333, 0.8101666667], "smart": [1.3330593333], "keralalotteries": [1.3188023333, 1.787003, 1.3098146667, 1.719032], "mxpnl": [1.3372213333, 1.2673376667], "eagllwin": [1.6672203333], "visualwebsiteoptimizer": [1.759839], "nobroker": [1.3463273333, 1.7306413333], "blogspot": [22.0021756667, 48.5210076667], "solvvy": [1.2994946667], "adsinnov": [54.832899, 55.029463], "mixpanel": [1.698555, 1.432482, 1.76949, 0.9667126667], "4dex": [0.9564386667], "adjetter": [223.3259626667], "cleartrip": [1.2899316667], "scorenga": [0.9247313333], "trackcourier": [1.3188023333, 1.787003, 1.3098146667, 1.719032], "creativecdn": [1.30132], "googleadservices": [26.372394, 20.2620096667], "mookie1": [1.7352723333], "ytimg": [19.8597006667, 52.5135556667, 24.8540123333, 22.7652503333, 19.9825836667, 23.464312, 20.175024, 28.4417273333, 20.6424756667, 24.6768706667, 22.5694413333, 19.669039, 20.2539796667, 24.683339, 27.2111263333, 20.2472756667], "techtarget": [1.786504], "mojapp": [1.3460056667], "googleoptimize": [23.5039496667], "keralalotterytoday": [1.3188023333, 1.787003, 1.3098146667, 1.719032], "blogblog": [30.5675656667], "fout": [0.93772], "nih": [1.614177], "rakuten": [0.9270873333], "vodafone": [1.3655476667], "doubtnut": [1.7420026667, 1.790316], "blismedia": [1.3480806667], "jagran": [1.313792], "trafficguard": [1.3121806667], "pix": [1.3218593333], "bidswitch": [122.123812], "linksynergy": [1.3136116667], "tgtag": [1.3169163333], "px-client": [0.9534033333], "ipinfo": [1.4090296667], "getinpix": [0.9387506667], "ml314": [0.963628], "swayam": [1.3188023333, 1.787003, 1.3098146667, 1.719032], "youtube-nocookie": [19.7078586667], "googletagmanager": [24.042231], "uber": [0.9226786667], "pdst": [1.3202576667], "translate": [22.544641]}