{"fullstory": [0.1071303333], "tapad": [0.1071303333], "sentry": [235.1866456667, 0.9437263333], "ahagamecenter": [1.3500976667], "openx": [1.3626016667, 0.1071303333, 1.699404], "google": [126.1543323333, 126.630017, 152.664252, 126.8278366667, 133.546386, 126.427684, 157.754155, 152.6041656667, 126.6577566667, 125.9389486667, 152.2807116667, 127.0477226667, 125.82029, 152.895, 126.8826256667, 0.1071303333, 126.624022, 126.0966596667, 125.916595], "doubleverify": [0.1071303333], "sharechat": [1.321101, 1.29205], "rtbhouse": [1.3030713333], "youtube": [126.1543323333, 152.664252, 133.546386, 126.2987313333, 131.5345583333, 152.6041656667, 126.2597053333, 125.9389486667, 126.4709443333, 126.9709466667, 126.2805646667, 125.82029, 126.192962, 126.5417563333, 126.0787903333, 126.8826256667, 126.078488, 126.638896, 126.0966596667, 126.4919596667], "sojern": [0.1071303333], "google-analytics": [0.1071303333, 136.068091], "googlesyndication": [0.1071303333], "herzindagi": [1.8386556667], "fwcdn3": [1.3428193333], "instana": [0.1071303333, 1.26674], "imimg": [1.2940236667, 1.274472, 1.3355876667], "impactcdn": [0.1071303333], "recaptcha": [126.57355], "railyatri": [1.394462], "assamcareer": [1.3188023333, 1.787003, 1.3098146667, 1.719032], "quantummetric": [], "snapchat": [0.1071303333], "verloop": [1.3263173333, 1.3329433333], "doubleclick": [0.1071303333], "openxcdn": [0.1071303333], "flashscore": [0.932816], "googleapis": [126.8785056667, 126.0380103333, 152.9453176667, 125.4319436667, 129.5152293333, 126.6577566667, 126.2849753333, 129.854457, 126.1294136667, 133.7818466667, 126.6349306667, 127.5351453333, 152.2807116667, 126.870014, 126.3102466667, 126.520198, 126.124467, 126.4673463333, 125.902684, 130.089598, 125.8817326667, 126.4111443333, 128.615823, 136.0987166667, 127.5834783333, 151.799251, 125.72812, 125.664096, 127.0679176667, 126.2801536667, 126.860524, 128.921412, 125.2271743333, 126.6401986667, 126.0342343333, 128.616505, 125.8350826667, 129.2823936667, 129.136466, 129.0045453333, 126.2704276667], "impactradius-event": [0.1071303333], "myshowpm": [1.3188023333, 1.787003, 1.3098146667, 1.719032], "googleusercontent": [1.328873, 126.3549136667, 127.758867], "btloader": [0.1071303333], "apxor": [0.95921], "gstatic": [126.3997483333, 261.076712, 152.665871, 126.423031, 126.57355], "jiomart": [1.355947], "cloudfunctions": [0.1071303333, 1.330024], "withgoogle": [126.5724466667], "2mdn": [0.1071303333], "juspay": [0.1071303333], "ampproject": [125.2280866667], "drikpanchang": [1.6705266667], "chess": [1.3620016667], "indiamart": [1.3006566667], "jagranjosh": [1.8386556667], "rlcdn": [0.1071303333], "affinity": [0.1071303333, 1.3645156667], "33across": [0.1071303333], "rdpnt": [1.3566633333], "getrushapp": [0.9506393333, 1.3862336667, 1.3219693333], "blogger": [129.0332276667], "gsecondscreen": [0.1071303333], "px-cloud": [0.9534033333, 0.1071303333], "nptel": [125.9888273333], "trainman": [1.3586853333], "simpli": [0.1071303333], "googletagservices": [0.1071303333], "media": [0.1071303333], "fwpub1": [1.3579243333], "0wp0usgn": [1.360353], "dailymotion": [126.4337663333], "kampyle": [0.1071303333], "agoda": [1.787003], "cricbuzz": [1.492894], "testbook": [0.8089716667, 0.7193923333, 0.8101666667], "smart": [1.3330593333], "keralalotteries": [1.3188023333, 1.787003, 1.3098146667, 1.719032], "mxpnl": [0.1071303333], "eagllwin": [0.1071303333], "visualwebsiteoptimizer": [0.1071303333], "nobroker": [1.3463273333, 1.7306413333], "blogspot": [126.9669226667], "solvvy": [1.2994946667], "adsinnov": [58.954287], "mixpanel": [0.1071303333], "4dex": [0.1071303333], "adjetter": [0.1071303333], "cleartrip": [1.2899316667], "scorenga": [0.9247313333], "trackcourier": [1.3188023333, 1.787003, 1.3098146667, 1.719032], "creativecdn": [0.1071303333], "googleadservices": [0.1071303333], "mookie1": [0.1071303333], "ytimg": [126.8985766667, 134.036667, 146.4936126667, 127.0945433333, 134.1758823333, 126.319632, 133.122494, 126.1620643333, 126.709929, 130.1971296667, 129.456247, 125.6856776667, 125.7917963333, 126.3549136667, 127.5146396667, 133.1642573333], "techtarget": [1.786504], "mojapp": [1.3460056667], "googleoptimize": [0.1071303333], "keralalotterytoday": [1.3188023333, 1.787003, 1.3098146667, 1.719032], "blogblog": [126.2838223333], "fout": [0.1071303333], "nih": [1.614177], "rakuten": [0.1071303333], "vodafone": [1.3655476667], "doubtnut": [1.7420026667, 1.790316], "blismedia": [0.1071303333], "jagran": [1.313792], "trafficguard": [0.1071303333], "pix": [1.3218593333], "bidswitch": [0.1071303333], "linksynergy": [0.1071303333], "tgtag": [0.1071303333], "px-client": [0.9534033333], "ipinfo": [1.4090296667], "getinpix": [0.9387506667], "ml314": [0.1071303333], "swayam": [1.3188023333, 1.787003, 1.3098146667, 1.719032], "youtube-nocookie": [126.8826256667], "googletagmanager": [0.1071303333], "uber": [0.9226786667], "pdst": [1.3202576667], "translate": [126.8149006667]}