{"wpncdn": [50.9803183333, 51.345871], "inmobicdn": [50.9803183333, 51.345871], "o333o": [50.9803183333, 51.345871], "hooliganmedia": [50.9803183333, 51.345871], "jquery": [110.9210643333, 111.1047223333], "nsimg": [], "fluidplayer": [50.9803183333, 51.345871], "exoclick": [50.9803183333, 51.345871], "juicyads": [110.9210643333, 111.1047223333], "userzoom": [77.9459703333], "trafficjunky": [], "andbeyond": [110.9210643333, 111.1047223333], "adtng": [53.5637686667]}