{"wpncdn": [0.1071303333], "inmobicdn": [0.1071303333], "o333o": [0.1071303333], "hooliganmedia": [0.1071303333], "jquery": [110.9210643333, 111.1047223333], "nsimg": [0.1071303333], "fluidplayer": [50.9803183333, 51.345871], "exoclick": [0.1071303333], "juicyads": [0.1071303333], "userzoom": [0.1071303333], "trafficjunky": [0.1071303333], "andbeyond": [0.1071303333], "adtng": [0.1071303333]}