{"tsyndicate": [145.3075293333, 139.4527423333, 143.06056, 139.481942, 140.224517, 149.5137553333, 139.668086], "xvideos-cdn": [], "xhcdn": [168.923922, 140.153245, 145.4575346667, 143.06056, 168.9303316667, 139.8928656667, 139.668086, 139.481942, 169.0580143333, 143.2154986667, 140.4460683333, 143.144041, 140.3373513333], "xnxx-cdn": []}