{"hooliganmedia": [50.9803183333, 51.345871], "revcontent": [0.1071303333], "fluidplayer": [50.9803183333, 51.345871], "exoclick": [0.1071303333], "andbeyond": [110.9210643333, 111.1047223333], "wpncdn": [50.9803183333, 51.345871], "revampco": [53.3451116667], "buysellads": [0.1071303333], "jquery": [110.9210643333, 111.1047223333], "nsimg": [0.1071303333], "trafficjunky": [111.9904306667], "adtng": [0.1071303333], "inmobicdn": [0.1071303333], "aznude": [53.3451116667], "userzoom": [0.1071303333], "o333o": [0.1071303333], "dmca": [54.0307583333], "juicyads": [110.9210643333, 111.1047223333], "phncdn": [111.8077803333]}