{"hooliganmedia": [50.9803183333, 51.345871], "revcontent": [54.0307583333], "fluidplayer": [50.9803183333, 51.345871], "exoclick": [50.9803183333, 51.345871], "andbeyond": [110.9210643333, 111.1047223333], "wpncdn": [50.9803183333, 51.345871], "revampco": [53.3451116667], "buysellads": [54.0307583333], "jquery": [110.9210643333, 111.1047223333], "nsimg": [110.9210643333, 111.1047223333], "trafficjunky": [111.9904306667], "adtng": [53.5637686667], "inmobicdn": [50.9803183333, 51.345871], "aznude": [53.3451116667], "userzoom": [77.9459703333], "o333o": [50.9803183333, 51.345871], "dmca": [54.0307583333], "juicyads": [110.9210643333, 111.1047223333], "phncdn": [111.8077803333]}