{"yahoo": [48.726489, 79.830122, 48.6739883333, 62.4490346667, 84.8202986667, 48.4879983333], "yimg": [79.830122, 84.8202986667]}