{"yahoo": [136.7804556667, 242.6267463333, 239.853238, 245.202904, 241.2400296667, 243.2660256667, 244.7501786667], "yimg": [241.2400296667, 239.853238]}