{"googlesyndication": [267.825105, 254.9626476667, 264.2326903333, 285.6394036667], "googleapis": [257.9712553333, 278.037888, 279.2765016667, 275.594115, 267.206168, 281.3679793333, 266.5757523333, 265.6201453333, 271.6824766667, 277.2688586667, 256.1522633333, 256.897084, 269.3759066667, 256.702394, 251.20668, 254.5071786667, 281.2827156667, 256.3144246667, 272.3420533333, 262.2348306667, 274.6918203333, 282.517086, 259.395676, 273.551914, 282.984033, 277.9316216667, 268.343715, 274.658048, 262.002546, 275.175165, 278.0860366667, 282.8863996667, 268.8592593333], "sentry": [23.4995696667, 163.6789266667], "media": [22.7666516667], "digitaleast": [53.660179], "google": [278.2467736667, 228.5691196667, 274.7335696667, 260.7444603333, 280.0191973333, 271.749257, 33.706867, 277.524665, 230.7743056667, 275.1820633333, 270.5080836667, 55.93919, 255.5332336667, 278.800372, 222.5298123333, 274.4692156667, 46.7044853333, 281.006022, 273.2897493333, 264.687583, 239.3219673333, 263.767496, 233.1638006667, 277.41123, 260.968038, 234.2611773333, 267.217832, 237.943581, 258.8928346667, 249.9465846667, 262.4721806667, 281.7682503333, 275.3772206667, 275.4280106667, 22.8103633333], "visualwebsiteoptimizer": [44.913483], "appspot": [269.5700043333], "google-analytics": [280.6798263333, 273.758027], "simpli": [135.527332, 144.2507076667, 148.5458943333], "gstatic": [266.738845, 284.21367, 262.4721806667, 281.1078503333, 268.3382496667], "googleadservices": [262.904113, 286.0293296667], "doubleclick": [250.1609403333, 231.1200356667, 282.28634, 276.0315426667, 232.103343, 278.195366, 282.750113, 264.2326903333, 233.9064283333, 277.524665, 253.9429233333, 258.8928346667], "encouragingthread": [54.2948813333], "edkt": [22.3430166667], "mookie1": [30.91263, 46.2372463333], "mpokora-online": [263.0248856667], "livescore": [42.797524, 53.5636586667, 22.3389123333, 43.407044, 22.7308306667, 46.073398], "openx": [31.732602, 32.9906796667, 30.8671486667, 33.2389193333, 55.9291833333, 55.062699], "googlevideo": [73.3334136667, 49.9878193333], "admedo": [47.2999966667], "ampproject": [266.4833566667, 285.6394036667], "geotargetly-api-1": [47.1208203333], "impactradius-event": [30.8424156667], "2mdn": [260.65891], "mrtnsvr": [53.200873], "blogspot": [267.825105, 260.0481896667], "googleusercontent": [258.1563263333, 44.837962, 283.7050873333], "y-track": [49.579775], "kampyle": [31.2790993333], "ctxtfl": [22.7463346667], "recaptcha": [263.6524633333], "googletagmanager": [267.465586], "wise": [55.130665, 45.2488223333, 57.193, 23.785719], "pub": [53.8079583333, 49.166671], "to2": [45.3960356667], "decathlon": [49.2450046667], "rlcdn": [22.756913, 24.399068], "t13": [33.3335433333], "ml314": [30.6874566667, 30.3995286667], "lequipe": [], "permutive": [23.729924], "kooora-gooal": [263.0248856667], "4dex": [25.6027893333, 23.6195253333], "abtasty": [33.7309296667, 31.805983], "sojern": [22.946007], "clean": [22.8424473333], "googleoptimize": [284.2785586667], "youtube": [282.2352173333, 270.5080836667, 279.211004, 278.2467736667, 263.767496, 255.5332336667, 284.5660416667, 274.4692156667, 255.6088533333, 275.3772206667, 277.41123, 284.9297036667, 275.4280106667, 277.524665, 284.2785586667, 275.1820633333], "chess": [31.8826193333], "googletagservices": [], "getadmiral": [23.446149], "brand-display": [30.7347743333], "snapchat": [43.3558993333, 46.4850326667], "mawdoo3": [25.3629436667], "parchedsofa": [22.8300563333], "perfdrive": [46.429234, 31.690494, 23.9441013333], "annexe-dz": [42.8770726667, 29.07376], "h-onec": [55.130665, 45.2488223333, 57.193], "pghub": [31.375677], "a-onec": [45.2488223333, 55.130665, 57.193, 23.785719], "ivitrack": [47.219031, 44.5558233333], "live-kooora-tv": [263.0248856667], "openxcdn": [30.8330326667], "scorenga": [45.2691526667], "freepik": [55.284063], "eagllwin": [31.916796], "prmutv": [31.952363], "run": [54.589841, 53.4944416667, 58.124523, 23.1893583333], "poki": [22.19244], "appconsent": [53.8022023333, 45.244615], "creativecdn": [23.5852923333], "bugsnag": [48.6565463333], "alarabiya": [51.6817533333], "ggpht": [260.0481896667], "academie-educ": [30.3218346667, 29.8011013333], "koooora-live": [263.0248856667], "aswpsdkus": [30.4617846667], "bob-recs": [33.1290546667], "mythad": [30.3675816667], "blogger": [280.6138426667, 282.6073416667], "webedia-group": [30.3316923333], "tapad": [23.2468023333, 58.0003483333], "ytimg": [267.2063873333, 263.6495896667, 265.0186593333, 263.3763436667, 273.2977926667, 263.6702956667, 260.835526, 255.102024, 260.608052, 282.2475013333, 267.4257696667, 282.426269, 264.513453, 284.0357833333, 283.7050873333], "online-kora": [263.0248856667], "footmercato": [247.3153573333], "selsabil": [45.2488223333, 55.130665, 57.193, 23.785719], "blismedia": [46.7713246667], "rtbhouse": [31.0222093333], "px-cloud": [22.9972316667], "cloudfunctions": [23.5007683333], "flashscore": [30.29114], "company-target": [33.3301823333], "withgoogle": [256.1375953333], "yalla-kora-online": [263.1936536667], "360koralive": [263.0248856667], "loopme": [62.69155], "optimise": [23.403043], "eduschol-onec": [55.130665, 45.2488223333, 57.193, 23.785719], "seedtag": [45.4830896667], "mathonec": [55.130665, 45.2488223333, 57.193, 23.785719], "yacineapp": [263.0248856667], "metadsp": [40.1917176667], "instana": [33.1289873333], "rdpnt": [54.2504106667], "btloader": [55.532824], "yieldoptimizer": [45.123109], "mixpanel": [22.7363183333, 54.792382, 47.1865606667, 24.839598], "t-onec": [45.2488223333, 55.130665, 57.193, 23.785719], "hubvisor": [23.28356], "consensu": [23.8024046667], "unequaltrail": [31.4088726667], "live-kooora": [263.0248856667], "mbc": [45.2488223333, 55.130665, 57.193, 23.785719], "coll2onf": [55.1441533333], "edu-dz": [30.3218346667, 29.8011013333], "alphonedz": [133.0743, 133.5994336667, 223.3863373333], "pdst": [24.3922596667], "pageimprove": [23.3077136667]}