{"googlesyndication": [30.231344, 60.244736, 22.1212476667, 47.033148, 37.6064523333, 31.962611, 57.8704803333], "googleapis": [46.3664416667, 38.379774, 30.700935, 59.7201563333, 31.5937816667, 36.6302266667, 45.0988563333, 22.824207, 29.996621, 45.9673606667, 48.2440426667, 23.001475, 39.0795593333, 45.0578956667, 51.453073, 30.992491, 25.84272, 36.9746423333, 23.1040763333, 46.181538, 22.0972936667, 37.6340916667, 23.6498113333, 36.9878226667, 22.6817243333, 30.7769486667, 31.1255096667, 31.254255, 47.691327, 22.3714083333, 46.009031, 41.6649693333, 31.6130323333, 45.4567226667, 22.5786433333, 46.8077793333, 49.5727316667, 30.8061106667, 30.8483033333, 22.7326373333, 31.1476203333], "sentry": [23.4995696667, 163.6789266667], "media": [22.7666516667], "digitaleast": [53.660179], "google": [37.7748263333, 22.3840553333, 23.074647, 25.4957943333, 37.5674813333, 70.4278936667, 23.1494153333, 46.358123, 30.804666, 23.4659483333, 45.071696, 38.703567, 23.0305503333, 30.492219, 45.5901043333, 46.2384763333, 30.8843043333, 60.9607246667, 60.3817793333, 48.6874653333, 69.7960983333, 32.4134563333, 31.2274136667, 22.2080806667, 60.4822223333, 38.8396936667, 70.3862643333, 23.1924226667, 69.467916, 37.3195173333, 45.358764, 47.5316693333, 26.6197256667, 31.4167816667, 47.1618733333, 31.962611, 23.7404073333], "visualwebsiteoptimizer": [44.913483], "appspot": [48.466303], "google-analytics": [31.5545356667, 37.856069], "simpli": [73.0579363333, 52.5186393333, 69.5618753333], "gstatic": [51.4985473333, 399.902307, 58.2171796667, 37.29338, 45.0982543333], "googleadservices": [46.280313, 23.0483113333], "doubleclick": [23.3985743333, 37.7748263333, 46.6872696667, 41.8167766667, 46.706749, 31.8831073333, 36.9066123333, 46.2622313333, 36.0971243333, 31.4167816667, 50.1917293333, 36.5042596667, 46.280313, 56.5766373333, 37.5764323333], "encouragingthread": [54.2948813333], "edkt": [22.3430166667], "mookie1": [30.91263, 46.2372463333], "mpokora-online": [46.2360883333], "livescore": [42.797524, 53.5636586667, 22.3389123333, 43.407044, 22.7308306667, 46.073398], "openx": [32.9906796667, 31.732602, 30.8671486667, 33.2389193333, 55.9291833333, 55.062699], "googlevideo": [73.3334136667, 49.9878193333], "admedo": [47.2999966667], "ampproject": [45.0982543333, 22.2080806667, 22.7295916667], "geotargetly-api-1": [47.1208203333], "impactradius-event": [30.8424156667], "2mdn": [23.3985743333], "mrtnsvr": [53.200873], "blogspot": [47.033148, 30.3226806667, 45.7809943333, 32.0290243333], "googleusercontent": [38.0266613333, 44.837962, 60.244736, 37.6064523333], "y-track": [49.579775], "kampyle": [31.2790993333], "ctxtfl": [22.7463346667], "recaptcha": [23.582217], "googletagmanager": [39.699046], "wise": [55.130665, 45.2488223333, 57.193, 23.785719], "pub": [53.8079583333, 49.166671], "to2": [45.3960356667], "decathlon": [49.2450046667], "rlcdn": [22.756913, 24.399068], "t13": [33.3335433333], "ml314": [30.6874566667, 30.3995286667], "lequipe": [31.2329533333], "permutive": [23.729924], "kooora-gooal": [57.6813483333], "4dex": [25.6027893333, 23.6195253333], "abtasty": [33.7309296667, 31.805983], "sojern": [22.946007], "clean": [22.8424473333], "googleoptimize": [45.358764], "youtube": [41.3105806667, 37.5674813333, 25.4957943333, 23.1494153333, 22.6166523333, 46.358123, 31.2618586667, 46.2835753333, 38.703567, 23.0305503333, 30.492219, 45.794898, 46.2384763333, 31.2274136667, 29.8442543333, 23.1924226667, 45.358764, 26.6197256667, 31.4167816667, 47.1618733333], "chess": [31.8826193333], "googletagservices": [], "getadmiral": [23.446149], "brand-display": [30.7347743333], "snapchat": [43.3558993333, 46.4850326667], "mawdoo3": [25.3629436667], "parchedsofa": [22.8300563333], "perfdrive": [46.429234, 31.690494, 23.9441013333], "annexe-dz": [42.8770726667, 29.07376], "h-onec": [55.130665, 45.2488223333, 57.193], "pghub": [31.375677], "a-onec": [45.2488223333, 55.130665, 57.193, 23.785719], "ivitrack": [47.219031, 44.5558233333], "live-kooora-tv": [22.8463453333], "openxcdn": [30.8330326667], "scorenga": [45.2691526667], "freepik": [55.284063], "eagllwin": [31.916796], "prmutv": [31.952363], "run": [54.589841, 53.4944416667, 58.124523, 23.1893583333], "poki": [22.19244], "appconsent": [53.8022023333, 45.244615], "creativecdn": [23.5852923333], "bugsnag": [48.6565463333], "alarabiya": [51.6817533333], "ggpht": [57.8704803333], "academie-educ": [30.3218346667, 29.8011013333], "koooora-live": [22.8463453333], "aswpsdkus": [30.4617846667], "bob-recs": [33.1290546667], "mythad": [], "blogger": [37.7167326667, 37.37625], "webedia-group": [30.3316923333], "tapad": [23.2468023333, 58.0003483333], "ytimg": [32.3664376667, 45.4329833333, 47.245962, 31.453039, 23.4772806667, 49.6488296667, 29.539014, 23.237474, 34.9215536667, 47.317623, 25.2505943333, 31.0153973333, 47.3778006667, 45.7533556667, 22.6041276667, 24.067697], "online-kora": [22.8463453333], "footmercato": [160.788366], "selsabil": [45.2488223333, 55.130665, 57.193, 23.785719], "blismedia": [], "rtbhouse": [31.0222093333], "px-cloud": [22.9972316667], "cloudfunctions": [], "flashscore": [30.29114], "company-target": [33.3301823333], "withgoogle": [58.1265403333], "yalla-kora-online": [45.6211786667], "360koralive": [57.6813483333], "loopme": [62.69155], "optimise": [23.403043], "eduschol-onec": [55.130665, 45.2488223333, 57.193, 23.785719], "seedtag": [45.4830896667], "mathonec": [], "yacineapp": [46.2360883333], "metadsp": [40.1917176667], "instana": [33.1289873333], "rdpnt": [54.2504106667], "btloader": [55.532824], "yieldoptimizer": [25.6191763333], "mixpanel": [22.7363183333, 54.792382, 47.1865606667, 24.839598], "t-onec": [45.2488223333, 55.130665, 57.193, 23.785719], "hubvisor": [23.28356], "consensu": [23.8024046667], "unequaltrail": [31.4088726667], "live-kooora": [22.8463453333], "mbc": [45.2488223333, 55.130665, 57.193, 23.785719], "coll2onf": [55.1441533333], "edu-dz": [30.3218346667, 29.8011013333], "alphonedz": [133.0743, 133.5994336667, 223.3863373333], "pdst": [24.3922596667], "pageimprove": [23.3077136667]}