{"ilius": [11.6150586667], "dotomi": [9.38984, 10.3898353333, 9.36815], "hscicdn": [4.6564563333, 4.5879346667, 4.7768743333, 4.697506], "clarks": [9.5677843333], "clmbtech": [4.5285073333, 4.4966683333, 4.539566, 3.9763996667], "shein": [4.5168523333, 4.4928713333, 4.444513, 4.4706543333, 4.6465943333, 4.4431513333, 4.5638513333, 4.580497, 4.4409376667, 4.4411313333, 4.1894913333, 4.518978], "adform": [], "twinkl": [4.2468826667, 4.502724, 4.147726, 4.5019916667], "jdsports": [78.3632686667], "outbrain": [4.6952366667, 4.577926], "lightinthebox": [4.486176, 4.539566, 4.4022943333, 4.244689], "indiatimes": [4.3909646667, 4.468316, 4.1765293333, 4.4080656667, 4.7018613333, 4.6540983333, 5.1538913333, 5.391627], "next": [4.38096, 9.6649056667, 5.1597546667], "sascdn": [4.4833186667, 4.5104623333, 4.7376753333], "skyvegas": [4.5190056667], "optimizely": [5.089257, 5.4572216667, 4.5117016667, 4.6007223333, 5.872045, 5.0249003333, 5.435014, 4.6391766667], "apple-cloudkit": [4.9594486667], "monu": [4.693597], "adobe": [5.465999], "sky": [4.6596916667, 4.4274346667, 4.545377, 4.5117083333], "techlab-cdn": [4.5887373333, 4.4897873333, 4.0345733333, 4.528691], "metoffice": [10.1614466667], "inews": [4.488936, 4.2917253333, 4.5105846667, 4.6346226667], "tripadvisor": [4.0744846667, 4.2746303333, 4.1946746667, 4.5260453333], "halifax": [5.2363176667], "livechatinc": [4.4012286667, 4.4598346667, 4.4431513333, 4.2634486667, 4.3692293333, 4.4159483333, 4.435942], "prettylittlething": [4.513569], "mzstatic": [4.5128816667], "thcdn": [4.479589, 4.2480423333], "dailymail": [4.4354813333, 4.6105346667, 4.4686783333], "tiktokcdn": [4.6596916667, 4.5756106667], "zalando": [5.112916], "samsung": [4.3574286667], "liveperson": [6.1501566667], "groupon": [6.0020286667], "msn": [4.3608226667, 4.387556, 4.13069, 4.5454523333, 4.32717, 4.486088, 3.8580323333, 4.493429, 4.5805246667], "mcdonalds": [], "turner": [10.503069, 10.4424586667], "scene7": [4.0621893333, 4.2973383333, 4.6546313333, 4.648872], "im-apps": [4.195822, 4.6644823333, 4.4012286667, 4.592586, 4.493429, 4.5009733333], "weather": [5.1805166667, 4.4084693333], "akamaihd": [5.275825, 5.3301826667, 5.363826, 4.5665853333, 5.2029393333, 4.6596916667, 4.374976, 5.22878, 5.734047, 5.1302283333, 5.279995, 5.228221, 5.5422846667, 4.5988576667], "americanexpress": [4.574673, 9.9816156667], "cloudinary": [3.986395, 4.5088076667, 4.4944446667, 4.552679, 4.2938326667, 4.785559, 4.9357206667], "certona": [4.6590623333, 4.4898906667], "akamaized": [5.4557596667, 4.9851276667, 5.099154, 5.26158, 4.888819, 5.327973, 5.2029393333, 5.22878, 5.3951233333, 5.3417106667, 5.2306266667, 5.2694163333], "xbox": [4.546467], "dell": [116.2034633333, 116.399068, 4.2813196667, 5.2880423333], "argos": [5.1478346667], "yieldlab": [5.197624], "moatads": [4.5386106667], "hm": [4.1798763333], "365dm": [4.451021, 4.2404233333], "appsflyer": [5.1026686667, 4.904846], "microsoft": [4.4169183333, 4.5015133333, 4.3911903333, 4.1723786667, 78.9755756667], "bbci": [5.061366, 5.3116253333, 5.3083103333], "tiktok": [4.586494, 4.630178, 4.2167693333, 4.63019, 4.7376753333, 4.3563803333, 4.1418016667, 4.6032976667, 4.5444246667, 6.1141046667, 5.2273933333, 4.4140746667, 4.29851, 4.221621, 5.2578373333, 4.3114016667, 4.565551, 4.602881, 4.5299253333, 4.4210383333, 4.2890033333, 4.3183903333, 4.412877, 4.374976, 4.297177, 4.6784813333, 4.3878393333, 4.6036546667, 4.54832], "smartadserver": [10.9270853333, 11.0310506667, 11.117039, 5.352594, 11.309623, 5.279995, 11.0917536667, 10.8746726667], "premierinn": [5.119811], "111": [4.333726, 4.3801166667, 4.262365, 4.5105516667], "apple": [4.6040066667, 4.259078, 5.4392976667], "bigcontent": [4.6976833333, 4.7584523333], "fwmrm": [10.564596, 10.86458, 10.8108343333, 10.675427, 10.424068, 10.6076856667, 10.5769446667, 10.503069, 10.274185], "lloydsbank": [4.7322756667, 4.3800646667, 5.2363176667], "gigya": [4.4302863333], "spotxchange": [9.710194, 9.405602], "skybet": [5.0272353333, 4.539412], "toiimg": [4.4413323333, 5.2986146667, 5.247299, 4.2826706667, 4.298494, 4.40476], "dpdgroup": [], "bbc": [5.3116253333], "hoseasons": [], "metro": [4.388264, 3.879096, 4.2925636667, 4.4668493333, 4.360694, 4.5467436667, 4.6225183333, 4.5105846667, 4.5022266667, 4.5104076667], "lpsnmedia": [10.440782, 6.1618346667], "grouponcdn": [4.522739], "fastclick": [5.9044146667], "halifax-online": [4.3800646667], "asda": [4.5105513333], "telegraph": [9.6755403333, 4.4951256667, 9.6256636667, 9.781534, 10.276869], "three": [11.6587383333], "spicegems": [109.147598], "cricbuzz": [4.4966683333, 4.3685986667], "game": [4.16051, 4.528691], "bankofscotland": [4.7322756667, 4.3800646667], "ebay": [4.2791986667, 4.2952053333, 4.464708, 4.341445, 4.6555656667], "moatpixel": [4.610546], "timesofindia": [4.6604343333, 4.606628, 4.484712, 4.601033, 4.2415083333], "tiktokv": [4.612009, 5.1096996667, 4.5683433333, 4.1486003333, 4.6128606667, 4.330986, 4.6909233333, 4.6690456667, 4.5840186667], "olapic-cdn": [5.1874283333, 5.0405813333], "vggcdn": [4.3818, 4.203603], "qvcuk": [4.676747], "jdsports-client-resources": [4.440225], "dfs": [5.0200453333, 4.705866], "sbgcdn": [5.3959526667], "akstat": [4.315355, 4.1602656667], "thenorthface": [10.401909, 4.2961456667], "adnami": [4.7463966667, 4.374976], "skybetservices": [4.3743643333], "screwfix": [4.4462623333, 4.4372196667], "rubiconproject": [140.851464, 11.5058546667, 5.7262683333, 18.0660706667, 11.1960326667, 140.896253, 11.2865163333, 12.216421, 10.7754873333, 11.784293], "alicdn": [4.711591, 4.4622286667], "casalemedia": [9.2676953333], "list-manage": [4.5601116667], "skysports": [5.825082, 5.729681], "ups": [], "everesttech": [], "amplience": [4.710314, 5.0360643333, 4.3872173333, 4.8304686667, 4.9278633333, 4.6967716667], "adnxs": [4.1595596667, 4.310641, 4.305122, 4.306236], "rightinthebox": [4.3509036667, 4.470583], "convertexperiments": [4.191532], "flashtalking": [5.2026066667, 4.3314816667, 4.31805], "live": [5.0457906667], "tacdn": [4.4370446667, 4.614825, 4.05965, 4.6231483333], "boohoo": [5.0200453333, 4.705866], "ucarecdn": [5.165786, 5.2879513333], "channel4": [4.574806], "espncricinfo": [4.488936, 4.4142323333], "ttwstatic": [5.3396466667, 4.451021, 5.0798983333, 4.6610093333], "lovehoney": [4.5148336667], "ebaystatic": [4.464708, 4.341445], "uniqlo": [4.368234], "travel-assets": [4.284745, 4.485078], "nike": [5.2606966667, 4.4391246667, 4.4896613333, 5.1267003333, 4.4121946667, 4.3627436667], "newlook": [9.5677843333], "bkrtx": [5.6368496667], "motors": [4.157163, 4.503536], "teads": [4.1928046667, 4.6167323333], "px-cloud": [4.574884, 4.4805546667], "jobs": [], "everestjs": [133.5260636667], "byteoversea": [4.8256733333, 4.610601, 4.452064, 4.64569, 4.882335, 4.4521983333, 4.54992, 4.7581006667, 4.7316976667, 4.252527, 4.5233996667, 4.6016883333, 4.6690456667, 4.5988576667, 4.5595486667, 4.5985253333, 4.080399, 4.625867, 4.4253473333, 4.6959476667, 4.3843753333, 5.1096996667, 4.6596916667, 4.9141706667, 4.618741, 14.64574, 4.7800333333], "victorianplumbing": [4.481049], "sharepointonline": [5.7457193333], "condatis": [4.500962], "growthrx": [4.472096, 4.306162], "howdens": [], "c4assets": [4.429568], "adobedtm": [4.492265], "groupondata": [4.2736923333], "mathtag": [4.4609366667], "amazon": [15.8704086667, 14.4605813333, 15.3375143333], "icloud": [5.4392976667], "iceland": [11.07039, 9.3953246667], "fuseplatform": [4.630178, 4.6546313333], "gadgetsnow": [4.468316], "onelink": [4.3220946667, 4.7376753333], "adis": [5.1462036667], "ui-portal": [4.5673676667], "aldi": [], "royalmail": [], "viagogo": [6.1286576667, 6.0088456667], "rackcdn": [4.2885533333, 4.65529], "licdn": [5.28762, 5.3951233333], "brightcove": [4.4772446667], "goal": [4.55828, 4.4799443333], "turn": [10.608209], "outbrainimg": [4.2542173333], "sbgservices": [4.3427916667], "costco": [], "omnitagjs": [4.5994646667, 4.4395726667], "cookiebot": [4.2952053333, 4.5056673333, 4.2480423333],