{"ilius": [11.6150586667], "dotomi": [9.286628, 9.36815, 9.0939306667], "hscicdn": [10.6005856667, 10.486889, 10.4269253333, 10.6656003333], "clarks": [9.5677843333], "clmbtech": [10.5337736667, 10.2317873333], "shein": [5.1480413333, 10.5337736667, 10.6264663333, 5.0880796667, 5.1573906667, 5.0073133333, 10.427381, 10.738246, 5.2481863333, 5.374447, 10.2317873333, 10.4794833333, 5.2007343333, 10.7387616667, 5.3772756667, 5.2122146667], "adform": [], "twinkl": [9.8590696667], "jdsports": [78.3632686667], "outbrain": [10.6851593333, 4.804265], "lightinthebox": [10.836779, 10.3913923333], "indiatimes": [4.5720076667, 10.4939343333, 10.7883673333, 11.3384906667, 11.384147, 10.654264, 10.738246], "next": [4.38096, 5.6755763333, 9.6649056667], "sascdn": [12.389726, 12.5065616667, 12.5315866667, 12.6783266667], "skyvegas": [4.5190056667], "optimizely": [10.743976, 10.618165, 5.0249003333, 10.455548, 10.755712], "apple-cloudkit": [10.593505], "monu": [4.693597], "adobe": [5.465999], "sky": [12.000197, 11.7913456667, 10.7773113333, 5.3261586667], "techlab-cdn": [10.764591, 10.4864823333], "metoffice": [5.2371673333], "inews": [10.6264663333, 10.4269253333], "tripadvisor": [4.2746303333, 4.0744846667, 4.1946746667, 4.5260453333], "halifax": [5.2363176667], "livechatinc": [10.5337736667, 4.7983046667, 5.102954, 10.4439133333, 10.7387616667, 5.3267423333, 5.2652693333, 10.6699533333], "prettylittlething": [4.9040303333], "mzstatic": [10.6685126667], "thcdn": [10.590507, 10.7586673333], "dailymail": [10.6947546667, 10.4765453333], "tiktokcdn": [13.0207923333, 11.5049453333], "zalando": [5.112916], "samsung": [10.5419186667], "liveperson": [6.1501566667], "groupon": [4.3664676667], "msn": [5.0556996667, 5.236811], "mcdonalds": [], "turner": [11.6335293333, 11.880947], "scene7": [4.746022, 5.4327063333, 11.622899, 10.6772963333, 12.8879986667], "im-apps": [10.6264663333, 10.5921923333, 10.7190713333, 10.3093586667], "weather": [11.196314, 10.7631153333], "akamaihd": [11.365478, 11.9450126667, 11.337808, 12.5315866667, 12.0149023333, 12.1879636667, 11.4292196667, 11.865281, 12.8879986667, 11.9663106667, 11.510857, 11.5049453333], "americanexpress": [4.460553, 10.710206], "cloudinary": [10.0555816667, 4.9357206667, 4.785559, 10.729672], "certona": [10.477351, 10.5446086667], "akamaized": [12.9862716667, 11.9554856667, 11.4670803333, 11.2174586667, 11.802975, 11.5446796667, 11.1217053333, 11.6196476667, 11.626959, 11.7649456667, 11.510857, 11.0850233333], "xbox": [10.7022373333], "dell": [116.2034633333, 116.399068, 10.8018566667, 10.4952193333], "argos": [5.1478346667], "yieldlab": [4.9472643333], "moatads": [5.1264783333], "hm": [10.529083], "365dm": [11.4171473333, 11.455273], "appsflyer": [11.0817126667, 11.7913456667], "microsoft": [10.5340103333, 10.477351, 4.6915433333, 10.737873, 78.9755756667], "bbci": [5.061366, 5.3116253333, 10.659664], "tiktok": [10.427381, 11.622899, 10.775574, 10.619493, 11.510857, 5.2273933333, 11.6009466667, 10.7387616667, 10.5695586667, 11.571437, 11.5049453333, 12.9862716667, 5.2578373333, 13.373959, 10.3093586667, 10.6521593333, 4.4210383333, 10.625185, 4.2890033333, 10.422237, 10.486889, 10.4939343333, 10.6715666667, 13.0207923333, 11.581156, 10.2317873333, 12.8879986667], "smartadserver": [11.4976816667, 12.5315866667, 11.6625153333, 11.6486803333, 11.6242893333, 11.6195566667, 11.6456836667, 11.5049453333], "premierinn": [5.119811], "111": [10.580384, 10.738246, 10.4939343333, 10.619493], "apple": [10.6082933333, 5.155935, 5.4392976667], "bigcontent": [4.6976833333, 10.807107, 10.5921923333, 4.7584523333], "fwmrm": [11.880947, 11.390639, 11.1252566667, 12.073832, 12.110594, 11.8740903333, 11.729198, 11.869307, 11.551083], "lloydsbank": [5.665843, 10.7126573333, 5.2363176667], "gigya": [5.0238876667], "spotxchange": [9.405602, 9.710194], "skybet": [10.6641, 4.604603], "toiimg": [4.4080656667, 10.2317873333, 10.6656003333], "dpdgroup": [], "bbc": [10.659664], "hoseasons": [], "metro": [10.427381, 10.7354536667, 10.7387616667], "lpsnmedia": [10.440782, 6.1618346667], "grouponcdn": [10.5532066667], "fastclick": [10.6806263333], "halifax-online": [10.7126573333], "asda": [10.7832673333], "telegraph": [5.052683, 4.4951256667, 3.9931893333, 5.189034, 4.429123], "three": [4.4663893333], "spicegems": [109.147598], "cricbuzz": [10.742391, 10.740921], "game": [10.4258753333, 10.689297], "bankofscotland": [5.665843, 10.7126573333], "ebay": [10.6860216667, 4.2791986667, 10.6069223333, 10.578829, 10.6384756667], "moatpixel": [4.610546], "timesofindia": [10.5695586667, 10.427381, 10.7883673333, 10.2317873333], "tiktokv": [10.6067126667, 10.0918023333, 10.4667383333, 10.6715666667, 10.6069223333, 10.737873, 10.583603, 10.6910603333, 10.586554], "olapic-cdn": [11.7571093333, 11.795513], "vggcdn": [10.583603, 10.6803726667], "qvcuk": [10.8693473333], "jdsports-client-resources": [5.575795], "dfs": [5.0200453333, 4.705866], "sbgcdn": [10.4693113333], "akstat": [10.503042, 10.768429], "thenorthface": [10.5405366667, 4.640944], "adnami": [12.9862716667, 11.581156], "skybetservices": [5.1608513333], "screwfix": [10.6005856667, 10.742391], "rubiconproject": [140.851464, 11.5058546667, 18.0660706667, 11.1960326667, 140.896253, 10.3712683333, 11.2865163333, 12.216421, 10.7754873333, 11.784293], "alicdn": [4.711591, 5.2459946667], "casalemedia": [9.2676953333], "list-manage": [10.6173833333], "skysports": [11.4223743333, 11.2695016667], "ups": [], "everesttech": [], "amplience": [10.5337736667, 5.0360643333, 5.0200453333, 4.8304686667, 10.775574, 4.705866], "adnxs": [4.443877], "rightinthebox": [10.422237, 10.7387616667], "convertexperiments": [10.707193], "flashtalking": [10.4567066667, 10.6475336667], "live": [5.0457906667], "tacdn": [4.4708256667], "boohoo": [5.0200453333, 4.705866], "ucarecdn": [11.051548, 11.3343086667], "channel4": [5.0140326667, 4.574806], "espncricinfo": [10.807107, 10.427381], "ttwstatic": [11.581156, 11.622899, 12.9173533333], "lovehoney": [5.3583723333], "ebaystatic": [10.6384756667, 10.6860216667], "uniqlo": [10.7187173333], "travel-assets": [10.4122423333, 10.7927386667], "nike": [10.6725806667, 10.5225436667, 10.7723563333, 11.5356473333, 11.9752846667, 10.619493], "newlook": [9.5677843333], "bkrtx": [10.6355413333], "motors": [10.6005856667, 10.680675], "teads": [4.5222343333, 4.9204746667, 10.2994146667], "px-cloud": [11.7913456667, 11.5061146667], "jobs": [], "everestjs": [133.5260636667], "byteoversea": [10.3913923333, 10.740921, 10.6067126667, 10.4615483333, 10.397855, 12.5065616667, 12.212142, 10.7295306667, 11.510857, 12.9173533333, 12.6783266667, 12.7526293333, 10.6979126667, 10.680675, 11.5049453333, 10.6262206667, 13.373959, 10.6005856667, 10.4224516667, 10.628459, 10.7292966667, 10.6803726667, 10.4830013333, 12.389726, 10.7940136667, 10.7190713333, 10.6775336667], "victorianplumbing": [4.481049], "sharepointonline": [10.7360856667], "condatis": [10.63547], "growthrx": [10.2317873333, 10.6656003333], "howdens": [], "c4assets": [5.1724116667], "adobedtm": [10.5859843333], "groupondata": [10.5883186667], "mathtag": [5.2329923333], "amazon": [15.8704086667, 15.3375143333, 14.4605813333], "icloud": [5.4392976667], "iceland": [10.4794833333, 10.676732], "fuseplatform": [12.9862716667, 13.0207923333], "gadgetsnow": [10.6880853333], "onelink": [12.212142, 11.571437], "adis": [5.4443993333], "ui-portal": [10.639717], "aldi": [], "royalmail": [], "viagogo": [6.1286576667, 6.0088456667], "rackcdn": [4.2885533333, 10.5997813333], "licdn": [11.348836], "brightcove": [10.6973476667], "goal": [10.5337736667, 10.427381], "turn": [10.608209], "outbrainimg": [10.699776], "sbgservices": [5.391881], "costco": [], "omnitagjs": [11.4223743333, 11.7249416667], "cookiebot": [10.586554, 10.580384, 5.794565], "arcpublishing": [10.422237, 10.4269253333], "britishairways": [], "zmags": [4.4235826667, 10.523258], "monetate": [10.4921626667, 5.093602], "sportfeeds": [5.1411056667, 5.5076983333], "ntv": [10.5758113333], "ikea": [4.69615],