{"ilius": [11.6150586667], "dotomi": [9.3534943333, 9.4512666667, 9.286628], "hscicdn": [15.4149293333, 15.654266, 15.3757443333, 15.5836016667], "clarks": [9.5677843333], "clmbtech": [0.0770086667], "shein": [17.9158726667, 15.3757443333, 15.6232466667, 17.479863, 17.8155973333, 15.528146, 15.2686063333], "adform": [0.0770086667], "twinkl": [16.5189583333], "jdsports": [78.3632686667], "outbrain": [0.0770086667], "lightinthebox": [15.5277403333, 15.3403636667], "indiatimes": [15.4972403333, 15.7474443333, 15.671959, 17.479863, 15.5376436667, 17.668239, 15.2335485, 16.1773096667], "next": [9.6649056667, 21.613083], "sascdn": [15.4680106667, 0.0770086667, 15.3764236667], "skyvegas": [10.201804], "optimizely": [19.4079513333, 19.4162646667, 10.2042746667, 15.920991, 0.0770086667], "apple-cloudkit": [15.6362676667], "monu": [0.0770086667], "adobe": [17.003198], "sky": [15.5920373333, 17.8681346667, 15.4680106667, 17.6035286667], "techlab-cdn": [15.7543573333, 15.6407276667], "metoffice": [12.2267316667], "inews": [0.0770086667, 14.9636513333, 15.798968], "tripadvisor": [4.2746303333, 4.0744846667, 4.1946746667, 4.5260453333], "halifax": [5.2363176667], "livechatinc": [15.358358, 15.3717636667, 15.3429583333, 15.407625, 15.59304, 15.401503, 15.895977, 15.6574523333], "prettylittlething": [15.5846386667], "mzstatic": [17.9649756667], "thcdn": [15.910252, 15.6986226667], "dailymail": [15.8758993333, 0.0770086667], "tiktokcdn": [15.5270326667, 17.9045973333], "zalando": [5.112916], "samsung": [17.971885], "liveperson": [0.0770086667], "groupon": [28.4647663333], "msn": [17.1496773333, 15.32998], "mcdonalds": [], "turner": [15.390248, 15.7031003333], "scene7": [16.1496686667, 17.7597436667, 17.7157306667, 15.4130383333], "im-apps": [15.5358973333, 15.511127, 15.5839133333, 17.745863, 16.2500046667], "weather": [15.645514, 15.534539], "akamaihd": [15.4525153333, 15.6460626667, 17.8411416667, 15.323897, 15.3764236667, 15.8497683333, 18.1167506667, 17.9045973333, 15.2391463333, 15.8197276667, 15.3795903333, 0.0770086667], "americanexpress": [9.9816156667, 16.8136503333], "cloudinary": [15.724477, 16.5752483333], "certona": [15.4527723333, 17.8287473333], "akamaized": [15.2465266667, 15.938255, 15.3072136667, 17.9181553333, 15.44348, 15.686234, 15.4312506667, 15.7342163333, 15.8197276667, 0.0770086667, 15.2331083333], "xbox": [15.458682], "dell": [116.2034633333, 116.399068, 15.388047, 17.8759996667], "argos": [15.4288763333], "yieldlab": [0.0770086667], "moatads": [0.0770086667], "hm": [15.243959], "365dm": [21.956254, 17.6961833333], "appsflyer": [0.0770086667], "microsoft": [15.6986226667, 24.082809, 78.9755756667, 17.8135026667, 15.947229], "bbci": [19.0889153333, 15.7318993333, 17.039171, 20.9048446667], "tiktok": [15.3757443333, 15.6663606667, 15.539901, 16.1103626667, 17.9045973333, 15.602791, 15.9248876667, 15.5325183333, 15.7946636667, 15.0796016667, 15.8257506667, 15.5270326667, 15.5277403333, 15.513434, 15.4130383333, 0.0770086667, 15.357413, 15.462505, 15.2228706667, 17.7273956667, 17.8735693333, 15.1333866667, 15.3526876667, 15.7198563333, 15.7833706667], "smartadserver": [0.0770086667], "premierinn": [15.5522913333], "111": [15.735456, 15.438456, 15.6663556667, 15.8350316667], "apple": [21.0031196667, 15.7795456667, 5.4392976667], "bigcontent": [15.438456, 15.6398293333, 4.6976833333, 17.8881556667, 17.7994116667, 4.7584523333], "fwmrm": [0.0770086667], "lloydsbank": [15.7963703333, 21.529806, 5.2363176667], "gigya": [15.3870903333], "spotxchange": [0.0770086667], "skybet": [10.167822, 10.289079], "toiimg": [15.5080276667, 15.2686063333, 16.1773096667], "dpdgroup": [], "bbc": [21.6076573333], "hoseasons": [], "metro": [0.0770086667, 15.4036806667], "lpsnmedia": [6.1618346667, 6.471581], "grouponcdn": [], "fastclick": [21.326357], "halifax-online": [15.7963703333], "asda": [16.817849], "telegraph": [15.3164993333, 15.440267, 15.6089893333, 15.097894, 15.1352803333], "three": [15.738124], "spicegems": [109.147598], "cricbuzz": [15.539901, 15.1333866667], "game": [15.525237, 15.4078056667], "bankofscotland": [15.7963703333, 21.529806], "ebay": [15.4009413333, 15.3757443333, 17.7912433333, 15.587316, 15.733896], "moatpixel": [0.0770086667], "timesofindia": [15.4972403333, 15.685044, 15.4503273333, 15.5621683333, 17.6472423333], "tiktokv": [0.0770086667], "olapic-cdn": [15.657961, 17.9519516667], "vggcdn": [15.910252, 17.8135026667], "qvcuk": [19.3319123333], "jdsports-client-resources": [17.5126223333], "dfs": [5.0200453333, 4.705866], "sbgcdn": [17.017809], "akstat": [15.599942], "thenorthface": [140.954507, 19.341607], "adnami": [0.0770086667], "skybetservices": [15.5947886667], "screwfix": [16.1874666667, 17.8764296667], "rubiconproject": [0.0770086667, 10.2744476667], "alicdn": [15.6503893333], "casalemedia": [0.0770086667], "list-manage": [16.795818], "skysports": [17.6616873333, 15.4017063333], "ups": [], "everesttech": [0.0770086667], "amplience": [4.710314, 15.6444013333, 5.0200453333, 4.9278633333, 15.645846, 4.705866], "adnxs": [0.0770086667], "rightinthebox": [15.5039443333, 15.462345], "convertexperiments": [15.4218183333], "flashtalking": [0.0770086667], "live": [5.0457906667], "tacdn": [18.1787916667], "boohoo": [15.190392, 15.519603], "ucarecdn": [15.4688316667, 17.7707943333], "channel4": [17.6365043333], "espncricinfo": [17.479863, 15.8903366667], "ttwstatic": [15.1548093333, 15.2054096667, 15.8177473333, 15.2391463333], "lovehoney": [10.0631706667], "ebaystatic": [15.4009413333, 15.733896], "uniqlo": [15.564582], "travel-assets": [15.7003683333], "nike": [15.4825626667, 17.812856, 15.563755, 17.8052083333, 15.1488113333, 17.913554], "newlook": [9.5677843333], "bkrtx": [0.0770086667], "motors": [15.654266, 15.1333866667], "teads": [0.0770086667, 15.4427016667], "px-cloud": [15.3499193333, 17.9962716667], "jobs": [], "everestjs": [0.0770086667], "byteoversea": [15.6986226667, 15.539901, 15.852603, 15.355683, 15.7260256667, 15.59304, 15.7543573333, 15.216502, 17.770302, 15.4078056667, 15.3631953333, 17.6359406667, 0.0770086667, 15.619513, 15.357413, 17.8135026667, 15.61058, 15.2228706667, 18.0522303333], "victorianplumbing": [15.6894473333], "sharepointonline": [21.6078983333], "condatis": [17.9846886667], "growthrx": [15.5080276667, 15.2686063333], "howdens": [], "c4assets": [15.5661363333], "adobedtm": [15.9311893333], "groupondata": [0.0770086667], "mathtag": [0.0770086667], "amazon": [15.8704086667, 14.4605813333, 15.3375143333], "icloud": [5.4392976667], "iceland": [15.6622136667, 17.9158726667], "fuseplatform": [0.0770086667], "gadgetsnow": [15.6827386667], "onelink": [15.4130383333, 17.8411416667], "adis": [16.860096], "ui-portal": [15.666691], "aldi": [], "royalmail": [], "viagogo": [5.8483446667, 6.1118853333], "rackcdn": [17.517923], "licdn": [0.0770086667], "brightcove": [15.4638716667], "goal": [18.0141136667, 17.787569], "turn": [0.0770086667], "outbrainimg": [0.0770086667], "sbgservices": [10.4696236667], "costco": [], "omnitagjs": [17.8948216667, 15.579169], "cookiebot": [15.4594496667, 15.525237, 15.6986226667], "arcpublishing": [17.5667453333, 17.8093366667], "britishairways": [], "zmags": [0.0770086667, 10.125956], "monetate": [0.0770086667], "sportfeeds": [17.8764296667, 15.532776], "ntv": [0.0770086667], "ikea": [16.1246046667], "disneyplus": [], "evidon": [0.0770086667], "office": [15.2837266667, 4.5262516667], "parcelforce": [], "squarespace-cdn": [15.628336, 15.654871], "primark": [5.0200453333, 4.705866], "assets": [21.3481723333, 15.470825], "hollandandbarrett": [17.8135026667, 17.690744], "partslink24": [4.4965553333, 4.799526, 4.7834403333], "aliexpress": [18.0208803333, 17.7164293333, 15.6503893333], "vpsvc": [16.5189583333], "skyassets": [17.56623], "addthis": [0.0770086667], "ibytedtos": [15.1548093333, 17.6035286667], "serving-sys": [0.0770086667], "addthisedge": [15.5362023333], "wizzair": [15.2706903333], "rbxcdn": [17.6035286667, 15.5309986667, 15.4171593333, 15.3764236667], "millets": [],