{"ilius": [11.6150586667], "dotomi": [9.38984, 9.1835123333], "hscicdn": [], "clarks": [9.5677843333], "clmbtech": [33.5682156667, 32.7398173333, 32.8936116667, 33.627699], "shein": [32.335051, 32.7903393333], "adform": [], "twinkl": [4.2468826667, 4.502724, 4.147726, 4.5019916667], "jdsports": [78.3632686667], "outbrain": [35.7897083333, 33.0134013333, 33.33513], "lightinthebox": [32.751241, 32.6491166667], "indiatimes": [35.8002843333, 36.4217163333, 32.7243853333, 32.608391], "next": [33.0830073333, 9.6649056667, 32.875762], "sascdn": [33.7186006667, 33.7275996667], "skyvegas": [], "optimizely": [36.650805, 33.7808226667, 33.4052303333, 33.8294933333, 36.3038786667], "apple-cloudkit": [36.0581296667], "monu": [4.693597], "adobe": [36.0332713333], "sky": [33.7797666667, 36.0052443333, 32.054448, 33.2485413333], "techlab-cdn": [32.6545863333, 32.6777043333], "metoffice": [14.8372223333], "inews": [32.3837536667, 31.73064], "tripadvisor": [4.2746303333, 4.0744846667, 4.1946746667, 4.5260453333], "halifax": [5.2363176667], "livechatinc": [32.7519426667, 33.3265433333, 31.895155, 32.3210286667], "prettylittlething": [33.4755673333], "mzstatic": [36.2558883333], "thcdn": [32.6545863333, 33.624159], "dailymail": [32.4508636667, 35.8637046667], "tiktokcdn": [], "zalando": [5.112916], "samsung": [32.663265], "liveperson": [6.1501566667], "groupon": [13.5008753333], "msn": [], "mcdonalds": [], "turner": [32.054448, 32.7200603333], "scene7": [33.5734806667, 32.8711096667, 32.845714, 33.6380276667, 36.1819743333, 36.3063956667], "im-apps": [34.030643, 33.4951676667, 33.939412, 32.7903393333], "weather": [36.103238, 33.47588], "akamaihd": [33.535043, 33.826448, 33.6940676667, 32.7917936667, 33.7797666667, 33.6337286667, 32.5793746667, 33.7676576667], "americanexpress": [33.5989883333, 36.050549], "cloudinary": [3.986395, 4.5088076667, 4.4944446667, 4.2938326667, 36.3860986667], "certona": [32.6281043333, 32.7903393333], "akamaized": [33.0998743333, 36.3047333333, 36.2161096667, 31.9414136667, 32.555937, 36.4331643333, 32.6900456667, 36.4176363333], "xbox": [36.474349], "dell": [116.2034633333, 116.399068, 36.3148666667, 32.641408], "argos": [], "yieldlab": [32.6367926667], "moatads": [33.507628], "hm": [36.242161], "365dm": [33.5832433333, 32.7175193333], "appsflyer": [36.4331643333, 36.7523533333], "microsoft": [35.8689583333, 31.6461893333, 32.325534, 32.6777043333, 78.9755756667], "bbci": [33.206493, 32.918099], "tiktok": [39.2866076667, 33.6929706667, 32.5597216667, 32.6501346667, 35.7516303333, 33.662113, 33.8548196667, 31.635542, 37.9966496667], "smartadserver": [10.9270853333, 11.0310506667, 11.117039, 11.309623, 11.0917536667, 32.6454783333, 32.7864323333, 10.8746726667], "premierinn": [36.3586016667], "111": [31.9808396667, 23.9703853333, 23.8898763333, 32.4454403333], "apple": [33.6072276667], "bigcontent": [4.6976833333, 4.7584523333], "fwmrm": [], "lloydsbank": [23.5470363333, 5.2363176667], "gigya": [], "spotxchange": [9.710194, 9.405602], "skybet": [36.2090216667, 33.6674866667], "toiimg": [35.4119546667, 38.776208, 33.4475703333, 33.1823996667, 35.248877, 34.8750106667], "dpdgroup": [], "bbc": [33.206493], "hoseasons": [], "metro": [32.460059], "lpsnmedia": [6.1618346667, 6.471581], "grouponcdn": [31.4975136667], "fastclick": [36.500802], "halifax-online": [], "asda": [33.6759646667], "telegraph": [35.2822513333, 38.783611, 35.3007093333, 36.1172, 35.2979196667], "three": [], "spicegems": [109.147598], "cricbuzz": [32.720669, 33.665005], "game": [], "bankofscotland": [23.5470363333], "ebay": [33.60516, 36.373646, 36.445528, 32.6777043333, 36.3424333333], "moatpixel": [32.5531703333], "timesofindia": [35.9889893333, 36.2579143333, 36.408777, 36.013132], "tiktokv": [], "olapic-cdn": [36.3047333333, 36.03886], "vggcdn": [31.6461893333, 33.60516], "qvcuk": [33.251757], "jdsports-client-resources": [36.071053], "dfs": [], "sbgcdn": [32.740674], "akstat": [36.3787603333], "thenorthface": [32.517934, 30.538972], "adnami": [33.4255466667, 33.2981726667], "skybetservices": [36.262214], "screwfix": [], "rubiconproject": [16.6716303333, 16.060415, 11.5058546667, 18.0660706667, 11.1960326667, 11.2865163333, 33.5633113333, 17.825625, 11.784293], "alicdn": [36.242498, 36.174855], "casalemedia": [9.2676953333], "list-manage": [32.556296], "skysports": [36.34944, 36.1807293333], "ups": [], "everesttech": [], "amplience": [5.0200453333, 4.705866], "adnxs": [4.1595596667, 4.310641, 4.305122, 4.306236], "rightinthebox": [36.1602913333, 32.4454403333, 31.659162, 36.27932], "convertexperiments": [33.2108686667], "flashtalking": [4.3314816667, 35.9372103333, 4.31805], "live": [5.0457906667], "tacdn": [], "boohoo": [5.0200453333, 4.705866], "ucarecdn": [36.224823, 36.1109473333], "channel4": [36.346872], "espncricinfo": [30.4957876667, 33.994654], "ttwstatic": [32.766867, 33.7212626667], "lovehoney": [32.8991456667], "ebaystatic": [36.445528], "uniqlo": [], "travel-assets": [31.676382, 33.7430733333], "nike": [36.6686666667, 36.412092, 35.8665826667, 36.5885806667], "newlook": [9.5677843333], "bkrtx": [35.8802676667], "motors": [32.720669, 31.6461893333], "teads": [36.2805383333, 33.0357843333], "px-cloud": [36.515696, 36.180704], "jobs": [], "everestjs": [], "byteoversea": [33.143342, 32.3812316667, 32.766867, 33.6380276667, 33.359397, 33.267846, 33.823776, 36.028309, 36.23219, 33.0144506667, 32.0385443333, 31.9782163333, 36.285889, 35.9895543333, 36.3693606667, 33.23772, 33.6305833333, 32.4533276667, 34.0548073333, 36.0686076667, 31.9993963333, 33.3847806667, 33.127649, 36.3855173333, 36.3027326667, 33.7212626667, 36.0090273333], "victorianplumbing": [36.1576846667], "sharepointonline": [32.5490313333], "condatis": [], "growthrx": [33.4475703333, 33.1823996667], "howdens": [], "c4assets": [], "adobedtm": [35.9586386667], "groupondata": [33.1743513333], "mathtag": [], "amazon": [15.8704086667, 15.3375143333, 14.4605813333], "icloud": [5.4392976667], "iceland": [], "fuseplatform": [33.6380276667, 31.9782163333], "gadgetsnow": [32.7243853333], "onelink": [], "adis": [32.767268], "ui-portal": [36.043548], "aldi": [], "royalmail": [], "viagogo": [5.91182, 6.005356], "rackcdn": [32.8807686667], "licdn": [33.3526496667, 32.7283796667], "brightcove": [35.983562], "goal": [32.720669, 33.624159], "turn": [10.608209], "outbrainimg": [], "sbgservices": [32.7312513333], "costco": [], "omnitagjs": [36.1786036667, 36.7228446667], "cookiebot": [32.751241, 36.525289, 32.561783], "arcpublishing": [], "britishairways": [], "zmags": [32.513625], "monetate": [35.7456583333, 36.404243], "sportfeeds": [], "ntv": [32.2132066667], "ikea": [36.101627], "disneyplus": [], "evidon": [36.2092296667], "office": [32.6937436667, 32.6729836667], "parcelforce": [], "squarespace-cdn": [4.3500913333, 4.3507723333, 4.2059516667, 4.2358566667], "primark": [5.0200453333, 4.705866], "assets": [24.171221, 33.604161], "hollandandbarrett": [36.3465473333, 32.930844, 33.231893, 35.7031606667], "partslink24": [4.4965553333, 4.799526, 4.7834403333], "aliexpress": [18.0208803333, 36.242498, 17.7164293333], "vpsvc": [4.2468826667, 4.502724, 4.147726, 4.5019916667], "skyassets": [36.041313], "addthis": [36.643565], "ibytedtos": [33.701321, 33.7676576667], "serving-sys": [], "addthisedge": [36.643565], "wizzair": [36.3295726667], "rbxcdn": [32.960579, 33.5832433333, 4.3314816667, 4.31805], "millets": [], "paysafe": [], "media": [36.0897246667], "barclays": [32.3688576667], "pinimg": [36.3027326667, 36.0431126667, 35.5362176667], "aviva": [], "cdn-apple": [33.4455703333], "travelodge": [36.0555286667], "tiqcdn": [36.2723573333], "45tu1c0": [36.1936986667], "office365": [32.6937436667, 32.6729836667], "oracleinfinity": [], "dmgprivacyint": [], "pinterest": [36.0431126667], "yotpo": [33.20224], "go-mpulse": [33.5418613333, 35.9561036667], "newlookassets": [32.5360563333], "transfermarkt": [], "steamcommunity": [], "pubmatic": [32.9816563333], "papajohns": [10.341524, 10.573829],