{"b-cdn": [97.626425, 205.7613856667], "usestoryteller": [205.5666873333], "ometria": [72.5283646667, 72.4157273333], "icons8": [97.7983813333, 97.600692], "qualaroo": [205.7613856667], "optnmstr": [205.7613856667], "network-n": [205.7613856667], "afcdn": [191.445845, 191.277805], "followfollow": [205.7613856667], "iubenda": [205.7613856667, 98.0547586667], "getsitecontrol": [97.4462836667, 205.7613856667, 97.53932, 98.0547586667], "vntsm": [205.7613856667], "lngtdv": [190.743315, 191.277805], "cookiefirst": [205.7613856667], "realsrv": [190.743315, 191.277805], "survicate": [205.7613856667], "literotica": [205.7613856667], "xvideos-cdn": [191.0348086667, 190.691598], "insurads": [98.0547586667], "plausible": [205.7613856667], "usefathom": [205.7613856667], "snack-media": [205.7613856667], "xnxx-cdn": [192.4163366667, 190.691598], "tiktokcdn": [97.7473183333, 97.756232, 97.571534, 97.8711056667, 97.5137583333, 97.7262906667, 97.720659, 97.7825303333], "smartlook": [190.743315, 190.6028866667], "sex": [97.856968], "omappapi": [205.7613856667], "simpleanalyticscdn": [205.7613856667], "adsessionserv": [205.7613856667], "tagdeliver": [190.743315, 190.6028866667], "snack-projects": [205.7613856667]}