{"local": {"qualaroo": [15.879613], "xnxx-cdn": [19.4842613333], "afcdn": [15.119584, 15.029108], "simpleanalyticscdn": [15.879613], "sex": [18.2648866667], "getsitecontrol": [17.8816596667, 15.879613, 18.1078383333], "cookiefirst": [15.879613], "lngtdv": [16.088166, 19.4030966667], "iubenda": [15.879613], "tiktokcdn": [16.4373556667, 19.30238], "b-cdn": [15.879613, 18.0219046667], "xvideos-cdn": [19.4842613333], "optnmstr": [15.879613], "snack-projects": [15.879613], "vntsm": [15.879613], "followfollow": [15.879613], "survicate": [15.879613], "usefathom": [15.879613], "ometria": [15.997601, 16.3732443333], "tagdeliver": [16.3732443333, 15.8156626667], "smartlook": [16.3732443333, 16.2997986667], "icons8": [15.119584, 14.840468], "snack-media": [15.879613], "insurads": [15.879613], "omappapi": [15.879613], "usestoryteller": [16.32592, 19.4030966667], "plausible": [15.879613], "network-n": [15.879613], "realsrv": [16.3870736667, 19.4032086667], "adsessionserv": [15.879613], "literotica": [15.879613]}, "diff_metro": {"qualaroo": [15.879613], "xnxx-cdn": [19.4402453333], "afcdn": [19.160294, 15.997601], "simpleanalyticscdn": [15.879613], "sex": [17.8816596667], "getsitecontrol": [17.8816596667, 18.2648866667, 15.879613], "cookiefirst": [15.879613], "lngtdv": [16.088166, 19.4222066667], "iubenda": [15.879613], "tiktokcdn": [16.347812, 19.391762], "b-cdn": [18.160956, 15.879613], "xvideos-cdn": [19.4402453333], "optnmstr": [15.879613], "snack-projects": [15.879613], "vntsm": [15.879613], "followfollow": [15.879613], "survicate": [15.879613], "usefathom": [15.879613], "ometria": [16.4287053333, 19.4032086667], "tagdeliver": [15.997601, 19.4222066667], "smartlook": [16.4287053333, 19.4032086667], "icons8": [16.3631206667, 16.375087], "snack-media": [15.879613], "insurads": [15.879613], "omappapi": [15.879613], "usestoryteller": [16.3631206667, 16.2997986667], "plausible": [15.879613], "network-n": [15.879613], "realsrv": [19.160294, 16.375087], "adsessionserv": [15.879613], "literotica": [15.879613]}, "same_region": {"qualaroo": [33.2169533333], "xnxx-cdn": [32.9453686667], "afcdn": [37.960983, 38.0398413333], "simpleanalyticscdn": [33.2169533333], "sex": [14.9751216667], "getsitecontrol": [15.0353146667, 15.1521113333, 33.2169533333], "cookiefirst": [33.2169533333], "lngtdv": [37.65872, 37.8818453333], "iubenda": [33.2169533333], "tiktokcdn": [14.6813796667, 14.935649, 15.211079, 14.869964, 14.781782], "b-cdn": [15.0353146667, 33.2169533333], "xvideos-cdn": [32.9453686667], "optnmstr": [33.2169533333], "snack-projects": [33.2169533333], "vntsm": [33.2169533333], "followfollow": [33.2169533333], "survicate": [33.2169533333], "usefathom": [], "ometria": [37.8861806667, 37.9899813333], "tagdeliver": [38.116509, 38.0398413333], "smartlook": [37.65872, 38.0398413333], "icons8": [37.8861806667, 37.9970156667], "snack-media": [33.2169533333], "insurads": [33.2169533333], "omappapi": [33.2169533333], "usestoryteller": [], "plausible": [33.2169533333], "network-n": [33.2169533333], "realsrv": [], "adsessionserv": [33.2169533333], "literotica": [33.2169533333]}, "neighboring_subregion": {"qualaroo": [15.5458086667, 14.9731936667], "xnxx-cdn": [15.022738], "afcdn": [0.0770086667], "simpleanalyticscdn": [0.0770086667], "sex": [15.021293], "getsitecontrol": [14.8712733333, 14.7531996667, 14.840768, 14.9213656667], "cookiefirst": [14.6885083333, 14.8712733333], "lngtdv": [14.7859783333, 14.8904363333, 14.8602713333, 14.7489616667, 14.5471766667], "iubenda": [15.021293, 0.0770086667], "tiktokcdn": [14.797021, 15.211079, 14.866915, 14.9644623333, 14.980064], "b-cdn": [14.919108, 14.9397393333, 14.840768], "xvideos-cdn": [14.802088], "optnmstr": [0.0770086667], "snack-projects": [14.8399203333], "vntsm": [0.0770086667], "followfollow": [15.0353146667], "survicate": [14.7531996667], "usefathom": [0.0770086667], "ometria": [14.7859783333, 14.8904363333, 14.8602713333, 14.7489616667, 14.5471766667], "tagdeliver": [14.7859783333, 15.0630253333, 14.8904363333, 14.7489616667, 14.5471766667], "smartlook": [14.7007176667, 14.8904363333, 14.8602713333, 14.7489616667, 14.5471766667], "icons8": [14.7859783333, 15.0630253333, 14.9461036667, 14.925647, 14.5471766667], "snack-media": [14.6885083333], "insurads": [0.0770086667], "omappapi": [0.0770086667], "usestoryteller": [14.7859783333, 14.8904363333, 14.8602713333, 14.925647, 14.5471766667], "plausible": [0.0770086667], "network-n": [14.924825], "realsrv": [14.7859783333, 15.0630253333, 14.925647, 14.9461036667, 14.8461053333], "adsessionserv": [0.0770086667], "literotica": [14.919108]}, "neighboring_region": {"qualaroo": [150.781664], "xnxx-cdn": [232.738068, 226.0602146667, 224.4087586667, 229.4941346667, 228.701855], "afcdn": [241.0584953333, 226.700165, 228.18522, 231.1389403333, 226.577646, 230.5419193333, 225.8081233333], "simpleanalyticscdn": [150.781664], "sex": [232.9844683333], "getsitecontrol": [231.8010666667, 14.842224, 150.781664, 14.770704], "cookiefirst": [150.781664], "lngtdv": [226.700165, 228.18522, 231.1389403333, 231.1550383333, 226.577646, 227.9375536667, 231.8431163333], "iubenda": [14.6885083333, 151.7902723333], "tiktokcdn": [14.9578746667], "b-cdn": [151.7902723333, 229.195585], "xvideos-cdn": [232.738068, 224.4087586667, 229.4941346667, 226.0820633333, 228.701855], "optnmstr": [150.781664], "snack-projects": [157.9428], "vntsm": [150.781664], "followfollow": [150.781664], "survicate": [151.7902723333], "usefathom": [150.781664], "ometria": [231.8431163333, 228.18522, 231.7923206667, 242.145437, 241.0112373333, 231.1550383333, 241.0584953333], "tagdeliver": [226.700165, 225.8081233333, 231.8431163333, 228.18522, 241.0112373333, 226.577646, 241.0584953333], "smartlook": [231.7923206667, 228.18522, 242.145437, 231.1389403333, 231.1550383333, 230.5419193333, 227.9375536667], "icons8": [226.1585453333, 225.8081233333, 231.7923206667, 242.145437, 241.0112373333, 230.5419193333, 241.0584953333], "snack-media": [150.781664], "insurads": [15.0353146667], "omappapi": [150.781664], "usestoryteller": [127.652281], "plausible": [150.781664], "network-n": [150.781664], "realsrv": [231.7923206667, 228.18522, 231.1389403333, 231.1550383333, 226.577646, 230.5419193333, 241.0584953333], "adsessionserv": [150.781664], "literotica": [150.781664]}, "non-neighboring_region": {"qualaroo": [205.7613856667], "xnxx-cdn": [190.691598, 192.4163366667], "afcdn": [191.277805, 191.445845], "simpleanalyticscdn": [205.7613856667], "sex": [97.856968], "getsitecontrol": [205.7613856667, 98.0547586667, 97.4462836667, 97.53932], "cookiefirst": [205.7613856667], "lngtdv": [191.277805, 190.743315], "iubenda": [98.0547586667, 205.7613856667], "tiktokcdn": [97.7262906667, 97.5137583333, 97.7825303333, 97.756232, 97.720659, 97.571534, 97.8711056667, 97.7473183333], "b-cdn": [97.626425, 205.7613856667], "xvideos-cdn": [190.691598, 191.0348086667], "optnmstr": [205.7613856667], "snack-projects": [205.7613856667], "vntsm": [205.7613856667], "followfollow": [205.7613856667], "survicate": [205.7613856667], "usefathom": [205.7613856667], "ometria": [72.4157273333, 72.5283646667], "tagdeliver": [190.6028866667, 190.743315], "smartlook": [190.6028866667, 190.743315], "icons8": [97.7983813333, 97.600692], "snack-media": [205.7613856667], "insurads": [98.0547586667], "omappapi": [205.7613856667], "usestoryteller": [205.5666873333], "plausible": [205.7613856667], "network-n": [205.7613856667], "realsrv": [191.277805, 190.743315], "adsessionserv": [205.7613856667], "literotica": [205.7613856667]}}