{"ctfassets": [5.226636, 4.2575983333, 4.8902786667, 4.294846], "ztat": [14.1828626667, 14.3458796667, 15.0785613333, 5.2518786667, 14.8276126667, 77.1672223333, 5.0735136667, 5.2878956667, 5.0046656667, 77.2374873333, 77.2289243333, 77.1350576667], "endlessgain": [5.2314206667, 5.165011, 5.007521, 4.287636], "sail-horizon": [5.029604, 5.2675533333, 5.1254273333, 5.207503], "mailchimp": [4.3780506667, 5.444997, 5.0527863333, 5.197727], "unblockia": [5.1110643333, 5.1292926667, 4.9594596667, 5.2832676667], "boredpanda": [5.1902813333, 5.1280916667, 5.1863623333, 5.389834, 4.9607233333, 5.2424093333, 4.908388, 5.224678], "dwin2": [], "prismic": [5.2646233333, 5.1944083333, 5.1012846667, 5.193293], "pulselive": [5.1708506667, 5.2589523333, 4.95817, 4.19103, 5.1881056667, 5.161261, 3.8408913333, 5.3151156667], "centerparcs": [], "sdiapi": [5.330906, 5.0001223333, 5.0795626667, 5.1949203333, 4.2168623333, 4.8908033333, 5.1228696667, 5.2314206667], "privacy-center": [4.2094233333, 4.1583943333, 4.127162, 5.0586316667], "pbgrd": [5.2486686667, 5.055239, 4.9803606667, 5.2553903333], "adsafeprotected": [4.8453076667, 4.701593, 5.1012846667, 5.2453743333, 4.946643, 5.158389, 5.0920136667, 5.204018], "gr-assets": [5.2582396667, 4.5206716667, 5.1981493333], "uecdn": [5.2395513333, 4.284542, 5.2152666667, 5.180105, 4.905505, 5.3330933333, 5.3009856667, 4.9831136667, 5.2083166667, 4.6340873333, 4.9217966667, 5.295409], "uniconsent": [4.92457, 4.9085713333], "here": [5.193187, 5.2518786667, 5.1073143333, 5.3244606667], "igaming-service": [5.125441, 5.1724263333, 4.7877426667, 5.361958], "foresee": [5.0038003333, 5.060792, 4.8021166667, 5.1756053333], "onlyfans": [5.0948493333, 4.9510453333, 4.2589993333, 4.393826], "williamhill": [5.3046116667, 4.4620123333, 5.162587, 5.2766963333, 5.1076393333, 5.0753276667, 5.1060163333, 5.1684573333, 5.0455373333, 4.6340873333, 10.1366676667, 5.117211, 5.3172473333, 5.221888, 5.3323306667, 5.30756, 5.289182, 10.4239386667, 5.1315666667, 5.2102456667, 5.3365983333, 5.0099146667, 10.229507, 5.1559923333, 5.2886733333, 5.111738, 9.7445166667, 5.1814426667], "pagesuite-professional": [4.3415406667, 4.4562686667, 4.5045353333, 4.9289016667], "which": [4.5217143333, 4.472987, 5.370289, 4.3997173333], "ryanair": [5.1953533333, 5.1774626667, 9.5677843333, 5.0752316667, 5.2501476667], "talksport": [5.2922903333, 4.992188, 5.0257183333, 5.0720283333, 5.129384, 4.9508583333, 4.5585216667, 4.5410113333], "unidadeditorial": [5.1927106667, 4.9692066667, 5.2914493333, 3.948401, 5.0799976667, 4.1495376667, 5.3234026667, 5.1510143333, 5.1894226667, 5.1305086667, 5.3936373333], "securiti": [5.1094, 6.0239146667, 5.1621273333, 5.6956686667], "diy": [], "tradingview": [5.0734, 5.029604, 6.1647793333, 5.1623413333, 4.3112126667, 5.275069, 5.6189403333, 6.0031736667], "coinmarketcap": [4.7151736667, 14.1913656667, 4.2112806667, 5.266896, 4.263228, 5.3170956667, 14.3122503333, 4.9993023333, 5.2221236667, 5.0998443333, 5.0715013333, 5.209549, 4.289585, 4.2022523333, 4.1852436667, 14.5401876667, 5.2441703333, 4.1967556667, 5.2066193333, 14.5965336667], "marketwatch": [5.294852, 5.289761, 5.385469, 4.952778], "builder": [4.992372, 4.175287, 4.882165, 5.03456], "webgains": [5.1633073333, 5.4199553333, 5.3672903333, 5.3223013333], "sharethis": [4.8205253333, 4.08572, 4.773924, 4.334399], "intergient": [78.1054366667, 77.260056, 77.7687026667, 77.051639], "mediatradecraft": [93.2604926667, 90.2979933333, 93.2856266667, 90.612859], "tvguide": [4.34115, 4.7660036667, 4.0275846667, 4.168515], "vpsvc": [5.2173763333, 5.129384, 5.302047, 4.909379], "netcraft": [5.3696366667, 5.2748496667, 5.087298, 5.159146], "parkers": [], "antiquestradegazette": [5.315557, 5.3012766667, 5.2333776667, 5.0507703333], "firstchoice": [5.051341, 4.0653726667, 5.1848676667, 5.161261], "medicalnewstoday": [4.836335, 5.226636, 4.1998866667, 5.09272, 5.7639663333, 4.9655016667, 5.2936693333, 5.914591], "saasexch": [9.5940793333, 9.4998373333, 5.066665, 5.0319083333, 4.9642313333, 9.230014, 9.4699996667, 5.1837203333], "trackonomics": [4.333915, 4.2385676667, 4.08572, 4.1539703333], "activebeat": [5.3315266667, 5.3362946667, 5.288102, 5.079906], "tiqcdn": [5.1742823333, 5.314929, 5.229588, 5.2571343333], "brcdn": [6.071439], "s-onetag": [4.831517, 5.2120336667, 5.3025833333, 5.1620733333], "simplestream": [5.3332693333, 5.2453516667, 5.1647203333, 5.0646036667, 5.2591426667, 5.3151156667, 5.2041656667], "timeout": [4.182893, 4.475223, 5.1600426667, 4.2589993333, 4.4306146667, 4.953171, 4.4937323333, 4.911754], "ensighten": [5.0579876667, 5.1715946667, 5.0672306667, 4.804422], "strava": [4.6868063333, 4.4009813333, 4.00196, 5.029668], "jg-cdn": [5.059882, 4.9588073333, 5.293288, 5.3386016667], "swiftqueue": [77.2127856667, 77.2279836667, 77.0913016667, 77.2244083333], "surveygizmo": [5.9733506667, 5.9835876667, 5.1909816667, 6.056556], "abrankings": [5.2453083333, 4.1583943333, 4.3248966667, 4.1998276667], "bamgrid": [5.073617, 4.390778, 9.503597, 9.453008, 10.254386, 4.2286493333, 4.298891, 9.5454026667], "trainlinecontent": [5.3323306667, 5.1417686667, 4.1428256667, 4.382727], "newscgp": [5.1777033333, 5.3332693333, 5.0937776667, 5.1815586667], "geekdo-static": [73.747065, 73.9688476667], "minutemedia-prebid": [5.158732, 5.0935086667, 5.0398896667, 5.314284], "gear4music": [5.2999616667, 5.0478393333, 5.1697913333, 4.9313116667], "klarnacdn": [5.1615796667, 5.2259103333, 5.242653, 5.2938506667], "dwin1": [], "covatic": [4.8778806667, 4.3492626667, 5.1078903333, 5.2865946667], "bmstores": [5.09819], "secretsales": [4.4424663333, 4.472987, 5.1254273333, 5.289182, 5.2675533333, 4.485115, 5.2715506667, 5.379076, 4.8385343333, 5.241016, 5.210895, 4.973836], "dotmetrics": [5.1455263333, 4.2875733333, 5.1636863333, 4.3093046667, 5.284171, 4.298891, 4.5362476667, 4.072666], "readingplus": [4.4399606667, 6.231416, 5.136653, 4.2982136667], "rollbar": [5.102776, 5.295629, 5.1547776667, 5.3124633333], "truste": [4.7982296667, 5.2784993333, 5.2011873333, 4.947551], "storystream": [5.055298, 5.2417526667, 5.241781, 5.1384503333], "profitwell": [4.2341946667, 4.2690186667, 5.0208776667, 4.2112806667], "staticcache": [5.2362326667, 4.9030526667, 5.19872, 5.3368366667, 5.3025833333, 5.2346213333, 5.193293, 5.2071443333], "glassesdirect": [4.1118426667, 5.33705, 4.385095, 4.993809, 4.379969, 4.3329966667, 4.8782973333, 5.154058], "undertone": [5.177612, 3.948401, 4.0216266667, 5.0828583333, 3.9664963333, 4.9502673333, 5.2397986667, 4.970618], "liadm": [4.1613623333, 4.4703346667, 4.2627226667, 4.423273], "parkrun": [4.3997173333, 4.213558, 4.4562986667, 4.5276196667], "pendo": [14.231785, 14.8289856667, 14.6226006667, 14.1759713333], "browsealoud": [4.5158563333, 4.331599, 4.2168623333, 5.0260513333], "bauersecure": [5.3109766667, 5.2533553333, 5.209061, 5.183505, 9.5559446667, 10.2980033333, 5.1811316667, 5.0022123333, 10.19181, 4.9939986667, 5.1683363333, 9.5616486667], "captcha-delivery": [5.239587, 4.0970393333, 5.201216, 4.9085986667], "goqubit": [4.4009813333, 5.1728486667, 4.175287, 5.0876226667], "service": [], "healthline": [5.88738, 5.3343486667, 4.3513993333, 5.907408, 5.053887, 4.6645193333, 4.8243953333, 5.3114746667], "amazon-adsystem": [4.328579, 5.120618], "sportinglife": [4.328148, 4.1583943333, 5.0864663333, 5.0998443333], "exelator": [4.8448986667, 5.315879, 5.2193906667, 5.0810426667], "bonne-terre-data-layer": [], "chartbeat": [5.2240666667], "thinqi": [5.1257886667, 5.1530276667, 5.2791726667, 5.2938506667], "spectator": [4.8260373333, 5.3180843333, 5.1857453333, 5.3289793333], "geekdo-images": [4.6833873333, 5.088811, 5.250816, 5.2173766667], "b406929acabac9b095f124c81bdfcf57f": [4.988386, 5.2046906667, 5.2672103333, 4.9803606667], "taggstar": [5.0043666667, 4.0737413333], "dynamicyield": [4.528722, 4.5421343333, 4.9667636667, 4.5045353333, 4.07148, 4.4639443333, 4.967364, 5.021186], "sjwoe": [], "flixster": [5.2371103333, 4.906424, 5.389834, 4.9519523333],