{"zoro": [], "masscation": [5.0678663333, 4.7155686667, 4.79169], "hannesadtech": [4.9914406667, 5.0398956667], "kooora": [5.1033873333, 4.772029], "shopify": [5.0623196667], "tattle": [4.9850486667, 4.7644986667, 5.07694], "live-footballontv": [5.028641, 4.8006256667, 4.9906743333], "thenews": [4.900355, 4.992077], "advfn": [5.1239546667, 4.9892106667], "sitescdn": [4.760094, 4.762747, 4.6413483333, 4.9890043333, 4.9261613333], "casalemedia": [4.7906613333, 4.84006], "exitbee": [12.9017983333, 4.8251436667], "mangago": [4.5647586667, 4.7269956667, 4.8775726667], "wuazu": [4.847629, 4.657324], "twinrdsrv": [4.8289043333, 5.0384726667], "imhentai": [4.506703, 4.993622, 4.864848], "onetrust": [5.0058773333, 4.8440926667, 5.005937, 4.734656], "ionicframework": [], "v-cdn": [4.6978363333, 4.802637], "zorores": [5.0932903333, 4.5975436667, 4.603744], "quoracdn": [5.003697, 4.8659746667], "homebargains": [5.065285, 4.9084456667], "bidgear": [4.7963873333, 5.014046, 5.018028], "sage": [4.6152013333, 4.70324], "curseforge": [4.66696, 5.006746], "videoplayerhub": [5.0015723333, 4.992686, 4.9761666667], "moneysavingexpert": [4.897525, 4.7432196667, 4.9573396667, 4.955345], "qualtrics": [5.0031053333, 4.953372], "gbqofs": [], "fontawesome": [4.90201, 5.043953, 4.7926696667, 4.9649016667], "furaffinity": [9.709587, 9.6470726667, 4.976644], "id5-sync": [5.046185, 4.931735], "viva-images": [4.9129326667, 4.9477433333], "attn": [35.700403, 4.8327103333, 39.4438326667, 4.873918], "wisepops": [4.753859, 4.7913323333, 4.792033], "word": [], "fresherslive": [9.4946243333, 4.7095306667, 9.5342453333], "npttech": [], "salesloft": [4.489764, 4.845794], "4channel": [4.8703126667, 4.8628216667], "fextralife": [4.8003596667, 4.8647226667], "snigelweb": [4.6012543333, 4.9237016667], "spankbang": [4.6761586667, 4.899712], "aternos": [], "boohoo": [], "heavy-r": [], "xxxivjmp": [4.9092703333, 5.1135903333], "ao": [5.0990666667, 4.706268, 4.9213276667, 4.7999466667, 4.857408], "lakeland": [4.9362503333, 4.7685376667], "karenmillen": [], "ltwebstatic": [4.5082926667, 5.043993], "klevu": [9.9450743333, 9.7069023333, 5.0849136667], "ad-delivery": [4.8653513333, 5.00506, 4.9782443333], "funeraltimes": [5.241584], "wbmdstatic": [4.8298776667, 4.6037316667], "cleverwebserver": [4.9558523333, 4.8078483333], "32red": [4.9213923333, 4.936342], "permutive": [4.851701, 4.8562546667], "horoscope": [4.714977, 4.3028416667], "halfords": [5.0013436667, 4.880314], "johnpyeauctions": [4.9871106667, 4.4168476667], "readingplus": [9.661479, 4.973143, 9.952063], "bootstrapcdn": [4.913864, 4.8506746667], "paddypower": [4.878107, 4.8318936667], "oddschecker": [5.0519213333], "thestudentroom": [9.5656153333, 4.953426, 10.5726753333], "flightradar24": [4.5114386667, 4.696768, 4.8562386667, 4.8436263333, 4.5533863333], "torn": [4.8208573333, 5.069885], "hcaptcha": [4.705411, 5.0849653333], "waterstones": [4.820843, 5.0063853333], "faphouse": [5.2110486667, 5.052162], "xhamster": [4.8846933333, 4.866139], "rule34": [4.829755, 5.0658243333, 5.0800713333, 4.656337, 5.0136746667], "therange": [], "onegamepics": [4.8391363333, 4.9866723333], "dummyimage": [10.3654103333, 4.9857133333], "xxxviiijmp": [4.9092703333, 5.1135903333], "hs-scripts": [5.1091633333, 4.4645556667, 4.819205, 4.784895, 4.939326], "ladbrokes": [4.892656, 26.6950343333, 4.9299183333, 27.614074, 4.974916, 4.8835203333], "zendesk": [4.720056, 4.6020586667, 4.9457313333, 5.0343013333], "onesignal": [4.9583363333, 4.986615], "indeed": [4.587019, 4.8784716667], "ghanaweb": [4.926256, 5.0159606667], "usestoryteller": [5.0570506667, 9.9047016667, 9.8580723333], "quotemedia": [4.7445963333, 8.2603596667], "7amz": [4.847629, 4.657324], "wizardingworld": [], "hsadspixel": [5.0378013333, 4.9735796667, 5.1192006667, 4.9614813333, 5.0910116667], "roman": [5.0389463333, 4.486453, 4.9106463333], "mangabuddy": [4.7595173333, 5.080381], "zdassets": [4.9457313333, 4.720056], "freedating": [4.508618, 4.5773073333, 5.9894493333], "scotsman": [6.626564], "wowcher": [5.156322, 4.897383], "babestation": [4.8868773333, 4.7426096667, 4.453682], "bunnycdn": [4.2952963333, 4.8627193333], "thefragranceshop": [4.7305743333, 4.907364], "cloudflareinsights": [5.0250123333, 4.6873703333], "ixl": [4.685172, 4.7868033333, 4.7360456667, 4.992589, 4.795544], "pages": [4.847629, 4.657324], "xxx18": [4.847629, 4.657324], "hsleadflows": [], "discogs": [5.0814956667, 4.9243153333], "researchgate": [5.0332213333, 5.0108806667], "tru": [4.6439246667, 4.5101653333, 4.8497536667], "sparxmaths": [9.8548483333, 5.6554506667, 9.7299653333], "belfasttelegraph": [4.9925476667, 5.033817], "yps": [5.041025, 5.087545], "zeotap": [9.457461, 4.8489256667, 9.5677656667], "cdkeys": [4.9628893333, 9.092272, 4.9349873333], "sendinblue": [4.5049046667, 5.0392223333], "vimeo": [4.87527, 4.5522183333], "hubspot": [4.9201776667, 5.0111256667, 4.838483], "nexusmods": [4.8961333333, 4.65916], "pets4homes": [], "onthebeach": [5.4120736667, 5.0083763333], "tombola": [4.640587, 4.6124573333, 4.957542, 4.9334163333], "smct": [9.987254, 9.8399623333, 4.6311456667], "victoriaplum": [5.0821636667, 4.5360786667], "hsforms": [4.870043, 4.6734663333, 5.218633, 4.7141476667, 4.772124], "psiphon": [4.9951183333, 4.9556773333], "acsbapp": [9.9230193333, 9.9097616667, 4.9724053333], "onlinehomeshop": [4.3271876667, 4.9007013333, 5.1459396667], "strpst": [4.4284853333, 4.943585], "fortnitetracker": [4.977357, 5.0036243333, 4.9503586667], "tapioni": [9.6656453333, 4.5943736667, 9.4221226667], "coral": [26.6950343333, 4.673279, 4.789461, 27.614074, 4.727396, 5.1329386667], "jamieoliver": [4.8689776667, 4.8758536667], "freeview": [], "propertypal": [10.9900566667, 9.7935043333, 4.835633], "placehold": [4.9858623333, 4.8493986667], "f95zone": [], "bustimes": [4.9185066667, 5.2813573333], "blackboardcdn": [5.037787, 4.98831], "doppiocdn": [4.878547, 5.116499], "srcdn": [9.7411796667, 4.7186906667, 10.9571593333], "curalate": [4.3164273333, 4.8121533333], "jjshouse": [], "vistaprint": [], "rome2rio": [], "chaturbate": [4.9290853333, 5.0034476667], "tamildhool": [5.1241826667, 4.615511], "ancestry": [5.002219, 4.8109043333], "bigcommerce": [4.730809, 5.041192], "wilko": [], "mainadv": [5.1144016667, 4.895061], "yext-pixel": [], "dorothyperkins": [5.3683873333, 4.611814], "motherlessmedia": [4.8226846667, 4.6509206667], "tombolaarcade": [4.8393926667, 4.9990643333], "vivastreet": [4.9441486667, 4.4324163333], "amung": [9.7016643333, 9.7014256667, 5.1335923333], "wcofun": [], "tinypass": [4.6839076667, 5.0317986667, 4.8437613333, 5.001781, 4.8954116667], "vpsvc": [5.3327616667, 4.7398203333], "fanfiction": [], "iconify": [4.9792716667, 4.7425826667, 4.4282166667], "btttag": [4.9176196667, 9.7072213333, 9.6227603333], "cloudinary": [4.4944446667, 4.5088076667, 4.2938326667, 3.986395], "hs-analytics": [4.894065, 4.914978, 5.6322023333, 4.7969073333, 4.815205], "mkklcdnv6temp": [9.4597126667, 4.9169976667, 9.2770856667], "deliveroo": [5.0250773333, 4.9638913333, 4.862148, 4.4425323333], "luckyorange": [], "resetera": [], "boylesports": [4.6172943333, 4.8530243333], "fiver": [], "gbnews": [4.8703476667, 4.869918], "webmd": [4.6957576667, 4.90218], "videodelivery": [4.6554163333, 5.0558673333, 4.9435883333, 4.5346903333, 4.86256], "rampant": [], "coingecko": [4.9317656667, 4.7287956667, 4.7973153333, 4.4987426667], "hscollectedforms": [6.861699, 4.9355516667, 4.6857073333, 4.364737, 4.976866], "funnyjunk": [], "milestoneinternet": [5.0069776667, 5.0300333333], "housesforsaletorent": [9.8828803333, 4.8107366667, 9.7346913333], "change": [5.1303823333, 4.5923323333], "boohooman": [], "tribalfusion": [5.1504666667, 4.8136163333], "shop": [], "whatismyip": [4.8275393333, 4.947797], "chess": [4.9609326667], "rasset": [4.4384976667, 4.8696583333], "fool": [5.0989776667, 4.811762], "xlivrdr": [4.9092703333, 5.1135903333], "shopifyapps": [], "xlviirdr": [4.9092703333, 5.1135903333],