{"ctfassets": [176.8938623333, 251.000844, 244.3757436667, 177.3634376667], "ztat": [177.512859, 249.0725516667, 254.1948553333, 176.775519, 249.6728, 177.674592, 177.6737903333, 177.4919433333], "endlessgain": [179.652675, 250.0388036667, 180.6875316667, 177.4459893333], "sail-horizon": [257.091729, 177.3305886667, 187.187685, 250.9693813333], "mailchimp": [252.9414626667, 179.5535323333, 177.620679, 177.553047], "unblockia": [178.56012, 177.9228703333, 245.6331116667, 176.9105503333], "boredpanda": [59.2374626667, 60.7886136667, 58.4692066667, 58.6393973333, 59.0522026667, 59.1915623333, 59.2051266667], "dwin2": [], "prismic": [244.1405183333, 250.5678896667, 177.9401896667, 251.3618603333], "pulselive": [177.53957, 189.220398, 250.8265226667, 180.9336046667, 252.6024833333, 182.825909, 242.9330406667, 257.5510243333], "centerparcs": [], "sdiapi": [244.2231043333, 180.6777563333, 245.6956393333, 244.4931513333, 255.163038, 260.7650553333, 249.7724213333, 248.096908], "privacy-center": [60.0999116667, 58.3825853333, 59.1267246667, 58.4877426667], "pbgrd": [176.7572806667, 246.4175563333, 184.152152, 180.8812323333], "adsafeprotected": [178.0411486667, 252.1391573333, 254.1948553333, 59.249867, 58.4670553333, 59.1451633333, 177.283049, 59.37775], "gr-assets": [259.133544, 243.0234043333, 177.151216], "uecdn": [58.493003, 59.249867, 58.6773396667, 61.0144826667, 59.0522026667, 59.3133643333, 60.765976, 59.4298496667, 58.4736333333, 59.441987, 58.2553033333, 59.4269543333], "uniconsent": [4.92457, 4.9085713333], "here": [248.821694, 182.886665, 245.6331116667, 177.7058886667], "igaming-service": [254.110894, 177.716553, 259.728342, 180.040171], "foresee": [180.103112, 180.914724, 242.9594686667, 251.0803176667], "onlyfans": [177.2413903333, 251.4331103333, 246.438624, 190.964912], "williamhill": [60.905815, 60.1874066667, 58.4009223333, 58.2234913333, 59.3850786667, 59.3430006667, 58.4404683333, 58.322836, 58.3825853333, 59.2780423333, 58.514062, 58.5205943333, 58.4736333333, 58.927884, 58.270576, 59.535703, 59.2524556667, 59.1535653333, 58.3951936667, 58.809846, 59.1451633333, 58.2553033333, 58.4862216667, 58.514064, 59.3037793333, 59.4257993333, 59.453064], "pagesuite-professional": [253.2080186667, 243.9581013333, 261.2529073333, 251.421041], "which": [59.1760186667, 58.3825853333, 59.3430006667, 58.7475793333], "ryanair": [184.400848, 245.0207726667, 9.5677843333, 180.914724, 250.6903873333], "talksport": [5.2922903333, 4.992188, 244.5929573333, 177.263849, 5.0257183333, 5.129384, 251.0189553333, 177.3136676667], "unidadeditorial": [59.406809, 58.3970843333, 59.249867, 58.549397, 58.4956066667, 58.3825853333, 58.274968, 59.182827, 59.2731433333, 59.2819213333, 59.3588856667, 59.251123], "securiti": [59.544364, 58.5840843333, 58.441435, 59.2087133333], "diy": [], "tradingview": [256.5513576667, 259.362578, 177.5210216667, 244.9743233333], "coinmarketcap": [246.0708556667, 251.3359303333, 253.7374383333, 177.4734996667, 178.080379, 246.887848, 251.2455603333, 249.4496256667, 248.0569016667, 176.7255346667, 176.761691, 183.8507973333, 177.5349126667, 251.421041, 249.5931523333, 255.1201943333, 260.7650553333, 177.334245, 260.4889833333, 250.214287], "marketwatch": [176.9660926667, 177.1627016667, 248.0569016667, 253.873796], "builder": [253.5748203333, 253.9055516667, 177.302199, 251.3556523333], "webgains": [184.243687, 253.7709736667, 248.4380236667, 177.624757], "sharethis": [252.28262, 180.2767063333, 249.5367416667, 244.7344873333], "intergient": [249.6547166667, 254.1246606667, 177.5267416667, 251.2350803333], "mediatradecraft": [177.285708, 248.3659053333, 181.0215823333, 184.299422], "tvguide": [180.3668536667, 177.1627016667, 182.6307923333, 253.160928], "vpsvc": [177.2883703333, 254.596505, 177.4930873333, 184.0634446667], "netcraft": [184.013877, 259.828123, 259.728342, 253.002358], "parkers": [], "antiquestradegazette": [58.4349816667, 60.0040643333, 58.6617296667, 59.043084], "firstchoice": [20.7557326667, 20.408932, 20.3527076667, 20.363677], "medicalnewstoday": [58.549397, 59.4250866667, 59.0882523333, 177.4229346667, 251.4331103333, 59.2087133333, 177.3756913333, 178.526048], "saasexch": [243.6975976667, 245.808515, 178.5045883333, 177.2315353333, 187.624797, 253.873796, 252.0213806667, 180.7318523333], "trackonomics": [], "activebeat": [177.9228703333, 257.560858, 253.160928, 182.886665], "tiqcdn": [257.091729, 252.5089963333, 180.0890493333, 252.1312336667], "brcdn": [252.1236746667], "s-onetag": [251.2244883333, 244.6568113333, 254.1664213333, 180.4112236667], "simplestream": [58.56015, 59.3887783333, 58.6393973333, 59.3133643333, 59.4257993333, 59.5394816667, 59.287198, 59.3472046667], "timeout": [250.8772623333, 59.1334113333, 59.3430006667, 249.444766, 59.2780423333, 177.482861, 242.8897673333, 59.394794], "ensighten": [247.9964533333, 245.071932, 177.338003, 177.6662166667], "strava": [250.6350216667, 177.53957, 253.2080186667, 184.299422], "jg-cdn": [179.7351866667, 243.278484, 177.4229346667, 248.9630996667], "swiftqueue": [77.2127856667, 77.2279836667, 77.0913016667, 77.2244083333], "surveygizmo": [177.1627016667, 176.9660926667, 257.249975, 251.4351706667], "abrankings": [177.288701, 244.570032, 177.4912776667, 177.303769], "bamgrid": [251.2079813333, 257.2234246667, 249.6049956667, 263.9264836667], "trainlinecontent": [254.110894, 184.013877, 252.3663586667, 177.283049], "newscgp": [245.8643396667, 254.4213456667, 244.410843, 257.698749], "geekdo-static": [257.99683, 252.812161, 262.196403, 248.808515], "minutemedia-prebid": [177.2883703333, 251.6464966667, 254.2142953333, 253.7374383333], "gear4music": [250.6344043333, 244.6609463333, 249.4606243333, 179.7351866667], "klarnacdn": [180.9336046667, 254.2142953333, 177.1720266667, 248.371196], "dwin1": [], "covatic": [177.1903436667, 254.1225716667, 177.688403, 177.768538], "bmstores": [5.09819], "secretsales": [177.5367773333, 248.402155, 252.3663586667, 250.6741263333, 249.065788, 249.7043536667, 256.9817403333, 255.9308006667, 252.8788033333, 251.3019496667, 183.595463, 177.646923], "dotmetrics": [176.829473, 180.8812323333, 59.2422623333, 251.000844, 58.4677376667, 58.2234913333, 58.569382, 251.632721], "readingplus": [58.4928096667, 59.3902576667, 58.5948543333, 59.6110623333], "rollbar": [248.7021836667, 177.2129796667, 179.5157826667, 180.9336046667], "truste": [243.0250363333, 256.5513576667, 177.8698586667, 178.4350473333], "storystream": [176.8151923333, 183.8994756667, 243.3334133333, 251.6607293333], "profitwell": [59.1535653333, 58.410035, 59.6960553333, 58.5617836667], "staticcache": [59.3887783333, 59.362789, 59.2618816667, 59.4302196667, 60.891907, 59.111588, 59.2258726667, 59.3472046667], "glassesdirect": [58.3970843333, 58.322836, 59.244609, 59.317772, 58.569382, 59.2258726667, 59.1915623333], "undertone": [189.220398, 245.003314, 177.341373, 254.06648, 244.6609463333, 243.278484, 259.038617, 265.3427773333], "liadm": [177.0071803333, 249.37545, 177.0385893333, 177.4175736667], "parkrun": [177.0339033333, 260.5777546667, 184.5094273333, 177.056594], "pendo": [186.357545, 179.716321, 244.8714906667, 244.3541066667], "browsealoud": [251.238126, 255.7009536667, 177.465956, 243.7744973333], "bauersecure": [58.655898, 58.5517503333, 60.60924, 59.2618816667, 59.2348506667, 59.245313, 59.372762, 58.569382], "captcha-delivery": [250.591152, 177.3637706667, 244.3757436667, 185.8521953333], "goqubit": [250.5105196667, 176.8160626667, 182.816545, 256.406523], "service": [], "healthline": [254.110894, 59.1334113333, 252.5586933333, 58.549397, 247.9575453333, 58.6307566667, 58.2698693333, 177.4919433333], "amazon-adsystem": [247.422485, 176.77035], "sportinglife": [20.5869076667, 20.471623, 20.6685293333, 20.4760703333], "exelator": [180.3668536667, 177.2213653333, 249.4785326667, 177.308479], "bonne-terre-data-layer": [], "chartbeat": [263.854855], "thinqi": [250.6664383333, 248.2073426667, 254.2142953333, 177.3242893333],