{"ctfassets": [39.4438326667, 38.098585], "ztat": [34.1510633333, 35.8382633333, 34.6364526667, 35.475507, 34.7445883333, 34.581597, 39.29054, 39.2603106667], "endlessgain": [38.045304, 35.475507, 39.1182576667, 39.4221656667], "sail-horizon": [38.4391853333, 34.619231, 34.7986906667, 39.1966346667], "mailchimp": [38.7475176667, 38.2170673333, 39.1550543333, 38.9883406667], "unblockia": [38.38688, 35.9861593333, 35.9615693333, 38.8066246667], "boredpanda": [39.3135236667, 35.1539926667, 35.1014206667, 38.6271006667, 34.9276866667, 34.8946826667, 34.9908256667, 34.8488606667], "dwin2": [], "prismic": [38.2969643333, 39.29054, 38.4391853333, 35.6800663333], "pulselive": [35.8382633333, 35.411676, 38.098585, 37.980027, 35.6730523333, 38.075979, 35.2876906667], "centerparcs": [], "sdiapi": [39.102539, 35.2067906667, 39.0781033333, 34.894351, 38.2170673333, 35.4154013333, 35.3457643333, 35.414079], "privacy-center": [34.6364526667, 39.4438326667], "pbgrd": [34.458833, 34.6924126667, 34.6382806667, 36.0184866667], "adsafeprotected": [38.2607666667, 39.021269, 39.5609616667, 34.7986906667, 35.364164, 39.424223, 34.9908256667, 35.12931], "gr-assets": [35.5813646667, 34.8954866667], "uecdn": [39.0794276667, 35.235825, 38.3431906667, 39.1854153333, 39.0634783333, 39.500782, 35.1794193333, 35.7297303333, 34.893506, 38.82614, 39.3270693333, 39.194629], "uniconsent": [4.929009, 4.7585293333], "here": [35.5081743333, 35.248877, 38.2170673333, 34.894351], "igaming-service": [], "foresee": [35.8233113333, 34.6924126667, 35.712173], "onlyfans": [39.3270693333, 38.9442566667, 38.8720143333, 38.8556853333], "williamhill": [38.07284, 35.3237333333, 39.1061793333, 35.12931, 35.700403, 39.094725, 39.0634783333, 39.784392, 35.2883406667, 38.098585, 38.82614, 35.1253176667, 39.2603106667, 39.0631816667, 35.0498476667, 39.6392166667, 35.25867, 39.1197203333], "pagesuite-professional": [], "which": [], "ryanair": [9.5677843333], "talksport": [5.2922903333, 5.0257183333, 5.129384, 4.992188], "unidadeditorial": [39.0631816667, 38.82614, 35.4530176667, 39.4492523333, 38.296001, 39.2411636667, 39.4534413333], "securiti": [34.7986906667, 35.5773933333, 39.6282393333], "diy": [], "tradingview": [35.628359, 39.0106736667, 34.3365813333], "coinmarketcap": [35.075201, 39.3135236667, 34.1510633333, 38.0825113333, 39.0781033333, 39.131558, 39.5257936667, 38.8596516667, 34.893506, 34.5394916667, 39.4269313333, 35.5407316667], "marketwatch": [38.354364, 34.5974966667, 35.575088, 34.559362], "builder": [35.6773453333, 35.1670713333, 35.0475433333, 34.919411], "webgains": [38.8066246667, 34.5327583333, 34.6092713333], "sharethis": [39.0982036667, 39.699475], "intergient": [39.1218036667, 39.2109916667, 38.983645, 35.0907473333], "mediatradecraft": [39.29054, 35.562196, 38.3104403333, 38.0135253333], "tvguide": [35.562196, 39.2629843333, 39.4534413333], "vpsvc": [35.6675416667, 34.6365236667, 35.510419], "netcraft": [], "parkers": [], "antiquestradegazette": [39.2327563333, 35.451021, 38.008228, 38.2998253333], "firstchoice": [37.9481666667, 36.634963, 37.2014023333, 38.0451353333], "medicalnewstoday": [35.12931, 39.3983306667, 35.332624, 35.409421], "saasexch": [38.8720143333, 35.0272706667, 35.082911, 39.2109916667, 39.021269, 35.8518993333, 38.9442566667, 38.7658546667], "trackonomics": [35.184329, 35.522607, 38.1662083333, 39.173138], "activebeat": [38.6529993333, 38.6658813333, 35.2979196667, 35.290415], "tiqcdn": [], "brcdn": [38.1295846667], "s-onetag": [39.071934, 34.9150966667, 34.3365813333], "simplestream": [34.1510633333, 34.9849813333, 34.468403, 39.3983306667, 34.4839696667, 38.82614, 39.3473146667, 39.1606106667], "timeout": [], "ensighten": [34.5974966667, 38.6890223333, 35.700403, 34.6382806667], "strava": [39.131558, 39.1218036667, 35.6109076667, 35.3249623333], "jg-cdn": [35.4742853333, 35.168074, 35.277232, 35.0492403333], "swiftqueue": [77.2127856667, 77.2279836667, 77.0913016667, 77.2244083333], "surveygizmo": [39.1717513333, 38.9282246667, 34.893506, 39.189752], "abrankings": [36.0184866667, 34.3667496667, 34.6924126667, 35.6684056667], "bamgrid": [39.481819, 38.9442566667, 35.364164, 35.1030743333], "trainlinecontent": [], "newscgp": [39.2021906667, 35.5773933333, 39.6282393333, 38.3135226667], "geekdo-static": [39.0024046667, 38.585718, 34.9841836667, 39.0764226667], "minutemedia-prebid": [], "gear4music": [39.5257936667, 39.059051, 38.2587233333, 39.649169], "klarnacdn": [], "dwin1": [], "covatic": [], "bmstores": [5.09819], "secretsales": [38.9696326667, 35.4119546667, 35.6773453333, 35.1173133333, 35.3237333333, 35.1120583333, 39.1061793333, 35.12931], "dotmetrics": [39.094706, 39.194786, 35.7161526667, 35.364164, 35.3237333333, 35.1253176667, 39.4269313333, 35.5407316667], "readingplus": [35.6109076667, 38.9442566667, 35.8034526667, 38.8556853333], "rollbar": [], "truste": [34.4933033333, 34.5164263333, 38.3055653333, 39.0984873333], "storystream": [35.5592806667, 35.25867, 38.2170673333, 34.8774443333], "profitwell": [39.1717513333, 35.352056, 39.4269313333, 35.277232], "staticcache": [39.2208416667, 39.5138786667, 34.33141, 35.383974, 35.0475433333, 34.893506, 39.0657526667], "glassesdirect": [34.8185456667, 39.2729293333, 35.1030743333, 35.231787, 34.7986906667, 35.0475433333, 39.0984873333, 34.8488606667], "undertone": [34.3679166667, 38.3966913333, 39.228538, 35.8320983333, 39.784392], "liadm": [38.468677, 39.2021906667, 39.0984873333, 39.2411636667], "parkrun": [38.9486666667, 39.481819, 35.498521, 35.352056], "pendo": [38.5733886667, 38.7814966667, 35.4530176667, 35.0608233333], "browsealoud": [35.5592806667, 34.7744103333, 38.7682623333, 38.8140046667], "bauersecure": [35.6675416667, 39.623477, 35.6684876667], "captcha-delivery": [35.454386, 38.201171, 38.056794], "goqubit": [39.1064733333, 39.3473146667, 35.217045, 38.82614], "service": [], "healthline": [34.48222, 34.987593, 39.2729293333, 39.2629843333, 35.25867, 38.7218656667, 38.725382, 38.336857], "amazon-adsystem": [38.963015, 38.9267076667], "sportinglife": [40.956204, 38.275467, 41.5188973333, 39.9308763333], "exelator": [39.194629, 35.1120583333, 38.79458, 34.9276866667], "bonne-terre-data-layer": [], "chartbeat": [], "thinqi": [], "spectator": [35.4154013333, 39.0359126667, 35.453183, 35.007574], "geekdo-images": [35.6730523333, 34.197893, 35.4668366667], "b406929acabac9b095f124c81bdfcf57f": [35.5081743333, 35.246717, 38.9696326667, 38.5824203333], "taggstar": [34.8825056667], "dynamicyield": [38.809417, 38.8720143333, 39.169299, 35.3680183333, 35.217045, 35.1253176667, 39.2792943333, 35.12931], "sjwoe": [], "flixster": [36.0778726667, 39.2603106667, 37.9607863333], "clicktripz": [38.5141093333, 35.2934733333, 38.8140046667, 34.9711536667], "osano": [35.3118036667, 38.8223516667, 39.481819, 39.2736783333], "bstatic": [35.3636896667, 39.2021906667, 39.5229146667, 35.7646703333, 39.3795913333, 35.475507, 39.2411636667, 35.5525183333], "signifyd": [], "clicktale": [38.8223516667, 38.5424883333, 39.2409063333, 35.542692], "evbstatic": [38.337982], "juspay": [39.2208416667, 38.8898006667, 38.5733886667, 34.9849813333], "intergi": [38.2969643333, 38.3055653333, 39.4273113333, 38.049123], "imrworldwide": [34.1845003333, 34.9150966667], "cdn-national-lottery": [], "usehero": [34.458833, 35.7781566667, 39.0106736667, 39.071934], "babestation": [39.2472086667, 35.5773933333, 35.5065913333, 38.0135253333], "ucas": [34.3679166667, 35.5384136667, 34.6924126667, 39.1606106667], "pusher": [39.7881753333], "globalauctionplatform": [39.1883386667, 34.3392096667, 35.702759], "mitula": [34.1510633333, 39.784392, 35.575088, 38.286661], "mytutor": [34.458833, 39.1197203333, 37.9607863333, 38.056794], "weglot": [38.38688, 35.9615693333, 35.5773933333, 38.1662083333], "mhcache": [39.2165113333, 35.414079, 39.1812053333, 35.053687], "segment": [35.4710246667], "dowjones": [38.9807336667, 35.0498476667, 39.116586, 38.8464293333, 39.1061793333, 35.679445, 38.8140046667, 35.12931],