{"ctfassets": [15.0127536667, 15.1392936667, 15.3825843333, 15.4996896667], "ztat": [15.471116, 15.5690093333, 15.475885, 15.1057433333, 15.111641, 15.907212, 15.0871523333, 15.353882], "endlessgain": [15.2263723333, 14.9857236667, 15.1829666667, 15.433131], "sail-horizon": [0.0770086667], "mailchimp": [15.343413, 15.0313096667, 15.0478466667, 14.8102943333], "unblockia": [15.3825843333, 15.035601, 15.4657343333], "boredpanda": [15.5934896667, 15.7257006667, 15.3811423333, 15.360052, 15.5257833333, 15.0520873333, 15.3998966667, 16.0070043333], "dwin2": [0.0770086667], "prismic": [15.0302603333, 15.2130303333, 16.7175326667, 15.4289236667], "pulselive": [15.1281926667, 15.0580566667, 15.2152766667, 15.600029, 15.61557, 15.4477453333, 15.4436783333, 15.1938266667], "centerparcs": [], "sdiapi": [15.7405053333, 15.972916, 15.2152056667, 15.5451996667, 15.128393, 15.8137663333, 15.3664256667, 15.026801], "privacy-center": [15.0578863333, 15.346263, 15.1149443333, 15.019025], "pbgrd": [14.91238, 15.4959036667, 15.3757013333, 15.7427916667], "adsafeprotected": [0.0770086667], "gr-assets": [15.3470283333, 15.666638, 15.0671376667], "uecdn": [15.5100423333, 15.2216406667, 15.2130093333, 15.5280673333, 15.7301226667, 15.5797683333, 15.5826233333, 15.0691003333, 16.1341463333, 15.7330416667, 15.71046, 15.9630116667], "uniconsent": [0.0770086667], "here": [15.063584, 15.061034, 15.1652816667, 15.0313096667], "igaming-service": [15.889109, 15.4829393333, 15.515606, 15.8626216667], "foresee": [0.0770086667], "onlyfans": [15.1046043333, 14.917508, 15.4391856667, 14.907236], "williamhill": [15.6056503333, 15.0764143333, 15.0793823333, 15.1460216667, 15.4648283333, 15.532336, 15.2902056667, 15.3809853333, 14.9411183333, 15.3563853333, 15.105395, 15.027881, 15.110945, 15.0454463333, 15.2699886667, 15.1769536667, 14.744265, 15.1652816667, 15.2031076667, 15.53413, 15.1826316667, 15.3844176667, 14.7234593333, 15.6371063333, 15.3666156667, 14.8489326667, 15.112836], "pagesuite-professional": [14.6433583333, 15.678848, 15.4823193333, 15.4043266667], "which": [15.3844176667, 15.7423986667, 15.4969543333, 15.1613386667], "ryanair": [15.113891, 15.4072273333, 9.5677843333, 15.504528, 15.2408656667], "talksport": [5.2922903333, 14.996737, 4.992188, 5.0257183333, 5.129384, 15.6420736667, 15.6886786667, 15.5563356667], "unidadeditorial": [14.7840026667, 15.5955833333, 15.4514386667, 15.3652766667, 15.665186, 15.583342, 15.5006853333, 14.8783963333, 15.6677263333, 15.7684256667, 14.938994, 17.0277073333], "securiti": [15.123327, 15.1574876667, 15.0658116667, 14.7978413333], "diy": [], "tradingview": [14.8853773333, 15.6222196667, 14.9009013333, 15.4254166667, 15.5130713333, 15.5701773333, 15.6932086667, 15.5323996667], "coinmarketcap": [16.9252243333, 15.4098423333, 15.3831103333, 15.4240846667, 15.1339213333, 15.757906, 15.3809853333, 15.243438, 15.3210773333, 15.4659373333, 15.358061, 16.5689926667, 15.54125, 15.031482, 14.9602326667, 15.1284473333, 15.651273, 15.4153716667, 15.3148946667, 15.4695883333], "marketwatch": [15.3465626667, 15.582406, 15.2056256667, 15.3473736667], "builder": [14.7112676667, 15.4726503333, 15.2902056667], "webgains": [0.0770086667], "sharethis": [0.0770086667], "intergient": [0.0770086667], "mediatradecraft": [15.09307, 15.3563853333, 14.9695186667, 14.9447916667], "tvguide": [16.0441646667, 15.9523603333, 15.6818273333, 15.6605553333], "vpsvc": [15.0478466667, 15.0889353333, 15.014307, 14.7238196667], "netcraft": [15.1046043333, 15.3964133333, 15.1563246667, 15.3310723333], "parkers": [], "antiquestradegazette": [14.8382073333, 15.5399566667, 14.7046623333, 15.364032], "firstchoice": [10.248636, 10.356476, 10.2633626667, 10.502195], "medicalnewstoday": [15.171325, 15.5969793333, 15.5178663333, 15.222646, 15.507009, 15.0852173333, 14.935637, 15.810753], "saasexch": [15.3548733333, 15.364032, 15.535031, 15.2274156667, 15.2152056667, 15.2516443333, 15.3568223333, 14.744265], "trackonomics": [0.0770086667], "activebeat": [15.3597176667, 14.971057, 14.9669526667, 14.8102943333], "tiqcdn": [0.0770086667], "brcdn": [0.0770086667], "s-onetag": [0.0770086667], "simplestream": [16.005383, 16.0536813333, 16.7109806667, 15.9183396667, 14.957594, 15.5130713333, 15.61557, 15.3293663333], "timeout": [15.3709123333, 15.1563246667, 15.0858973333, 15.2023373333, 15.0671613333, 15.8887376667, 15.1198913333, 15.342188], "ensighten": [0.0770086667], "strava": [16.01273, 15.906793, 16.0675276667, 16.049249], "jg-cdn": [15.3113373333, 14.981028, 14.937206, 15.2983346667], "swiftqueue": [77.2127856667, 77.2279836667, 77.0913016667, 77.2244083333], "surveygizmo": [14.8081606667, 15.9438086667, 14.9032776667, 15.0038993333], "abrankings": [15.2579336667, 15.7582446667, 15.2260446667, 16.3535213333], "bamgrid": [15.444295, 15.714994, 15.2472933333, 15.7320356667, 15.121072, 15.305238, 14.929601, 15.293036], "trainlinecontent": [15.1305726667, 15.3510203333, 15.2368636667, 15.3156766667], "newscgp": [0.0770086667], "geekdo-static": [15.531313, 15.0013403333, 15.2705256667, 15.0453196667], "minutemedia-prebid": [15.430636, 15.353975, 17.4489603333, 15.4582733333], "gear4music": [15.344568, 15.097894, 15.5216016667, 15.5514956667], "klarnacdn": [15.6693136667, 15.1352803333, 15.585535, 15.582406], "dwin1": [0.0770086667], "covatic": [15.3594406667, 15.232749, 15.671684, 15.4582733333], "bmstores": [5.09819], "secretsales": [15.4424546667, 15.145689, 15.3913076667, 15.256218, 15.1432573333, 15.6617976667, 15.3394343333, 15.2651216667, 15.1533366667, 15.8276323333, 15.20802, 15.0825913333], "dotmetrics": [15.0807473333, 14.9768953333, 0.0770086667, 14.77119, 15.4742983333], "readingplus": [15.2641126667, 15.4391856667, 15.1623683333, 15.175678], "rollbar": [15.135603, 15.162974, 15.143452, 15.3005603333], "truste": [0.0770086667], "storystream": [15.023443, 15.1884036667, 15.7221756667, 15.4686966667], "profitwell": [14.4418636667, 15.2268903333, 15.317032, 15.1245523333], "staticcache": [15.4463473333, 15.0582533333, 15.26463, 15.708841, 15.723742, 15.259007, 15.9143946667, 15.383882], "glassesdirect": [15.504573, 15.4672646667, 15.6677263333, 15.3268523333, 15.5677253333, 15.100941, 15.9143946667, 15.1257666667], "undertone": [0.0770086667], "liadm": [0.0770086667], "parkrun": [15.5807813333, 15.2524616667, 15.3757013333, 15.875569], "pendo": [15.1764556667, 15.7602526667, 15.3594406667, 15.541881], "browsealoud": [15.3896676667, 15.2398866667, 15.7416226667, 15.0086693333], "bauersecure": [15.0453933333, 15.0658116667, 15.421629, 14.852477, 15.614049, 15.4834853333, 15.4176066667, 14.945503], "captcha-delivery": [15.2862943333, 14.852477, 15.4077343333, 15.4351833333], "goqubit": [16.4787683333, 15.3604216667, 14.945503, 15.4289236667], "service": [], "healthline": [15.5923033333, 15.9496853333, 14.8853773333, 15.5826233333, 15.1552333333, 15.3913566667, 15.6932086667, 16.1723856667], "amazon-adsystem": [0.0770086667], "sportinglife": [4.328148, 4.1583943333, 5.0864663333, 5.0998443333], "exelator": [0.0770086667], "bonne-terre-data-layer": [0.0770086667], "chartbeat": [0.0770086667], "thinqi": [15.1046043333, 15.2250326667, 15.4428256667, 14.6662123333], "spectator": [15.258515, 14.917508, 15.281478, 15.1157183333], "geekdo-images": [14.9274883333, 15.1714246667, 15.3604216667, 16.441324], "b406929acabac9b095f124c81bdfcf57f": [15.2699106667, 15.3644406667, 15.2472933333, 15.301025], "taggstar": [15.236318, 15.2355096667], "dynamicyield": [0.0770086667], "sjwoe": [], "flixster": [15.5464926667, 15.4079336667, 15.4829393333, 15.085778], "clicktripz": [0.0770086667], "osano": [17.5398683333, 15.259007, 15.4461683333, 15.553537], "bstatic": [15.9125, 15.6663606667, 15.266503, 15.531941, 15.2156493333, 15.788265, 15.4834853333, 15.3794366667], "signifyd": [15.148297, 15.2250326667, 15.1982663333, 15.111857], "clicktale": [0.0770086667], "evbstatic": [15.091173, 14.666736, 15.0510306667, 14.773401], "juspay": [15.2434026667, 15.132431, 15.1996996667, 15.2312403333],