{"msftauth": [4.522888, 4.1538773333], "jwplayer": [0.0770086667], "twimg": [10.4542936667, 4.4598386667], "azureedge": [4.422895], "msecnd": [4.4678703333, 4.422895], "yodel": [4.0636513333], "w3schools": [5.1345646667, 5.3053996667], "yotpo": [4.317807], "securedataimages": [4.4740613333], "yahoo": [0.0770086667, 4.0129813333], "puregym": [4.5262516667], "cookieinformation": [4.5262516667], "twitter": [10.4612446667], "quizclothing": [3.8692316667], "beop": [0.0770086667], "sub2tech": [4.4333813333], "office": [4.5262516667], "postoffice": [4.7712126667]}