{"msftauth": [297.9337586667, 284.3653973333], "jwplayer": [302.1398946667], "twimg": [290.6909993333, 126.149125], "azureedge": [290.895857], "msecnd": [290.895857], "yodel": [4.0636513333], "w3schools": [5.1345646667, 5.3053996667], "yotpo": [279.5540596667], "securedataimages": [281.864041], "yahoo": [284.0478656667, 232.4993653333], "puregym": [288.617383], "cookieinformation": [288.617383], "twitter": [294.4930363333], "quizclothing": [302.865805], "beop": [276.5239956667], "sub2tech": [292.7065886667], "office": [161.187892, 161.4617376667, 161.033633, 152.4061213333, 139.093186, 153.817392, 146.5821943333, 153.7842043333, 144.622345], "postoffice": [4.7712126667]}