{"robertdyas": [4.3366486667, 4.3181346667, 4.0626323333, 4.540698], "amazon": [], "r9cdn": [118.738941], "techradar": [16.6933536667, 4.3389473333, 4.45463], "mediavine": [128.7337266667], "cheapflights": [4.4804136667, 3.9537396667, 4.308141, 4.5506453333], "eurogamer": [4.3639016667, 3.981856, 3.959568, 4.130858], "vimeocdn": [125.1958313333], "sentry-cdn": [4.227578, 4.400999, 4.561211, 4.37441], "fastly": [125.0263736667], "pinterest": [3.943964, 4.3451396667, 146.3201323333, 4.0376103333, 4.090284], "ticketmaster": [123.1066263333], "theguardian": [4.464397, 4.3589316667, 4.5256656667, 128.1151933333, 4.4845006667], "livenationinternational": [123.1066263333], "futurecdn": [131.5926763333], "px-cdn": [124.82053], "racingpost": [249.6728, 177.0339033333, 243.6265143333, 118.1847493333, 255.51182], "klaviyo": [118.1847493333], "nocookie": [133.1521333333], "mparticle": [118.1847493333], "eticketing": [4.4229476667, 4.295063, 4.236211, 4.2383906667], "independent": [128.714436], "cloudinary": [159.486012, 144.0060593333], "uswitch": [125.0236593333, 132.5544936667], "disqus": [11.2693766667], "fabguys": [124.8200036667], "sk-static": [125.0669733333], "scdn": [124.1662433333], "ustudio": [126.2607566667, 122.898349], "ft": [4.4110066667, 4.42142, 4.071048, 4.4772313333, 124.8271583333], "guardianapis": [128.1151933333], "nike": [144.2442876667], "imgix": [125.7582106667], "typenetwork": [128.714436], "imgur": [4.311313, 4.2574396667, 11.1874893333], "github": [4.3088176667, 77.532052, 4.2367846667, 4.3010896667, 4.252457], "": [4.3636383333, 4.4265993333, 4.0661073333, 4.2950046667], "magnolia-platform": [125.0236593333], "reddit": [4.3612913333, 4.3343853333, 4.3023003333, 4.3992696667, 134.8795483333], "w-x": [118.1847493333], "redditmedia": [134.8795483333], "contentstack": [124.8602303333], "ads-twitter": [126.6393553333], "jwpltx": [131.5926763333], "speedcurve": [125.0669733333], "gbnews": [], "tripadvisor": [4.1946746667, 143.092525, 4.2746303333, 4.0744846667, 4.5260453333], "bbc": [4.3233833333, 4.2357463333, 4.2546036667, 4.3839886667], "paypal": [118.1742043333, 23.81503, 4.6485233333, 22.0030183333], "spareroom": [4.4406096667, 4.20891, 4.2245073333, 4.2696736667, 137.5599803333], "newrelic": [4.6378583333, 124.8602303333], "nytimes": [4.4445573333, 4.310427, 4.5317356667, 4.4906663333, 124.460366], "statically": [128.714436], "etsy": [4.446693, 4.4219426667, 4.2869606667, 4.2005153333], "upday": [125.0236593333], "evgnet": [4.3542413333, 4.4492586667, 4.3555506667, 4.4588923333], "rebelmouse": [131.5659856667], "hearstapps": [137.7602246667], "forbes": [4.4406096667, 4.20891, 132.5544936667, 4.2245073333, 118.1847493333, 4.2696736667], "amplitude": [125.0236593333], "polyfill": [124.1624676667], "madeandworn": [4.339385, 4.462153], "pcgamer": [131.5926763333, 4.245444, 4.569585, 4.329383, 4.4819973333], "seasaltcornwall": [4.3181346667, 4.3366486667, 4.0626323333, 4.540698], "wfcdn": [132.067306], "damart": [], "cnn": [4.500686, 4.183744, 122.9386306667, 4.411522, 4.3601083333], "guim": [128.1151933333], "dndbeyond": [4.5396156667, 4.3667693333, 4.2977346667, 4.359838], "idealista": [4.5330696667, 4.360162], "jsdelivr": [131.7793933333], "githubassets": [4.2770706667, 4.517316, 4.449269, 4.3202633333], "kampyle": [128.3208543333], "scroll": [10.2840743333], "guimcode": [128.1151933333], "gitlab": [4.2245073333, 4.4406096667, 4.20891, 4.2696736667], "tubemogul": [137.5599803333], "guardianapps": [128.1151933333], "ebaystatic": [163.8266576667], "mit": [4.4442873333, 3.9830913333, 118.1847493333, 4.4878143333, 4.385664], "fetlife": [4.3667693333, 4.5396156667, 128.714436, 4.359838, 4.2977346667], "stripe": [123.1310633333], "launchdarkly": [125.0669733333], "tes": [4.3999956667, 4.161571, 4.0945253333, 128.149481, 4.3768636667], "adnxs": [126.926141], "travelodge": [124.1327183333], "nyt": [124.460366], "kayak": [4.4804136667, 3.9537396667, 4.308141, 4.5506453333], "fabswingers": [132.5111236667], "nidirect": [4.3001593333], "cbsi": [4.3425266667, 4.455164, 127.262504, 4.328223, 4.2434666667], "datas3ntinel": [], "twimg": [290.6909993333, 126.149125, 4.4552006667], "taboola": [118.2993], "perfectmarket": [118.2993], "whatculture": [4.3389473333, 4.45463], "redditstatic": [], "paramountplus": [], "buzzfeed": [131.5926763333], "cargurus": [124.7368006667, 132.4815676667], "tacdn": [129.8597996667], "apester": [125.0669733333], "service": [136.605058], "squarespace-cdn": [164.5503456667, 144.3853786667], "last": [3.8628236667], "wayfair": [128.169573, 125.9940323333], "ubembed": [132.0572446667], "loveholidays": [4.3667693333, 4.2977346667, 4.359838, 4.5396156667], "wistia": [140.379984], "boltdns": [128.0537306667], "yottaa": [118.1847493333], "wikihow": [4.3667693333, 4.2977346667, 4.359838, 4.5396156667], "bbcgoodfood": [4.4442873333, 4.4878143333, 3.9830913333, 4.385664], "ketchcdn": [125.0236593333], "forbesimg": [132.5544936667], "tadst": [136.8208363333], "redd": [134.8795483333], "decathlon": [4.5381256667, 4.451951], "hubvisor": [125.0236593333], "medallia": [5.2517453333], "tescomobile": [5.477167], "goodhousekeeping": [4.3686926667, 4.508265, 4.358752, 4.48777], "pantheonsite": [4.328983], "everesttech": [137.5599803333], "boots": [122.9569726667], "standard": [4.981678, 4.740427, 4.8941953333], "rightmove": [177.2997733333, 177.4042483333], "thesaurus": [4.4442873333, 4.4878143333, 3.9830913333, 4.385664], "asideas": [125.0236593333], "brightcove": [128.0537306667], "sstatic": [4.553123, 4.5411076667, 4.089544, 4.6149566667], "noibu": [59.319041, 59.0638863333, 58.501427, 59.5102563333], "outbrain": [125.0236593333], "ign": [4.45731, 4.1103096667, 4.074451, 4.510916], "thingiverse": [4.4442873333, 4.4878143333, 3.9830913333, 4.385664], "appliancesdirect": [], "healthline": [118.1847493333], "cultbeauty": [144.799551], "roocdn": [137.5599803333], "homesandgardens": [4.245444, 4.4819973333, 4.329383, 4.569585], "radiotimes": [4.4442873333, 4.4878143333, 3.9830913333, 4.385664], "immediate": [124.8602303333], "rbl": [], "matalan": [4.3667693333, 4.2977346667, 4.359838, 4.5396156667], "jwpcdn": [131.5926763333], "timeanddate": [77.7098276667, 77.6839923333], "jwpsrv": [131.5926763333], "dunelm": [4.4442873333, 4.4878143333, 3.9830913333, 4.385664], "coolmathgames": [4.3995176667, 4.443813, 4.2180376667, 4.2405123333], "gamespot": [10.307916], "boden": [4.4403893333, 4.567167, 4.3602106667, 4.3829963333]}