{"robertdyas": [], "amazon": [15.8704086667, 15.3375143333, 14.4605813333], "r9cdn": [4.4804136667, 3.9537396667, 4.308141, 4.5506453333], "techradar": [4.3389473333, 4.45463], "mediavine": [4.3346843333, 4.2264156667, 4.3789796667, 4.4432526667], "cheapflights": [4.4804136667, 3.9537396667, 4.308141, 4.5506453333], "eurogamer": [4.130858, 3.981856, 4.3639016667, 3.959568], "vimeocdn": [40.637589], "sentry-cdn": [4.400999, 4.561211, 4.37441, 4.227578], "fastly": [4.4452306667, 4.4721646667, 4.4033093333, 4.223719], "pinterest": [3.943964, 36.0431126667, 4.3451396667, 4.0376103333, 4.090284], "ticketmaster": [4.4229476667, 4.295063, 4.236211, 4.2383906667], "theguardian": [4.5256656667, 4.3589316667, 4.464397, 4.4845006667], "livenationinternational": [4.4229476667, 4.295063, 4.236211, 4.2383906667], "futurecdn": [4.4819973333, 4.569585, 4.329383, 4.245444], "px-cdn": [4.5085283333, 4.312306, 4.1344606667, 4.1498823333], "racingpost": [4.4442873333, 3.9830913333, 39.2109916667, 35.2539303333, 4.4878143333, 38.983645, 39.3473146667, 4.385664], "klaviyo": [4.4442873333, 4.4878143333, 3.9830913333, 4.385664], "nocookie": [], "mparticle": [4.4442873333, 4.4878143333, 3.9830913333, 4.385664], "eticketing": [4.4229476667, 4.295063, 4.236211, 4.2383906667], "independent": [4.3667693333, 4.2977346667, 4.359838, 4.5396156667], "cloudinary": [4.4944446667, 4.5088076667, 4.2938326667, 3.986395], "uswitch": [4.443813, 3.981856, 4.130858, 4.2405123333, 4.2180376667, 4.3995176667, 4.3639016667, 3.959568], "disqus": [4.3530673333, 4.560791], "fabguys": [4.064662, 4.4243423333, 4.0241986667, 4.5230646667], "sk-static": [], "scdn": [40.5546366667], "ustudio": [4.561934, 4.2509776667, 4.445115, 4.2753486667, 4.4721586667, 4.4329993333, 4.1084553333, 4.2015416667], "ft": [4.4772313333, 4.071048, 4.4110066667, 4.42142], "guardianapis": [4.5256656667, 4.3589316667, 4.464397, 4.4845006667], "nike": [3.9393256667, 4.2109806667, 4.4107723333, 4.3326566667], "imgix": [40.6617653333], "typenetwork": [4.3667693333, 4.2977346667, 4.359838, 4.5396156667], "imgur": [4.2574396667], "github": [4.3088176667, 77.532052, 14.8465846667, 4.2367846667, 4.3010896667, 4.252457], "": [4.3636383333, 4.2950046667, 4.0661073333, 4.4265993333], "magnolia-platform": [], "reddit": [4.3992696667, 4.3343853333, 4.3612913333, 4.3023003333], "w-x": [4.4442873333, 4.4878143333, 3.9830913333, 4.385664], "redditmedia": [4.3992696667, 4.3343853333, 4.3612913333, 4.3023003333], "contentstack": [4.2858473333, 4.375535, 4.4953053333, 4.170808], "ads-twitter": [40.8037573333], "jwpltx": [4.4819973333, 4.569585, 4.329383, 4.245444], "speedcurve": [4.227578, 4.37441, 4.561211, 4.400999], "gbnews": [], "tripadvisor": [4.2746303333, 4.0744846667, 4.1946746667, 4.5260453333], "bbc": [4.3233833333, 4.2546036667, 4.2357463333, 4.3839886667], "paypal": [22.0030183333, 4.230685, 23.81503, 4.8202353333, 4.161047, 4.0744206667, 4.478865], "spareroom": [4.2245073333, 4.4406096667, 4.20891, 4.2696736667], "newrelic": [4.2526046667, 4.4953053333, 4.2858473333, 4.375535, 4.170808], "nytimes": [4.310427, 4.5317356667, 4.4445573333, 4.4906663333], "statically": [4.3667693333, 4.2977346667, 4.359838, 4.5396156667], "etsy": [4.446693, 4.4219426667, 4.2869606667, 4.2005153333], "upday": [], "evgnet": [4.3542413333, 4.4492586667, 4.3555506667, 4.4588923333], "rebelmouse": [4.4299073333, 4.4718833333, 4.4262556667, 4.352113], "hearstapps": [4.3686926667, 4.508265, 4.358752, 4.48777], "forbes": [4.4442873333, 4.4406096667, 4.20891, 3.9830913333, 4.2245073333, 4.385664, 4.4878143333, 4.2696736667], "amplitude": [4.2405123333, 4.443813, 4.2180376667, 4.3995176667], "polyfill": [4.3761483333, 4.3837596667, 4.2312036667, 4.4043373333], "madeandworn": [4.339385, 4.462153], "pcgamer": [4.4819973333, 4.569585, 4.329383, 4.245444], "seasaltcornwall": [4.3181346667, 4.3366486667, 4.0626323333, 4.540698], "wfcdn": [4.4377113333, 4.38359, 4.181895, 4.2725016667], "damart": [], "cnn": [4.183744, 4.411522, 4.500686, 4.3601083333], "guim": [4.5256656667, 4.3589316667, 4.464397, 4.4845006667], "dndbeyond": [], "idealista": [], "jsdelivr": [4.935322, 4.9360916667, 4.700844, 4.8120006667, 4.4010646667], "githubassets": [4.2770706667, 4.517316, 4.449269, 4.3202633333], "kampyle": [4.2023096667, 4.041725, 4.509997, 4.4196256667], "scroll": [4.167174, 4.3070203333], "guimcode": [], "gitlab": [], "tubemogul": [4.2245073333, 4.4406096667, 4.20891, 4.2696736667], "guardianapps": [], "ebaystatic": [], "mit": [4.4442873333, 4.4878143333, 3.9830913333, 4.385664], "fetlife": [4.3667693333, 4.2977346667, 4.359838, 4.5396156667], "stripe": [3.7991413333, 4.406248, 4.181773, 4.2207173333], "launchdarkly": [4.227578, 4.37441, 4.561211, 4.400999], "tes": [4.3999956667, 4.161571, 4.3768636667, 4.0945253333], "adnxs": [4.1595596667, 4.310641, 4.305122, 4.306236], "travelodge": [4.6330206667, 4.264872, 4.209053, 4.5420626667], "nyt": [4.310427, 4.5317356667, 4.4445573333, 4.4906663333], "kayak": [4.4804136667, 3.9537396667, 4.308141, 4.5506453333], "fabswingers": [4.4355246667, 4.447829, 4.435648, 4.5420953333], "nidirect": [4.3001593333], "cbsi": [4.328223, 4.455164, 4.3425266667, 4.2434666667], "datas3ntinel": [], "twimg": [5.488523, 4.4598386667, 4.4552006667], "taboola": [4.3559373333, 4.4986536667, 4.295713, 4.1785526667], "perfectmarket": [4.3559373333, 4.4986536667, 4.295713, 4.1785526667], "whatculture": [4.3389473333, 4.45463], "redditstatic": [], "paramountplus": [], "buzzfeed": [4.4819973333, 4.569585, 4.329383, 4.245444], "cargurus": [4.3609203333, 4.3305356667, 4.4399606667, 4.1950013333, 4.261394, 4.2524583333, 4.3059706667, 4.5141], "tacdn": [], "apester": [4.227578, 4.37441, 4.561211, 4.400999], "service": [4.3636383333, 4.4265993333, 4.0661073333, 4.2950046667], "squarespace-cdn": [4.3500913333, 4.3507723333, 4.2059516667, 4.2358566667], "last": [3.8628236667], "wayfair": [4.5500763333, 4.4136236667, 4.0485366667, 4.4364593333, 5.3084353333, 4.3372543333, 4.38877, 4.325407], "ubembed": [4.4542436667, 4.343702, 4.1163473333, 4.432148], "loveholidays": [4.3667693333, 4.2977346667, 4.359838, 4.5396156667], "wistia": [4.3226083333, 4.191786, 4.2876293333, 4.16798], "boltdns": [], "yottaa": [4.4442873333, 4.4878143333, 3.9830913333, 4.385664], "wikihow": [4.3667693333, 4.2977346667, 4.359838, 4.5396156667], "bbcgoodfood": [4.4442873333, 4.4878143333, 3.9830913333, 4.385664], "ketchcdn": [4.2405123333, 4.443813, 4.2180376667, 4.3995176667], "forbesimg": [4.3639016667, 3.981856, 3.959568, 4.130858], "tadst": [], "redd": [4.3992696667, 4.3343853333, 4.3612913333, 4.3023003333], "decathlon": [4.5381256667, 4.451951], "hubvisor": [4.2405123333, 4.443813, 4.2180376667, 4.3995176667], "medallia": [], "tescomobile": [39.1465596667], "goodhousekeeping": [4.3686926667, 4.508265, 4.358752, 4.48777], "pantheonsite": [4.328983], "everesttech": [4.2245073333, 4.4406096667, 4.20891, 4.2696736667], "boots": [], "standard": [], "rightmove": [39.9887086667, 40.1742453333], "thesaurus": [], "asideas": [], "brightcove": [4.4373483333, 4.0312413333, 4.46513, 4.2335363333], "sstatic": [4.5411076667, 4.553123, 4.6149566667, 4.089544], "noibu": [35.25867, 34.589068, 34.811682, 35.1014206667], "outbrain": [41.1944813333], "ign": [], "thingiverse": [4.4442873333, 4.4878143333, 3.9830913333, 4.385664], "appliancesdirect": [], "healthline": [4.4442873333, 4.4878143333, 3.9830913333, 4.385664], "cultbeauty": [42.739297], "roocdn": [4.2245073333, 4.4406096667, 4.20891, 4.2696736667], "homesandgardens": [4.245444, 4.4819973333, 4.329383, 4.569585], "radiotimes": [], "immediate": [4.2858473333, 4.375535, 4.4953053333, 4.170808], "rbl": [], "matalan": [4.5396156667, 4.3667693333, 4.2977346667, 4.359838], "jwpcdn": [4.4819973333, 4.569585, 4.329383, 4.245444], "timeanddate": [77.7098276667, 77.6839923333], "jwpsrv": [4.4819973333, 4.569585, 4.329383, 4.245444], "dunelm": [4.4442873333, 4.4878143333, 3.9830913333, 4.385664], "coolmathgames": [], "gamespot": [],