{"robertdyas": [4.3366486667, 4.3181346667, 4.0626323333, 4.540698], "amazon": [15.8704086667, 14.4605813333, 15.3375143333], "r9cdn": [16.5837286667], "techradar": [16.3235143333, 4.3389473333, 4.45463], "mediavine": [0.0770086667, 16.4429253333], "cheapflights": [4.4804136667, 3.9537396667, 4.308141, 4.5506453333], "eurogamer": [3.959568, 3.981856, 4.3639016667, 4.130858], "vimeocdn": [16.593604], "sentry-cdn": [4.227578, 4.400999, 4.561211, 4.37441], "fastly": [0.0770086667, 16.6807243333], "pinterest": [0.0770086667, 3.943964, 4.3451396667, 4.0376103333, 4.090284], "ticketmaster": [16.6195653333], "theguardian": [16.4418463333, 4.464397, 4.3589316667, 4.5256656667, 4.4845006667], "livenationinternational": [16.6195653333], "futurecdn": [16.3235143333], "px-cdn": [16.2921673333], "racingpost": [15.471116, 15.4689573333, 16.078354, 15.3069036667, 15.0039656667], "klaviyo": [0.0770086667], "nocookie": [16.028334, 16.1766053333], "mparticle": [0.0770086667], "eticketing": [4.4229476667, 4.295063, 4.236211, 4.2383906667], "independent": [16.5211833333], "cloudinary": [16.5752483333], "uswitch": [16.3881376667, 16.307013], "disqus": [16.4063166667], "fabguys": [16.3256], "sk-static": [16.5790156667], "scdn": [16.389621], "ustudio": [16.2599436667, 16.5934723333], "ft": [4.4110066667, 4.42142, 4.071048, 4.4772313333, 16.1267866667], "guardianapis": [16.4418463333], "nike": [16.6348826667], "imgix": [16.3625623333], "typenetwork": [16.5211833333], "imgur": [16.3271816667, 4.311313, 0.0770086667, 4.2574396667], "github": [4.3088176667, 14.8465846667, 4.2367846667, 4.3010896667, 0.0770086667, 4.252457], "": [4.3636383333, 4.2950046667, 4.0661073333, 4.4265993333], "magnolia-platform": [16.307013], "reddit": [4.3612913333, 4.3343853333, 16.069898, 4.3023003333, 4.3992696667, 0.0770086667], "w-x": [16.078354], "redditmedia": [16.069898], "contentstack": [16.5196833333], "ads-twitter": [0.0770086667], "jwpltx": [0.0770086667], "speedcurve": [16.5790156667], "gbnews": [], "tripadvisor": [4.1946746667, 4.2746303333, 11.8255526667, 4.0744846667, 4.5260453333], "bbc": [4.2357463333, 4.3233833333, 4.2546036667, 4.3839886667], "paypal": [4.0744206667, 23.81503, 22.0030183333, 16.5804553333], "spareroom": [4.4406096667, 4.20891, 4.2245073333, 16.5783063333, 4.2696736667], "newrelic": [0.0770086667], "nytimes": [4.310427, 4.5317356667, 4.4906663333, 4.4445573333, 16.3204753333], "statically": [16.5211833333], "etsy": [4.2869606667, 4.4219426667, 4.446693, 4.2005153333], "upday": [16.307013], "evgnet": [4.3542413333, 4.4492586667, 4.3555506667, 4.4588923333], "rebelmouse": [0.0770086667, 16.31436], "hearstapps": [16.4410256667], "forbes": [4.4406096667, 4.20891, 4.2245073333, 16.3881376667, 0.0770086667, 4.2696736667], "amplitude": [0.0770086667], "polyfill": [16.484036], "madeandworn": [4.339385, 4.462153], "pcgamer": [16.3235143333, 4.245444, 4.569585, 4.329383, 4.4819973333], "seasaltcornwall": [4.3181346667, 4.3366486667, 4.0626323333, 4.540698], "wfcdn": [16.4564793333], "damart": [], "cnn": [4.500686, 4.183744, 4.411522, 0.0770086667, 4.3601083333], "guim": [16.4418463333], "dndbeyond": [4.5396156667, 4.3667693333, 4.2977346667, 4.359838], "idealista": [4.5330696667, 4.360162], "jsdelivr": [16.5130216667], "githubassets": [4.2770706667, 4.517316, 4.449269, 4.3202633333], "kampyle": [0.0770086667], "scroll": [0.0770086667], "guimcode": [16.4418463333], "gitlab": [4.2245073333, 4.4406096667, 4.20891, 4.2696736667], "tubemogul": [0.0770086667], "guardianapps": [0.0770086667], "ebaystatic": [4.3577473333], "mit": [4.4442873333, 3.9830913333, 16.078354, 4.4878143333, 4.385664], "fetlife": [4.3667693333, 16.5211833333, 4.5396156667, 4.359838, 4.2977346667], "stripe": [16.4705366667], "launchdarkly": [16.5790156667], "tes": [4.3999956667, 4.161571, 4.0945253333, 16.099686, 4.3768636667], "adnxs": [0.0770086667], "travelodge": [16.680637], "nyt": [16.3204753333], "kayak": [4.4804136667, 3.9537396667, 4.308141, 4.5506453333], "fabswingers": [16.223724], "nidirect": [4.3001593333], "cbsi": [4.3425266667, 4.455164, 4.328223, 4.2434666667, 0.0770086667], "datas3ntinel": [16.307013], "twimg": [10.4542936667, 4.4598386667, 4.4552006667], "taboola": [0.0770086667], "perfectmarket": [0.0770086667], "whatculture": [4.3389473333, 4.45463], "redditstatic": [], "paramountplus": [], "buzzfeed": [16.3235143333], "cargurus": [18.032972, 16.521087], "tacdn": [18.1787916667], "apester": [16.5790156667, 0.0770086667], "service": [16.2396253333], "squarespace-cdn": [15.628336, 15.654871], "last": [3.8628236667], "wayfair": [0.0770086667, 16.564589], "ubembed": [16.5041063333], "loveholidays": [4.3667693333, 4.2977346667, 4.359838, 4.5396156667], "wistia": [16.4825553333], "boltdns": [16.553434], "yottaa": [16.078354], "wikihow": [4.3667693333, 4.2977346667, 4.359838, 4.5396156667], "bbcgoodfood": [4.4442873333, 4.4878143333, 3.9830913333, 4.385664], "ketchcdn": [16.307013], "forbesimg": [16.3881376667], "tadst": [16.5706013333], "redd": [16.069898], "decathlon": [4.5381256667, 4.451951], "hubvisor": [16.307013], "medallia": [16.3528596667], "tescomobile": [16.5503196667], "goodhousekeeping": [4.3686926667, 4.508265, 4.358752, 4.48777], "pantheonsite": [4.328983], "everesttech": [16.5783063333], "boots": [16.1674523333], "standard": [4.981678, 4.740427, 4.8941953333], "rightmove": [16.307013], "thesaurus": [4.4442873333, 4.4878143333, 3.9830913333, 4.385664], "asideas": [16.307013], "brightcove": [16.553434], "sstatic": [4.553123, 4.5411076667, 4.089544, 4.6149566667], "noibu": [15.4006426667, 15.0454463333, 15.112001, 15.0413986667], "outbrain": [0.0770086667], "ign": [4.45731, 4.1103096667, 4.074451, 4.510916], "thingiverse": [4.4442873333, 4.4878143333, 3.9830913333, 4.385664], "appliancesdirect": [], "healthline": [16.078354], "cultbeauty": [16.5211833333], "roocdn": [16.5783063333], "homesandgardens": [4.245444, 4.4819973333, 4.329383, 4.569585], "radiotimes": [4.4442873333, 4.4878143333, 3.9830913333, 4.385664], "immediate": [16.5196833333], "rbl": [0.0770086667], "matalan": [4.3667693333, 4.2977346667, 4.359838, 4.5396156667], "jwpcdn": [16.3235143333], "timeanddate": [77.7098276667, 77.6839923333], "jwpsrv": [16.3235143333, 0.0770086667], "dunelm": [4.4442873333, 4.4878143333, 3.9830913333, 4.385664], "coolmathgames": [4.3995176667, 4.443813, 4.2180376667, 4.2405123333], "gamespot": [16.50564], "boden": [4.4403893333, 4.567167, 4.3602106667, 4.3829963333]}