{"google": [4.082326, 315.3473013333, 316.268846, 283.434621, 315.7909593333, 314.9234203333, 284.7134863333, 4.1973106667, 316.0574396667, 315.8115856667, 284.530253, 316.88024, 283.805264, 314.3935353333, 317.035582, 318.0000786667, 283.7078936667, 315.8751083333, 315.273653, 316.702738, 315.4031496667, 316.7632963333, 315.548182, 108.9171486667, 284.3885406667, 316.4115253333, 316.523182, 315.7317836667], "googlesyndication": [317.3195176667, 316.0132956667, 317.489484, 315.849727, 317.1548123333, 314.8085826667], "lngtd": [3.980833, 4.3708426667, 4.71426, 4.9993583333], "recaptcha": [315.7688053333], "weborama": [4.2005463333], "openxcdn": [4.8090723333], "doubleclick": [315.6807706667, 284.2764236667, 316.8045726667, 314.4808963333, 314.2898446667, 314.8085826667, 315.3744856667, 284.7693576667, 316.1524773333, 283.7101856667, 316.6453026667, 317.130257, 284.338314], "prmutv": [5.2093026667], "impactradius-event": [4.2991753333], "googleapis": [316.8402513333, 317.174943, 314.9970536667, 316.0120856667, 316.0933313333, 315.4144303333, 315.649126, 314.026884, 316.311604, 315.6461503333, 316.5805033333, 315.0997293333, 318.2972173333, 315.2281136667, 315.867245, 315.947897, 315.920407, 315.6598223333, 316.35996, 316.0823463333, 315.6170493333, 315.6050883333, 317.1837033333, 316.6956783333, 315.3916816667, 318.4054653333, 317.909217, 316.6905086667, 315.477916, 315.2187353333, 316.9090433333, 315.933832, 317.0350216667, 317.18282, 316.6651716667, 315.332509, 315.2701306667, 317.178143, 316.71017, 315.098193, 314.3847576667, 316.167529, 316.843071, 315.0335786667, 314.9251603333, 315.6520416667, 316.4115253333, 316.819909, 314.6752163333, 314.6017236667, 315.3889796667], "withgoogle": [315.7955276667], "cloudiq": [4.2241843333], "2mdn": [317.9308566667], "gstatic": [314.4942903333, 4.2923706667, 316.0149423333, 315.0529353333], "blooket": [4.8150136667, 4.0043483333], "boardgamegeek": [4.1701196667], "aswpsdkus": [5.0150756667], "truefitcorp": [5.03837], "netmums": [4.347486], "googlecommerce": [317.3208963333], "rmtag": [4.2057043333], "getamigo": [5.1465686667], "snapchat": [3.926188, 4.3067756667], "abtasty": [4.2247953333, 4.161809], "zalando": [5.112916], "dorothyperkins": [4.73644], "oddschecker": [5.0519213333], "debenhams": [4.73644], "postcodeanywhere": [5.103741], "googletagservices": [], "stiffgame": [5.2561766667], "mcusercontent": [4.2400496667], "kampyle": [4.3524526667], "skimresources": [4.344238, 4.4723003333, 4.4759626667, 4.2784486667], "proximis": [4.2756546667], "toolstation": [4.9694423333], "rlcdn": [5.092629, 5.0449516667], "firebaseio": [4.8386383333], "scotsman": [6.626564], "sentry": [97.4252876667, 5.0653736667], "clean": [4.7582763333], "exponea": [4.1210063333, 4.9603676667], "mookie1": [5.0583346667, 4.3642786667], "translately": [4.876897], "jobs-bear": [4.3708426667, 3.980833, 4.71426, 315.8437526667, 4.9993583333], "srcspot": [5.14201], "spotify": [4.34174, 5.069405], "acsbapp": [9.9230193333, 9.9097616667, 4.9724053333], "tangycover": [5.0300196667], "trafficguard": [3.851139], "hobbycraft": [3.980833, 4.3708426667, 4.71426, 4.9993583333], "fqtag": [5.250115, 4.264954], "openx": [5.0711286667, 4.4879873333, 4.869921, 4.3072013333, 4.8727586667, 4.828005], "adktrack": [4.6280336667], "id-ward": [4.2243043333], "boohooman": [4.73644], "last": [3.8628236667, 5.2496066667], "gobranded": [4.8994713333], "smythstoys": [5.101535], "playground": [5.3004396667], "wixmp": [4.6414993333, 5.1136633333], "quizclothing": [3.980833, 4.3708426667, 4.71426, 4.9993583333], "impactcdn": [4.2991753333], "fullstory": [5.0143643333, 5.1330953333], "wknd": [4.91926], "thescottishsun": [4.3708426667, 3.980833, 4.71426, 4.4304233333, 4.9993583333], "alphonso": [98.332303], "global-e": [4.3708426667], "qubitproducts": [9.9550196667], "ft": [4.399937], "chess": [4.9609326667], "loopme": [13.2081503333], "sojern": [5.1616506667, 5.0816876667], "knitstamp": [5.1151793333], "quordle": [4.547619], "notino": [4.2768943333], "instana": [], "exposebox": [4.865563, 5.1259353333], "pghub": [4.3922093333], "visualwebsiteoptimizer": [5.16531], "etsy": [4.4339286667], "gear4music": [5.1328653333], "mixpanel": [4.074835, 5.100092, 4.180715, 4.4033216667], "northbeam": [4.9175023333], "queue-fair": [5.122675], "px-cloud": [4.3074606667], "boohoo": [4.73644], "ivitrack": [5.074563, 4.7179166667], "siftscience": [4.36837], "monu": [4.9679953333], "cdnware": [4.2544736667], "googleadservices": [317.7084583333], "vindicosuite": [5.0069086667], "sensefuel": [4.281956], "pendo": [4.9812896667], "linksynergy": [4.4217276667], "peacocks-mail": [5.2362506667], "ml314": [5.099975], "googletagmanager": [314.8714456667], "srmdata-eur": [], "apester": [4.3356053333], "bounceexchange": [4.91926], "thetimes": [3.980833, 4.3708426667, 4.71426, 4.9993583333], "matalan": [4.3708426667, 3.980833, 4.71426, 4.4205483333, 4.9993583333], "rtbhouse": [4.487336], "youtube": [315.2761066667, 316.7632963333, 317.3208963333, 315.769673, 315.8115856667, 316.8475756667, 315.155704, 314.6129713333, 314.8591406667, 315.9991886667, 314.5132033333, 315.273653, 317.380527, 315.7422723333, 316.523182, 315.7317836667], "brightcove": [4.9738416667], "gannettdigital": [90.4696923333], "moneytag": [4.402427], "btloader": [4.471818], "px-client": [4.3074606667], "wise": [3.980833, 4.3708426667, 4.71426, 4.9993583333], "livescore": [4.9258143333, 4.125017, 5.1023703333, 4.1211266667], "edkt": [3.9560236667], "matheranalytics": [4.9147876667], "perimeterx": [4.3074606667], "rangeplayground": [5.0637103333], "perfdrive": [4.9021246667, 5.1577633333], "run": [4.8096236667, 4.741179, 4.9312186667, 4.0245533333], "33across": [4.4556476667], "costco": [], "sportal365": [5.2855666667], "drfrostmaths": [4.192634], "collectconsent": [10.6335856667], "rollbar": [248.7021836667, 177.2129796667, 179.5157826667, 180.9336046667], "googleusercontent": [315.316323, 316.695309], "yorkshirepost": [6.626564], "yorkshireeveningpost": [6.626564], "aswpsdkeu": [4.5876496667], "media": [4.262447], "fwpub1": [4.865312], "adingo": [4.3073873333], "mxpnl": [4.999773, 5.0343753333], "udmserve": [4.9440476667], "upsellit": [5.1615403333], "permutive": [3.944024], "appspot": [315.813588], "secretmatureclub": [5.0161586667], "creativecdn": [5.030357], "bcovery": [4.7911853333], "googleoptimize": [315.056185], "thesun": [3.980833, 4.3708426667, 4.71426, 4.9993583333], "vodafone": [5.0774933333], "wetransfer": [3.980833, 4.3708426667, 4.71426, 4.9993583333], "fiftyt": [4.111451], "tagdeliver": [315.8437526667], "youtube-nocookie": [314.8591406667], "talksport": [3.980833, 4.3708426667, 4.71426, 4.9993583333], "geekdo": [4.1701196667], "pdst": [4.363307], "scaredsnakes": [5.1151793333], "functionalfeather": [4.4698706667], "stretchsquirrel": [4.097055], "gumtree": [10.221581, 16.076916, 4.165691], "musicmagpie": [4.3442773333], "thestar": [6.626564], "petametrics": [4.3500653333], "optimove": [5.1029113333], "parastorage": [4.0829716667], "flashscore": [4.8650893333], "pxf": [4.7903673333], "dialogflow": [315.0529353333], "simpli": [205.2745153333, 202.795365, 207.0305633333], "pricklydebt": [5.2371806667], "vimeocdn": [4.1751053333], "fixedfold": [5.0637103333], "solvvy": [5.1313286667], "segmentify": [4.3495766667], "hexagon-analytics": [5.096445], "seedtag": [4.8291653333], "game8": [4.273544], "ubereats": [4.9813756667], "pcapredict": [5.103741], "forexpros": [12.4505443333], "ytimg": [316.7565596667, 318.6542496667, 315.316323, 316.0404983333, 316.1928323333, 315.0483053333, 315.189076, 315.1015663333, 316.7521316667, 318.689234, 315.4616066667, 315.7075366667, 316.707741, 316.3683663333, 314.6246673333, 315.5886246667], "nih": [4.072348], "rakuten": [4.2057043333], "grumpydime": [5.1151793333], "tgtag": [4.2338773333], "browser-intake-datadoghq": [4.946127], "ampproject": [316.9726896667], "virginmediao2": [5.1237283333], "admob": [284.076637, 283.7212643333, 283.9295083333, 283.523763, 283.6778236667, 284.2056073333],