{"google": [222.1443763333, 4.082326, 222.2803293333, 189.256747, 226.609049, 223.790595, 190.7376873333, 220.611511, 4.1973106667, 222.024857, 221.2845613333, 188.9134153333, 221.6025656667, 226.686869, 229.0914193333, 220.728824, 220.840305, 190.4922136667, 219.9867603333, 191.675983, 220.9796083333, 224.83363, 191.6662466667, 223.4084513333, 222.1352573333], "googlesyndication": [221.8155546667, 221.925042, 224.1423636667, 221.2845613333], "lngtd": [3.980833, 4.3708426667, 4.71426, 4.9993583333], "recaptcha": [220.7992753333], "weborama": [4.2005463333], "openxcdn": [4.8090723333], "doubleclick": [225.229612, 189.630328, 219.4382003333, 221.899269, 188.8067573333, 221.2845613333, 223.9564543333, 189.4971946667, 223.8569503333, 224.9730133333, 190.446559], "prmutv": [5.2093026667], "impactradius-event": [4.2991753333], "googleapis": [222.5647663333, 224.4426416667, 223.166657, 220.669271, 224.1101916667, 228.5696253333, 220.611511, 225.3343316667, 221.381644, 223.1972123333, 221.0590586667, 229.3503316667, 225.7249746667, 221.7173513333, 225.6588413333, 225.8830896667, 226.209995, 224.281069, 220.7566936667, 228.703494, 222.2670653333, 223.137039, 222.4602763333, 225.2982953333, 223.786163, 221.2227026667, 223.376634, 221.3234656667, 223.3610776667, 226.0162356667, 224.4570086667, 224.8543513333, 221.2812683333], "withgoogle": [224.360196], "cloudiq": [4.2241843333], "2mdn": [224.9167013333], "gstatic": [225.8922126667, 222.2609556667, 228.6853266667, 117.8466053333], "blooket": [4.8150136667, 4.0043483333], "boardgamegeek": [4.1701196667], "aswpsdkus": [5.0150756667], "truefitcorp": [5.03837], "netmums": [4.347486], "googlecommerce": [221.482308], "rmtag": [4.2057043333], "getamigo": [5.1465686667], "snapchat": [3.926188, 4.3067756667], "abtasty": [4.2247953333, 4.161809], "zalando": [5.112916], "dorothyperkins": [4.73644], "oddschecker": [5.0519213333], "debenhams": [4.73644], "postcodeanywhere": [5.103741], "googletagservices": [], "stiffgame": [5.2561766667], "mcusercontent": [4.2400496667], "kampyle": [4.3524526667], "skimresources": [4.344238, 4.4723003333, 4.4759626667, 4.2784486667], "proximis": [4.2756546667], "toolstation": [4.9694423333], "rlcdn": [5.092629, 5.0449516667], "firebaseio": [4.8386383333], "scotsman": [6.626564], "sentry": [5.0653736667], "clean": [4.7582763333], "exponea": [4.1210063333, 4.9603676667], "mookie1": [4.3333866667, 5.0583346667], "translately": [4.876897], "jobs-bear": [4.3708426667, 3.980833, 4.71426, 222.1818866667, 4.9993583333], "srcspot": [5.14201], "spotify": [4.34174, 5.069405], "acsbapp": [9.9230193333, 9.9097616667, 4.9724053333], "tangycover": [5.0300196667], "trafficguard": [3.851139], "hobbycraft": [], "fqtag": [5.250115, 4.264954], "openx": [5.0711286667, 4.4879873333, 4.869921, 4.3072013333, 4.8727586667, 4.828005], "adktrack": [4.6280336667], "id-ward": [4.2243043333], "boohooman": [4.73644], "last": [3.8628236667, 5.2496066667], "gobranded": [4.8994713333], "smythstoys": [5.101535], "playground": [5.3004396667], "wixmp": [4.6414993333, 5.1136633333], "quizclothing": [3.980833, 4.3708426667, 4.71426, 4.9993583333], "impactcdn": [4.2991753333], "fullstory": [5.0143643333, 5.1330953333], "wknd": [4.91926], "thescottishsun": [4.3708426667, 3.980833, 4.71426, 4.4304233333, 4.9993583333], "alphonso": [98.332303], "global-e": [4.3708426667], "qubitproducts": [], "ft": [4.399937], "chess": [4.9609326667], "loopme": [13.2081503333], "sojern": [5.1616506667], "knitstamp": [5.1151793333], "quordle": [4.547619], "notino": [4.2768943333], "instana": [4.713243], "exposebox": [4.865563, 5.1259353333], "pghub": [4.3922093333], "visualwebsiteoptimizer": [5.16531], "etsy": [4.4339286667], "gear4music": [5.1328653333], "mixpanel": [4.074835, 5.100092, 4.180715, 4.4033216667], "northbeam": [4.9175023333], "queue-fair": [5.122675], "px-cloud": [4.3074606667], "boohoo": [4.73644], "ivitrack": [5.074563, 4.7179166667], "siftscience": [4.36837], "monu": [4.9679953333], "cdnware": [4.2544736667], "googleadservices": [224.7706616667], "vindicosuite": [5.0069086667], "sensefuel": [4.281956], "pendo": [4.9812896667], "linksynergy": [4.4217276667], "peacocks-mail": [9.3567366667], "ml314": [5.099975], "googletagmanager": [224.292239], "srmdata-eur": [], "apester": [4.3356053333], "bounceexchange": [4.91926], "thetimes": [3.980833, 4.3708426667, 4.71426, 4.9993583333], "matalan": [4.3708426667, 3.980833, 4.71426, 4.4205483333, 4.9993583333], "rtbhouse": [4.487336], "youtube": [220.840305, 222.631792, 219.9867603333, 222.5231463333, 222.1352573333, 221.231807, 220.9796083333, 221.6025656667, 223.790595, 222.6001726667, 225.4210396667, 221.482308], "brightcove": [4.9738416667], "gannettdigital": [90.4696923333], "moneytag": [4.402427], "btloader": [4.471818], "px-client": [4.3074606667], "wise": [3.980833, 4.3708426667, 4.71426, 4.9993583333], "livescore": [4.9258143333, 4.125017, 5.1023703333, 4.1211266667], "edkt": [3.9560236667], "matheranalytics": [4.9147876667], "perimeterx": [4.3074606667], "rangeplayground": [5.0637103333], "perfdrive": [4.9021246667, 5.1577633333], "run": [4.8096236667, 4.741179, 4.9312186667, 4.0245533333], "33across": [4.4556476667], "costco": [], "sportal365": [5.2855666667], "drfrostmaths": [4.192634], "collectconsent": [10.6335856667], "rollbar": [11.1135783333, 10.55551, 10.9073863333, 11.188043], "googleusercontent": [226.6963433333, 224.5261526667], "yorkshirepost": [6.626564], "yorkshireeveningpost": [6.626564], "aswpsdkeu": [4.5876496667], "media": [4.262447], "fwpub1": [4.865312], "adingo": [4.3073873333], "mxpnl": [4.999773, 5.0343753333], "udmserve": [4.9440476667], "upsellit": [], "permutive": [3.944024], "appspot": [223.8893356667], "secretmatureclub": [5.0161586667], "creativecdn": [5.030357], "bcovery": [4.7911853333], "googleoptimize": [221.231807], "thesun": [3.980833, 4.3708426667, 4.71426, 4.9993583333], "vodafone": [], "wetransfer": [3.980833, 4.3708426667, 4.71426, 4.9993583333], "fiftyt": [4.111451], "tagdeliver": [222.1818866667], "youtube-nocookie": [222.631792], "talksport": [3.980833, 4.3708426667, 4.71426, 4.9993583333], "geekdo": [4.1701196667], "pdst": [4.363307], "scaredsnakes": [5.1151793333], "functionalfeather": [4.4698706667], "stretchsquirrel": [4.097055], "gumtree": [10.221581, 16.076916, 4.165691], "musicmagpie": [4.3442773333], "thestar": [6.626564], "petametrics": [4.3500653333], "optimove": [5.1029113333], "parastorage": [4.0829716667], "flashscore": [4.8650893333], "pxf": [4.7903673333], "dialogflow": [223.3007416667], "simpli": [], "pricklydebt": [5.2371806667], "vimeocdn": [4.1751053333], "fixedfold": [5.0637103333], "solvvy": [5.1313286667], "segmentify": [4.3495766667], "hexagon-analytics": [5.096445], "seedtag": [4.8291653333], "game8": [4.273544], "ubereats": [], "pcapredict": [5.103741], "forexpros": [12.4505443333], "ytimg": [224.4996956667, 224.7592463333, 221.955855, 224.5261526667, 224.2423083333, 225.7791173333, 224.14205, 221.255781, 224.3805796667, 225.0028503333, 224.855978, 225.058399, 219.308349, 221.7462463333], "nih": [4.072348], "rakuten": [4.2057043333], "grumpydime": [5.1151793333], "tgtag": [4.2338773333], "browser-intake-datadoghq": [4.946127], "ampproject": [221.925042], "virginmediao2": [5.1237283333], "admob": [189.731282, 188.6350866667, 189.338691, 189.174947, 189.7429836667, 192.6080503333], "sift": [4.36837], "google-analytics": [220.8172616667]}