{"local": {"quizclothing": [3.8692316667], "cookieinformation": [4.5262516667], "postoffice": [4.7712126667], "twimg": [4.4478133333, 4.3596536667], "jwplayer": [4.5080666667], "azureedge": [4.422895], "yodel": [4.0636513333], "sub2tech": [4.4333813333], "yahoo": [4.2761873333, 4.0129813333], "yotpo": [4.317807], "msecnd": [4.422895, 4.4678703333], "msftauth": [4.522888, 4.1538773333], "puregym": [4.5262516667], "office": [4.4570753333, 4.6076543333], "beop": [4.4057796667], "w3schools": [5.3053996667, 5.1345646667], "securedataimages": [4.4740613333], "twitter": [4.263208]}, "diff_metro": {"quizclothing": [3.8692316667], "cookieinformation": [4.5262516667], "postoffice": [4.7712126667], "twimg": [4.4598386667, 4.3596536667], "jwplayer": [4.5080666667], "azureedge": [4.422895], "yodel": [4.0636513333], "sub2tech": [4.4333813333], "yahoo": [4.2761873333, 4.0129813333], "yotpo": [4.317807], "msecnd": [4.422895, 4.4678703333], "msftauth": [4.522888, 4.1538773333], "puregym": [4.5262516667], "office": [10.4439133333, 10.612115], "beop": [4.4057796667], "w3schools": [5.3053996667, 5.1345646667], "securedataimages": [4.4740613333], "twitter": [4.1199576667]}, "same_region": {"quizclothing": [3.8692316667], "cookieinformation": [], "postoffice": [4.7712126667], "twimg": [5.488523, 4.4598386667], "jwplayer": [4.5080666667], "azureedge": [4.422895], "yodel": [4.0636513333], "sub2tech": [4.4333813333], "yahoo": [], "yotpo": [4.317807], "msecnd": [4.422895, 4.4678703333], "msftauth": [4.522888, 4.1538773333], "puregym": [4.5262516667], "office": [32.6729836667, 32.6937436667], "beop": [4.4057796667], "w3schools": [5.3053996667, 5.1345646667], "securedataimages": [4.4740613333], "twitter": [40.8037573333]}, "neighboring_subregion": {"quizclothing": [3.8692316667], "cookieinformation": [4.5262516667], "postoffice": [4.7712126667], "twimg": [4.4598386667, 10.4542936667], "jwplayer": [0.0770086667], "azureedge": [4.422895], "yodel": [4.0636513333], "sub2tech": [4.4333813333], "yahoo": [0.0770086667, 4.0129813333], "yotpo": [4.317807], "msecnd": [4.422895, 4.4678703333], "msftauth": [4.522888, 4.1538773333], "puregym": [4.5262516667], "office": [4.5262516667], "beop": [0.0770086667], "w3schools": [5.3053996667, 5.1345646667], "securedataimages": [4.4740613333], "twitter": [10.4612446667]}, "neighboring_region": {"quizclothing": [302.865805], "cookieinformation": [288.617383], "postoffice": [4.7712126667], "twimg": [126.149125, 290.6909993333], "jwplayer": [302.1398946667], "azureedge": [290.895857], "yodel": [4.0636513333], "sub2tech": [292.7065886667], "yahoo": [232.4993653333, 284.0478656667], "yotpo": [279.5540596667], "msecnd": [290.895857], "msftauth": [284.3653973333, 297.9337586667], "puregym": [288.617383], "office": [144.622345, 153.7842043333, 161.187892, 153.817392, 161.4617376667, 161.033633, 152.4061213333, 146.5821943333, 139.093186], "beop": [276.5239956667], "w3schools": [5.3053996667, 5.1345646667], "securedataimages": [281.864041], "twitter": [294.4930363333]}, "non-neighboring_region": {"quizclothing": [73.094271], "cookieinformation": [100.687248], "postoffice": [4.7712126667], "twimg": [99.1869303333, 214.789222], "jwplayer": [], "azureedge": [100.8415856667], "yodel": [4.0636513333], "sub2tech": [73.0952013333], "yahoo": [72.526505, 76.7958896667], "yotpo": [78.2720813333], "msecnd": [100.8415856667, 100.795174], "msftauth": [6.0587083333, 101.4653353333, 8.6893123333], "puregym": [100.687248], "office": [211.0099863333, 242.4742856667], "beop": [73.756853], "w3schools": [], "securedataimages": [72.565154], "twitter": []}}