{"static": [5.0364723333, 5.121542, 169.0394583333, 4.4828336667], "rubiconproject": [152.364639, 151.6608613333, 6.5408193333, 96.3568196667, 96.2768756667], "janrain": [4.3575416667, 4.2130413333], "bizographics": [4.834889, 4.8084576667], "pricefinder": [3.3389446667], "9news": [4.417458], "naver": [3.774083], "yceml": [], "commsec": [3.9053056667], "sharethis": [5.04875, 7.695986], "tesla": [179.6972363333, 126.6795003333, 252.2681803333, 95.6648053333, 222.3347223333], "optimizely": [4.641625, 3.9303336667, 5.0621806667, 8.787806, 4.4858056667, 4.443806, 4.0909446667, 4.5405693333, 4.247903], "realestate": [132.582278, 4.026125, 5.1719303333], "steamstatic": [6.3249303333, 4.439139, 4.1364166667, 3.8728473333], "linkedin": [5.0659166667, 4.798347], "ebay": [3.824111, 4.4065553333], "muscache": [3.7963193333, 4.2130413333], "mygovid": [], "akamaihd": [14.4999583333, 4.478764, 4.673111, 273.5580976667, 6.6174583333, 5.6484723333, 4.8532496667, 4.118486, 13.9183613333, 4.4778886667, 7.2174303333, 3.8728473333, 4.871972], "casalemedia": [205.3592363333], "heraldsun": [6.4888053333], "yotpo": [4.8626666667, 4.5315836667, 5.530861], "prettylittlething": [4.7420136667], "bbci": [3.7966943333, 5.1515136667, 4.400986, 4.3817776667], "daumcdn": [4.519958, 3.9882086667], "livechatinc": [169.0394583333, 4.0558333333, 4.761486], "akamaized": [6.6174583333, 14.3821523333, 4.6979443333, 4.489861, 4.446, 14.1696806667, 4.439139, 13.9183613333, 4.3496526667, 4.4405, 4.223361, 4.478764, 4.888569, 4.5036526667, 14.2181526667, 4.647847, 5.4905556667, 6.3249303333, 4.7134446667, 5.0085416667], "pinimg": [4.9187916667, 4.8106943333], "mt48": [3.871944], "nab": [5.0495833333, 5.836264, 5.7314583333], "typekit": [4.6092083333, 5.1290553333], "yellowpages": [3.870736], "aliexpress": [4.053611], "commbank": [6.3150416667, 3.914375, 5.4461526667, 4.8437503333], "jdsports-client-resources": [4.6135836667], "turn": [178.3327363333], "kia": [153.656875], "themercury": [6.4888053333], "amplience": [6.1755553333, 3.703736], "markitcdn": [4.0810973333], "ticketek": [3.478736, 5.636514], "alicdn": [4.378514, 4.374833, 4.9031943333, 4.053611, 5.9594583333], "autotrader": [169.0394583333, 3.506708, 5.7860973333], "postrelease": [], "monetate": [4.7396526667], "marketo": [4.6031113333, 4.054097, 3.9632776667], "austlii": [4.234611], "adform": [4.322917, 5.103986], "nabtrade": [3.2549866667], "teads": [3.7203193333, 3.6721526667, 4.8147913333], "stan": [4.1843056667, 4.224361, 4.5182776667, 3.7454306667, 6.765139], "emirates": [4.2924586667], "lululemon": [4.290361, 5.0871803333, 6.6589863333], "nflximg": [5.364597], "mayoclinic": [3.7963193333, 4.234778], "nike": [4.8657916667, 5.0340416667, 4.414097, 3.7963193333, 4.929389, 3.6808753333, 5.636514], "viator": [3.8838193333], "teacherspayteachers": [3.7311806667, 5.1174443333, 6.3508196667], "abc": [3.5619723333, 4.9995556667], "doubleverify": [4.0150553333, 4.2940693333, 4.4054026667], "bluekai": [4.19325], "byteoversea": [4.765236, 3.7234306667, 5.636514, 5.154972, 7.524111, 4.5811253333, 3.672722, 3.8183193333, 4.086847, 4.7723613333, 7.3779303333, 5.3569443333, 5.4201663333, 4.4979023333, 6.5225836667, 3.7655693333, 6.393097, 6.8802916667, 3.8109443333, 4.8338616667, 4.5012363333, 6.4184586667, 4.9651526667, 3.7047083333, 6.4981946667, 5.779153, 4.8288193333], "rbxcdn": [5.1112916667, 4.3545, 6.2221663333, 4.3398053333, 3.5461803333, 4.1698056667], "apple": [4.7279723333, 14.7388333333], "carsguide": [4.181264], "tripadvisor": [13.8498193333, 12.802014, 13.2396533333, 13.214681], "serving-sys": [4.1844443333, 4.7635836667], "vtrcdn": [78.839361], "fastsimon": [3.940542, 4.435361, 5.5655833333, 169.0394583333], "thelott": [4.2917363333], "pstatic": [4.5825693333, 3.592111, 4.7675, 4.587639], "grouponcdn": [4.6340553333, 5.1474306667], "domain": [4.2825696667, 5.1338053333, 3.8541386667, 4.601694, 3.9415553333], "nsw": [5.023903], "appier": [], "ziffstatic": [5.960264, 4.0881246667], "boq": [4.2742636667, 4.2793333333], "etsy": [13.8940693333, 12.9848196667, 13.31525, 13.382153], "cookiebot": [5.2782223333], "microsoft": [153.2570003333, 5.2072776667, 184.006028, 249.63132, 208.416181, 4.965111, 5.636514, 4.4793056667, 4.2130413333], "aimatch": [5.04875, 4.693694], "9now": [3.980125, 5.8631943333, 4.0004443333, 4.1735556667, 3.8920276667], "mzstatic": [5.3402363333, 4.8937083333, 3.894819], "taste": [6.6108193333], "moatpixel": [4.0524863333], "sportsbet": [4.812833], "brightcove": [5.014236], "tiktok": [5.6484723333, 5.0587083333, 7.2174303333, 4.290361, 5.3709166667, 4.4684166667, 4.0558333333, 6.7401246667, 6.4451526667, 3.940542, 5.04875, 4.3238333333, 4.128375, 4.1849446667, 7.0704303333, 4.4669026667, 4.7976943333, 3.7989306667, 5.312639], "s-microsoft": [6.304625], "racing": [3.8694303333, 4.4519583333], "pinterest": [13.3151806667, 12.88675, 13.8236943333, 3.8208893333, 15.0382503333], "bonds": [], "jdplc": [4.0716663333], "smartadserver": [], "theaustralian": [6.6108193333], "moatads": [3.3287503333, 4.0524863333], "espncricinfo": [5.0364723333, 4.0558333333], "royalcaribbean": [95.7769443333, 96.242181], "kayosports": [4.7620416667], "azureedge": [4.7596253333, 9.079875, 4.0091806667, 4.319486], "thegoodguys": [13.8441806667, 13.1333473333], "banksa": [7.5572223333], "stickyadstv": [95.820153, 96.2021393333], "cnbc": [156.488764], "kidspot": [4.744125], "lenovo": [4.3775416667], "createjs": [3.9823893333, 4.8025696667], "xero": [3.8102223333, 3.8699303333, 3.426639, 4.461667, 4.9651526667, 4.7065556667, 5.065014], "nine": [3.980125, 5.8631943333, 4.0004443333, 4.1735556667, 4.5404996667], "ato": [4.833278], "uciservice": [], "expedia": [4.341361], "macquarie": [7.168139], "cloudinary": [4.3264863333, 4.4170696667, 4.3498473333], "cbsaavideo": [221.2008476667], "fastclick": [4.1170276667], "adobedtm": [4.376111], "ancestrycdn": [8.198375, 4.497583, 4.2630553333], "domainstatic": [5.3114586667, 3.3389446667, 4.6345276667], "nikecdn": [5.0871803333, 4.3238333333], "foxtel": [5.180028], "licdn": [4.8084576667, 4.798347, 79.52075, 5.0659166667, 4.4527773333, 4.834889], "news": [161.9006803333], "rnengage": [], "spotxchange": [95.7791943333, 95.2315], "agoda": [3.8358886667, 4.6419446667, 7.17475], "en25": [6.2955276667], "readspeaker": [4.064319, 3.390833], "tiktokcdn": [3.9779863333, 6.7472916667, 4.0957083333, 4.727639, 4.563472, 5.6435556667, 4.6423336667, 4.7161526667, 4.3937776667, 4.5731803333], "tiqcdn": [4.060014], "groupon": [14.232861, 5.1474306667], "office": [4.3271526667, 3.3307643333, 4.6463196667, 4.5040556667], "trvl-px": [], "dailytelegraph": [6.6108193333], "samsung": [4.361847], "workflowmax": [7.0704303333, 3.940542, 4.4828336667, 4.8267223333], "typography": [3.850097], "scentregroup": [4.831764, 4.2868056667], "outbrain": [3.1981526667], "optussport": [4.8696666667, 5.3147223333], "nzherald": [4.7626113333, 4.5802363333], "ikea": [4.3419583333], "bbc": [4.400986], "go-mpulse": [4.3904303333, 6.563528, 3.757389], "ign": [4.2588053333, 3.2327083333], "lightinthebox": [4.5154166667, 4.7915693333], "fwmrm": [], "energyaustralia": [4.5188883333, 3.805028], "homeaway": [189.12, 7.0704303333, 4.4684166667], "pocruises": [4.128375, 4.761486], "evidon": [7.0096666667, 4.9031943333], "airbnb": [], "travel-assets": [5.0272083333, 4.270722], "tiktokv": [4.4828336667, 4.9479583333, 4.8106943333, 4.831764, 4.926583, 4.5154166667, 4.2579723333, 7.0096666667, 5.165125], "optus": [4.927097, 5.121458], "americanexpress": [3.2451943333], "certona": [4.9865696667, 4.8267223333], "365dm": [4.7661386667, 3.3539166667], "anrdoezrs": [], "flashtalking": [4.190222], "dellcdn": [3.7885003333], "etsystatic": [3.649847], "tiktokcdn-us": [157.759139, 158.6694726667, 158.4016806667, 158.717264, 158.6250283333, 158.2400136667, 162.230639, 158.5497916667, 158.265389], "pubmatic": [4.53575], "freepik": [7.4637363333], "kargo": [4.0828333333, 5.1578333333], "addthis": [3.7933606667], "hm": [3.326722],