{"static": [4.086847, 5.0364723333, 3.675861, 169.0394583333], "rubiconproject": [4.29825, 152.364639, 151.6608613333, 96.3568196667, 96.2768756667], "janrain": [], "bizographics": [4.834889, 4.8084576667], "pricefinder": [4.4653053333], "9news": [3.2715973333], "naver": [5.6910973333], "yceml": [], "commsec": [4.5128886667], "sharethis": [5.04875, 7.695986], "tesla": [179.6972363333, 126.6795003333, 252.2681803333, 95.6648053333, 222.3347223333], "optimizely": [3.3902083333, 3.9303336667, 5.0621806667, 6.179639, 3.3881666667, 4.394889, 4.247903], "realestate": [3.7066803333, 3.991514], "steamstatic": [6.3249303333, 6.0711946667, 3.8728473333, 3.389986], "linkedin": [4.3824583333, 4.4024443333], "ebay": [4.4065553333, 4.6918336667, 4.7769306667], "muscache": [169.0394583333, 4.3262916667, 3.940542, 4.478903, 4.128375, 5.7860973333, 6.074333], "mygovid": [], "akamaihd": [6.224417, 4.2934026667, 4.478764, 4.3505693333, 3.7396666667, 6.6174583333, 4.0338473333, 4.765236, 4.5289446667, 5.1176526667, 3.8608473333, 3.4199583333, 3.713625, 4.5121526667], "casalemedia": [205.3592363333], "heraldsun": [6.6108193333], "yotpo": [4.5315836667, 5.530861], "prettylittlething": [4.4539586667], "bbci": [5.1515136667, 4.400986], "daumcdn": [3.2507083333, 4.9244303333], "livechatinc": [4.8657916667, 7.536778, 169.0394583333, 4.6573193333, 4.0558333333, 6.074333, 4.761486], "akamaized": [4.3383333333, 4.6678476667, 4.7267916667, 3.2161946667, 83.539986, 4.7827223333, 4.4405, 5.7801526667, 4.6304303333, 4.478764, 4.5036526667, 6.4341666667, 6.8802916667, 5.4905556667, 6.3249303333, 7.4080416667, 4.7134446667, 3.3399723333, 4.2640416667, 4.1586666667, 4.3928336667], "pinimg": [6.0925413333], "mt48": [3.871944], "nab": [4.4290693333, 4.028667, 4.6371666667], "typekit": [4.6092083333, 5.1290553333], "yellowpages": [3.7119306667], "aliexpress": [4.053611], "commbank": [4.3981803333, 4.52975, 4.317889, 5.4461526667, 3.2731113333], "jdsports-client-resources": [4.6135836667], "turn": [178.3327363333], "kia": [153.656875], "themercury": [6.6108193333], "amplience": [4.2691253333, 6.613639], "markitcdn": [3.8783196667], "ticketek": [5.9071113333, 6.1755553333, 5.9388056667], "alicdn": [4.378514, 3.421972, 4.211403, 3.805028, 4.053611], "autotrader": [169.0394583333, 3.81325, 5.7860973333], "postrelease": [], "monetate": [3.8680693333, 6.1684306667], "marketo": [5.461889, 4.054097, 3.791014], "austlii": [4.234611], "adform": [4.3262916667, 5.7860973333], "nabtrade": [3.2549866667], "teads": [3.7203193333, 7.2918893333, 3.6721526667], "stan": [4.0242496667, 26.6981806667, 4.452736, 27.1773056667, 26.9221526667, 27.240625], "emirates": [4.4645136667], "lululemon": [4.290361, 5.0871803333, 6.6589863333], "nflximg": [3.2185143333], "mayoclinic": [4.470222, 5.0871803333], "nike": [3.672722, 4.3575416667, 3.8920136667, 5.8190556667, 4.2128746667, 6.051292, 5.9293196667, 3.7963193333, 3.6808753333, 5.636514, 4.2130413333, 6.5625833333], "viator": [4.4730836667], "teacherspayteachers": [3.7311806667, 4.180472, 6.0903476667, 5.1174443333], "abc": [3.6343886667, 4.9995556667, 13.6223613333], "doubleverify": [3.3035693333, 4.0150553333, 3.835833], "bluekai": [4.19325], "byteoversea": [3.7860976667, 4.2934026667, 5.0871803333, 4.1889166667, 4.391861, 4.3984303333, 4.2151386667, 5.3709166667, 4.6573193333, 3.9520833333, 169.0394583333, 3.9489583333, 4.594736, 3.7990696667, 4.3262916667, 4.3238333333, 4.2799443333, 4.0276806667, 7.0704303333, 5.2636526667, 4.693694, 3.7396666667, 5.0826386667, 3.340917, 7.5851113333, 3.791125, 4.2471806667], "rbxcdn": [3.7860976667, 4.2934026667, 4.478764, 4.3545, 6.2221663333, 4.3398053333, 4.1586666667, 4.1204583333], "apple": [4.5302776667, 4.7279723333], "carsguide": [4.181264], "tripadvisor": [13.8498193333, 12.802014, 13.2396533333, 13.214681], "serving-sys": [4.224097, 3.8472643333], "vtrcdn": [4.4730836667], "fastsimon": [3.940542, 4.435361, 5.5655833333, 169.0394583333], "thelott": [4.7419166667], "pstatic": [4.5825693333, 4.5081946667, 4.3865276667], "grouponcdn": [3.9451246667, 7.6485696667], "domain": [3.3389446667, 4.2825696667, 5.1338053333, 3.8541386667, 3.9415553333], "nsw": [5.863167], "appier": [], "ziffstatic": [4.2588053333, 3.2327083333], "boq": [4.2793333333, 5.7937916667], "etsy": [13.8940693333, 13.31525, 12.9848196667, 13.382153], "cookiebot": [6.425375], "microsoft": [153.2570003333, 5.2072776667, 184.006028, 4.693694, 249.63132, 208.416181, 4.9405836667, 4.0558333333, 4.4821386667], "aimatch": [5.04875, 4.693694], "9now": [3.980125, 5.8631943333, 4.1735556667, 4.0004443333, 6.179681], "mzstatic": [3.6930833333, 5.3402363333, 5.212875], "taste": [6.6108193333], "moatpixel": [76.056403], "sportsbet": [5.2276526667, 4.6714583333], "brightcove": [4.5502223333, 3.9145276667], "tiktok": [4.8084576667, 6.6174583333, 4.0898473333, 4.4684166667, 4.6958053333, 6.4451526667, 5.9195973333, 6.273139, 4.2110276667, 3.940542, 4.3238333333, 4.478903, 3.7700276667, 4.1849446667, 4.2968056667, 7.0704303333, 79.5480693333, 3.6698336667, 4.7976943333, 85.952931, 166.1649583333, 5.312639], "s-microsoft": [4.451611], "racing": [3.8694303333, 3.8824166667], "pinterest": [15.0382503333, 13.3151806667, 12.88675, 13.8236943333], "bonds": [], "jdplc": [4.355014], "smartadserver": [], "theaustralian": [4.744125], "moatads": [76.056403, 4.891181], "espncricinfo": [5.0364723333, 4.0558333333], "royalcaribbean": [266.7848333333, 265.9119303333], "kayosports": [7.8197636667], "azureedge": [4.8297356667, 4.0091806667, 4.319486, 3.7646946667], "thegoodguys": [13.8441806667, 13.1333473333], "banksa": [4.557778], "stickyadstv": [4.519958, 4.0156666667], "cnbc": [3.782833], "kidspot": [6.6108193333], "lenovo": [5.442625], "createjs": [3.9823893333, 4.8025696667], "xero": [7.0704303333, 4.135458, 5.0364723333, 5.5031946667, 4.0859583333, 3.834639, 4.0288333333], "nine": [4.2573193333, 3.980125, 5.8631943333, 4.1735556667, 4.0004443333, 3.51525], "ato": [4.470389], "uciservice": [], "expedia": [4.341361], "macquarie": [7.168139], "cloudinary": [13.7051526667, 13.2269026667, 4.3087086667, 12.7593473333, 13.9482776667, 4.3498473333], "cbsaavideo": [4.6304303333, 4.806833, 6.1845556667, 4.8428053333, 4.4625003333, 7.910764, 4.427639, 4.626472, 4.600708], "fastclick": [4.681611], "adobedtm": [4.1476526667], "ancestrycdn": [8.198375, 4.497583, 4.2630553333], "domainstatic": [3.7174166667, 3.3389446667, 3.9456386667], "nikecdn": [5.0871803333, 4.3238333333], "foxtel": [5.180028], "licdn": [4.8084576667, 4.3824583333, 79.52075, 4.4527773333, 4.834889, 4.4024443333], "news": [4.160389], "rnengage": [], "spotxchange": [95.7791943333, 95.2315], "agoda": [3.8358886667, 4.6419446667], "en25": [3.851042], "readspeaker": [4.064319, 3.390833], "tiktokcdn": [5.4794863333, 3.8877083333, 5.705361, 4.0338473333, 4.460611, 4.686639, 3.283403, 3.4136113333, 3.866514, 3.696875, 4.7635836667], "tiqcdn": [4.060014], "groupon": [5.1474306667, 32.4363056667], "office": [4.3271526667, 4.0974443333, 4.6463196667, 4.5040556667], "trvl-px": [], "dailytelegraph": [6.6108193333], "samsung": [4.361847], "workflowmax": [7.0704303333, 5.0364723333, 3.884264, 3.2217916667], "typography": [3.850097], "scentregroup": [13.1720973333, 13.7281106667, 12.9511806667, 13.1668473333], "outbrain": [4.8740693333, 3.1981526667], "optussport": [4.2371253333, 6.171556], "nzherald": [4.7626113333, 4.5802363333], "ikea": [4.3419583333], "bbc": [4.400986], "go-mpulse": [4.2413336667, 4.6664586667], "ign": [4.2588053333, 3.2327083333], "lightinthebox": [4.3262916667, 4.512278], "fwmrm": [], "energyaustralia": [6.9327496667, 3.9664996667], "homeaway": [189.12, 7.0704303333, 4.4684166667], "pocruises": [4.128375, 4.761486], "evidon": [4.3262916667, 4.128375], "airbnb": [], "travel-assets": [5.0272083333, 4.5933613333], "tiktokv": [4.290361, 169.0394583333, 5.3709166667, 4.4684166667, 5.0871803333, 7.695986, 4.3238333333, 5.0364723333, 6.074333], "optus": [4.243597, 3.9882086667], "americanexpress": [3.2451943333],