{"static": [27.4081113333, 27.2010143333], "rubiconproject": [32.6093753333, 152.364639, 151.6608613333, 96.3568196667, 96.2768756667], "janrain": [], "bizographics": [32.8727916667, 27.5212083333], "pricefinder": [26.355903], "9news": [27.5354446667], "naver": [26.9147636667], "yceml": [], "commsec": [27.2839303333], "sharethis": [27.4120833333, 27.338125], "tesla": [179.6972363333, 126.6795003333, 252.2681803333, 95.6648053333, 222.3347223333], "optimizely": [26.7783893333, 27.3930416667, 26.6764996667, 27.748208, 27.1557916667], "realestate": [33.0819306667, 3.7066803333, 27.3889583333], "steamstatic": [27.043833, 26.7904166667, 26.8499586667, 26.9293196667], "linkedin": [32.8727916667, 27.5212083333], "ebay": [26.94625, 27.5062223333], "muscache": [27.4081113333, 27.4120833333], "mygovid": [], "akamaihd": [27.4517083333, 27.2792083333, 27.4165276667, 27.591292, 26.478389, 27.238792, 27.328264, 27.2371393333, 26.501875, 27.1035276667, 27.3400833333, 26.791278, 27.2259306667], "casalemedia": [205.3592363333], "heraldsun": [26.7629306667], "yotpo": [27.0801523333, 32.4364443333], "prettylittlething": [26.3785416667], "bbci": [27.5926526667, 26.737069], "daumcdn": [26.883889, 27.328264], "livechatinc": [26.870222, 26.9237636667], "akamaized": [32.499903, 26.5676246667, 27.4955413333, 33.165861, 27.2271113333, 27.374, 27.2136666667, 26.8229583333, 32.0355416667, 27.4809583333, 26.9293196667, 32.606, 33.0214306667, 32.5230556667, 92.1310696667, 26.8094446667, 26.437514, 26.8645833333, 27.3536803333, 27.3915, 27.2371393333, 27.4079726667, 26.941653, 27.1990833333], "pinimg": [26.7571526667, 26.9237636667], "mt48": [26.947361], "nab": [26.861472, 27.3228056667, 32.9911526667], "typekit": [27.4439863333, 27.4955413333, 26.883889, 27.328264], "yellowpages": [32.876653], "aliexpress": [26.9235136667], "commbank": [27.4752636667, 26.9215833333, 26.975014], "jdsports-client-resources": [32.6477363333], "turn": [178.3327363333], "kia": [153.656875], "themercury": [26.7629306667], "amplience": [4.2691253333, 6.613639], "markitcdn": [3.8783196667], "ticketek": [26.870222, 27.2010143333], "alicdn": [75.0160553333, 12.7997496667, 26.555875, 27.0015, 26.9235136667, 4.6284583333], "autotrader": [26.870222, 26.938139, 27.2010143333], "postrelease": [], "monetate": [26.943889], "marketo": [26.928403, 27.4073056667], "austlii": [4.234611], "adform": [27.4694443333, 26.870222], "nabtrade": [27.4098333333], "teads": [3.7203193333, 27.3644163333, 32.6810276667], "stan": [203.6510833333, 203.6829866667, 27.2626386667, 204.1289723333, 204.021542], "emirates": [27.0133193333], "lululemon": [26.7571526667, 26.9237636667, 27.5827363333], "nflximg": [27.3197083333], "mayoclinic": [27.0586943333, 27.2010143333], "nike": [27.4694443333, 27.4120833333, 26.7571526667, 27.3276943333, 27.338125], "viator": [27.4003613333], "teacherspayteachers": [3.7311806667, 32.4745973333, 27.0475416667, 5.1174443333], "abc": [27.3086256667], "doubleverify": [4.0150553333, 26.9505276667, 27.468583], "bluekai": [27.22675], "byteoversea": [27.385347, 27.4955413333, 27.2010143333, 26.869875, 27.338125, 26.8356806667, 27.4081113333, 27.0586943333, 27.2494723333, 27.4694443333, 26.9237636667, 27.4120833333, 26.854986, 27.4439863333, 27.2259306667, 26.8094446667, 26.870222, 26.7571526667, 26.4875693333], "rbxcdn": [26.8356806667, 26.827847, 27.2893053333, 27.381861, 26.36593, 27.3111243333, 187.1788613333], "apple": [4.7279723333, 26.881111], "carsguide": [32.559542], "tripadvisor": [13.8498193333, 12.802014, 13.2396533333, 13.214681], "serving-sys": [26.8645833333, 26.8094446667], "vtrcdn": [3.772736], "fastsimon": [26.870222, 27.4081113333], "thelott": [26.9207916667], "pstatic": [26.9147636667, 26.8344166667, 4.9446666667], "grouponcdn": [27.2841806667], "domain": [27.297931, 203.6374026667, 204.7689996667, 300.6505973333, 210.617625], "nsw": [27.1700833333], "appier": [], "ziffstatic": [26.909278, 26.950375], "boq": [27.080722, 32.5721946667], "etsy": [], "cookiebot": [32.583764], "microsoft": [153.2570003333, 5.2072776667, 184.006028, 27.4694443333, 249.63132, 208.416181, 27.4120833333, 26.913028, 26.8801803333], "aimatch": [27.2010143333, 27.4694443333], "9now": [26.523736, 3.980125, 5.8631943333, 4.1735556667, 4.0004443333], "mzstatic": [26.848097], "taste": [26.7629306667], "moatpixel": [27.2682086667], "sportsbet": [26.8652913333], "brightcove": [27.0046663333, 27.6596113333], "tiktok": [158.333931, 27.4120833333, 26.98975, 26.7571526667, 152.2288053333, 27.3915, 27.328264, 154.6529306667, 26.447986, 26.5004163333, 152.1927223333], "s-microsoft": [33.3074443333], "racing": [27.090319], "pinterest": [13.3151806667, 12.88675, 13.8236943333, 27.450653, 15.0382503333], "bonds": [], "jdplc": [27.8944723333], "smartadserver": [], "theaustralian": [26.7629306667], "moatads": [27.2682086667], "espncricinfo": [27.2010143333, 27.385347], "royalcaribbean": [3.3399723333, 4.3928336667], "kayosports": [26.9770556667], "azureedge": [26.501875, 26.832597], "thegoodguys": [13.8441806667, 13.1333473333], "banksa": [26.8880973333], "stickyadstv": [151.6439723333, 152.0450416667], "cnbc": [26.8327496667], "kidspot": [26.7629306667], "lenovo": [169.584028], "createjs": [27.468583, 26.9120696667], "xero": [253.1728053333, 254.1254026667, 26.4594166667, 253.7350556667, 27.4694443333, 27.0586943333, 253.753487], "nine": [96.5310416667, 3.980125, 5.8631943333, 4.1735556667, 4.0004443333, 3.51525], "ato": [27.1225836667], "uciservice": [], "expedia": [4.341361], "macquarie": [7.168139], "cloudinary": [32.2470416667, 26.423097], "cbsaavideo": [26.8244303333, 27.4775276667], "fastclick": [180.224889], "adobedtm": [26.339458], "ancestrycdn": [32.2016943333, 4.497583, 8.198375], "domainstatic": [26.355903, 26.8094446667, 26.8097223333], "nikecdn": [27.2010143333, 27.4694443333], "foxtel": [26.8594303333], "licdn": [32.8727916667, 4.3824583333, 4.4024443333, 27.5212083333], "news": [27.5698753333], "rnengage": [], "spotxchange": [95.7791943333, 95.2315], "agoda": [27.3815973333], "en25": [27.355861], "readspeaker": [27.7034443333, 33.0742636667], "tiktokcdn": [27.337125, 26.5841386667, 26.5158053333, 26.3839163333, 27.477625, 26.8720416667, 27.878625, 27.4039443333, 27.2330136667, 26.3898886667, 26.858764], "tiqcdn": [27.1924306667], "groupon": [27.2841806667, 32.4363056667], "office": [32.450514, 26.6047496667, 26.9309863333, 27.803028], "trvl-px": [], "dailytelegraph": [26.7629306667], "samsung": [26.8500833333], "workflowmax": [27.0586943333, 27.4081113333, 27.4694443333], "typography": [27.946903], "scentregroup": [27.4120833333, 27.338125], "outbrain": [26.8719583333], "optussport": [26.8959303333, 26.870153], "nzherald": [4.7626113333, 4.5802363333], "ikea": [4.3419583333], "bbc": [3.320542, 26.737069], "go-mpulse": [27.4802223333, 27.4083053333], "ign": [26.909278, 26.950375], "lightinthebox": [27.4694443333, 26.9237636667], "fwmrm": [], "energyaustralia": [26.7597913333, 27.3740416667], "homeaway": [189.12, 26.7571526667, 26.870222], "pocruises": [27.4120833333, 27.338125], "evidon": [27.4081113333, 27.4120833333], "airbnb": [], "travel-assets": [26.8912916667], "tiktokv": [27.4694443333, 26.9237636667, 27.4120833333, 26.870222, 27.4081113333, 26.7571526667, 27.0586943333, 27.2010143333, 27.338125], "optus": [26.883889, 27.328264], "americanexpress": [26.934764], "certona": [26.870222, 27.4694443333], "365dm": [27.4039443333, 26.610444], "anrdoezrs": [], "flashtalking": [27.4684723333], "dellcdn": [27.0016943333], "etsystatic": [27.69325], "tiktokcdn-us": [151.8709033333, 151.459361, 151.8796116667, 151.442278, 151.5340006667, 151.5221803333, 151.724597, 152.2238333333, 151.677625], "pubmatic": [26.8434166667], "freepik": [26.8644723333], "kargo": [26.8047636667, 26.9120696667], "addthis": [26.807764], "hm": [27.076986], "boohoo": [4.2691253333, 6.613639], "dailymail": [32.583, 27.332014], "shein": [26.7571526667, 26.9237636667], "rightinthebox": [27.4694443333, 26.9237636667], "bestrecipes": [6.4888053333],