{"jbhifi": [197.1016663333, 198.0093746667, 194.2040556667, 198.4890833333], "healthline": [203.742861, 203.3047913333, 203.0537083333, 204.0106943333], "soundcloud": [253.3485696667, 251.2930276667, 203.7806393333, 203.669361, 252.8745553333, 252.7595273333, 210.5346533333, 204.1379863333], "parastorage": [252.7865416667, 252.2926533333, 253.3933606667, 254.06925], "retently": [273.005764, 253.4042916667, 273.0728336667, 252.5163896667], "gotolstoy": [192.8206246667, 155.539653, 151.8122363333, 157.711292], "stripe": [155.6180696667, 151.8414023333, 151.4018196667, 155.0663753333], "airg": [198.001528, 198.7775416667, 195.3325973333, 187.5834583333], "imrworldwide": [154.5822086667, 253.3300693333, 194.4379723333, 204.0664166667, 252.3656253333, 252.660153, 221.8609863333, 251.8938333333, 204.8110276667, 186.951056, 197.482917, 206.2707363333, 223.5412503333, 252.2299726667, 158.2187776667, 212.0513336667, 253.2915556667, 254.0584726667, 190.0845416667, 194.4618616667, 215.4693613333, 155.0865973333, 253.8580136667, 252.891264, 194.540264, 215.5426113333, 252.9299306667, 214.9838196667, 204.2393196667, 211.5076113333, 253.068625, 186.949042, 187.1870696667, 216.1308196667, 157.6656253333, 252.947042], "flockler": [252.9375143333, 252.139667, 252.9091253333, 252.559542], "saasexch": [254.6095973333, 262.0551113333, 262.087278, 253.7356943333, 253.117, 261.5648336667, 261.6315976667, 253.7033476667], "storystream": [252.8761256667, 253.0116943333, 253.921639, 253.2172503333], "cin7": [], "binance": [], "usehero": [197.4925556667, 198.261167, 194.8134863333, 186.758111], "contentsquare": [186.951056, 187.5677776667, 186.4347503333, 186.9389163333], "reastatic": [253.882806, 253.1982916667, 155.367764, 151.246347, 254.3275553333, 194.622708, 252.5210556667, 253.4127776667, 197.6548056667, 253.4756393333, 253.643861, 155.6903616667, 198.4329863333, 253.578139, 194.0067363333, 158.7232086667], "inskinad": [253.277625, 254.573639, 253.6709583333, 253.7751526667], "securiti": [253.540625, 253.4039446667, 254.2042783333, 253.5585003333], "bstatic": [251.9883473333, 190.0470696667, 252.7314446667, 252.6619866667, 186.437, 252.9038053333, 186.963889, 189.5778473333], "ecosia": [151.4658753333, 154.6623473333, 151.3098336667, 154.2518333333], "the-ozone-project": [158.091611, 158.7292223333, 155.070917, 159.1444443333], "strava": [151.309542, 158.28825, 155.364625, 155.1346526667], "abrankings": [204.1812363333, 204.1857223333, 204.1391806667, 203.578139], "wushka": [215.9702226667, 214.976153, 214.8185556667, 215.0181113333], "evbstatic": [157.772542, 154.833375, 155.120722, 151.8034863333], "clickcease": [253.4840143333, 253.6494583333, 253.2221526667, 253.7299586667], "attraqt": [254.2993336667, 254.9100556667, 253.668708, 253.2781946667], "tiqcdn": [154.7977916667, 155.1623473333, 175.3182916667, 155.1609863333], "openpay": [273.2069446667, 253.4640836667, 253.6943473333, 253.9210836667], "newscgp": [159.187278, 203.676292, 203.742861, 155.1173616667, 204.0106943333, 204.142264, 155.1346526667, 155.0599026667], "suncorp": [], "revolutionise": [204.1755973333, 215.2213193333, 204.5989726667, 150.8324863333, 151.3330556667, 157.8630973333, 204.7295973333, 215.9995693333, 151.5196113333, 203.5967643333, 215.3106526667, 214.904403], "timeout": [190.7519446667, 197.5529443333, 194.7045696667, 186.6459863333, 198.920681, 194.5269583333, 198.4053056667, 197.8612496667], "bazaarvoice": [206.4607223333, 203.3579026667, 151.7175836667, 203.807306, 158.6879866667, 155.6903616667, 204.165236, 155.62425, 155.1679583333, 217.0288196667, 154.138097, 203.7651663333, 224.0264026667, 155.5838193333, 158.357, 223.1729583333], "website-files": [151.3909863333, 154.757222, 151.2763333333, 154.902375], "adsafeprotected": [186.6613613333, 195.083528, 203.117375, 203.6795413333, 197.1409726667, 204.2354446667, 197.6272223333, 203.6465423333], "flightcentre": [], "segment": [215.6340003333, 214.890042, 212.735, 254.1760143333, 216.181792], "opentok": [195.089597, 194.8977916667, 197.94275, 198.7775416667], "monsido": [214.8030276667, 216.938042, 205.710542, 222.0142783333], "bamgrid": [254.1180553333, 254.0058193333, 253.8830696667, 253.9336533333], "transportnsw": [215.5426113333, 215.2882503333, 215.2793473333, 214.909264], "liadm": [253.7328613333, 272.1495283333, 253.4326383333, 252.3332223333], "booking": [252.316931, 252.6390556667, 253.3848196667, 252.305861], "geoedge": [151.336153, 154.571097, 157.1524026667, 151.257639], "sprinklr": [215.018431, 215.1428613333, 214.7801806667, 214.9227223333], "thereviewsplace": [254.2559863333, 214.462903, 214.9690833333, 253.8883613333, 215.0062776667, 254.610778, 255.0211396667, 215.8368193333], "hungryjacks": [203.1850973333, 203.4400276667, 204.1056803333, 5.189944, 203.5969166667], "geekdo-static": [154.987264, 155.0518056667, 155.051681, 152.1692083333], "viostream": [155.0556666667, 154.9909166667, 155.4185973333, 154.6334723333], "bestandless": [], "dynamicyield": [203.701778, 204.1371386667, 203.62975, 203.595153], "barilliance": [155.1816526667, 154.6413476667, 151.186514, 154.262778], "phenompeople": [203.6190143333, 254.295097, 253.888639, 187.563667, 186.985097, 207.2784586667, 253.756708, 204.6797503333, 187.1870696667, 189.991389, 253.9781106667, 204.5689026667], "raygun": [272.992056, 254.062736, 272.5346943333, 253.5627636667], "brauz": [203.775028, 203.7605553333, 204.6139443333, 203.6984306667], "eenadu": [214.779611, 214.5035973333, 214.8650416667, 212.746403, 155.02075, 158.283375, 154.7585, 151.7803193333], "uidapi": [252.8233613333], "clicktripz": [150.668139, 150.8858893333, 155.2445553333, 151.7010273333], "eventbrite": [4.3934863333, 3.691875, 3.834639, 6.2029586667], "s-onetag": [151.246347, 155.2114306667, 158.748417, 154.571097, 154.762486, 157.1524026667, 151.7623056667, 155.5185], "auth0": [214.2543196667], "customer": [254.539653, 254.027014, 253.7677223333, 254.538389], "sndcdn": [194.415236, 190.0778616667, 190.3441946667, 253.593486, 189.8510836667, 253.729972, 194.830792, 197.0994306667, 253.3480003333, 194.8790556667, 192.033861, 252.8942643333], "geekdo-images": [222.5769306667, 221.882236, 217.302708, 221.972167], "snapchat": [151.6886526667, 158.300264, 154.8404583333, 151.6820973333], "reamedia": [157.551125, 151.331917, 155.1538333333, 154.5193333333], "dwin1": [], "minutemedia-prebid": [203.7005556667, 203.5791806667, 203.6700696667, 203.4144583333], "disney-plus": [252.2720136667, 252.1623056667, 252.1510833333, 252.252097], "nine": [204.2450833333, 203.8135553333, 203.6933333333, 203.7054856667], "loop11": [253.499764, 253.9085416667, 252.3950973333, 253.5485], "pprl": [154.727986, 154.4804586667, 154.3350833333, 158.1910416667], "rebelsport": [151.3226113333, 154.5889306667, 154.8404583333, 151.2655413333], "bcf": [253.9756803333, 253.397972, 253.3828193333, 253.312986], "stgeorge": [253.146528, 252.3330136667, 272.4735553333, 252.842139], "westpac": [191.5746253333, 186.6037776667, 198.070611, 197.928445], "builder": [155.3304443333, 154.1572086667, 154.664778, 151.338139], "zip": [215.2213193333, 212.8281533333, 214.4745003333, 215.6985], "coinmarketcap": [276.569264, 154.265236, 204.1126253333, 215.1192366667, 204.0524026667, 215.7531943333, 204.1655976667, 204.236417, 157.6163886667, 214.7144443333, 214.8164586667, 252.8455833333, 254.9791253333, 151.2763333333, 253.075375, 154.199375], "rudderlabs": [253.3709026667, 272.4532226667, 252.7413613333, 253.3820973333], "trackingplan": [214.6857776667, 214.828514, 215.3380553333, 212.748028], "marinsm": [252.7725276667, 252.122111, 252.5348333333, 252.6974863333], "express": [215.0067916667, 215.2892923333, 254.062736, 253.0572916667, 254.2141946667, 253.9370976667, 215.2254863333, 218.3194586667], "fclweb": [194.8227086667, 194.7901393333, 194.890917, 191.2388053333], "medicalnewstoday": [254.1347086667, 254.305986, 254.295055, 253.7732503333], "fclmedia": [213.9198196667, 212.1681943333, 214.5136946667, 214.3215276667],