{"jbhifi": [4.521486, 3.9442913333, 4.2480556667, 3.806611], "healthline": [4.0431943333, 4.2480556667, 3.806611, 4.157514], "soundcloud": [4.8040003333, 4.9985136667, 5.246833, 3.7245, 5.2184303333, 3.868264, 4.2845833333, 4.1509723333], "parastorage": [4.275778, 4.0571663333, 4.1457223333, 3.7745693333], "retently": [3.7772083333, 3.9425136667, 8.9743886667, 4.042278], "gotolstoy": [5.125181, 6.017236, 4.5427913333, 4.5182776667], "stripe": [13.294653, 13.4579026667, 12.893139, 13.6931663333], "airg": [4.5121526667, 9.2816393333, 4.446097, 4.2453193333], "imrworldwide": [83.1138333333, 4.7967086667, 5.0176246667, 3.926028, 4.354764, 4.5427913333, 3.5177363333, 5.4962223333, 4.8018613333, 3.920389, 4.4693056667, 4.055833, 5.7328746667, 3.934389, 4.042278, 4.9246106667, 4.5829166667, 4.258347, 4.1509723333, 4.2748053333], "flockler": [4.2845833333, 7.267861, 4.5427913333, 3.7745693333], "saasexch": [4.6072916667, 4.5116666667, 4.6958613333, 4.1457223333, 4.275778, 3.7959166667, 6.9789863333, 4.591611], "storystream": [4.3759026667, 3.9223606667, 3.4641253333, 4.4693056667], "cin7": [], "binance": [], "usehero": [4.9246106667, 4.091361, 4.0307773333, 4.6708473333], "contentsquare": [3.7712636667, 4.483472, 3.9195696667, 4.15475], "reastatic": [4.5890833333, 5.7157916667, 4.9827916667, 5.3829166667, 4.2710836667, 4.3361116667, 5.4962223333, 5.1338053333, 4.091361, 3.5345276667, 4.428889, 4.744444, 4.6708473333, 8.3658333333, 4.487736, 4.591611], "inskinad": [3.5990413333, 3.7772083333, 3.8962496667, 4.0086943333], "securiti": [203.783, 203.636097, 204.1039033333, 204.3082636667], "bstatic": [4.7526946667, 4.2710836667, 4.8380416667, 4.4877223333, 4.9759443333, 3.8439723333, 7.267861, 4.45625], "ecosia": [158.2078056667, 158.1302223333, 154.6842916667, 154.1703613333], "the-ozone-project": [3.4686526667, 3.90625, 3.9731253333, 4.5785693333], "strava": [5.282917, 4.318042, 3.907597, 5.4327776667], "abrankings": [3.838736, 4.3334303333, 4.7065556667, 5.9589166667], "wushka": [5.679028, 4.6104163333, 3.9095, 3.9669166667], "evbstatic": [3.7725693333, 4.9113056667, 4.733389, 4.4877223333], "clickcease": [3.7959166667, 4.3447916667, 5.8383056667, 4.6958613333], "attraqt": [95.842125, 95.6406526667, 95.953417, 96.1104863333], "tiqcdn": [4.5829166667, 6.6973613333, 4.573347, 4.328153], "openpay": [3.4763333333, 4.0942916667, 3.9442913333, 4.5034166667], "newscgp": [4.4801253333, 3.911639, 4.2480556667, 3.9686943333, 5.3648056667, 4.6158473333, 5.140611, 5.204375], "suncorp": [4.7976943333, 3.7725693333, 4.4850416667, 3.8541386667], "revolutionise": [6.8014026667, 3.7131246667, 4.3074166667, 4.7264443333, 3.9803053333, 4.6380693333, 4.412264, 6.0586253333, 5.7273886667, 4.0748886667, 3.998625, 4.651], "timeout": [155.3667083333, 159.187278, 6.017236, 4.6072916667, 3.7759166667, 155.6206943333, 4.258347, 154.6980553333], "bazaarvoice": [3.8917916667, 4.8040003333, 5.282917, 5.0875833333, 11.2116386667, 261.1617363333, 4.3775693333, 4.6072916667, 261.258208, 5.7814163333, 3.920389, 260.3208746667, 3.9195696667, 4.8495136667, 4.6155556667, 260.694111], "website-files": [151.2840693333, 150.743111, 151.6928746667, 151.641653], "adsafeprotected": [152.7442506667, 11.2116386667, 152.9680693333, 3.4942776667, 3.8962496667, 152.8187503333, 3.944278, 153.243542], "flightcentre": [], "segment": [4.318042, 4.6072916667, 4.3302083333, 5.312639, 4.3447916667], "opentok": [6.9353473333, 5.282917, 5.9589166667, 4.591611], "monsido": [4.032139, 3.9803053333, 4.4098196667, 4.4693056667], "bamgrid": [3.802972, 6.2723473333, 3.911639, 4.032139], "transportnsw": [79.022736, 4.5651526667, 4.2730973333, 3.846361], "liadm": [5.0004306667, 3.901292, 4.0089723333, 4.0449863333], "booking": [5.7157916667, 3.8905976667, 77.5861386667, 3.7482223333], "geoedge": [4.7976943333, 77.5861386667, 4.137222, 4.9113056667], "sprinklr": [77.9934163333, 5.156167, 4.6741666667, 4.4693056667], "thereviewsplace": [3.8720973333, 4.137222, 4.1333613333, 4.412264, 4.0504996667, 4.4157503333, 4.2522083333, 77.5861386667], "hungryjacks": [4.3934863333, 3.9250556667, 4.0942916667, 5.189944, 3.9223606667], "geekdo-static": [7.267861, 4.1509723333, 4.7976943333, 4.591611], "viostream": [3.6595836667, 5.7328746667, 5.914458, 4.032139], "bestandless": [], "dynamicyield": [4.4519726667, 3.8997223333, 5.210347, 4.516431], "barilliance": [4.0744163333, 4.6155556667, 4.5182776667, 5.065014], "phenompeople": [27.7198753333, 4.4260003333, 6.9045976667, 158.266, 156.0585833333, 26.8053196667, 4.516431, 27.6125276667, 140.7909446667, 27.547042, 4.8458056667, 156.2703333333], "raygun": [4.2845833333, 4.1333613333, 4.273514, 4.4850416667], "brauz": [3.9767636667, 4.423778, 4.328153, 3.846361], "eenadu": [4.521486, 4.9759443333, 4.2825696667, 4.0636386667, 3.9195696667, 4.4100973333, 4.744444, 4.2845833333], "uidapi": [228.736278], "clicktripz": [5.233125, 4.412264, 3.9415553333, 3.7454306667], "eventbrite": [4.3934863333, 3.691875, 3.834639, 6.2029586667], "s-onetag": [3.5420003333, 4.137222, 4.412264, 3.7759166667, 4.275778, 5.210347, 4.0043336667, 4.6708473333], "auth0": [6.073403], "customer": [4.6017223333, 4.0571663333, 4.9757083333, 4.487736], "sndcdn": [5.619111, 4.6150416667, 5.6578336667, 4.109792, 4.776722, 6.8325973333, 4.573347, 79.022736, 4.4801253333, 3.852722, 3.9777356667], "geekdo-images": [4.3476666667, 5.4962223333, 5.0324583333, 4.2837773333], "snapchat": [225.3928333333, 226.2561253333, 226.6335003333, 225.1681253333], "reamedia": [5.1690973333, 4.3447916667, 4.1509723333, 5.7814163333], "dwin1": [], "minutemedia-prebid": [4.6104163333, 4.728139, 4.5459446667, 3.4357503333], "disney-plus": [5.679028, 4.2480556667, 4.6380693333, 3.6595836667], "nine": [4.1457223333, 3.7725693333, 4.0504996667, 4.2710836667], "loop11": [4.170792, 4.934431, 160.5585276667, 3.9657913333], "pprl": [7.92168, 6.9045976667, 3.5228473333, 3.608986], "rebelsport": [5.3248753333, 3.9129996667, 3.8660696667, 4.4519726667], "bcf": [4.098833, 4.5829166667, 4.6131943333, 4.4794716667], "stgeorge": [3.926028, 4.4098196667, 4.582333, 4.0431943333], "westpac": [4.1843056667, 4.321, 4.128167, 4.3124863333], "builder": [4.776722, 4.5829166667, 4.423778, 3.4508613333], "zip": [95.420903, 95.2284443333, 95.926625], "coinmarketcap": [4.4279446667, 7.2744166667, 4.7526946667, 3.9669166667, 3.4942776667, 5.3088053333, 4.6158473333, 5.8383056667, 4.0150696667, 3.9767636667, 3.7745693333, 5.7273886667, 3.9065003333, 6.765139, 4.4519726667], "rudderlabs": [4.6155556667, 3.9500136667, 4.7065556667, 4.4877223333], "trackingplan": [4.1843056667, 6.137347, 4.5182776667, 3.8699303333], "marinsm": [4.0744163333, 3.7725693333, 4.1333613333, 4.1849446667], "express": [152.0991806667, 155.5838193333, 154.9998196667, 155.0435283333, 155.3925416667, 155.032778, 155.0238336667, 158.1308613333], "fclweb": [5.3222363333, 4.4098196667, 6.4238613333, 6.8325973333], "medicalnewstoday": [155.1816526667, 157.1524026667, 154.5480836667, 158.8695553333], "fclmedia": [3.9953056667, 3.9669723333, 4.1031946667, 3.6700836667], "originenergy": [5.140014, 4.4228193333, 4.8501116667, 4.1930553333], "ensighten": [5.7157916667, 4.275778, 5.9589166667, 4.4157503333], "ctfassets": [4.6344723333, 5.3222216667, 4.4100973333, 3.910417], "quantcount": [4.435514, 4.5116666667, 4.591611, 4.9629163333], "primis": [152.5772083333, 152.3297083333, 152.4685973333, 152.8229303333], "jaycar": [], "tradingview": [4.3414306667, 3.920389, 4.3074166667, 6.4451526667], "bendigobank": [5.619111, 4.3934863333, 3.5280973333, 3.910417], "csnstatic": [4.4279446667, 4.8380416667, 4.0597776667, 4.0788746667, 5.312639, 4.6155556667, 7.8397083333, 3.608986], "ciditools": [4.3074166667, 4.318042, 4.3775693333, 4.864486, 3.7454306667, 8.3658333333, 4.487736, 4.591611], "geetest": [5.679028, 7.3215553333, 3.5280973333, 4.3759026667], "the-sun": [4.15475, 5.0176246667, 3.9434443333, 4.3759026667], "sail-horizon": [7.2059303333, 3.9500136667, 4.2589863333, 4.9629163333],