{"jbhifi": [268.912625, 274.088264, 261.7231946667, 268.5865136667], "healthline": [268.7429723333, 269.2547363333, 264.9792363333, 268.729028], "soundcloud": [267.6710416667, 261.9739726667, 269.2487363333, 278.987764, 267.6026393333, 264.824403, 267.9563193333, 268.143417], "parastorage": [275.1239863333, 262.587653, 262.248153, 262.585361], "retently": [267.041889, 273.573903, 268.7511116667, 267.1722083333], "gotolstoy": [266.775014, 268.7429723333, 266.3360143333, 268.9696253333], "stripe": [264.7799723333, 264.4642223333, 268.5865136667, 262.1632363333], "airg": [262.7740276667, 263.605069, 268.3963473333, 262.585361], "imrworldwide": [272.5297226667, 262.022639, 263.2461666667, 268.9323473333, 276.0663753333, 268.5272223333, 274.3031533333, 269.0301666667, 274.4240833333, 268.2497083333, 264.8223753333, 265.797], "flockler": [276.7242636667, 268.1250556667, 262.604931, 262.1402916667], "saasexch": [268.2458056667, 261.667361, 264.8388616667, 266.35775, 267.9684443333, 268.2497083333, 268.308, 263.297361], "storystream": [263.1770416667, 262.934153, 269.0663893333, 273.0968336667], "cin7": [], "binance": [], "usehero": [262.6878336667, 262.7966113333, 265.183056, 267.9886113333], "contentsquare": [264.0862086667, 268.2911393333, 268.39225, 268.3487083333], "reastatic": [267.894764, 261.905667, 262.7470556667, 274.78475, 265.6990833333, 264.0844726667, 261.8551806667, 269.138, 269.2126666667, 268.0619026667, 262.5201666667, 268.063695, 274.3031533333, 268.1987363333, 264.95425, 267.4005], "inskinad": [274.5535836667, 268.7461803333, 269.2126666667, 274.0129586667], "securiti": [305.535389, 305.299986, 305.465833, 307.0431386667], "bstatic": [262.612014, 262.2265413333, 265.659847, 268.9142916667, 268.330903, 268.7582776667, 268.250292, 261.8551806667], "ecosia": [306.6276393333, 305.795153, 305.9623473333, 305.1717916667], "the-ozone-project": [274.5198196667, 267.7555283333, 262.343431, 267.8594166667], "strava": [278.2196943333, 264.921375, 264.9750553333, 265.797], "abrankings": [268.910653, 268.3744863333, 262.039569, 274.276625], "wushka": [268.1089723333, 265.030792, 268.5174166667, 268.0254586667], "evbstatic": [262.2588053333, 267.509153, 267.431986, 263.1894446667], "clickcease": [269.7432496667, 263.054931, 269.2550696667, 263.341292], "attraqt": [264.548278, 268.321695, 266.592014, 261.338514], "tiqcdn": [268.0794723333, 268.4530003333, 266.835931, 268.165625], "openpay": [268.0372503333, 263.3384446667, 264.492917, 262.8016943333], "newscgp": [262.4964033333, 269.089639, 265.356056, 266.7613333333, 274.014056, 262.5428196667, 267.8834446667, 273.1601943333], "suncorp": [262.088028, 262.070417, 262.587528, 268.5865136667], "revolutionise": [261.905667, 261.931111, 270.3193056667, 264.4058333333, 280.9015556667, 274.8054863333, 263.1267916667, 261.310875, 274.4240833333, 268.2497083333, 268.4530003333, 262.5743886667], "timeout": [305.8167083333, 261.5907643333, 305.8367503333, 268.534264, 306.8914166667, 263.7292916667, 306.7946253333, 264.620847], "bazaarvoice": [268.3714583333, 261.6004723333, 261.9739726667, 275.1239863333, 265.071778, 267.4670833333, 279.314931, 268.5133333333, 268.0376386667, 267.0873476667, 270.143, 273.5924033333, 267.2285696667, 268.8993886667, 265.6590556667, 273.763639], "website-files": [306.5052776667, 306.260375, 306.9805, 305.4228333333], "adsafeprotected": [274.992917, 305.6384583333, 269.1051113333, 266.184764, 306.1519446667, 306.6965003333, 306.6011946667, 281.528556], "flightcentre": [], "segment": [267.894764, 261.897403, 268.014889, 268.4828056667, 268.519403], "opentok": [262.3248753333, 265.071778, 269.207, 262.4147223333], "monsido": [266.0972083333, 278.987764, 265.026347, 261.7894446667], "bamgrid": [268.3667363333, 267.5988196667, 265.6990833333, 264.95425], "transportnsw": [273.2112916667, 266.3438193333, 262.1632363333, 274.3643193333], "liadm": [265.901417, 268.3566116667, 265.998917, 267.8594166667], "booking": [272.5297226667, 261.6798473333, 262.4841666667, 268.5905833333], "geoedge": [262.0572223333, 263.3384446667, 268.4913336667, 262.8016943333], "sprinklr": [264.1652363333, 275.727, 269.2550696667, 269.6956806667], "thereviewsplace": [274.583389, 275.1239863333, 265.3750833333, 269.1324586667, 267.818847, 262.0572223333, 262.2091943333, 263.605069], "hungryjacks": [262.0907363333, 261.848986, 262.1185553333, 5.189944, 268.7979583333], "geekdo-static": [262.293333, 268.4527643333, 268.6765, 263.0169446667], "viostream": [262.7740276667, 263.2841806667, 261.6004723333, 265.6761253333], "bestandless": [], "dynamicyield": [264.5657223333, 261.6921943333, 262.6198886667, 268.3963473333], "barilliance": [262.2693893333, 274.1444166667, 266.1309586667, 268.272764], "phenompeople": [307.161542, 306.1843613333, 262.5805143333, 262.7470556667, 273.7067083333, 268.5916803333, 306.3820556667, 264.1350833333, 265.7534166667, 262.1185553333, 305.7949586667, 264.9792363333], "raygun": [273.2112916667, 265.562403, 268.0233333333, 274.276625], "brauz": [269.7432496667, 263.026167, 263.8703063333, 263.0407643333], "eenadu": [262.8503336667, 273.789306, 273.6782496667, 266.840125, 268.8645976667, 263.190056, 261.8110553333], "uidapi": [266.0394446667], "clicktripz": [280.142222, 274.0751393333, 268.633431, 262.8762916667], "eventbrite": [95.7765, 96.2761806667, 95.4465553333, 95.2284443333], "s-onetag": [269.288181, 264.514889, 268.5916803333, 267.3545, 266.140764, 266.184764, 267.0439166667, 265.78475], "auth0": [265.0148893333], "customer": [266.595903, 262.9696666667, 269.1324586667, 268.4345276667], "sndcdn": [268.6995003333, 262.8503336667, 268.0600693333, 268.749986, 263.3707496667, 278.720403, 266.2419306667, 268.172347, 268.9023473333, 267.0983893333, 263.896861, 265.3729446667], "geekdo-images": [279.600542, 268.4593473333, 268.160153, 267.9874586667], "snapchat": [261.760014, 268.4636806667, 262.0739726667, 262.2403473333], "reamedia": [263.1238333333, 268.0376386667, 265.877778, 268.054903], "dwin1": [], "minutemedia-prebid": [262.088028, 273.2112916667, 276.900389, 268.054903], "disney-plus": [273.7067083333, 261.338514, 261.986, 266.140764], "nine": [274.5198196667, 265.6280556667, 269.334014, 268.3487083333], "loop11": [263.621222, 268.900417, 262.5800556667, 262.946083], "pprl": [261.897403, 268.711111, 266.840125, 266.5317086667], "rebelsport": [269.2198336667, 262.5800556667, 278.2450696667, 263.8324166667], "bcf": [267.9542916667, 262.387389, 262.419056, 261.7885413333], "stgeorge": [266.592014, 279.314931, 265.5908473333, 266.3905693333], "westpac": [264.8781246667, 269.1059863333, 265.238139, 267.5875833333], "builder": [274.970056, 268.8993886667, 268.632042, 261.7894446667], "zip": [267.818847, 265.3750833333, 268.840722, 265.037167], "coinmarketcap": [266.9229446667, 266.0579723333, 268.384014, 263.3384446667, 262.3024306667, 271.4808753333, 262.1391253333, 274.140958, 269.150014, 273.2112916667, 278.571486, 274.3031533333, 261.7231946667, 263.1104583333, 268.5805416667, 266.1309586667], "rudderlabs": [280.7698056667, 268.69625, 263.3417363333, 268.239667], "trackingplan": [268.438042, 262.289278, 268.2061253333, 265.6710693333], "marinsm": [267.207014, 269.0323473333, 268.4226666667, 268.3714583333], "express": [305.7878473333, 306.048431, 306.4409443333, 306.7803473333, 306.0729306667, 305.4058056667, 306.7946253333, 306.3970556667], "fclweb": [268.1987363333, 267.9892506667, 274.992917, 265.88375], "medicalnewstoday": [306.5289446667, 307.394222, 306.2391943333, 307.0431386667], "fclmedia": [273.3021246667, 262.953292, 267.441945, 268.7392636667], "originenergy": [268.3074866667, 263.2786946667, 265.5539163333, 264.235639], "ensighten": [261.848986, 273.9429583333, 277.177875, 268.989556], "ctfassets": [261.310875, 261.5139726667, 265.6590556667, 262.8016943333], "quantcount": [269.0284583333, 262.6500693333, 266.8554306667, 267.418458], "primis": [306.8414306667, 305.5738753333, 305.2547363333, 307.5556806667], "jaycar": [],