{"msecnd": [3.779875], "choice": [3.8035276667], "accor": [32.254236], "yahoo": [6.3056806667, 3.8951386667, 4.039819], "3gl": [4.2632083333], "botframework": [3.779875], "paypal": [26.8601666667], "paypal-mktg": [316.012111, 316.9495973333], "twimg": [3.9525, 4.2948333333], "twitter": [3.7965693333], "flightcdn": [14.344236], "paypalobjects": [316.012111, 316.9495973333], "licdn": [4.3824583333, 4.4024443333], "oath": [6.9010136667], "aolcdn": [3.5759303333], "jwplayer": [4.1350276667], "w3schools": [4.199764, 4.417403]}