{"msecnd": [205.478014, 220.8512223333], "choice": [205.7523336667], "accor": [326.0073193333], "yahoo": [151.4153613333, 220.4535, 151.563431], "3gl": [151.0384446667], "botframework": [220.8512223333], "paypal": [327.9127086667], "paypal-mktg": [316.012111, 316.9495973333], "twimg": [220.762695, 333.3361533333], "twitter": [220.4726666667], "flightcdn": [150.5653473333], "paypalobjects": [316.012111, 316.9495973333], "licdn": [17.951792, 15.817625], "oath": [151.469125], "aolcdn": [221.320083], "jwplayer": [], "w3schools": [4.199764, 4.417403]}