{"msecnd": [3.779875], "choice": [3.8035276667], "accor": [3.3631666667], "yahoo": [6.3056806667, 3.8951386667, 4.039819], "3gl": [4.2632083333], "botframework": [3.779875], "paypal": [13.5276386667, 13.8649723333, 13.3481526667, 12.9005273333], "paypal-mktg": [316.012111, 316.9495973333], "twimg": [5.428528], "twitter": [3.7965693333], "flightcdn": [14.344236], "paypalobjects": [316.012111, 316.9495973333], "licdn": [4.3824583333, 4.4024443333], "oath": [6.9010136667], "aolcdn": [3.5759303333], "jwplayer": [4.1350276667], "w3schools": [4.199764, 4.417403]}