{"msecnd": [3.779875], "choice": [3.8035276667], "accor": [3.3631666667], "yahoo": [6.3056806667, 3.8951386667, 4.039819], "3gl": [4.2632083333], "botframework": [3.779875], "paypal": [3.924167], "paypal-mktg": [316.012111, 316.9495973333], "twimg": [5.428528, 4.2948333333], "twitter": [3.7965693333], "flightcdn": [14.344236], "paypalobjects": [316.012111, 316.9495973333], "licdn": [5.0659166667, 4.798347], "oath": [6.9010136667], "aolcdn": [3.5759303333], "jwplayer": [4.1350276667], "w3schools": [4.199764, 4.417403]}