{"medallia": [327.933667], "hearstapps": [327.2616526667], "ticketmaster": [13.216889, 13.8632776667, 12.7905696667, 330.5275833333, 13.4220556667], "wikihow": [13.8654723333, 82.058514, 13.2510556667, 13.3861806667], "rsms": [14.2921386667, 14.6156253333], "afr": [325.1488616667], "kahoot": [332.3009033333], "everesttech": [333.9154863333], "glassons": [12.8474306667, 13.9036803333, 13.2482636667, 13.2683196667], "kampyle": [328.120764], "stripe": [329.1856253333], "behold": [12.903875], "fastly-insights": [13.756028, 13.5221666667, 131.1955136667, 13.6183473333, 13.2542223333], "pixlee": [326.0073193333], "github": [209.506153, 323.2136666667], "blooket": [4.1293333333, 4.2733606667, 5.253181, 6.432847], "bloomberg": [4.0487636667, 4.448097], "scdn": [323.3314166667], "noibu": [223.7105696667, 218.3410136667, 217.960222, 218.0505976667], "dndbeyond": [13.8654723333, 82.058514, 13.3861806667, 13.2510556667], "iheart": [12.8631803333, 13.4280553333, 13.4166806667, 329.3024583333, 13.7153193333], "prismic": [209.9603196667], "vimeocdn": [325.8001946667], "taboola": [332.236125], "bbc": [13.290361, 13.4011113333, 12.917722, 13.849472], "tripadvisor": [13.8498193333, 12.802014, 13.2396533333, 13.214681], "imgur": [151.3780976667], "thingiverse": [13.589458, 5.5030276667, 325.1488616667, 4.7811943333, 13.6307086667, 13.288208, 13.22868], "braze": [325.1488616667, 333.2929306667], "tacdn": [326.0705973333, 332.2746533333], "krxd": [325.1488616667], "redditmedia": [12.8570416667, 13.3004586667, 328.0462083333, 13.3830276667, 13.828986], "redd": [328.0462083333], "imgix": [209.9603196667], "newrelic": [305.851625], "factors": [13.9073473333, 13.191153], "outbrain": [326.0073193333], "ignimgs": [329.7343196667], "meredithcorp": [328.4544726667], "hotdoc": [332.7665276667], "ebayimg": [313.509278], "pinimg": [425.009653, 424.458264], "tafeqld": [13.4930416667, 13.520986, 12.9374446667, 13.7389723333], "squarecdn": [327.6141666667], "dancestudio-pro": [13.844014], "thesaurus": [13.288208, 13.589458, 13.6307086667, 13.22868], "footlocker": [13.2683196667], "myxplor": [13.9073473333, 13.191153], "braintreegateway": [325.1488616667], "dictionary": [13.288208, 13.6307086667, 13.22868, 13.589458], "amazon": [209.982403, 206.5091393333, 210.783514], "4wdsc": [332.5922643333], "datas3ntinel": [326.0073193333], "digitalspy": [12.9634446667, 13.3197776667, 13.774806, 13.3344026667], "kogan": [13.8451946667, 13.4368056667, 12.8375416667, 13.3987223333], "guim": [322.8642916667], "klaviyo": [325.1488616667], "yieldify": [328.1826666667], "launchdarkly": [332.3009033333], "wistia": [332.5914166667], "9now": [325.1488616667], "reddit": [12.8570416667, 13.3004586667, 328.0462083333, 13.3830276667, 13.828986], "businessinsider": [253.3072503333, 328.4173193333, 328.481056], "pantheonsite": [13.844014, 12.7851663333], "smh": [325.1488616667], "jwpltx": [374.9645836667], "hubvisor": [326.0073193333], "guardianapps": [322.8642916667], "speedcurve": [332.3009033333], "twitch": [328.166542], "paramountplus": [], "ask": [374.9645836667], "insider": [332.3009033333], "ketchjs": [328.4544726667], "theconversation": [12.8474306667, 13.9036803333, 326.0073193333, 13.2482636667, 13.2683196667], "marinsm": [328.532431], "evgnet": [84.8946943333, 13.8781526667, 12.7034723333, 13.31225], "ssl-images-amazon": [323.2430143333], "cbsi": [322.7767223333], "allrecipes": [13.2555413333, 13.4366803333, 12.861139, 13.8651523333], "zencdn": [332.3009033333], "ign": [13.3767776667, 329.7343196667, 13.0224166667, 13.354736, 13.752861], "prouds": [12.8474306667, 13.9036803333, 13.2482636667, 13.2683196667], "coolmathgames": [12.8474306667, 13.9036803333, 13.2482636667, 13.2683196667], "redditstatic": [], "jwpsrv": [374.9645836667], "jsdelivr": [4.9079443333, 4.7741803333, 4.5975556667, 6.4473056667, 4.706139], "watoday": [209.5939863333, 209.6354726667, 211.1050696667, 212.057333], "fastly": [327.6593333333], "getshogun": [325.1488616667], "contentstack": [328.4544726667], "webcontentassessor": [332.3009033333], "livenationinternational": [330.5275833333], "99bikes": [13.2481246667, 13.482625, 13.1383333333, 13.744167], "ketchcdn": [326.0073193333], "bfldr": [332.3009033333], "redballoon": [13.22868], "etsy": [13.8940693333, 13.31525, 12.9848196667, 13.382153], "mit": [13.288208, 13.589458, 13.6307086667, 13.22868], "bwbx": [327.882667], "quoteninja": [13.9073473333, 13.191153], "w-x": [325.1488616667], "ghost": [325.9308056667], "tmconst": [330.5275833333], "tsdtocl": [12.770986, 13.9285833333, 13.2188053333, 13.3269443333], "githubassets": [13.3616666667, 13.7895553333, 13.8528196667, 13.272111], "theguardian": [13.6515143333, 13.4389446667, 13.2450276667, 322.8642916667, 12.8291663333], "ads-twitter": [323.833653], "paypal": [13.8649723333], "guimcode": [322.8642916667], "jwpcdn": [374.9645836667], "pinterest": [13.3151806667, 12.88675, 13.8236943333, 327.8159446667, 313.673347, 15.0382503333], "perfectmarket": [332.236125], "pplusstatic": [209.0814863333], "ispot": [326.0073193333], "etsystatic": [328.837736, 331.2489723333], "swm": [332.3009033333], "stackoverflow": [13.406097, 13.3832503333, 12.8437636667, 13.770792], "guardianapis": [322.8642916667], "graphcdn": [333.749431], "appcues": [332.5914166667], "unsplash": [209.9603196667], "goodhousekeeping": [14.4701246667, 12.988403, 13.593, 13.3845973333], "bbcgoodfood": [13.589458, 13.6307086667, 13.22868, 13.288208], "sstatic": [13.406097, 13.3832503333, 13.770792, 12.8437636667]}