{"medallia": [251.1013613333], "hearstapps": [259.4721806667], "ticketmaster": [13.216889, 13.8632776667, 13.4220556667, 12.7905696667, 261.935028], "wikihow": [13.2510556667, 82.058514, 13.3861806667, 13.8654723333], "rsms": [14.2921386667, 14.6156253333], "afr": [261.7160556667], "kahoot": [260.399972], "everesttech": [261.4123193333], "glassons": [12.8474306667, 13.9036803333, 13.2482636667, 13.2683196667], "kampyle": [276.751556], "stripe": [264.7799723333, 264.4642223333, 268.5865136667, 262.1632363333], "behold": [12.903875], "fastly-insights": [13.756028, 13.5221666667, 131.1955136667, 13.6183473333, 13.2542223333], "pixlee": [260.805347], "github": [143.4675553333, 217.0039996667], "blooket": [4.1293333333, 4.2733606667, 5.253181, 6.432847], "bloomberg": [4.0487636667, 4.448097], "scdn": [262.2396386667], "noibu": [306.859695, 305.9788193333, 305.138417, 305.6133893333], "dndbeyond": [13.2510556667, 82.058514, 13.3861806667, 13.8654723333], "iheart": [252.9236943333, 13.4280553333, 12.8631803333, 13.4166806667, 13.7153193333], "prismic": [260.2946526667], "vimeocdn": [261.1870976667], "taboola": [261.6985693333], "bbc": [13.290361, 13.4011113333, 12.917722, 13.849472], "tripadvisor": [13.8498193333, 12.802014, 13.2396533333, 13.214681], "imgur": [151.3780976667], "thingiverse": [13.589458, 5.5030276667, 4.7811943333, 13.6307086667, 13.288208, 261.7160556667, 13.22868], "braze": [261.251278, 261.7160556667], "tacdn": [263.209695, 274.553417], "krxd": [261.7160556667], "redditmedia": [12.8570416667, 13.3004586667, 260.8977916667, 13.3830276667, 13.828986], "redd": [260.8977916667], "imgix": [260.2946526667], "newrelic": [262.996056], "factors": [13.9073473333, 13.191153], "outbrain": [260.805347], "ignimgs": [262.1202916667], "meredithcorp": [262.996056], "hotdoc": [261.105792], "ebayimg": [3.3155693333], "pinimg": [261.048861], "tafeqld": [13.520986, 13.4930416667, 12.9374446667, 13.7389723333], "squarecdn": [261.435195], "dancestudio-pro": [13.844014], "thesaurus": [13.22868, 13.589458, 13.6307086667, 13.288208], "footlocker": [13.2683196667], "myxplor": [13.9073473333, 13.191153], "braintreegateway": [261.7160556667], "dictionary": [13.22868, 13.6307086667, 13.589458, 13.288208], "amazon": [209.982403, 206.5091393333, 210.783514], "4wdsc": [261.3468053333], "datas3ntinel": [260.805347], "digitalspy": [12.9634446667, 13.3344026667, 13.774806, 13.3197776667], "kogan": [13.8451946667, 13.4368056667, 12.8375416667, 13.3987223333], "guim": [261.9574586667], "klaviyo": [261.7160556667], "yieldify": [277.0533753333], "launchdarkly": [260.399972], "wistia": [260.7055003333], "9now": [261.7160556667], "reddit": [12.8570416667, 13.3004586667, 260.8977916667, 13.3830276667, 13.828986], "businessinsider": [253.3072503333, 260.5154303333, 261.821222], "pantheonsite": [13.844014, 12.7851663333], "smh": [261.7160556667], "jwpltx": [141.1508053333], "hubvisor": [260.805347], "guardianapps": [261.9574586667], "speedcurve": [260.399972], "twitch": [261.1843613333], "paramountplus": [], "ask": [259.804139], "insider": [260.399972], "ketchjs": [262.996056], "theconversation": [260.805347, 12.8474306667, 13.9036803333, 13.2482636667, 13.2683196667], "marinsm": [275.7851113333], "evgnet": [84.8946943333, 13.8781526667, 12.7034723333, 13.31225], "ssl-images-amazon": [260.9980973333], "cbsi": [259.525056], "allrecipes": [13.2555413333, 13.4366803333, 12.861139, 13.8651523333], "zencdn": [260.399972], "ign": [13.3767776667, 13.0224166667, 13.354736, 262.1202916667, 13.752861], "prouds": [12.8474306667, 13.9036803333, 13.2482636667, 13.2683196667], "coolmathgames": [12.8474306667, 13.9036803333, 13.2482636667, 13.2683196667], "redditstatic": [], "jwpsrv": [141.1508053333], "jsdelivr": [262.257097], "watoday": [262.5153333333, 268.578111, 262.612417, 280.6138336667], "fastly": [267.72625], "getshogun": [261.7160556667], "contentstack": [262.996056], "webcontentassessor": [260.399972], "livenationinternational": [261.935028], "99bikes": [13.2481246667, 13.482625, 13.1383333333, 13.744167], "ketchcdn": [260.805347], "bfldr": [260.399972], "redballoon": [13.22868], "etsy": [13.8940693333, 13.31525, 12.9848196667, 13.382153], "mit": [13.589458, 13.6307086667, 13.22868, 13.288208], "bwbx": [261.0259166667], "quoteninja": [13.9073473333, 13.191153], "w-x": [261.7160556667], "ghost": [261.4951386667], "tmconst": [261.935028], "tsdtocl": [12.770986, 13.3269443333, 13.2188053333, 13.9285833333], "githubassets": [13.3616666667, 13.7895553333, 13.8528196667, 13.272111], "theguardian": [13.6515143333, 13.4389446667, 13.2450276667, 12.8291663333, 261.9574586667], "ads-twitter": [141.178028], "paypal": [13.8649723333], "guimcode": [261.9574586667], "jwpcdn": [141.1508053333], "pinterest": [13.3151806667, 12.88675, 260.56625, 13.8236943333, 261.048861, 15.0382503333], "perfectmarket": [261.6985693333], "pplusstatic": [151.8772636667], "ispot": [260.805347], "etsystatic": [261.7590696667], "swm": [260.399972], "stackoverflow": [13.406097, 13.3832503333, 12.8437636667, 13.770792], "guardianapis": [261.9574586667], "graphcdn": [276.7237083333], "appcues": [260.7055003333], "unsplash": [260.2946526667], "goodhousekeeping": [14.4701246667, 12.988403, 13.593, 13.3845973333], "bbcgoodfood": [13.22868, 13.589458, 13.6307086667, 13.288208], "sstatic": [13.406097, 13.3832503333, 13.770792, 12.8437636667]}