{"impact-ad": [4.0004026667], "google": [94.4481806667, 95.9139026667, 129.835792, 128.1204583333, 127.385389, 126.956083, 127.3546386667, 3.6928886667, 128.7717776667, 4.9739306667, 97.477014, 128.5854726667, 126.2967223333, 127.8414163333, 129.4655273333, 4.087139, 127.1241523333, 4.5461946667, 127.4967366667, 130.3639726667, 95.8775553333, 128.262708, 127.3787776667, 126.3650276667, 127.2153056667, 127.0466113333, 95.8462913333, 131.3140836667, 127.4365416667, 95.395611, 128.2305556667, 126.0615, 127.106861, 97.7435556667, 127.95082], "doubleclick": [98.4713473333, 127.053806, 127.3787776667, 127.4668613333, 128.2610143333, 128.7436663333, 127.7947083333, 97.831389, 131.3140836667, 98.052472, 126.6992636667, 97.4021526667, 127.9778893333], "pizzahut": [6.432847, 5.253181, 4.2733606667, 4.1293333333], "davidjones": [6.432847, 5.253181, 4.2733606667, 4.1293333333], "prmutv": [4.837111], "px-cloud": [3.9692216667], "sentry": [4.3445556667, 195.547042], "33across": [4.722], "visualwebsiteoptimizer": [4.221986], "rlcdn": [4.0115416667, 4.4333053333], "thesun": [5.253181, 6.432847, 4.2733606667, 7.5417503333, 4.1293333333], "googlesyndication": [129.7075833333, 130.3880696667, 128.421292, 127.9805556667, 126.7417223333], "behold": [5.253181, 6.432847, 4.2733606667, 4.1293333333], "mxpnl": [4.241625, 3.7749446667], "googleapis": [125.625611, 127.46325, 127.385389, 127.7239446667, 131.183792, 127.794597, 129.274472, 128.2242363333, 128.5854726667, 127.5407916667, 129.3478333333, 126.7116526667, 127.3929443333, 128.076639, 127.4494306667, 127.7914723333, 125.9065973333, 128.7499166667, 127.1909583333, 127.244945, 127.8361386667, 127.5085696667, 128.1274306667, 127.4018613333, 131.2114446667, 126.8446666667, 128.7154026667, 129.6783196667, 129.8100276667, 127.631792, 127.240986, 126.6245, 127.506653, 126.5569306667, 126.6207083333, 126.5423613333, 127.7291666667, 128.2584303333, 129.775097, 129.0613196667, 126.807611, 128.115597, 127.2267363333, 128.1071666667, 127.25, 128.6702363333, 128.010403, 127.5590973333, 131.0866253333, 129.1102916667, 130.1652223333, 129.9309306667, 98.2745], "wpengine": [175.899556, 5.2453613333], "google-analytics": [126.9095836667, 129.6783196667], "gstatic": [4.0015833333, 129.201028, 126.9780696667, 128.7606386667, 126.155597, 127.77925, 128.0969033333], "googleadservices": [127.3787776667, 127.3692643333], "homely": [6.432847, 5.253181, 4.2733606667, 4.1293333333], "truefitcorp": [4.265764], "vimeocdn": [4.412625], "wonderpush": [5.253181, 6.432847, 4.2733606667, 4.1293333333], "sajari": [8.728861, 129.0074446667], "openx": [3.995097, 3.8983476667, 4.6530416667, 4.908333, 4.644667, 4.9688196667], "digittl": [4.90325], "impactradius-event": [4.4152496667], "2mdn": [127.919], "newscgp": [4.62675], "rechargecdn": [4.0356943333], "flashscore": [4.1790973333], "mrtnsvr": [4.1168473333], "tagalys": [4.0010836667], "linksynergy": [4.9972226667, 5.1085136667], "blooket": [5.253181, 6.432847, 4.2733606667, 4.847264, 4.4914586667, 4.1293333333], "firebaseio": [3.7147776667], "kampyle": [4.106097], "googleusercontent": [129.625806, 4.002792], "vimeo": [4.412625], "tangycover": [5.3350273333], "doubleverify": [4.0150553333], "recaptcha": [126.5467776667], "bigcommerce": [3.965972], "fout": [4.5464583333], "skimresources": [4.3000693333, 4.840986, 5.746903, 4.5988753333], "googletagmanager": [127.588764], "emarsys": [5.4417916667], "wise": [6.432847, 5.253181, 4.2733606667, 4.1293333333], "pub": [3.723764], "attraqt": [4.7207363333], "squarecloudservices": [3.9931526667], "ampproject": [128.4317083333], "finder": [5.2663336667], "seoab": [4.6490276667], "monsido": [3.8372363333, 4.336764, 4.5250413333], "fg8dgt": [144.9023333333], "px-client": [3.9692216667], "kochava": [4.2353473333, 4.0437083333], "teenytinyshirt": [5.8513193333], "4dex": [4.0835696667], "sjv": [3.7907496667], "tgtag": [4.058], "ytimg": [126.704069, 126.6720416667, 130.073208, 129.533611, 128.46225, 127.2814726667, 127.526278, 127.581111, 129.952014, 129.5034306667, 127.3928886667, 127.4379443333, 127.526111, 127.183014, 127.0360556667, 98.8115696667, 126.9290143333, 128.2305556667], "broadsheet": [3.9956803333], "abtasty": [6.1936113333, 4.1480276667], "clean": [160.7751386667], "spotify": [3.5661113333, 4.0124306667, 6.8416526667], "b0e8": [5.3788333333, 4.4185], "youtube": [129.835792, 128.1204583333, 127.9036113333, 127.986278, 126.155597, 128.9497916667, 126.2967223333, 127.8414163333, 129.4655273333, 129.201028, 128.4814583333, 127.1241523333, 126.9780696667, 127.4137776667, 128.7195413333, 131.5471253333, 126.3650276667, 127.467278, 127.0466113333, 128.2305556667, 127.2899306667, 128.219875, 127.2956666667, 131.4780833333, 127.106861, 127.623236, 126.704069], "perimeterx": [3.9692216667], "googletagservices": [], "chess": [5.9052363333], "pendo": [4.6991253333, 6.5368193333, 4.240986], "appmate": [4.641], "appier": [4.3672223333], "brand-display": [4.42025], "bidence": [5.5025413333], "citrusad": [4.9230833333], "mxstore": [4.90325], "perfdrive": [4.178014, 4.485819], "the-sun": [5.253181, 6.432847, 4.2733606667, 7.5417503333, 4.1293333333], "knitstamp": [5.8513193333], "pghub": [3.936153], "digitaleast": [4.002625], "insightech": [4.3891806667, 129.8103333333, 129.0074446667], "sift": [4.4655973333], "wordsdb": [178.6031666667], "openxcdn": [3.765625], "creativecdn": [6.5686803333, 4.4370136667], "snapchat": [3.9244856667, 4.1489726667], "bidswitch": [133.9164583333], "barbarousbase": [4.849028], "pxf": [4.4005276667], "streem": [3.8871946667], "quirkysugar": [4.3228746667], "costco": [], "officeworks": [4.5988473333], "weborama": [3.647486], "nineanalytics": [3.6211943333], "culturekings": [6.432847, 5.253181, 4.2733606667, 4.1293333333], "getelevar": [4.5810276667, 4.045764], "udimg": [4.502111], "kitchenwarehouse": [6.432847, 5.253181, 4.2733606667, 4.1293333333], "bugsnag": [4.7583886667, 6.1055416667], "run": [4.698625, 4.80525, 4.0433466667, 3.837028], "bc0a": [5.5349166667], "dialogflow": [127.77925], "tapad": [4.4334026667], "petcircle": [5.253181, 6.432847, 4.2733606667, 4.1293333333], "adingo": [4.391389], "ggpht": [126.779083], "echidnaonline": [4.8276526667], "lloydsonline": [4.077], "flavedo": [5.1090143333], "forexpros": [267.5692086667], "sojern": [4.1543196667, 4.527833], "siftscience": [4.4655973333], "boardgamegeek": [4.0928333333], "shopifysvc": [3.6419446667], "fxctag": [4.517167], "sc-prod": [4.4532643333], "loyalsys": [4.2340416667, 5.266597], "trafficguard": [5.9025276667], "crosswordsolver": [178.6031666667], "iherb": [5.253181, 6.432847, 4.2733606667, 4.1293333333], "assemblyexchange": [4.6228886667], "googlevideo": [7.145861], "mookie1": [4.4922503333], "rtbhouse": [6.0067496667], "uber": [4.454445], "bonds": [5.253181, 6.432847, 4.2733606667, 4.1293333333], "customer": [3.7280833333], "cloudfunctions": [4.6821106667], "permutive": [4.583972], "company-target": [4.528583], "tapcart": [4.4046526667], "btvtech": [4.90325], "palacecinemas": [4.132847], "ad-score": [190.0387503333], "showpo": [129.0074446667], "bluecore": [129.0074446667], "freepik": [3.9230973333], "geekdo": [4.0928333333], "cleanhaircut": [4.849028], "loopme": [267.1434443333], "pro-market": [4.465125], "urbandictionary": [129.0074446667], "theiconic": [5.253181, 6.432847, 4.2733606667, 4.1293333333], "seedtag": [9.0400136667], "cdn-net": [4.9165136667], "itvsn": [5.253181, 6.432847, 4.2733606667, 4.1293333333], "rdpnt": [4.078417], "btloader": [4.0346666667], "yieldoptimizer": [4.1562636667], "unbecominglamp": [4.5852083333], "mixpanel": [6.4438056667, 4.5953753333, 75.7001803333, 3.9814026667], "acsbapp": [4.5623473333, 4.6984166667, 4.1040006667], "accor": [274.758], "agoda": [4.2733606667], "five9": [4.2273333333], "wootric": [129.8103333333], "rakuten": [8.9667356667], "afr": [3.668361], "cloudiq": [274.403236], "factors": [4.3643196667], "pdst": [5.7759723333], "brightcove": [3.898861], "rmtag": [8.9667356667], "nextdirect": [5.3189446667], "game8": [4.918764],