{"impact-ad": [4.0004026667], "google": [96.0890416667, 6.3670973333, 4.5284443333, 4.4920973333, 4.9739306667, 4.521403, 4.087139, 98.112972, 3.8822223333, 4.564028, 98.4849306667, 98.3623056667, 98.2777503333, 4.5461946667, 98.230611, 4.2146943333, 4.9345276667, 5.1583613333, 3.744597, 97.6595833333, 95.7829303333, 5.465625, 5.536875, 98.1394163333, 98.199972, 95.0438746667, 4.6585833333, 5.804403, 4.6827643333, 8.2054306667, 3.6928886667], "doubleclick": [6.4811943333, 3.8088473333, 96.3781946667, 97.3833193333, 3.624347, 4.0580136667, 4.7400273333, 98.5592776667, 4.0684583333, 3.640792, 4.3798886667, 95.1684166667, 4.348097, 97.8810973333], "pizzahut": [5.253181, 6.432847, 4.2733606667, 4.1293333333], "davidjones": [5.253181, 6.432847, 4.2733606667, 4.1293333333], "prmutv": [4.837111], "px-cloud": [3.9692216667], "sentry": [4.3445556667, 195.547042], "33across": [4.722], "visualwebsiteoptimizer": [4.221986], "rlcdn": [3.7298613333, 4.0115416667], "thesun": [6.432847, 5.253181, 4.2733606667, 7.5417503333, 4.1293333333], "googlesyndication": [4.563083, 4.0711523333, 4.933486, 3.6364306667, 98.3623056667, 7.0631106667, 4.9982636667, 4.8006113333, 4.3160973333, 4.4415973333], "behold": [6.432847, 5.253181, 4.2733606667, 4.1293333333], "mxpnl": [4.241625, 3.7749446667], "googleapis": [4.6474303333, 5.2540553333, 5.0988053333, 3.6003886667, 4.134458, 4.799097, 3.7152226667, 4.564028, 5.024583, 4.4635553333, 4.4694026667, 4.2619306667, 6.282597, 5.465625, 95.634431, 3.693458, 8.2054306667, 4.4230276667, 5.1368333333], "wpengine": [175.899556, 5.2453613333], "google-analytics": [7.2013333333, 3.6294583333], "gstatic": [5.1204306667, 3.744597, 274.7583893333, 274.3946666667, 4.6585833333, 4.6827643333, 4.9345276667, 5.536875], "googleadservices": [4.446111, 98.3623056667], "homely": [5.253181, 6.432847, 4.2733606667, 4.1293333333], "truefitcorp": [4.265764], "vimeocdn": [4.412625], "wonderpush": [6.432847, 5.253181, 4.2733606667, 4.1293333333], "sajari": [4.8281663333, 8.728861], "openx": [3.995097, 3.8983476667, 4.6530416667, 4.908333, 4.644667, 4.9688196667], "digittl": [4.90325], "impactradius-event": [4.4152496667], "2mdn": [3.624347], "newscgp": [4.62675], "rechargecdn": [4.0356943333], "flashscore": [4.1790973333], "mrtnsvr": [4.1168473333], "tagalys": [4.0010836667], "linksynergy": [4.9972226667, 5.1085136667], "blooket": [5.253181, 4.2733606667, 4.847264, 6.432847, 4.4914586667, 4.1293333333], "firebaseio": [3.7147776667], "kampyle": [4.106097], "googleusercontent": [4.002792, 4.4415973333], "vimeo": [4.412625], "tangycover": [5.3350273333], "doubleverify": [4.0150553333], "recaptcha": [4.4920973333], "bigcommerce": [3.965972], "fout": [4.5464583333], "skimresources": [4.3000693333, 4.840986, 5.746903, 4.5988753333], "googletagmanager": [4.0965416667], "emarsys": [5.4417916667], "wise": [5.253181, 6.432847, 4.2733606667, 4.1293333333], "pub": [3.723764], "attraqt": [4.7207363333], "squarecloudservices": [3.9931526667], "ampproject": [4.8006113333, 4.3160973333], "finder": [5.2663336667], "seoab": [4.6490276667], "monsido": [3.8372363333, 4.336764, 4.5250413333], "fg8dgt": [], "px-client": [3.9692216667], "kochava": [4.2353473333, 4.0437083333], "teenytinyshirt": [5.8513193333], "4dex": [4.0835696667], "sjv": [3.7907496667], "tgtag": [4.058], "ytimg": [4.4411393333, 6.3535556667, 5.0393053333, 97.6595833333, 5.804403, 4.299639, 6.3485833333], "broadsheet": [3.9956803333], "abtasty": [6.1936113333, 4.1480276667], "clean": [160.7751386667], "spotify": [3.5661113333, 4.0124306667, 6.8416526667], "b0e8": [5.3788333333, 4.4185], "youtube": [3.8822223333, 3.744597, 6.3670973333, 4.5284443333, 97.6595833333, 4.6585833333, 4.2146943333, 4.9345276667], "perimeterx": [3.9692216667], "googletagservices": [], "chess": [5.9052363333], "pendo": [4.6991253333, 6.5368193333, 4.240986], "appmate": [4.641], "appier": [4.3672223333], "brand-display": [4.42025], "bidence": [5.5025413333], "citrusad": [4.9230833333], "mxstore": [4.90325], "perfdrive": [4.178014, 4.485819], "the-sun": [6.432847, 5.253181, 4.2733606667, 7.5417503333, 4.1293333333], "knitstamp": [5.8513193333], "pghub": [3.936153], "digitaleast": [4.002625], "insightech": [4.3891806667, 97.7377223333, 3.6678333333, 4.2704446667], "sift": [4.4655973333], "wordsdb": [178.6031666667], "openxcdn": [3.765625], "creativecdn": [6.5686803333, 4.4370136667], "snapchat": [3.9244856667, 4.1489726667], "bidswitch": [133.9164583333], "barbarousbase": [4.849028], "pxf": [4.4005276667], "streem": [3.8871946667], "quirkysugar": [4.3228746667], "costco": [], "officeworks": [4.5988473333], "weborama": [3.647486], "nineanalytics": [3.6211943333], "culturekings": [6.432847, 5.253181, 4.2733606667, 4.1293333333], "getelevar": [4.5810276667, 4.045764], "udimg": [4.502111], "kitchenwarehouse": [5.253181, 6.432847, 4.2733606667, 4.1293333333], "bugsnag": [4.7583886667, 6.1055416667], "run": [4.698625, 4.80525, 4.0433466667, 3.837028], "bc0a": [5.5349166667], "dialogflow": [3.9560003333], "tapad": [4.4334026667], "petcircle": [6.432847, 5.253181, 4.2733606667, 4.1293333333], "adingo": [4.391389], "ggpht": [4.1640693333], "echidnaonline": [4.8276526667], "lloydsonline": [4.077], "flavedo": [5.1090143333], "forexpros": [267.5692086667], "sojern": [4.1543196667, 4.527833], "siftscience": [4.4655973333], "boardgamegeek": [4.0928333333], "shopifysvc": [3.6419446667], "fxctag": [4.517167], "sc-prod": [4.4532643333], "loyalsys": [4.2340416667, 5.266597], "trafficguard": [5.9025276667], "crosswordsolver": [178.6031666667], "iherb": [6.432847, 5.253181, 4.2733606667, 4.1293333333], "assemblyexchange": [4.6228886667], "googlevideo": [7.145861], "mookie1": [4.4922503333], "rtbhouse": [6.0067496667], "uber": [4.454445], "bonds": [6.432847, 5.253181, 4.2733606667, 4.1293333333], "customer": [4.2192223333], "cloudfunctions": [4.6821106667], "permutive": [4.583972], "company-target": [4.528583], "tapcart": [4.4046526667], "btvtech": [4.90325], "palacecinemas": [4.132847], "ad-score": [190.0387503333], "showpo": [97.7377223333], "bluecore": [4.7478193333], "freepik": [3.9230973333], "geekdo": [4.0928333333], "cleanhaircut": [4.849028], "loopme": [267.1434443333], "pro-market": [4.465125], "urbandictionary": [97.7377223333], "theiconic": [5.253181, 6.432847, 4.2733606667, 4.1293333333], "seedtag": [9.0400136667], "cdn-net": [4.9165136667], "itvsn": [5.253181, 6.432847, 4.2733606667, 4.1293333333], "rdpnt": [4.078417], "btloader": [4.0346666667], "yieldoptimizer": [4.1562636667], "unbecominglamp": [4.5852083333], "mixpanel": [6.4438056667, 4.5953753333, 75.7001803333, 3.9814026667], "acsbapp": [4.5623473333, 4.6984166667, 4.1040006667], "accor": [98.169014], "agoda": [4.2733606667], "five9": [4.2273333333], "wootric": [4.7478193333], "rakuten": [8.9667356667], "afr": [3.668361], "cloudiq": [274.403236], "factors": [4.3643196667], "pdst": [5.7759723333], "brightcove": [3.898861], "rmtag": [8.9667356667], "nextdirect": [5.3189446667], "game8": [4.918764], "wknd": [4.5816253333]}