{"google": [333.37799, 333.963243, 332.574982, 332.754496, 334.7752623333, 333.524852, 334.9298416667, 332.5839156667, 330.6229706667, 333.893205, 332.1471873333, 334.1121826667, 13.6038966667, 37.8848253333, 336.8590433333, 331.1040483333, 334.25364], "permutive": [12.0877093333], "google-analytics": [330.319493, 334.209693, 13.6038966667, 37.8848253333], "googleadservices": [332.574982, 332.6407796667, 335.1116416667], "atresplayer": [26.5875576667], "citiservi": [11.916192], "srmdata-eur": [], "doubleclick": [301.6524253333, 332.574982, 329.8684463333, 330.7673446667, 334.2884406667, 301.515628, 301.4230396667, 300.2119333333, 333.9793753333, 337.2072746667], "urbanairship": [11.753727], "googleapis": [339.8211213333, 333.6725033333, 330.805398, 333.7003446667, 334.648388, 333.1945833333, 334.790191, 333.6205156667, 335.1247963333, 333.253251, 329.9868763333, 331.669723, 332.5183593333, 333.8161203333, 334.2669803333, 332.6478793333, 333.2640923333, 334.6993026667, 331.9259456667, 333.861668, 334.445606, 333.4184713333, 334.778751, 331.9576726667, 335.2771243333, 330.464189, 334.8502006667, 332.0870826667, 333.5894216667, 333.088146, 336.1548843333, 333.9430283333, 332.567405, 332.5948396667, 331.721147, 331.642006, 332.0810416667, 332.462365, 331.7092966667, 331.8172216667, 335.0927326667, 331.5672623333, 333.6996016667, 332.6377833333, 337.062686, 331.0595556667, 330.2461076667, 332.928249, 331.97865, 334.924549, 335.9869796667, 335.5597426667], "prisasd": [15.3753673333], "simyo": [17.2400976667], "media": [12.3555853333], "googlesyndication": [333.061504, 332.574982, 335.8717146667, 334.6395516667], "ytimg": [333.0650763333, 333.0611136667, 335.317656, 333.732632, 331.176311, 333.2503013333, 333.415677, 332.1802093333, 332.2631196667, 336.3341593333, 334.9406533333, 331.2405013333, 332.0146033333, 330.06357, 333.7575416667, 348.039957, 333.2858006667], "mxpnl": [13.569952, 12.0023076667], "px-cloud": [14.098881], "perfdrive": [12.376885, 19.8296823333, 12.607493, 11.8758143333], "usercentrics": [13.4767013333, 12.286436, 13.0529073333, 13.4969136667, 12.4876356667], "recogerconsentimiento": [29.7246376667], "abtasty": [13.636301, 12.0232793333], "sentry": [12.145737, 116.3719246667], "ms1222": [11.9725606667], "playground": [11.9485226667], "tappx": [92.6155306667, 96.1994756667, 96.3449553333, 95.4444126667, 94.493266, 94.5368526667], "simpli": [264.528796, 259.9699296667, 259.6819463333], "prometeo-media-service": [], "gstatic": [333.101983, 335.4762383333, 341.8195073333, 100.148681, 93.4053943333], "googleoptimize": [332.878719], "youtube": [335.9123723333, 333.963243, 347.226532, 334.7599993333, 333.413296, 330.6229706667, 334.1121826667, 335.1250436667, 332.1471873333, 341.5083606667, 330.9059533333, 334.25364, 336.8590433333, 332.878719, 333.945808, 334.6557936667], "marvellousmachine": [11.669729, 28.1884916667, 11.955373, 11.66939], "rollbar": [288.745865, 301.64978, 284.213817, 277.2353866667], "googletagservices": [], "indigitall": [11.8224026667, 12.4252516667], "vimeocdn": [13.0903896667], "ad-score": [124.1597153333], "fullstory": [12.4620963333, 12.486437], "appmate": [13.4334493333], "vodafone": [12.6594923333], "ggpht": [332.2709353333], "withgoogle": [334.143883], "smartclip": [13.1166056667], "attraqt": [12.168611, 11.6213716667], "genial": [12.7176896667], "gravitec": [], "udmserve": [11.1405686667], "2mdn": [333.657561], "weborama": [12.2161723333, 12.3636123333], "loopme": [39.6013773333], "tradedoubler": [332.894652, 322.296056, 11.7267653333], "prmutv": [13.1780686667], "openx": [12.2584363333, 13.4014676667, 14.6540776667, 12.8489976667], "instana": [12.734025], "seedtag": [], "forexpros": [39.9665066667], "googleusercontent": [333.3919926667, 331.841823], "snapchat": [13.6417206667], "kampyle": [11.8478056667], "contactoysexo": [12.0159733333], "btloader": [15.2576276667], "ctxtfl": [13.6372496667], "aswpsdkeu": [12.4292183333], "recaptcha": [332.6937106667], "appspot": [333.7882403333], "mixpanel": [13.9434853333, 11.8022883333, 12.4003583333, 12.9888233333], "pghub": [13.675084], "googletagmanager": [329.908204], "wetransfer": [28.1884916667, 11.669729, 11.955373, 11.66939], "optimove": [12.4702546667, 12.9814543333], "edebe": [13.8732263333], "pepejeans": [44.643127], "consensu": [12.2316376667], "shopifysvc": [12.1414236667], "messagebird": [13.2437413333], "nih": [16.6823306667], "elmundo": [36.1400576667], "sift": [13.1743083333], "hexagon-analytics": [12.6009223333], "tapad": [13.078886, 12.9801966667], "catawiki": [229.2224206667], "creativecdn": [12.2511406667], "owox": [11.855817], "rlcdn": [16.80692], "ampproject": [333.3656286667], "marca": [44.829697], "lngtd": [28.1884916667, 11.669729, 11.955373, 11.66939]}