{"google": [229.1691643333, 225.2972986667, 234.2036233333, 229.5622296667, 219.4734656667, 225.38082, 219.9664373333, 223.9274646667, 224.8819023333, 13.6038966667, 234.19602, 37.8848253333, 226.4372976667, 223.8855026667], "permutive": [12.0877093333], "google-analytics": [222.0172196667, 225.283789, 13.6038966667, 37.8848253333], "googleadservices": [227.438613, 223.9274646667, 226.0928246667], "atresplayer": [26.5875576667], "citiservi": [11.916192], "srmdata-eur": [], "doubleclick": [201.8204393333, 220.8766253333, 225.7150306667, 224.337371, 199.6230383333, 221.9144983333, 223.8222076667, 229.9553386667, 223.9274646667, 230.3076506667, 226.9160746667], "urbanairship": [11.753727], "googleapis": [229.8698356667, 230.2547333333, 221.7417626667, 234.091603, 226.166535, 236.969203, 224.473897, 222.52424, 224.164935, 221.035708, 240.711342, 225.7595613333, 222.8401713333, 227.3630983333, 221.956462, 223.6511353333, 225.18813, 226.11821, 225.6527026667, 223.3728173333, 230.6327343333, 222.655057, 227.1377126667, 225.2389026667, 229.1391926667, 219.9496936667, 224.3593443333, 221.7300493333, 230.2963886667, 221.9483636667, 221.423689, 228.950549], "prisasd": [15.3753673333], "simyo": [17.2400976667], "media": [12.3555853333], "googlesyndication": [224.203455, 234.2036233333, 224.9235056667, 229.9553386667, 236.534388], "ytimg": [222.162381, 221.1630036667, 233.604581, 227.802433, 227.376448, 229.1971296667, 221.9133493333, 221.403023, 224.1257393333, 220.233126, 223.4818686667, 224.5894646667, 223.7687813333, 222.8185043333], "mxpnl": [13.569952, 12.0023076667], "px-cloud": [14.098881], "perfdrive": [12.376885, 19.8296823333, 12.607493, 11.8758143333], "usercentrics": [13.4767013333, 12.286436, 13.0529073333, 13.4969136667, 12.4876356667], "recogerconsentimiento": [29.7246376667], "abtasty": [13.636301, 12.0232793333], "sentry": [12.145737, 116.3719246667], "ms1222": [11.9725606667], "playground": [11.9485226667], "tappx": [92.6155306667, 96.3449553333, 95.4444126667, 94.493266, 94.5368526667], "simpli": [116.6064386667, 116.1398306667, 114.376539], "prometeo-media-service": [], "gstatic": [225.2653796667, 224.7160326667, 51.306942, 227.3854303333], "googleoptimize": [228.4726653333], "youtube": [222.547709, 229.1691643333, 224.8356233333, 229.5622296667, 219.4734656667, 219.4334053333, 225.38082, 224.8819023333, 224.8028206667, 224.1327313333, 224.6761863333, 226.4372976667, 228.4726653333, 223.8855026667], "marvellousmachine": [28.1884916667, 11.669729, 11.955373, 11.66939], "rollbar": [36.723921, 36.9087183333, 32.832545, 38.3073316667], "googletagservices": [], "indigitall": [11.8224026667, 12.4252516667], "vimeocdn": [13.0903896667], "ad-score": [124.1597153333], "fullstory": [12.4620963333, 12.486437], "appmate": [13.4334493333], "vodafone": [12.6594923333], "ggpht": [223.215795], "withgoogle": [221.9824776667], "smartclip": [13.1166056667], "attraqt": [12.168611, 11.6213716667], "genial": [12.7176896667], "gravitec": [], "udmserve": [11.1405686667], "2mdn": [226.018184], "weborama": [12.2161723333, 12.3636123333], "loopme": [39.6013773333], "tradedoubler": [34.0227496667, 35.7868306667, 12.5967476667, 31.508352, 39.9285773333], "prmutv": [13.1780686667], "openx": [12.2584363333, 13.4014676667, 14.6540776667, 12.8489976667], "instana": [12.734025], "seedtag": [13.5858996667], "forexpros": [39.9665066667], "googleusercontent": [219.4269373333, 222.8185043333], "snapchat": [13.6417206667], "kampyle": [11.8478056667], "contactoysexo": [12.0159733333], "btloader": [15.2576276667], "ctxtfl": [13.6372496667], "aswpsdkeu": [12.4292183333], "recaptcha": [224.7997146667], "appspot": [227.768059], "mixpanel": [13.9434853333, 12.9888233333, 11.8022883333, 12.4003583333], "pghub": [13.675084], "googletagmanager": [219.3407526667], "wetransfer": [28.1884916667, 11.669729, 11.955373, 11.66939], "optimove": [12.4702546667, 12.9814543333], "edebe": [13.8732263333], "pepejeans": [44.643127], "consensu": [12.2316376667], "shopifysvc": [12.219832], "messagebird": [13.2437413333], "nih": [16.6823306667], "elmundo": [36.1400576667], "sift": [13.1743083333], "hexagon-analytics": [12.6009223333], "tapad": [13.078886, 12.9801966667], "catawiki": [241.682658], "creativecdn": [12.2511406667], "owox": [11.855817], "rlcdn": [16.80692], "ampproject": [224.9235056667], "marca": [44.829697], "lngtd": [28.1884916667, 11.669729, 11.955373, 11.66939]}