{"steamstatic": [267.5515976667, 248.7273483333, 447.0582636667, 279.9005513333, 270.7482646667, 259.4011356667, 269.352724], "linkedin": [288.5044026667, 274.293927], "tiktokv": [78.7897743333, 82.6613803333, 83.695848, 83.7904056667, 79.1278763333, 84.3516923333, 85.119397, 82.7600586667, 84.0019136667], "nba": [268.0857896667, 266.2448476667, 250.6048593333], "flightaware": [59.4917816667, 261.7845863333, 64.6937963333, 48.5225526667, 131.6426856667, 84.938151, 51.1432813333], "shutterfly": [281.275783, 270.969126], "zdbb": [275.276114, 268.594372], "bluekai": [244.5107706667], "addthis": [244.5107706667, 260.1785423333], "mzstatic": [272.4343513333], "office": [276.5771983333, 274.8281316667, 270.1209076667, 266.7454623333], "hsncdn": [246.454845, 268.5595886667], "peacocktv": [273.087296, 247.5808083333, 275.5395776667, 277.7402613333], "horoscope": [277.7594286667, 270.113342], "att": [241.381763, 61.1871726667, 247.218102, 86.9888806667], "alicdn": [270.0449383333, 264.891021, 235.5878936667], "maxymiser": [262.9354616667, 268.2364676667], "kargo": [270.4660203333, 271.439751], "optimizely": [270.753878, 269.86288, 241.1273433333, 244.5871946667, 260.107486, 239.649537], "akamaized": [267.7875936667, 270.209236, 266.2889926667, 271.1666533333, 271.4224986667, 272.8125873333, 271.1476666667, 270.6027156667, 267.22643, 269.2865796667, 271.3322933333, 275.2566933333, 279.351111, 288.5044026667], "allegiantair": [142.6844153333, 139.2242193333, 124.9062076667, 133.0549826667], "everesttech": [], "npr": [297.5221153333, 426.6343383333, 297.561389, 308.0470996667, 299.8582603333], "thdstatic": [246.6562893333], "walgreens": [48.3293273333, 53.597809, 43.8304376667, 54.3114], "moatpixel": [272.915912, 270.0204223333], "sascdn": [267.5515976667, 283.9058793333], "comcast": [275.2457336667], "schwab": [270.6158943333, 277.3340653333, 238.269098], "tmobile": [266.0635326667, 270.922584], "vggcdn": [273.084307, 268.594372], "clmbtech": [254.5937963333, 242.1135923333, 241.1651086667, 259.8565846667], "xtlo": [279.332254], "yotpo": [269.2353576667], "tripadvisor": [35.2635953333, 34.5967806667, 34.3358426667, 34.8707646667], "dell": [252.3572386667, 61.5316756667, 61.5003766667], "arcpublishing": [246.4122446667, 245.9720226667], "intuitcdn": [277.2614023333, 443.7715466667, 235.22519], "nortoncdn": [268.227765], "dailymail": [277.0732623333, 279.0988413333], "dotomi": [240.9647756667, 240.7757843333, 240.5902226667, 240.0552276667, 240.8299206667], "intuit": [278.3887133333, 297.7719466667, 255.5880573333], "tiktok": [265.513071, 274.8034613333, 267.5515976667, 270.3469556667, 268.940056, 282.1301236667, 257.7058953333, 260.322129, 289.0180216667, 266.073154, 275.160132, 308.9494243333, 281.1014496667, 296.4895233333, 259.4011356667, 250.00661, 274.0738466667], "rbxcdn": [273.7604546667, 284.6373473333, 273.04883, 270.7482646667, 288.8378636667, 274.961603, 275.0849213333], "lijit": [280.061538, 270.1648506667, 268.3160733333, 264.8367886667], "innovid": [270.0217396667], "venus": [274.971752], "vrbo": [261.7789723333, 258.5787306667], "mcdonalds": [], "staticsfly": [270.7599176667], "grouponcdn": [252.2613056667, 252.5747876667], "ninthdecimal": [47.289776], "cnn": [274.4707186667], "akstat": [255.139611], "hrblock": [44.4257123333], "ttwstatic": [270.1199573333, 271.1221, 281.5834636667, 287.63905], "royalcaribbean": [276.0545153333, 129.648995, 279.9005513333, 128.1524436667], "kay": [247.882196, 277.8368163333], "xfinity": [279.352292, 278.463367, 284.832729, 270.366287], "scene7": [273.1745823333, 267.731581, 272.4296916667, 269.749618], "outbrain": [268.7958293333], "rightinthebox": [270.1839553333, 277.5448976667], "atgsvcs": [274.6174746667], "steampowered": [267.9175816667], "pch": [244.924652], "perimeterx": [276.3949513333], "akadns": [255.7665073333, 252.4835396667], "ashleyfurniture": [270.0538316667], "usbank": [265.7080726667, 272.4985963333, 267.0489386667], "aliexpress": [140.6641036667, 264.891021, 258.8418353333, 45.631587, 45.5596116667, 130.0275093333], "newegg": [275.737411, 271.248196, 274.2883643333, 242.497016], "foxnews": [268.5485533333, 280.252959], "warnermediacdn": [268.587897, 274.4707186667, 246.4798783333], "ibytedtos": [279.9005513333, 248.7273483333], "teacherspayteachers": [34.339431, 34.4507723333], "peoplemedia": [276.470044, 297.481439, 266.5485233333, 271.8027473333], "hilton": [], "samsung": [], "sndimg": [286.3502133333], "nbcnews": [249.066551, 295.083864], "rubiconproject": [82.718301, 45.909907, 240.058694, 131.0812136667, 131.6034706667, 240.540989, 240.72893, 292.2889553333, 47.5731333333, 131.1181043333, 260.1164753333, 83.332752], "teads": [277.0944736667, 283.19196, 249.185069], "xbox": [44.3153606667, 81.840325, 270.928197, 47.0889243333, 156.2021583333, 226.9540386667, 238.320732], "hulu": [273.6450966667, 271.248196], "ulta": [35.5574636667, 35.479468], "kbb": [268.9813656667], "s-nbcnews": [235.4126526667], "ypcdn": [273.629992], "pubmatic": [272.794579], "cnbc": [288.505812], "weather": [275.6614916667], "revolveassets": [246.2816516667], "connextra": [236.3900693333], "appier": [], "citibankonline": [256.301158], "cxense": [283.6016626667], "zennioptical": [45.670469, 242.5610903333], "edmentum": [283.5373893333, 270.3301196667, 272.3271076667, 267.0467486667], "apple": [34.3711216667, 277.9815486667], "viacomcbs": [272.5673943333, 296.9285556667], "dominos": [276.8432], "petsmart": [66.67753], "nflximg": [271.9530846667], "postrelease": [], "arkadiumhosted": [266.0635326667, 273.264853, 274.3709726667, 276.3095743333], "espncdn": [270.8632336667, 270.3301196667, 270.0096836667, 276.81865, 297.481439, 266.5485233333, 280.995541, 283.5029883333], "amplience": [35.3934716667, 35.4316466667], "adform": [280.061538, 265.6409523333], "barclaycardus": [251.5956956667], "casalemedia": [183.217968], "qualtrics": [267.9508573333], "serving-sys": [464.6400623333, 256.759548], "oreillyauto": [272.2996086667, 277.646809], "americanexpress": [190.0058756667, 246.283994], "id": [277.0724183333, 276.028687, 260.292061, 241.1642543333], "oracleinfinity": [255.854278], "cdn-apple": [286.4265886667], "drugs": [249.141859], "uline": [273.0970173333, 273.084307, 269.7580243333], "discover": [239.0419516667, 182.0511816667], "travel-assets": [238.2384356667], "hgtv": [137.9855886667, 131.254553, 246.4122446667, 137.861449, 131.627573, 240.0592163333], "akamaihd": [271.2007296667, 268.3118573333, 244.327039, 276.9284793333, 266.5485233333, 278.730073, 270.6650326667, 241.7936996667], "6sc": [270.0275053333, 274.6320563333], "media": [272.5248796667, 270.773047], "macys": [188.7477233333], "fandango": [215.7761156667], "bbci": [280.6300153333], "coxautoinc": [267.741142, 257.693627], "lpsnmedia": [249.8495816667, 242.0127253333, 243.729032], "fwmrm": [], "typekit": [276.470044, 280.995541, 270.8632336667, 270.3301196667], "ebay": [268.6570996667, 235.2783966667, 268.2598366667], "tiktokcdn": [288.587779, 274.7780833333, 268.3118573333, 268.878544, 285.170398, 270.4660203333, 271.8863006667, 287.63905, 273.7023913333, 265.717407, 270.6240543333, 270.8340266667, 281.0658606667, 272.4053616667, 275.7346893333, 271.2869796667, 273.245941, 300.7662916667, 270.773424], "samsclub": [49.1177926667], "moatads": [272.915912], "microsoft": [44.3153606667, 81.840325, 274.8281316667, 270.1831976667, 47.0889243333, 156.2021583333, 226.9540386667, 268.594372], "today": [], "draftkings": [266.1416696667, 284.8088363333], "dealertrack": [235.6632613333], "tiqcdn": [277.1094723333], "bloomingdales": [138.3458416667], "fncstatic": [273.1783893333], "turner": [274.4707186667, 273.4356323333, 274.453481], "hsni": [254.652238], "ancestrycdn": [34.7549453333, 34.8983016667], "bbc": [280.6300153333], "smartadserver": [], "12up": [273.0686783333, 279.541774], "ex": [273.5695826667, 276.3095743333], "vanguard": [272.3913193333, 273.3419213333], "amtrak": [195.1691106667],