{"steamstatic": [146.301468, 116.4888026667, 120.2953553333, 120.0980703333, 116.6367266667], "linkedin": [119.4390153333, 120.0121616667], "tiktokv": [68.573099, 69.018382, 66.9197723333, 66.94302, 67.092774, 67.1368783333, 67.337829, 68.555365, 67.0250206667], "nba": [115.9629546667, 115.9718836667], "flightaware": [261.7845863333, 59.4917816667, 64.6937963333, 48.5225526667, 131.6426856667, 84.938151, 51.1432813333], "shutterfly": [116.2956416667, 116.3742816667], "zdbb": [116.2184173333, 115.967064], "bluekai": [120.9264016667], "addthis": [119.904977, 120.9264016667], "mzstatic": [116.1955113333], "office": [164.277994, 119.6296313333, 116.287208, 119.6481163333], "hsncdn": [115.6837936667], "peacocktv": [203.2238283333, 204.5361893333, 117.403511, 116.4452596667], "horoscope": [116.2184173333, 116.3213433333], "att": [119.1144933333, 61.1871726667, 119.9010333333, 86.9888806667], "alicdn": [116.2530943333, 117.9136116667, 117.721381], "maxymiser": [116.0950463333, 116.547035], "kargo": [115.9375653333, 116.4512236667], "optimizely": [116.4036273333, 119.4754403333, 115.8221053333, 117.1637503333], "akamaized": [119.4390153333, 120.1369936667, 120.283815, 119.731465, 119.3045286667, 119.3993993333, 120.029975, 119.693462, 122.9987343333, 119.6511633333, 119.6368026667, 120.0121616667, 119.386631, 116.4961263333, 119.2824136667, 119.799274, 119.6301603333], "allegiantair": [34.7628183333, 34.773093, 34.117575, 34.5383403333], "everesttech": [], "npr": [157.6610633333, 164.2598733333, 119.0070126667, 158.6512383333, 164.6130646667], "thdstatic": [115.8028116667], "walgreens": [48.3293273333, 53.597809, 43.8304376667, 54.3114], "moatpixel": [116.3550326667, 116.293538], "sascdn": [116.6748066667, 115.8524666667], "comcast": [199.8723106667], "schwab": [116.2184173333, 116.1238183333, 119.625399], "tmobile": [115.9167653333, 119.3169123333], "vggcdn": [116.2642263333, 115.635817, 116.2519583333], "clmbtech": [119.4345446667, 125.0535123333], "xtlo": [118.0376856667], "yotpo": [115.67677], "tripadvisor": [35.2635953333, 34.5967806667, 34.3358426667, 34.8707646667], "dell": [61.5003766667, 61.5316756667, 119.7481846667], "arcpublishing": [119.4340143333, 119.9463146667, 119.25842, 120.209081, 120.0907756667, 120.0397906667, 119.742128, 118.957549, 120.038489], "intuitcdn": [126.5245513333, 119.7289996667, 116.385269], "nortoncdn": [116.172201], "dailymail": [116.012258, 116.5626956667], "dotomi": [35.3567286667], "intuit": [116.0185466667, 115.8601783333, 116.181083], "tiktok": [117.403511, 116.3209533333, 116.2519583333, 157.652158, 146.301468, 163.7684623333, 116.4313996667, 116.2502133333, 116.317386, 120.0980703333, 116.4452596667, 164.0372743333, 116.2642263333, 138.7995996667, 163.9091583333, 115.9775133333, 116.3671236667], "rbxcdn": [38.1209326667, 119.4877476667, 34.230438, 120.0980703333, 119.617474, 126.4357303333], "lijit": [116.6245176667, 116.062456], "innovid": [116.2399693333], "venus": [115.9088943333], "vrbo": [160.61605, 161.552072], "mcdonalds": [], "staticsfly": [115.9582103333], "grouponcdn": [116.2516726667, 119.3068656667], "ninthdecimal": [50.219155], "cnn": [116.208302], "akstat": [116.309072], "hrblock": [44.4257123333], "ttwstatic": [120.165553, 119.912862, 120.2265746667, 119.7775373333], "royalcaribbean": [284.8871323333, 120.0980703333, 120.140375, 289.3050273333], "kay": [119.3330453333, 116.460026], "xfinity": [115.7979953333, 116.125767, 116.1853116667], "scene7": [119.4335266667, 115.9815326667, 116.165367, 116.3277253333], "outbrain": [116.4032133333, 119.570154], "rightinthebox": [115.835741, 115.9783843333], "atgsvcs": [115.6721033333], "steampowered": [116.0742086667], "pch": [119.5279433333], "perimeterx": [188.2167253333], "akadns": [116.2116943333, 138.7995996667], "ashleyfurniture": [116.0550183333], "usbank": [129.8697803333, 115.7014093333, 116.0769016667], "aliexpress": [117.721381, 140.6641036667, 116.0659823333, 45.631587, 45.5596116667, 130.0275093333], "newegg": [123.094193, 116.3872403333, 115.635817, 116.2642263333], "foxnews": [33.9170456667, 34.314045, 34.1297646667, 35.0024003333, 164.5910823333], "warnermediacdn": [116.208302, 116.3209533333, 116.3933813333], "ibytedtos": [146.301468, 120.0980703333], "teacherspayteachers": [34.339431, 34.4507723333], "peoplemedia": [120.0980703333, 120.140375, 120.2953553333], "hilton": [], "samsung": [], "sndimg": [115.9805103333, 116.0698693333], "nbcnews": [117.308123, 116.2244636667], "rubiconproject": [46.0800256667, 82.718301, 45.646279, 119.4096716667, 115.9816856667, 48.5317983333, 46.086009, 45.2873946667, 51.9915893333, 124.7136493333, 47.0106443333, 45.909907, 45.914666, 125.027893, 45.5685276667, 47.5731333333, 83.332752, 45.6480223333, 45.7320686667, 44.7986366667], "teads": [116.0701023333, 115.6522266667], "xbox": [44.3153606667, 81.840325, 119.9526086667, 156.2021583333, 47.0889243333, 226.9540386667], "hulu": [116.2519583333, 115.635817, 116.405189], "ulta": [35.5574636667, 35.479468], "kbb": [168.208656], "s-nbcnews": [120.1957883333], "ypcdn": [116.0318], "pubmatic": [116.1554833333], "cnbc": [116.40377], "weather": [116.2104773333], "revolveassets": [117.78642], "connextra": [116.2834163333], "appier": [], "citibankonline": [116.6589986667], "cxense": [115.7690243333], "zennioptical": [45.670469, 116.143979], "edmentum": [116.3138373333, 119.8195486667, 124.059157, 116.6367266667], "apple": [34.3711216667, 115.813401], "viacomcbs": [120.2953553333, 120.140375], "dominos": [119.803102], "petsmart": [66.67753], "nflximg": [119.515152], "postrelease": [], "arkadiumhosted": [119.882874, 119.8592196667, 118.217341, 116.405189], "espncdn": [119.5623063333, 146.301468, 120.2953553333, 120.0980703333, 120.140375], "amplience": [35.3934716667, 35.4316466667], "adform": [116.1859086667, 116.3213433333], "barclaycardus": [120.2167126667], "casalemedia": [85.121891], "qualtrics": [115.861659], "serving-sys": [120.2953553333, 126.4357303333], "oreillyauto": [66.6856433333, 116.7339213333], "americanexpress": [116.414517, 131.5052753333], "id": [116.125767, 115.9783843333], "oracleinfinity": [119.592887], "cdn-apple": [116.261275], "drugs": [115.876522], "uline": [115.849507, 116.4103106667, 116.2642263333], "discover": [117.0322723333, 127.174613], "travel-assets": [116.3592263333], "hgtv": [68.701609, 67.867558, 120.9502996667, 67.037304, 125.0535123333, 68.5571066667], "akamaihd": [115.9775133333, 116.4313996667, 116.1744236667, 119.720042, 138.7995996667, 120.3866723333, 116.093325, 116.2214466667], "6sc": [115.9254386667, 119.677701], "media": [116.0698576667, 130.1372293333], "macys": [136.7890076667], "fandango": [167.722961], "bbci": [115.8803466667], "coxautoinc": [116.4555156667, 116.1656086667], "lpsnmedia": [249.8495816667, 48.4728206667], "fwmrm": [], "typekit": [119.5623063333, 119.2824136667, 120.2953553333, 439.5368503333], "ebay": [116.6789116667, 116.3594653333, 119.1009583333], "tiktokcdn": [119.5426203333, 121.0981153333, 119.354454, 125.0466433333, 120.165553, 119.8196353333, 120.1744766667, 119.645399, 119.375641, 119.2931196667, 119.4591583333, 119.1704616667, 119.776274, 120.0282406667, 119.912862, 119.8609526667, 120.2142853333, 119.5093476667, 119.7427513333, 119.8877206667], "samsclub": [49.1177926667], "moatads": [116.223663], "microsoft": [44.3153606667, 81.840325, 118.217341, 47.0889243333, 156.2021583333, 226.9540386667, 115.915772, 116.4725926667], "today": [], "draftkings": [116.0950463333, 116.3225193333], "dealertrack": [116.21977], "tiqcdn": [116.0953433333], "bloomingdales": [70.648901], "fncstatic": [119.3836386667], "turner": [119.235445, 116.208302, 119.1762063333], "hsni": [115.6837936667], "ancestrycdn": [34.8983016667, 34.7549453333], "bbc": [115.8803466667], "smartadserver": [64.9728036667, 64.9395293333, 64.6164026667, 64.8319843333, 65.993947, 65.1231016667], "12up": [116.7461866667, 115.62604], "ex": [135.23826, 120.0632886667], "vanguard": [115.635817, 116.405189], "amtrak": [52.300011],