{"steamstatic": [131.13847, 137.4956343333, 130.982948, 130.7645066667, 131.360656, 131.1249003333, 131.2777066667, 131.7132063333], "linkedin": [128.234362], "tiktokv": [48.4927513333, 48.701613, 48.7947926667, 48.6739006667, 48.9661146667, 48.541963, 48.7624303333, 48.7186823333, 48.438791], "nba": [131.1309743333, 131.578661, 131.4346503333], "flightaware": [261.7845863333, 59.4917816667, 64.6937963333, 48.5225526667, 131.6426856667, 84.938151, 51.1432813333], "shutterfly": [0.219416, 131.5670316667], "zdbb": [0.219416], "bluekai": [0.219416], "addthis": [0.219416], "mzstatic": [131.450646], "office": [144.624518, 137.4069803333, 130.9649636667, 134.29443], "hsncdn": [131.0224376667, 130.928376], "peacocktv": [131.0861003333, 131.13847, 131.3989223333, 131.9864926667], "horoscope": [130.8805786667, 131.5222573333], "att": [0.219416, 61.1871726667, 129.759616, 86.9888806667], "alicdn": [131.5386393333, 161.3894646667, 132.4030356667, 130.9853113333], "maxymiser": [0.219416], "kargo": [0.219416], "optimizely": [132.1940553333, 161.7504666667, 131.7908423333, 131.0252056667, 130.699421, 131.3260533333, 0.219416, 134.4477726667], "akamaized": [132.1110006667, 131.341814, 131.0323956667, 131.350056, 131.2261856667, 0.219416, 131.0475766667, 131.114199, 130.9939646667, 130.867453, 131.6211393333], "allegiantair": [140.9084386667, 141.2387123333, 141.0046593333, 142.1075543333], "everesttech": [0.219416], "npr": [130.5131596667, 134.2723986667, 141.3380476667, 131.5360053333, 130.5440163333], "thdstatic": [149.332626], "walgreens": [48.3293273333, 53.597809, 43.8304376667, 54.3114], "moatpixel": [0.219416, 131.565073], "sascdn": [145.4538736667, 131.3218733333], "comcast": [137.053321], "schwab": [131.0119693333, 131.3424516667, 131.1649163333], "tmobile": [131.549332, 131.3640656667], "vggcdn": [130.728192, 131.4882653333], "clmbtech": [0.219416], "xtlo": [131.2584576667], "yotpo": [131.5956076667, 130.6533983333], "tripadvisor": [35.2635953333, 34.5967806667, 34.3358426667, 34.8707646667], "dell": [61.5003766667, 131.0575966667, 61.5316756667], "arcpublishing": [130.9605623333, 131.1662023333, 132.400095], "intuitcdn": [131.2738556667, 131.156506, 134.700796], "nortoncdn": [131.002378], "dailymail": [131.2748456667, 0.219416], "dotomi": [125.1657083333, 124.0889233333, 123.8930553333, 125.0399626667], "intuit": [131.5740506667, 131.293455, 138.959685], "tiktok": [131.5506876667, 129.9465873333, 131.2177873333, 130.9675226667, 131.2089016667, 131.441553, 131.154643, 145.302406, 141.7688823333, 0.219416, 131.365217, 131.038017], "rbxcdn": [134.9145476667, 131.3041683333, 131.4401373333, 131.5748346667, 131.3908543333, 135.8021773333, 131.0280763333], "lijit": [131.2033566667, 131.1376376667], "innovid": [0.219416], "venus": [131.650065], "vrbo": [131.927632, 131.9812006667], "mcdonalds": [], "staticsfly": [131.378443, 129.8114593333], "grouponcdn": [130.889831, 130.9589343333], "ninthdecimal": [0.219416], "cnn": [137.9468356667, 0.219416, 131.9814196667], "akstat": [0.219416, 131.0591293333], "hrblock": [44.4257123333], "ttwstatic": [131.217185, 131.0635716667, 131.179819, 131.5860526667], "royalcaribbean": [130.6971416667, 131.3218733333, 131.6808503333, 131.9864926667], "kay": [131.409707], "xfinity": [131.239994, 131.4433403333, 130.9756903333, 139.172895], "scene7": [131.475961, 131.360656, 131.7132063333], "outbrain": [0.219416], "rightinthebox": [133.115661, 131.0639913333], "atgsvcs": [0.219416], "steampowered": [131.3099496667], "pch": [131.2397186667], "perimeterx": [135.617697], "akadns": [131.0861003333, 130.8463996667], "ashleyfurniture": [131.5680486667], "usbank": [131.16539, 131.1291623333, 131.5101106667], "aliexpress": [161.3894646667, 140.6641036667, 45.631587, 131.5386393333, 45.5596116667, 130.0275093333], "newegg": [132.1589596667, 131.3103523333, 131.3866506667, 0.219416], "foxnews": [123.5232196667, 130.8495], "warnermediacdn": [131.166799, 131.47827, 131.9814196667], "ibytedtos": [131.2995703333, 131.2296363333], "teacherspayteachers": [34.339431, 49.456096, 34.4507723333], "peoplemedia": [130.4960556667, 131.458635, 131.5704163333, 131.3395156667], "hilton": [], "samsung": [], "sndimg": [145.4723396667, 178.675388], "nbcnews": [161.7256056667, 131.1447246667], "rubiconproject": [0.219416], "teads": [131.83427, 0.219416], "xbox": [131.1406003333, 81.840325, 44.3153606667, 131.2122373333, 156.2021583333, 47.0889243333, 226.9540386667], "hulu": [131.4992746667, 131.4882653333], "ulta": [131.140244, 131.130413], "kbb": [129.370633], "s-nbcnews": [129.493153], "ypcdn": [130.9903103333], "pubmatic": [0.219416], "cnbc": [131.394488], "weather": [130.941185], "revolveassets": [131.2494276667], "connextra": [143.4239326667, 161.319438], "appier": [0.219416], "citibankonline": [129.708566], "cxense": [0.219416], "zennioptical": [45.4770123333, 131.5456736667], "edmentum": [131.3357633333, 131.284008, 130.7645066667, 131.1070503333], "apple": [34.3711216667, 141.6092123333], "viacomcbs": [131.4839596667, 131.201394], "dominos": [131.236688], "petsmart": [66.67753], "nflximg": [130.969403], "postrelease": [0.219416], "arkadiumhosted": [130.6156096667, 130.9577556667, 131.874468, 131.3539226667], "espncdn": [130.99572, 132.3943883333, 130.970768, 131.3395156667, 131.1721476667, 131.2383293333, 131.6349866667, 131.5704163333], "amplience": [131.1291623333, 130.7052363333], "adform": [0.219416], "barclaycardus": [131.341362], "casalemedia": [0.219416], "qualtrics": [131.2062566667], "serving-sys": [0.219416], "oreillyauto": [131.1910173333, 135.2757703333], "americanexpress": [131.0380583333, 130.562758], "id": [131.6469876667, 131.1376376667, 131.464351, 130.8805786667], "oracleinfinity": [131.3775003333, 131.377766], "cdn-apple": [130.945724], "drugs": [131.2417443333], "uline": [131.129184, 130.7561066667, 131.3866506667], "discover": [130.695593, 154.2728246667], "travel-assets": [130.9378196667], "hgtv": [131.117722, 140.8663836667, 141.0577803333, 130.253511, 131.1649163333, 141.0433176667], "akamaihd": [131.7837763333, 131.551267, 131.3829656667, 130.9308396667, 131.0833313333, 0.219416, 130.7020676667], "6sc": [130.7502965, 0.219416, 130.8805786667], "media": [0.219416], "macys": [149.2225496667], "fandango": [151.523229], "bbci": [131.9782486667, 130.40406, 132.6639683333], "coxautoinc": [130.856641, 131.1823893333], "lpsnmedia": [124.104763, 117.6682793333], "fwmrm": [0.219416], "typekit": [0.219416, 130.970768, 131.2383293333], "ebay": [131.075126, 131.3334916667, 130.9750843333], "tiktokcdn": [131.2926933333, 131.2404573333, 131.7491643333, 131.7068413333, 130.9835266667, 130.908507, 131.217185, 131.3745876667, 131.4651136667, 131.9756746667, 131.5704676667, 131.513721, 130.8805943333, 130.971556, 130.9020776667, 131.0111996667, 131.5860526667, 137.007423], "samsclub": [0.219416], "moatads": [0.219416], "microsoft": [44.3153606667, 81.840325, 131.1357416667, 130.7561066667, 131.4882653333, 47.0889243333, 156.2021583333, 226.9540386667], "today": [], "draftkings": [131.3662913333, 131.1709846667, 131.2896336667, 130.974593], "dealertrack": [130.2199723333], "tiqcdn": [346.7084736667], "bloomingdales": [131.267532], "fncstatic": [131.464631], "turner": [131.122591, 131.9814196667, 134.5981423333], "hsni": [131.308934], "ancestrycdn": [34.8983016667, 34.7549453333], "bbc": [131.9782486667, 141.5428026667], "smartadserver": [0.219416], "12up": [131.3357633333, 130.9804593333], "ex": [0.219416], "vanguard": [131.549332, 130.7561066667], "amtrak": [141.5081976667], "guitarcenter": [131.129184, 131.2271596667, 131.4674256667, 161.74109], "evidon": [0.219416], "espn": [131.5821866667, 130.970768, 131.2383293333, 131.158352, 130.961781], "officedepot": [131.5048356667], "foodnetwork": [130.7492826667, 130.0415913333, 141.2003513333, 141.9353326667, 131.351411, 131.320417], "ups": [], "addthisedge": [131.3286623333], "oraclecloud": [130.4332473333, 162.9134783333], "walmart": [0.219416, 131.6985523333], "navyfederal": [],