{"steamstatic": [40.848352, 49.441536, 48.8055646667, 40.4919093333, 40.4411, 40.2331403333, 48.63683, 44.315935], "linkedin": [48.9124226667, 46.99806, 52.6265926667, 46.4145003333], "tiktokv": [34.3504576667, 34.6339086667, 34.21959, 38.4696736667, 34.7216306667, 34.535645, 34.3694333333, 34.3642106667, 34.1008203333], "nba": [52.7371126667, 40.322147, 46.8475133333], "flightaware": [59.4917816667, 261.7845863333, 64.6937963333, 48.5225526667, 131.6426856667, 84.938151, 51.1432813333], "shutterfly": [34.629875, 48.5831303333], "zdbb": [46.5927766667, 47.298818], "bluekai": [40.4636903333], "addthis": [40.4636903333, 48.4072086667, 40.7325976667], "mzstatic": [44.7992513333, 47.4402006667], "office": [55.2669103333, 34.2378266667, 52.652526], "hsncdn": [35.6534796667, 41.095866, 34.1982463333], "peacocktv": [48.788603, 44.1187153333, 47.844897, 46.6570783333], "horoscope": [40.702822, 40.765659], "att": [40.2107703333, 61.1871726667, 55.3534676667, 86.9888806667], "alicdn": [40.5758083333, 48.4640843333, 48.877608], "maxymiser": [40.323494, 48.8783073333], "kargo": [45.7971883333, 44.8318713333], "optimizely": [53.0473836667, 40.6240096667, 90.2469803333, 40.5202583333, 40.6994733333, 53.968058, 53.073462, 40.787493], "akamaized": [45.8170386667, 47.547066, 47.6332773333, 48.90191, 46.679103, 48.8686453333, 48.9124226667, 51.2197726667, 48.8302926667, 49.0633253333, 44.614388, 47.4471893333, 51.8419626667, 48.9104246667], "allegiantair": [56.6970453333, 47.4277693333, 47.0847426667, 47.8838556667], "everesttech": [], "npr": [48.69481, 46.2987116667, 48.3055473333, 48.10471, 46.739911], "thdstatic": [40.968228], "walgreens": [48.3293273333, 53.597809, 43.8304376667, 54.3114], "moatpixel": [87.3356013333, 46.596841], "sascdn": [44.315935, 52.262045], "comcast": [55.7211616667], "schwab": [40.362099, 40.288458, 55.0107006667], "tmobile": [45.305583, 47.5787773333], "vggcdn": [45.7754233333, 47.1700266667], "clmbtech": [40.8953433333, 48.7629643333, 40.486924], "xtlo": [53.012484], "yotpo": [48.855974], "tripadvisor": [35.2635953333, 34.5967806667, 34.3358426667, 34.8707646667], "dell": [61.5003766667, 40.7859153333, 61.5316756667], "arcpublishing": [49.5870473333, 48.4442803333], "intuitcdn": [49.8489263333, 48.7518363333, 48.787704], "nortoncdn": [47.5540096667], "dailymail": [44.5897203333, 53.1671406667], "dotomi": [98.415647, 45.3429136667, 54.5767043333, 90.670784, 61.2356536667], "intuit": [50.9827326667, 40.769891, 90.7135913333], "tiktok": [47.9532863333, 48.030636, 40.4709233333, 48.0680523333, 46.270625, 48.52276, 40.6531356667, 48.5201116667, 40.3110413333, 40.178939, 48.595673, 48.499965, 40.298347, 40.365567, 48.8764326667, 46.6048113333, 48.8631196667, 48.9379486667, 40.82627], "rbxcdn": [34.230438, 38.1209326667, 40.7241283333, 40.6652486667], "lijit": [41.4248556667, 48.7472733333, 48.4838676667], "innovid": [46.7112276667, 83.9436616667], "venus": [50.7576786667], "vrbo": [48.5280823333, 48.958765, 40.584747, 48.5412586667], "mcdonalds": [], "staticsfly": [49.1978336667], "grouponcdn": [48.373217, 47.3334673333], "ninthdecimal": [49.9609436667], "cnn": [40.5990666667], "akstat": [52.9673386667], "hrblock": [44.4257123333], "ttwstatic": [46.6151686667, 49.197798, 49.1285803333, 48.7927573333], "royalcaribbean": [48.775998, 40.586218, 43.349001, 37.0692903333], "kay": [34.940691, 40.2587946667], "xfinity": [34.312362, 48.783369, 48.499965, 48.8218613333], "scene7": [312.2638316667, 49.3316993333, 48.7927573333, 46.7893693333, 48.8513843333], "outbrain": [45.9651186667], "rightinthebox": [46.797029, 48.3891123333, 48.030636, 48.8631196667, 45.305583, 46.5739226667, 46.5071226667], "atgsvcs": [52.7795016667], "steampowered": [48.5757663333], "pch": [40.24711], "perimeterx": [54.533861], "akadns": [48.4861443333, 52.1543173333, 46.1207626667], "ashleyfurniture": [35.527365], "usbank": [45.2095466667, 35.197146, 47.298818], "aliexpress": [52.828679, 140.6641036667, 48.8480773333, 45.631587, 45.5596116667, 130.0275093333], "newegg": [44.538322, 48.5810943333, 46.5071226667, 35.1267353333], "foxnews": [31.750384, 43.578654], "warnermediacdn": [40.5990666667, 45.069934, 55.4326506667, 47.3010553333], "ibytedtos": [48.685647, 41.282626], "teacherspayteachers": [34.339431, 49.456096, 34.4507723333], "peoplemedia": [49.2136173333, 48.663058, 47.0189456667, 45.075635], "hilton": [], "samsung": [], "sndimg": [55.310245, 114.5078066667], "nbcnews": [53.12883, 43.873987], "rubiconproject": [46.0800256667, 82.718301, 45.646279, 35.6400976667, 49.6351213333, 48.5317983333, 46.086009, 45.2873946667, 51.9915893333, 124.7136493333, 47.0106443333, 45.909907, 45.914666, 55.3242236667, 125.027893, 45.5685276667, 47.5731333333, 83.332752, 45.6480223333, 45.7320686667, 44.7986366667], "teads": [52.0935176667, 40.8250393333, 48.8565136667], "xbox": [44.3153606667, 81.840325, 47.0889243333, 156.2021583333, 226.9540386667, 47.4441843333], "hulu": [48.8631196667, 48.3891123333], "ulta": [45.3019813333, 48.7008246667], "kbb": [47.6944686667], "s-nbcnews": [40.3752726667], "ypcdn": [35.397173, 49.178286, 48.8941743333], "pubmatic": [46.9693646667], "cnbc": [51.3144806667], "weather": [49.5513576667], "revolveassets": [48.5820846667], "connextra": [54.861642, 51.1253846667], "appier": [], "citibankonline": [40.119129], "cxense": [31.4050146667], "zennioptical": [100.5139593333, 45.4770123333], "edmentum": [47.506231, 44.945534, 48.8302926667, 48.7927573333], "apple": [34.3711216667, 52.7359113333], "viacomcbs": [50.4726916667, 47.8857093333], "dominos": [40.2773863333], "petsmart": [66.67753], "nflximg": [45.496227], "postrelease": [], "arkadiumhosted": [45.1756546667, 46.5071226667, 47.85533, 48.887043], "espncdn": [45.7880233333, 47.788379, 48.706444, 48.811179, 48.663058, 48.8934203333, 45.075635], "amplience": [35.3934716667, 35.4316466667], "adform": [], "barclaycardus": [34.5733503333, 49.450155], "casalemedia": [50.3668626667], "qualtrics": [47.5007326667], "serving-sys": [49.441536, 44.315935], "oreillyauto": [47.8275093333, 40.419218], "americanexpress": [56.119506, 48.421425], "id": [40.8953433333, 40.702822, 40.8728666667, 40.4459396667], "oracleinfinity": [40.2902203333, 50.455589], "cdn-apple": [53.2295646667], "drugs": [51.3192646667], "uline": [48.3891123333, 45.305583, 46.5071226667, 47.0022976667], "discover": [55.8891423333, 48.833279], "travel-assets": [40.4616666667], "hgtv": [40.728352, 49.080342, 54.499961, 53.1300033333, 49.0410453333, 51.8203926667], "akamaihd": [48.4449123333, 47.5481026667, 47.844897, 45.2977226667, 44.8318713333, 48.9212606667, 45.5506286667, 47.7093253333], "6sc": [40.4707503333, 40.57616, 40.4459396667, 50.8715013333], "media": [86.916622, 48.3963246667], "macys": [188.7477233333], "fandango": [45.5786116667], "bbci": [92.0232023333, 56.5293886667, 48.7516326667], "coxautoinc": [52.0712016667, 40.298347], "lpsnmedia": [48.4728206667, 48.535385], "fwmrm": [], "typekit": [45.7880233333, 45.671664, 45.075635], "ebay": [49.0280863333, 41.133675, 40.6114586667], "tiktokcdn": [46.3865516667, 47.0720876667, 47.274701, 48.3079343333, 47.128943, 48.8002836667, 46.4659053333, 47.278577, 47.4090843333, 48.3845083333, 50.4726916667, 81.1532123333, 48.8302926667, 44.945534, 53.206771, 48.9104246667, 47.844897, 48.673679, 47.8857093333, 53.3052373333], "samsclub": [65.681104], "moatads": [47.7913303333, 194.11965, 47.182663, 48.1582436667], "microsoft": [44.3153606667, 81.840325, 57.050427, 45.7754233333, 47.0889243333, 46.821521, 156.2021583333, 226.9540386667], "today": [], "draftkings": [49.5870473333, 48.734941, 40.8953433333, 46.5071226667, 48.8794486667], "dealertrack": [40.5088176667], "tiqcdn": [40.6478973333], "bloomingdales": [186.7735933333], "fncstatic": [46.6827603333], "turner": [47.3035646667, 55.4326506667, 46.0025163333], "hsni": [48.97631], "ancestrycdn": [34.8983016667, 34.7549453333], "bbc": [92.0232023333, 56.5293886667, 47.932061],