{"steamstatic": [34.2317723333, 34.441984, 34.428753, 34.118646, 34.364796, 34.55049], "linkedin": [34.209943], "tiktokv": [34.8143506667, 34.5226603333, 43.3004793333, 34.9054083333, 34.8653556667, 35.8022453333, 35.034678, 34.993462, 34.7883723333], "nba": [34.7009676667, 34.996285, 47.1054803333, 31.4960803333], "flightaware": [59.4917816667, 261.7845863333, 64.6937963333, 48.5225526667, 131.6426856667, 84.938151, 51.1432813333], "shutterfly": [34.8651783333, 35.335584], "zdbb": [35.091908, 34.8194176667], "bluekai": [34.925405], "addthis": [34.4771486667, 34.7377763333, 34.343792, 35.4667293333, 34.925405], "mzstatic": [35.564494, 49.2962133333, 48.8531226667, 34.8221486667], "office": [34.2378266667, 35.3896353333, 35.0534386667], "hsncdn": [41.2247846667, 34.9558316667, 35.251069], "peacocktv": [34.5969636667, 48.788603, 34.6271503333], "horoscope": [34.6487536667, 34.817313], "att": [61.1871726667, 34.7198686667, 34.8622723333, 86.9888806667], "alicdn": [34.5626356667, 34.4995563333, 33.9981923333, 34.5787213333], "maxymiser": [38.7547383333, 35.3609496667], "kargo": [34.7074033333, 34.4245763333, 34.5969373333, 34.7846706667, 34.4508286667, 34.4682166667, 34.585687, 36.2005263333, 34.2886646667], "optimizely": [35.8018723333, 52.290366, 48.6702186667, 49.0310203333, 34.4492176667, 31.6798686667, 35.0711396667, 37.607867, 34.6471523333, 50.5824243333, 34.2592566667, 39.4461683333], "akamaized": [36.9308466667, 35.7816866667, 52.5360433333, 37.0692903333, 35.0323133333, 44.3285726667, 34.948316, 35.0374733333, 34.8058496667, 34.9823493333, 34.6304823333, 35.176062, 50.9266193333, 35.9246036667], "allegiantair": [35.1966906667, 34.8697303333, 34.8379013333, 35.130689], "everesttech": [], "npr": [34.5937353333, 34.423069, 34.334356, 34.5526356667, 34.6183296667], "thdstatic": [34.3956893333], "walgreens": [48.3293273333, 53.597809, 43.8304376667, 54.3114], "moatpixel": [35.18621, 34.8521363333, 49.014101], "sascdn": [34.4163176667, 34.55049], "comcast": [34.9690483333], "schwab": [34.6693936667, 34.4538943333, 34.4906493333], "tmobile": [34.6525713333, 34.7121853333], "vggcdn": [34.9557623333, 35.401934, 35.0438326667, 35.704993], "clmbtech": [34.7513976667, 34.608642, 34.740426, 41.1338253333], "xtlo": [49.421672], "yotpo": [35.0651606667, 35.387889], "tripadvisor": [35.2635953333, 34.5967806667, 34.3358426667, 34.8707646667], "dell": [35.647544, 61.5316756667, 61.5003766667], "arcpublishing": [34.6871393333, 34.974882, 35.6726916667, 34.892787, 34.9172266667, 34.7116683333, 34.751348, 34.95275, 34.808259], "intuitcdn": [34.9644216667, 35.0282736667, 35.2204446667], "nortoncdn": [34.723383], "dailymail": [35.354075, 35.2923086667, 31.6269486667, 34.693303], "dotomi": [98.415647, 91.9463833333, 45.3429136667, 45.1670876667, 46.130712, 54.458536], "intuit": [35.1718563333, 35.2776606667, 34.778145], "tiktok": [34.706415, 31.8742903333, 34.4310196667, 35.0820266667, 34.8795786667, 34.5782073333, 34.5777066667, 35.0832376667, 31.8279836667, 35.296355], "rbxcdn": [38.1209326667, 34.626212, 34.4752383333, 34.230438], "lijit": [35.2321816667, 34.8350713333, 37.0595146667, 34.8262506667], "innovid": [35.0380776667], "venus": [34.4183726667], "vrbo": [34.5626356667, 34.8279733333, 34.3887593333, 34.534244, 34.4255843333, 35.869958, 34.6135163333, 34.436211, 34.454843], "mcdonalds": [], "staticsfly": [45.755671, 34.7671923333, 47.3831253333], "grouponcdn": [34.5250083333, 35.1628483333], "ninthdecimal": [50.9745556667], "cnn": [31.7718603333, 43.363069, 34.6321926667], "akstat": [38.8713146667], "hrblock": [44.4257123333], "ttwstatic": [34.4872823333, 89.2377766667, 35.443705, 34.993041], "royalcaribbean": [35.1797013333, 48.6075163333, 46.6207816667, 35.225848], "kay": [35.375193], "xfinity": [34.725895, 36.7852813333, 31.722345, 34.6459786667], "scene7": [35.2822093333, 34.7985773333, 34.362392, 35.195685, 34.8922746667, 34.8819936667], "outbrain": [34.817581, 35.0753663333], "rightinthebox": [34.8350713333, 35.226362, 34.795037, 34.924172], "atgsvcs": [31.9110903333], "steampowered": [31.7134516667], "pch": [34.348377], "perimeterx": [34.9361126667], "akadns": [34.428753, 34.534209], "ashleyfurniture": [35.527365], "usbank": [35.0988963333, 35.197146, 35.101849], "aliexpress": [140.6641036667, 35.471712, 35.307713, 45.631587, 45.5596116667, 130.0275093333], "newegg": [35.447996, 35.2356416667, 35.044209, 35.1267353333], "foxnews": [33.9170456667, 34.314045, 34.1297646667, 35.0024003333, 49.442081], "warnermediacdn": [34.160539, 34.430332, 37.7068146667, 34.6321926667], "ibytedtos": [35.1996513333, 34.8703156667], "teacherspayteachers": [34.339431, 49.456096, 34.4507723333], "peoplemedia": [38.1719583333, 35.073326, 34.8102326667, 34.040284], "hilton": [], "samsung": [], "sndimg": [34.6508456667], "nbcnews": [34.5900373333, 35.3031113333], "rubiconproject": [46.0800256667, 82.718301, 45.646279, 48.5317983333, 46.086009, 45.2873946667, 51.9915893333, 44.7986366667, 124.7136493333, 47.0106443333, 45.909907, 34.5323706667, 45.914666, 125.027893, 45.5685276667, 47.5731333333, 83.332752, 45.6480223333, 35.1678963333, 45.7320686667, 34.9611216667], "teads": [34.5289713333, 35.239789, 35.3460723333, 31.6273466667], "xbox": [44.3153606667, 81.840325, 34.927461, 156.2021583333, 47.0889243333, 35.3746793333, 226.9540386667], "hulu": [35.6924233333, 35.072451, 35.580366, 35.42796, 35.389648, 35.0867733333, 35.642897, 35.8925, 35.5156883333, 35.0857603333, 35.111349], "ulta": [35.5574636667, 35.479468], "kbb": [56.030154], "s-nbcnews": [34.8543013333], "ypcdn": [35.397173, 34.4859903333, 35.31433], "pubmatic": [35.8884343333], "cnbc": [35.1009143333, 34.9056173333, 34.8381153333], "weather": [34.1630656667, 49.1749456667], "revolveassets": [34.8750966667], "connextra": [34.7338693333], "appier": [], "citibankonline": [64.8482846667], "cxense": [34.9358053333], "zennioptical": [34.934116, 45.4770123333], "edmentum": [34.4022206667, 34.9135086667, 34.4864926667, 34.2720023333, 34.4400793333, 34.2278493333, 34.764091, 34.423401, 34.4271596667, 34.3309396667, 34.4835483333], "apple": [34.3711216667, 31.6590213333], "viacomcbs": [35.558631, 34.5270326667], "dominos": [35.1715633333], "petsmart": [66.67753], "nflximg": [35.6093083333], "postrelease": [], "arkadiumhosted": [37.230115, 49.2763456667, 35.284844, 49.353545], "espncdn": [34.444053, 34.4098313333, 34.431696, 34.7746323333, 35.4561396667, 34.7815926667, 34.2731383333, 34.5121816667, 34.8267436667, 34.2357996667, 34.9222786667, 34.3049436667, 34.3677193333, 35.2238976667], "amplience": [35.3934716667, 35.4316466667], "adform": [], "barclaycardus": [35.2200336667, 44.1687606667], "casalemedia": [93.1322996667, 50.3668626667], "qualtrics": [35.2237836667], "serving-sys": [34.4400793333, 33.9615816667], "oreillyauto": [46.9891483333, 34.660223], "americanexpress": [38.0448026667, 86.570459], "id": [36.4249796667, 35.161831, 35.1265526667, 34.986916], "oracleinfinity": [35.2172, 41.82341], "cdn-apple": [35.408011], "drugs": [38.9463006667], "uline": [34.3033883333, 34.7724826667, 35.3424856667, 35.5025793333], "discover": [34.8706903333, 35.266659], "travel-assets": [35.0135613333], "hgtv": [34.867206, 34.817085, 34.194573, 34.6508893333, 34.4275236667, 35.5601643333], "akamaihd": [34.843886, 62.1319953333, 35.2460896667, 34.9649266667, 35.1217436667, 35.12765, 34.529105, 35.220396], "6sc": [35.226362, 34.366894, 34.8944246667, 35.4002123333], "media": [48.9428363333, 51.104086, 31.306011], "macys": [48.6564306667], "fandango": [48.722861], "bbci": [35.137942, 49.3983283333, 35.3023323333], "coxautoinc": [34.4744483333, 34.5832143333, 34.1381793333, 34.5059483333], "lpsnmedia": [48.4728206667, 48.535385], "fwmrm": [], "typekit": [65.5566086667, 35.1241176667, 34.690948, 35.334134], "ebay": [41.133675, 35.1580573333, 31.7323936667],