{"exosrv": [44.7509503333], "survicate": [44.871757], "fandomwire": [44.871757], "xvideos-cdn": [48.886096, 48.791612, 48.6085536667, 48.645863, 48.7410456667], "ravelrycache": [44.871757], "literotica": [44.871757], "afcdn": [44.7509503333], "exelator": [44.9439123333], "lngtdv": [44.9439123333], "aucdn": [44.7509503333], "smartlook": [44.7509503333], "userway": [48.3889253333, 48.8400323333], "relevant-digital": [44.7509503333], "cbrimages": [44.871757], "qualaroo": [44.871757], "b-cdn": [44.871757], "adsessionserv": [44.871757], "vntsm": [44.871757, 34.496863], "creativecdn": [44.7509503333], "consentmanager": [130.997413, 130.884002], "omappapi": [44.871757], "realsrv": [44.7509503333], "iubenda": [44.871757]}