{"exosrv": [34.3815576667, 34.6763883333], "survicate": [34.941174], "fandomwire": [35.9625663333], "xvideos-cdn": [34.925608, 34.5352876667, 34.865152, 35.4675496667, 35.855985], "ravelrycache": [34.941174], "literotica": [35.9625663333], "afcdn": [34.502808, 34.6763883333], "exelator": [34.4447013333, 34.731805], "lngtdv": [34.502808, 34.6763883333], "aucdn": [34.7428193333, 34.731805], "smartlook": [35.072123, 34.6763883333], "userway": [35.072123, 34.6763883333], "relevant-digital": [34.3815576667, 34.526341], "cbrimages": [35.9625663333], "qualaroo": [169.166327], "b-cdn": [35.9625663333], "adsessionserv": [34.941174], "vntsm": [34.6932366667, 34.496863], "creativecdn": [34.8822266667, 34.4447013333], "consentmanager": [317.2628793333, 132.4859876667], "omappapi": [34.941174], "realsrv": [34.7428193333, 34.6763883333], "iubenda": [34.6932366667]}