{"exosrv": [169.376459, 169.7309663333], "survicate": [156.972667], "fandomwire": [156.972667], "xvideos-cdn": [169.4512636667, 169.453534, 169.1433623333, 168.945096, 169.709889, 169.3430223333, 169.3211106667, 169.2688623333, 169.2434993333, 169.6338503333], "ravelrycache": [156.972667], "literotica": [156.972667], "afcdn": [169.376459, 169.7309663333], "exelator": [192.5314393333, 169.376459], "lngtdv": [169.007271, 192.5314393333], "aucdn": [169.007271, 169.7309663333], "smartlook": [169.007271, 169.7309663333], "userway": [64.1216646667, 63.6014163333], "relevant-digital": [169.376459, 169.7309663333], "cbrimages": [65.3120876667], "qualaroo": [156.972667], "b-cdn": [156.972667], "adsessionserv": [156.972667], "vntsm": [65.3120876667, 156.972667], "creativecdn": [192.5314393333, 169.376459], "consentmanager": [131.2798786667, 131.163284], "omappapi": [156.972667], "realsrv": [169.007271, 192.5314393333], "iubenda": [65.3120876667]}