{"exosrv": [261.4123246667, 262.298566, 260.6193553333, 252.9707503333, 254.5614723333, 259.673307, 260.4082846667, 253.7056163333], "survicate": [254.7860766667], "fandomwire": [254.7860766667], "xvideos-cdn": [261.9370283333, 260.1357843333, 256.4291046667, 251.4265996667, 258.889269, 251.908782, 256.404747, 254.274876, 252.5211286667, 253.664439, 257.041564, 256.472141, 258.8441766667, 255.927967, 254.3120916667, 251.2116373333], "ravelrycache": [250.5235253333], "literotica": [294.754207], "afcdn": [256.7300653333, 256.4542043333, 260.66267, 260.249878, 260.0154873333, 262.0835456667, 259.673307, 260.4082846667], "exelator": [262.1311203333, 256.4542043333, 260.6193553333, 260.249878, 260.0154873333, 251.396465, 259.673307, 262.0835456667], "lngtdv": [256.7300653333, 256.4542043333, 262.1311203333, 260.66267, 260.249878, 254.5614723333, 259.673307, 262.0835456667], "aucdn": [256.7300653333, 256.4542043333, 260.66267, 260.249878, 251.396465, 262.0835456667, 259.673307, 260.4082846667], "smartlook": [262.1311203333, 264.8934113333, 256.4542043333, 261.4123246667, 262.298566, 260.249878, 254.5614723333, 259.673307], "userway": [256.7300653333, 260.66267, 262.298566, 260.0154873333, 252.9707503333, 262.0835456667, 251.36396, 253.7056163333], "relevant-digital": [256.7300653333, 260.66267, 262.298566, 260.249878, 252.9707503333, 254.5614723333, 262.0835456667, 260.4082846667], "cbrimages": [254.7860766667], "qualaroo": [294.754207], "b-cdn": [257.173615], "adsessionserv": [250.220926], "vntsm": [255.7736853333, 294.754207], "creativecdn": [262.1311203333, 256.4542043333, 256.7300653333, 261.4123246667, 260.249878, 260.0154873333, 251.396465, 259.673307], "consentmanager": [130.326423, 131.1664786667, 130.5186906667, 130.8579423333, 133.1451163333], "omappapi": [251.6368606667], "realsrv": [264.8934113333, 262.298566, 260.6193553333, 260.249878, 260.0154873333, 252.9707503333, 251.36396, 260.4082846667], "iubenda": [130.8050973333]}