{"brightonclick": [0.219416], "mut": [34.876646, 35.3009306667, 34.4865343333, 35.2360863333], "doubleverify": [0.219416], "ziprecruiter": [34.6796466667, 34.916994, 35.0325816667, 35.026134, 35.1770156667], "hsforms": [37.4621933333, 34.6643043333, 35.665176, 0.219416, 35.4681226667, 35.6301006667], "jst": [0.219416], "soap2day": [35.1303426667, 41.809934, 34.888196, 34.8429973333], "splashlearn": [34.8719433333, 35.5751513333], "horoscope": [35.3134716667, 34.3577866667], "drome6": [48.3413896667, 48.4546023333], "xvideos-cdn": [34.5075686667, 35.849214], "lytics": [0.219416], "edigitalsurvey": [0.219416], "ad": [0.219416], "pokemondb": [41.9622253333, 49.8499526667, 36.4794636667], "discord": [35.2435483333, 35.4960946667, 35.317755, 35.3147926667, 35.900871], "btttag": [35.3281646667, 35.4407643333, 36.9165633333], "bigideasmath": [35.3009306667, 35.2360863333], "proper": [0.219416], "onegamepics": [34.9300026667, 34.6674536667], "pornone": [35.7544026667, 35.3018536667, 34.7089726667], "researchgate": [0.219416], "qualtrics": [35.363014, 0.219416, 35.161151], "on3": [35.2570363333, 65.5720323333, 38.676924], "inhumanity": [35.5489053333, 35.4259993333], "borderfree": [34.739425, 34.8381246667], "motherlesslive": [34.558872, 35.1547976667], "rawstory": [34.7104726667, 35.426485, 52.206261], "sniffiesassets": [35.3938373333, 35.7014493333, 35.0996446667], "sweepszilla": [35.417743, 36.1365393333], "domdog": [0.219416, 35.5489053333, 35.4259993333], "vhlcentral": [35.6515546667, 35.3333806667], "celebwell": [35.2605796667, 35.6089043333, 34.8500856667], "vimeo": [35.5755353333, 34.5855103333], "instant": [0.219416], "hubspot": [34.7023573333, 0.219416, 37.5285816667], "permutive": [35.3009306667, 34.834158, 35.4304903333, 0.219416, 35.2360863333], "casalemedia": [0.219416], "mangakakalot": [35.564954, 34.7169453333, 35.973378], "9animetv": [34.8363643333, 34.975361], "ashleystewart": [0.219416], "spine": [35.0550403333, 35.3889943333], "healthday": [35.3505693333, 35.0462346667, 34.680926], "mailinblue": [35.5489053333, 35.4259993333], "wp-e": [35.7914026667, 34.8964053333, 34.9829333333], "hscollectedforms": [0.219416], "medium": [35.8585926667, 35.5717856667], "mindbodyonline": [35.2530656667, 35.3701013333, 35.4631506667, 35.1115026667], "aimtell": [35.1661733333, 34.4709156667, 35.4639336667, 44.8529153333, 60.080681], "acsbap": [0.219416], "rtbsuperhub": [37.028074, 36.1440336667], "jpg": [34.571799, 39.671442], "chess": [34.8913153333], "skipthegames": [34.7495183333, 34.7832243333, 34.9720626667], "hotcarsimages": [35.318624, 35.065027, 35.4518516667], "hentai": [34.7324846667, 34.921907], "royalroadcdn": [], "getrockerbox": [0.219416], "greatergood": [35.2399293333, 34.7487583333], "vidazoo": [0.219416], "highwebmedia": [35.5131426667, 34.6073726667, 34.3397876667, 35.455612], "hsleadflows": [0.219416], "shahvani": [35.5859213333, 34.502936, 36.5908393333], "illuminateed": [34.7136696667, 34.9436373333], "fastpeoplesearch": [35.2882043333, 35.675429], "cloudflare": [35.682446, 35.5456623333, 34.676946, 34.94876, 34.7358646667, 34.8668276667], "indeed": [34.5178686667, 0.219416, 34.611317], "deltamath": [314.223893, 35.50759, 34.937045], "workers": [37.936527, 39.1673493333], "ultimate-guitar": [122.074179, 34.5083876667, 35.235994], "torrid": [35.328233, 34.9603996667], "poki": [39.9413793333, 34.647186], "listcrawler": [35.3009306667, 35.163697, 35.2360863333, 35.6191463333, 34.707095], "videoplayerhub": [36.3180193333, 0.219416, 35.253282, 36.553033], "catapultx": [0.219416], "webassign": [35.4498963333, 38.8596206667], "myhentaicomics": [35.4977496667, 35.4122703333], "ingage": [34.6282746667, 35.2086606667, 43.2099983333], "patreon": [35.2183186667, 35.5636066667], "pornedup": [40.6604256667, 37.0741536667], "bangkazza": [48.1164833333, 48.534612], "aquamanga": [35.5707986667, 35.4926063333, 35.314664], "bunnycdn": [48.594618, 48.5075883333], "rtbsystem": [35.5489053333, 35.4259993333], "fapello": [34.8769586667, 34.8408963333, 35.3484116667], "theblast": [35.3009306667, 35.2360863333], "upwork": [36.601638, 34.840759], "4dex": [0.219416], "bootstrapcdn": [35.5921846667, 34.5329696667], "heavy-r": [35.3009306667, 35.2360863333], "e-hallpass": [35.248566, 36.011916, 36.2671773333], "curalate": [35.3465073333, 35.1105396667], "hcaptcha": [35.2387773333, 34.8103163333], "ktkjmp": [35.2851006667, 35.413019], "imhentai": [35.5152536667, 34.837981, 37.696292], "app-us1": [35.2469836667, 42.3689293333], "escortbabylon": [41.444532, 35.5166286667, 34.655386], "mgid": [0.219416], "curseforge": [34.8297903333, 35.5694683333], "mathplayground": [35.3526993333, 35.538006], "justservingfiles": [0.219416], "doppiocdn": [34.764683, 34.53213], "instana": [35.166674, 34.819476], "fandomwire": [34.7353573333, 35.369927], "searchingforsingles": [35.230531, 35.125007, 67.0089896667], "kwcdn": [34.8554203333, 34.922472], "mailerlite": [34.4091503333, 35.3920806667], "readingplus": [34.5826133333, 35.3685753333, 34.7316246667], "onetrust": [34.8122823333, 35.3764916667, 34.815696, 0.219416, 35.35828], "myhentaigallery": [35.352473, 34.8652683333, 35.6022946667], "vocabulary": [35.3047503333, 34.9213806667], "edutyping": [34.677537, 35.438321], "therapynotes": [34.594294, 35.2583293333], "attn": [35.394161, 143.3833316667, 140.566569, 141.029682, 34.606437, 0.219416, 130.009956], "spacebattles": [35.323467, 35.3013026667], "genius": [35.0467006667, 35.545119], "nearpod": [35.3009306667, 34.3955816667, 35.2360863333, 36.377745], "yourroyals": [35.2525693333, 34.669735], "itsthevibe": [35.0948056667, 34.9719783333], "definition": [35.584002, 35.5571166667], "ecosia": [35.3757136667, 142.7719743333, 35.6061923333], "nitrotype": [34.8325203333, 35.520476], "clevelandclinic": [35.177706, 35.5454633333], "indexww": [0.219416], "connatix": [0.219416], "dianomi": [0.219416, 66.4532193333, 34.629837], "coursehero": [34.867717, 34.7982876667], "adcovery": [35.5489053333, 35.4259993333], "tribalfusion": [0.219416], "gamerantimages": [35.259836, 35.4333186667, 35.195842], "amung": [0.219416], "tinypass": [0.219416], "grsm": [0.219416], "embed": [35.5891956667, 35.623912], "spassets": [34.819989, 35.0001846667], "adpone": [35.3957863333, 35.4281226667, 35.0519783333], "legacy": [52.5409393333], "satismeter": [35.498479, 35.6884793333], "onesignal": [0.219416], "getepic": [47.3220503333, 35.1013246667], "webstaurantstore": [35.6191343333, 34.6336656667], "wcostream": [40.0134783333, 35.4821153333, 34.6777946667], "torn": [34.95627, 35.3691283333], "media6degrees": [0.219416], "at2010": [34.7048743333, 35.4257086667, 35.3762606667], "fanfiction": [35.246661, 35.6251353333], "jsdelivr": [35.0381986667, 34.5648953333, 35.366032, 35.452333, 34.6000753333], "motherlessmedia": [48.390052, 48.279903], "admetricspro": [0.219416], "mlb": [35.3339053333, 35.2559873333], "revolve": [35.852454, 34.638448], "twistconcept": [0.219416], "clrt": [35.517788, 35.103834], "ay": [35.207202, 34.48483], "blackboardcdn": [35.377605, 35.1075913333], "pcpartpicker": [34.622915, 34.904679], "xvideos": [], "zendesk": [34.7102313333, 35.2179363333], "iconscout": [34.6919113333, 35.1135893333], "siteimproveanalytics": [0.219416], "agentbot": [304.2166226667, 35.0458453333, 34.6306243333], "betterhelp": [35.430607, 34.4978416667], "chapmanganato": [35.2360656667, 35.3331486667, 35.4108596667], "atomicsearchwidget": [35.5489053333, 35.4259993333], "streetmetrics": [48.4892926667, 48.384844], "tru": [0.219416], "instaimgs": [35.0482723333, 35.3708943333], "britannica": [], "hadronid": [0.219416], "ancestrycdn": [34.8983016667, 34.7549453333], "xlirdr": [0.219416, 34.777535, 34.9562156667], "spiny": [34.6629203333, 35.2177823333], "clubready": [34.4442503333, 35.5489053333, 35.4259993333, 35.3024233333], "trackcmp": [0.219416], "flixdot": [0.219416], "4chan": [35.3170263333, 35.1179153333], "gbqofs": [35.5073283333, 62.9276866667], "cookiepro": [34.8984753333, 0.219416, 363.9019456667],