{"azureedge": [34.1097373333], "gamesrv1": [34.393236], "bac-assets": [34.6058973333, 34.2094966667, 34.3653423333], "yahoo": [34.5345086667, 34.205107], "licdn": [35.0254356667, 35.097858], "vzw": [34.1950693333], "linkedin": [34.209943], "mocospace": [34.483288], "w3schools": [34.6609836667, 38.1656583333], "paypalobjects": [52.7492133333, 52.7616143333], "office": [34.2378266667], "ebayimg": [34.3441246667], "brainpop": [34.3919426667], "jwplayer": [34.615194], "iaai": [34.3394883333], "paypal": [35.1765563333, 52.6768493333, 52.4439963333, 37.8295126667], "usps": [34.4880703333], "twitter": [34.4934133333], "twimg": [35.612201], "verizon": [34.6109813333], "msecnd": [34.1097373333], "oath": [35.3512303333], "verizonwireless": [35.5394653333], "w55c": [34.2289843333], "bizible": [34.1831026667], "aolcdn": [34.473458], "bizibly": [34.1831026667]}