{"imgix": [130.667288], "thingiverse": [34.9782263333, 34.3438966667, 34.8890056667, 34.957029, 34.9545886667, 34.8082233333], "cinemablend": [35.1508766667, 34.850396], "foxbusiness": [123.7680783333], "cbsimg": [131.0483403333], "r9cdn": [131.4118483333], "prismic": [130.667288], "medallia": [130.7885426667], "cbsnews": [131.0483403333, 34.8258466667, 34.8154713333, 131.201394, 34.2281576667, 131.4839596667, 64.3050546667], "mlbstatic": [45.3878113333, 45.3114313333], "rbl": [0.219416], "grubhub": [131.0498566667, 130.805279, 131.160732, 34.5876616667], "pcgamer": [35.1375556667, 35.0397613333, 34.928058, 38.4651056667, 131.1059013333], "cbsistatic": [131.0483403333], "thriftbooks": [131.441355, 34.961792, 34.855393, 35.2250336667, 34.5528033333], "gamespot": [133.1500436667], "ssqt": [34.3438966667, 34.8082233333, 34.957029, 34.9782263333], "redditstatic": [], "zencdn": [131.3164676667], "guim": [131.4278636667], "aetnd": [131.3139196667], "split": [0.219416], "pinterest": [35.2537126667, 34.4655206667, 34.5668756667, 34.606782, 136.7125636667], "nyt": [131.4055646667], "stackoverflow": [39.7153456667, 35.265393, 33.7978996667, 35.0622306667], "forbes": [132.3108146667, 35.3067253333, 35.097716, 34.1700423333, 0.219416, 131.190774, 34.2354956667], "cargurus": [131.2344596667, 34.9733713333, 34.8335713333, 37.213764, 36.6548626667], "ex": [0.219416, 130.8495], "paypal": [37.8295126667, 132.012872, 131.0354423333, 52.6768493333, 52.4439963333], "fandom": [34.376727, 41.425049], "swiftypecdn": [131.4477596667], "turnitin": [34.3438966667, 34.8082233333, 34.957029, 34.9782263333], "cbssports": [131.0483403333, 34.8258466667, 34.8154713333, 34.2281576667, 50.4772626667, 64.3050546667], "boltdns": [131.3392583333], "px-cdn": [131.0735496667], "pantheonsite": [34.6647723333], "ebaystatic": [131.2904356667], "slate": [34.9782263333, 34.3438966667, 130.6906793333, 34.957029, 34.8082233333], "ign": [131.7061333333, 34.936092, 34.821589, 34.632466, 35.2761043333], "dictionary": [34.3438966667, 34.8082233333, 34.957029, 34.9782263333], "disqus": [36.298674, 131.5291486667, 34.8870226667, 34.496007, 0.219416, 35.180656], "cbsi": [34.8258466667, 34.8154713333, 34.2281576667, 0.219416, 64.3050546667], "everesttech": [131.190774], "imgur": [0.219416, 34.894211, 131.1058036667], "nr-data": [0.219416], "huffingtonpost": [131.1059013333], "futurecdn": [131.1059013333], "ketchcdn": [130.8495], "braze": [0.219416, 130.6906793333], "speedcurve": [0.219416], "tiktokv": [0.219416], "pplusstatic": [48.813085], "pinimg": [34.477794, 35.4806356667, 136.7125636667], "people": [34.661846, 34.311189, 35.1229136667, 186.9285], "disquscdn": [131.190774], "goodhousekeeping": [35.3695523333, 34.6444463333, 34.2759236667, 34.43311], "squarecdn": [131.5727], "parade": [34.611714, 34.2277593333, 34.3326156667, 34.8809203333], "art19": [131.321286, 34.6491203333, 34.3867003333], "tripadvisor": [131.254009, 34.3358426667, 35.2635953333, 34.5967806667, 34.8707646667], "sfgate": [54.3639446667], "tubemogul": [0.219416], "cnn": [0.219416, 131.9814196667], "outkick": [45.7093763333], "theatlantic": [34.9782263333, 34.3438966667, 130.6906793333, 34.957029, 34.8082233333], "outbrain": [0.219416], "kayak": [35.14498, 34.965591, 36.7012053333, 34.617335], "nfltags": [131.128759], "maxpreps": [131.0483403333], "tmz": [130.8495], "asu": [34.3438966667, 34.8082233333, 34.957029, 34.9782263333], "carvana": [131.3164676667], "nike": [131.509159], "nytimes": [131.4055646667, 34.0703126667, 34.4121826667, 48.8604386667, 34.812448], "ticketm": [34.9059, 34.2862496667, 34.4498813333, 34.6494203333], "sweetwater": [34.3438966667, 34.8082233333, 34.957029, 34.9782263333], "hearstnp": [0.219416], "fastly": [131.2063553333], "reddit": [36.0836403333, 35.3792223333, 131.3217246667, 34.2175906667, 34.3094853333], "yottaa": [130.6906793333], "kahoot": [34.7071293333, 34.455666, 34.9216543333, 34.3364676667], "apps": [34.8991276667], "ignimgs": [131.7061333333], "scdn": [153.994697], "thesaurus": [34.3438966667, 34.8082233333, 34.957029, 34.9782263333], "mparticle": [0.219416], "paypalobjects": [52.7492133333, 52.7616143333], "etsy": [34.8276553333, 35.2833333333, 34.4468273333, 34.1338403333], "jwpcdn": [131.1059013333], "stripe": [130.954941, 130.9663506667, 130.6056383333, 130.158334, 130.712905], "twimg": [138.899621, 133.662871], "caffeine": [141.0693163333, 129.9109523333, 141.0489353333, 131.190774, 146.748059], "redventures": [34.643002, 35.806387, 35.5874466667, 36.7071066667], "priceline": [34.2603876667, 34.8231346667, 34.669581, 34.1552943333], "github": [140.0514016667], "twitch": [134.54564], "taboola": [0.219416, 131.1117303333], "mutinycdn": [131.6189433333], "adobeaemcloud": [130.99991], "contentstack": [131.4012266667], "cnet": [34.8423166667], "delish": [35.3695523333, 34.6444463333, 34.2759236667, 34.43311], "purina": [38.7883073333], "perfectmarket": [0.219416], "hearstapps": [131.2159706667], "klaviyo": [0.219416, 130.6906793333], "reverb": [131.3164676667], "blogherads": [0.219416], "flosports": [131.1059013333], "timeanddate": [48.0771596667, 48.397025], "pmc": [0.219416], "ticketmaster": [34.2862496667, 34.9059, 34.4498813333, 131.3076376667, 34.6494203333], "groceryserver": [131.4012266667], "khanacademy": [140.5205966667, 130.458005, 145.1561633333, 130.6043283333], "contentful": [131.190774], "jwpltx": [0.219416], "nfl": [34.7170576667, 131.128759, 35.2843996667, 34.6389393333, 34.2448833333], "therealreal": [34.2057156667, 131.6285023333], "brightcove": [131.3392583333], "chartbeat": [0.219416], "scroll": [0.219416], "guardianapis": [131.4278636667], "goodrx": [35.097716, 34.2354956667, 34.1700423333, 35.3067253333], "wfxtriggers": [0.219416], "forbesimg": [132.3108146667], "wayfair": [35.259286, 34.886282, 37.3659146667, 0.219416, 35.2609813333], "ispot": [0.219416], "sstatic": [39.7153456667, 35.265393, 33.7978996667, 35.0622306667], "rebelmouse": [130.924215], "vpsvc": [131.013415], "vidyard": [131.0919563333], "harborfreight": [38.0398823333], "cloudinary": [130.960612], "sentry-cdn": [34.7071293333, 34.455666, 34.9216543333, 34.3364676667], "w-x": [130.6906793333], "coolmathgames": [35.0024003333, 34.314045, 34.1297646667, 33.9170456667], "si": [34.611714, 34.2277593333, 34.3326156667, 34.8809203333], "tadst": [131.2320743333], "foxnews": [123.5232196667, 130.8495], "fastly-insights": [0.219416], "hdnux": [131.0368763333], "nocookie": [128.308924, 126.849648], "datas3ntinel": [130.8495], "liveperson": [131.1841743333], "kampyle": [0.219416], "twoplayergames": [130.667288], "huffpost": [131.1059013333], "belk": [34.9383756667], "redditmedia": [36.0836403333, 35.3792223333, 131.3217246667, 34.2175906667, 34.3094853333], "paramountplus": [], "yelp": [117.6914633333], "leafly": [130.667288], "nordstrom": [35.0024003333, 33.9170456667, 34.314045, 34.1297646667], "px-cloud": [131.0735496667], "blooket": [39.9909146667, 34.499889, 34.5504416667, 34.621928], "sportsdata": [130.8495], "newrelic": [0.219416], "gannettinnovation": [0.219416], "hebcdn": [130.8495], "wfcdn": [131.178747], "tsdtocl": [34.8242416667, 34.6168186667, 34.5355, 35.1716023333], "tagdelivery": [131.6130813333], "procore": [131.3164676667], "collegeboard": [130.8495], "tacdn": [130.6090686667], "officedepot": [131.013415], "target": [131.1865803333], "reverb-assets": [131.3164676667], "alaskaair": [104.2679023333], "zazzle": [35.2218436667, 34.7480116667, 33.8755553333, 34.209367], "covers": [130.667288], "crazygames": [130.667288], "bloomberg": [34.727003, 35.3637176667], "fox": [131.1706776667], "vimeocdn": [131.4646766667], "focas": [0.219416], "investopedia": [34.661846, 34.311189, 35.1229136667, 186.9285], "buzzfeed": [130.6396296667, 141.699221, 130.4047696667, 130.2695673333], "ostkcdn": [131.513307], "fetlife": [131.6189433333], "cbsaavideo": [131.2360123333, 130.7903256667], "theguardian": [34.1216693333, 34.3816906667, 41.8388423333, 34.550784], "cursecdn": [133.1500436667],