{"imgix": [66.801959, 54.189605], "thingiverse": [34.9782263333, 34.3438966667, 34.8890056667, 34.957029, 34.9545886667, 34.8082233333], "cinemablend": [35.1508766667, 34.850396], "foxbusiness": [165.3915373333], "cbsimg": [162.1844313333], "r9cdn": [35.14498, 34.965591, 34.617335, 36.7012053333], "prismic": [66.801959], "medallia": [162.215768], "cbsnews": [120.0296326667, 34.8258466667, 34.8154713333, 38.7548416667, 119.692419, 34.2281576667, 64.3050546667], "mlbstatic": [54.9675773333, 57.6857753333], "rbl": [34.3465643333, 34.6046026667, 36.0202676667, 36.273008], "grubhub": [34.313975, 36.2967883333, 34.9348853333, 35.2935236667, 33.9683063333, 35.352898, 35.1644253333, 34.5876616667, 35.852914, 34.9523653333, 34.6941023333, 34.9824683333], "pcgamer": [35.1375556667, 35.0397613333, 34.928058, 38.4651056667], "cbsistatic": [162.1844313333], "thriftbooks": [34.5528033333, 34.961792, 35.2250336667, 34.855393], "gamespot": [34.376727, 41.425049], "ssqt": [34.3438966667, 34.8082233333, 34.957029, 34.9782263333], "redditstatic": [], "zencdn": [34.455666, 34.3364676667, 34.7071293333, 34.9216543333], "guim": [34.1216693333, 41.8388423333, 34.3816906667, 34.550784], "aetnd": [34.80738, 35.0826863333, 34.310831, 34.7556063333], "split": [34.765717, 34.444826, 34.5523706667, 34.6910593333, 34.4174473333, 34.68127, 34.1444126667, 34.4873693333], "pinterest": [34.4655206667, 35.2537126667, 34.5668756667, 34.606782], "nyt": [34.0703126667, 34.812448, 48.8604386667, 34.4121826667], "stackoverflow": [39.7153456667, 35.265393, 33.7978996667, 35.0622306667], "forbes": [34.9782263333, 34.4084793333, 34.3438966667, 34.7373546667, 35.3067253333, 35.097716, 34.1700423333, 34.3540203333, 34.957029, 34.5910066667, 34.8082233333, 34.2354956667], "cargurus": [34.9733713333, 34.34053, 34.8335713333, 35.05873, 34.3296076667, 35.032565, 37.213764, 36.6548626667], "ex": [35.0024003333, 33.9170456667, 34.314045, 34.1297646667], "paypal": [35.139039, 37.8295126667, 34.708308, 34.7569393333, 52.6768493333, 35.1765563333, 52.4439963333, 34.6741163333, 35.1628313333, 34.9549183333], "fandom": [34.376727, 41.425049], "swiftypecdn": [34.3458686667, 35.0926026667, 34.9446546667, 34.4822966667], "turnitin": [34.3438966667, 34.8082233333, 34.957029, 34.9782263333], "cbssports": [34.8258466667, 34.8154713333, 54.1319656667, 34.2281576667, 162.1844313333, 64.3050546667], "boltdns": [34.194131, 38.4538673333, 34.6684233333, 34.806198], "px-cdn": [35.103366, 34.7626896667, 35.0523773333, 34.5713696667], "pantheonsite": [34.6647723333], "ebaystatic": [73.7566743333], "slate": [34.3438966667, 34.8082233333, 34.957029, 34.9782263333], "ign": [34.632466, 34.936092, 34.821589, 35.2761043333], "dictionary": [34.3438966667, 34.8082233333, 34.957029, 34.9782263333], "disqus": [36.298674, 34.8870226667, 34.496007, 35.180656, 34.6579003333, 34.3017876667, 34.2164066667, 35.2519433333], "cbsi": [34.8258466667, 34.8154713333, 34.2281576667, 162.1844313333, 64.3050546667], "everesttech": [35.3067253333, 35.097716, 34.1700423333, 34.2354956667], "imgur": [54.5423586667, 34.894211, 54.1817116667], "nr-data": [34.957121, 34.811082], "huffingtonpost": [35.1375556667, 34.928058, 38.4651056667, 35.0397613333], "futurecdn": [35.1375556667, 34.928058, 38.4651056667, 35.0397613333], "ketchcdn": [35.0024003333, 33.9170456667, 34.314045, 34.1297646667], "braze": [34.9782263333, 34.3438966667, 34.7623636667, 34.957029, 34.6433076667, 34.6808383333, 34.8082233333, 34.690289], "speedcurve": [34.455666, 34.3364676667, 34.7071293333, 34.9216543333], "tiktokv": [155.9079643333], "pplusstatic": [162.077307], "pinimg": [115.9167653333, 116.405189, 118.217341, 119.4261456667, 116.2642263333], "people": [34.311189, 35.1229136667, 34.661846, 186.9285], "disquscdn": [34.7758173333, 34.601709], "goodhousekeeping": [35.3695523333, 34.6444463333, 34.2759236667, 34.43311], "squarecdn": [34.3657693333, 34.6179393333, 34.48709, 36.2254973333], "parade": [34.611714, 34.2277593333, 34.3326156667, 34.8809203333], "art19": [34.3557423333, 35.106829, 34.6491203333, 34.3867003333], "tripadvisor": [34.435898, 34.3358426667, 35.130012, 35.2635953333, 35.4330186667, 34.5967806667, 34.6437943333, 34.8707646667], "sfgate": [54.3639446667], "tubemogul": [35.3067253333, 35.097716, 34.1700423333, 34.2354956667], "cnn": [34.494807, 34.5405116667, 36.702456, 34.2918196667, 34.2949163333, 116.208302, 38.9201746667, 34.7011516667, 35.0734896667], "outkick": [45.7093763333], "theatlantic": [34.9782263333, 34.3438966667, 34.6159973333, 34.957029, 34.528278, 34.8082233333], "outbrain": [162.776885], "kayak": [35.14498, 34.965591, 34.617335, 36.7012053333], "nfltags": [34.7170576667, 34.6389393333, 35.2843996667, 34.2448833333], "maxpreps": [162.1844313333], "tmz": [35.0024003333, 33.9170456667, 34.314045, 34.1297646667], "asu": [34.3438966667, 34.8082233333, 34.957029, 34.9782263333], "carvana": [200.2088576667, 34.957482], "nike": [119.1206053333], "nytimes": [34.0703126667, 34.812448, 48.8604386667, 34.4121826667], "ticketm": [34.2862496667, 34.4498813333, 34.9059, 34.6494203333], "sweetwater": [34.3438966667, 34.8082233333, 34.957029, 34.9782263333], "hearstnp": [34.506427, 34.600409, 34.850186, 34.4711943333], "fastly": [34.5763046667, 35.0973363333, 34.726874, 35.122796], "reddit": [36.0836403333, 35.3792223333, 34.2175906667, 34.3094853333], "yottaa": [34.3438966667, 34.8082233333, 34.957029, 34.9782263333], "kahoot": [34.455666, 34.7071293333, 34.3364676667, 34.9216543333], "apps": [34.8991276667], "ignimgs": [34.632466, 34.936092, 34.821589, 35.2761043333], "scdn": [162.2877243333], "thesaurus": [34.3438966667, 34.8082233333, 34.957029, 34.9782263333], "mparticle": [34.3438966667, 34.8082233333, 34.957029, 34.9782263333], "paypalobjects": [52.7492133333, 52.7616143333], "etsy": [34.8276553333, 35.2833333333, 34.4468273333, 34.1338403333], "jwpcdn": [35.1375556667, 34.928058, 38.4651056667, 35.0397613333], "stripe": [35.002481, 34.8228223333, 34.45941, 34.9488046667], "twimg": [161.3202103333, 62.364508], "caffeine": [165.143474, 163.7341806667, 35.3067253333, 35.097716, 34.1700423333, 158.6342106667, 34.2354956667, 164.6156643333], "redventures": [34.643002, 35.806387, 35.5874466667, 36.7071066667], "priceline": [34.2603876667, 34.8231346667, 34.669581, 34.1552943333], "github": [163.8149563333], "twitch": [161.6667586667], "taboola": [34.8242416667, 34.6168186667, 34.5355, 35.1716023333], "mutinycdn": [37.304281, 34.533574, 37.940691, 34.391485], "adobeaemcloud": [34.9656736667, 34.22307, 35.6425516667, 34.8286613333], "contentstack": [34.311189, 35.1229136667, 34.661846, 186.9285], "cnet": [34.8423166667], "delish": [35.3695523333, 34.6444463333, 34.2759236667, 34.43311], "purina": [38.7883073333], "perfectmarket": [34.8242416667, 34.6168186667, 34.5355, 35.1716023333], "hearstapps": [35.3695523333, 34.6444463333, 34.2759236667, 34.43311], "klaviyo": [34.3438966667, 34.8082233333, 34.957029, 34.9782263333], "reverb": [34.455666, 34.3364676667, 34.7071293333, 34.9216543333], "blogherads": [35.1702446667, 34.691885], "flosports": [35.1375556667, 34.928058, 38.4651056667, 35.0397613333], "timeanddate": [48.0771596667, 48.397025], "pmc": [34.455666, 34.3364676667, 34.7071293333, 34.9216543333], "ticketmaster": [34.2862496667, 34.4498813333, 34.9059, 34.6494203333], "groceryserver": [34.311189, 35.1229136667, 34.661846, 186.9285], "khanacademy": [156.9677996667, 156.577846, 164.66313], "contentful": [162.4392433333], "jwpltx": [35.1375556667, 34.928058, 38.4651056667, 35.0397613333], "nfl": [34.7170576667, 34.6389393333, 35.2843996667, 34.2448833333], "therealreal": [35.2033403333, 34.2057156667, 35.0213426667, 34.740432], "brightcove": [34.194131, 38.4538673333, 34.6684233333, 34.806198], "chartbeat": [34.935105, 126.220706, 35.0119433333, 34.6003963333], "scroll": [200.2088576667, 34.957482], "guardianapis": [34.1216693333, 41.8388423333, 34.3816906667, 34.550784], "goodrx": [35.097716, 34.2354956667, 34.1700423333, 35.3067253333],