{"imgix": [43.0969493333], "thingiverse": [34.9782263333, 34.3438966667, 34.8890056667, 34.957029, 34.9545886667, 34.8082233333], "cinemablend": [35.1508766667, 34.850396], "foxbusiness": [43.868812], "cbsimg": [42.8815846667], "r9cdn": [42.7959896667], "prismic": [43.0969493333], "medallia": [43.3878716667], "cbsnews": [34.8258466667, 34.8154713333, 42.8815846667, 34.2281576667, 64.3050546667], "mlbstatic": [43.0720626667, 42.9885686667], "rbl": [42.602922], "grubhub": [43.053194, 46.1585503333, 42.78053, 34.5876616667], "pcgamer": [43.2449956667, 35.1375556667, 35.0397613333, 34.928058, 38.4651056667], "cbsistatic": [42.8815846667], "thriftbooks": [43.2225273333, 34.855393, 34.961792, 35.2250336667, 34.5528033333], "gamespot": [42.746586], "ssqt": [34.3438966667, 34.8082233333, 34.957029, 34.9782263333], "redditstatic": [], "zencdn": [42.8056716667], "guim": [43.0698583333], "aetnd": [45.2397083333], "split": [43.2195453333, 45.4790893333], "pinterest": [34.4655206667, 35.2537126667, 34.5668756667, 34.606782, 43.099355], "nyt": [43.0970656667], "stackoverflow": [39.7153456667, 35.265393, 33.7978996667, 35.0622306667], "forbes": [43.0311043333, 42.8448156667, 35.3067253333, 35.097716, 34.1700423333, 42.912557, 34.2354956667], "cargurus": [42.9614903333, 34.9733713333, 34.8335713333, 37.213764, 36.6548626667], "ex": [43.578654], "paypal": [43.091345, 34.5282103333, 52.6768493333, 52.4439963333, 35.1765563333, 43.0020626667], "fandom": [34.376727, 41.425049], "swiftypecdn": [51.0379936667], "turnitin": [34.3438966667, 34.8082233333, 34.957029, 34.9782263333], "cbssports": [34.8258466667, 34.8154713333, 42.8815846667, 34.2281576667, 64.3050546667], "boltdns": [43.2760573333], "px-cdn": [42.760865], "pantheonsite": [34.6647723333], "ebaystatic": [40.5171153333], "slate": [34.9782263333, 42.8448156667, 34.3438966667, 34.957029, 34.8082233333], "ign": [42.978215, 34.936092, 34.821589, 34.632466, 35.2761043333], "dictionary": [34.3438966667, 34.8082233333, 34.957029, 34.9782263333], "disqus": [36.298674, 34.8870226667, 44.122066, 34.496007, 43.3658493333, 35.180656], "cbsi": [34.8258466667, 34.8154713333, 42.8815846667, 34.2281576667, 64.3050546667], "everesttech": [43.0311043333], "imgur": [34.894211, 43.1155473333], "nr-data": [34.957121, 37.2441146667], "huffingtonpost": [43.2449956667], "futurecdn": [43.2449956667], "ketchcdn": [43.578654], "braze": [43.0659136667, 42.8448156667], "speedcurve": [42.8056716667], "tiktokv": [43.6333563333], "pplusstatic": [43.0720626667], "pinimg": [48.812315, 49.0223756667, 43.099355], "people": [34.661846, 34.311189, 35.1229136667, 186.9285], "disquscdn": [43.0311043333], "goodhousekeeping": [35.3695523333, 34.6444463333, 34.2759236667, 34.43311], "squarecdn": [42.9239136667], "parade": [34.611714, 34.2277593333, 34.3326156667, 34.8809203333], "art19": [42.7453953333, 34.6491203333, 34.3867003333], "tripadvisor": [34.3358426667, 35.2635953333, 34.5967806667, 43.288928, 34.8707646667], "sfgate": [54.3639446667], "tubemogul": [43.0311043333], "cnn": [40.5990666667, 43.0026753333, 43.0492383333], "outkick": [45.7093763333], "theatlantic": [34.9782263333, 34.3438966667, 42.8448156667, 34.957029, 34.8082233333], "outbrain": [43.578654], "kayak": [35.14498, 34.965591, 36.7012053333, 34.617335], "nfltags": [43.2313536667], "maxpreps": [42.8815846667], "tmz": [43.578654], "asu": [34.3438966667, 34.8082233333, 34.957029, 34.9782263333], "carvana": [42.8056716667], "nike": [42.9793666667], "nytimes": [34.0703126667, 34.812448, 43.0970656667, 48.8604386667, 34.4121826667], "ticketm": [34.9059, 34.2862496667, 34.4498813333, 34.6494203333], "sweetwater": [34.3438966667, 34.8082233333, 34.957029, 34.9782263333], "hearstnp": [43.0896986667], "fastly": [42.9898666667], "reddit": [42.971145, 35.3792223333, 36.0836403333, 34.2175906667, 34.3094853333], "yottaa": [42.8448156667], "kahoot": [34.455666, 34.7071293333, 34.3364676667, 34.9216543333], "apps": [34.8991276667], "ignimgs": [42.978215], "scdn": [42.8131716667], "thesaurus": [34.3438966667, 34.8082233333, 34.957029, 34.9782263333], "mparticle": [34.3438966667, 34.8082233333, 34.957029, 34.9782263333], "paypalobjects": [52.7492133333, 52.7616143333], "etsy": [34.8276553333, 35.2833333333, 34.4468273333, 34.1338403333], "jwpcdn": [43.2449956667], "stripe": [132.80939, 137.0136843333, 48.8063406667, 47.731362, 48.4788176667, 136.636763, 136.8254813333, 49.034684], "twimg": [42.839641, 34.044561], "caffeine": [43.0311043333, 136.517502, 132.823776, 122.155318, 122.1573846667], "redventures": [34.643002, 35.806387, 35.5874466667, 36.7071066667], "priceline": [34.2603876667, 34.8231346667, 34.669581, 34.1552943333], "github": [61.156613], "twitch": [42.6881086667], "taboola": [43.0819156667], "mutinycdn": [43.0720626667], "adobeaemcloud": [42.975859], "contentstack": [43.4757346667], "cnet": [34.8423166667], "delish": [35.3695523333, 34.6444463333, 34.2759236667, 34.43311], "purina": [38.7883073333], "perfectmarket": [43.0819156667], "hearstapps": [43.1965343333], "klaviyo": [42.8448156667], "reverb": [42.8056716667], "blogherads": [43.4623363333], "flosports": [43.2449956667], "timeanddate": [48.0771596667, 48.397025], "pmc": [42.8056716667], "ticketmaster": [34.2862496667, 34.9059, 42.8772783333, 34.4498813333, 34.6494203333], "groceryserver": [43.4757346667], "khanacademy": [121.783401, 121.7700296667, 121.8842296667, 136.1059756667], "contentful": [43.0311043333], "jwpltx": [43.2449956667], "nfl": [34.7170576667, 35.2843996667, 43.2313536667, 34.6389393333, 34.2448833333], "therealreal": [34.2057156667, 42.7771593333], "brightcove": [43.2760573333], "chartbeat": [42.9209706667], "scroll": [42.8056716667], "guardianapis": [43.0698583333], "goodrx": [35.3067253333, 35.097716, 34.1700423333, 34.2354956667], "wfxtriggers": [43.578654], "forbesimg": [42.912557], "wayfair": [34.886282, 37.3659146667, 35.259286, 35.2609813333, 43.1054176667], "ispot": [43.578654], "sstatic": [39.7153456667, 35.265393, 33.7978996667, 35.0622306667], "rebelmouse": [42.602922], "vpsvc": [43.2033026667], "vidyard": [43.0902603333], "harborfreight": [38.0398823333], "cloudinary": [42.9016936667], "sentry-cdn": [34.7071293333, 34.455666, 34.9216543333, 34.3364676667], "w-x": [42.8448156667], "coolmathgames": [35.0024003333, 33.9170456667, 34.314045, 34.1297646667], "si": [34.611714, 34.2277593333, 34.3326156667, 34.8809203333], "tadst": [43.039431], "foxnews": [31.750384, 43.578654], "fastly-insights": [36.0160173333, 34.9509863333, 35.107885, 35.0113873333], "hdnux": [43.0896986667], "nocookie": [45.2614923333, 45.703533], "datas3ntinel": [43.578654], "liveperson": [42.9816003333], "kampyle": [43.1043406667], "twoplayergames": [43.0969493333], "huffpost": [43.2449956667], "belk": [34.9383756667], "redditmedia": [42.971145, 35.3792223333, 36.0836403333, 34.2175906667, 34.3094853333], "paramountplus": [], "yelp": [43.431702], "leafly": [43.0969493333], "nordstrom": [35.0024003333, 34.314045, 34.1297646667, 33.9170456667], "px-cloud": [42.760865], "blooket": [34.499889, 39.9909146667, 34.621928, 34.5504416667], "sportsdata": [43.578654], "newrelic": [34.5155876667, 43.4757346667], "gannettinnovation": [43.0229356667], "hebcdn": [43.578654], "wfcdn": [43.1431833333], "tsdtocl": [34.8242416667, 34.5355, 34.6168186667, 35.1716023333], "tagdelivery": [43.1630523333], "procore": [42.8056716667], "collegeboard": [43.578654], "tacdn": [43.1428716667], "officedepot": [43.2033026667], "target": [43.4031236667], "reverb-assets": [42.8056716667], "alaskaair": [104.2679023333], "zazzle": [35.2218436667, 34.7480116667, 33.8755553333, 34.209367], "covers": [43.0969493333], "crazygames": [43.0969493333], "bloomberg": [34.727003, 35.3637176667], "fox": [43.578654], "vimeocdn": [42.9919126667], "focas": [42.9382403333], "investopedia": [34.311189, 35.1229136667, 34.661846, 186.9285], "buzzfeed": [48.947977, 48.2615823333, 48.0317616667, 48.288446], "ostkcdn": [43.0461636667], "fetlife": [43.0720626667],