{"googlesyndication": [34.5342043333, 44.053861, 44.3515706667, 34.638885, 44.0443626667, 44.3558206667, 34.9198063333, 34.5434146667, 45.0582133333, 34.514083], "doubleclick": [36.2964373333, 45.0394496667, 43.856269, 48.424765, 44.585794, 44.294385, 44.347229, 44.2535673333, 44.9033506667, 44.446314, 34.7827436667, 44.6786176667, 34.6563003333, 34.6605836667, 34.620197, 37.1451096667, 43.9371496667, 34.9233313333, 44.7307553333, 36.481829, 34.8322723333], "sentry": [35.7967316667, 44.324063, 130.3482856667], "px-cloud": [39.8451166667], "33across": [34.7428933333, 34.4534773333], "media": [34.7652026667, 34.7061483333, 34.720585], "rlcdn": [34.495065, 34.725237], "zerohedge": [54.9304863333, 34.6526896667], "gstatic": [34.652609, 44.21625, 44.3328586667, 44.6290966667, 44.5485566667, 34.5948513333, 44.3995106667, 175.5599493333, 44.1816063333, 45.568777, 44.6165256667], "upsellit": [39.5387816667], "google": [48.4613636667, 44.2305436667, 44.318239, 44.3380786667, 34.716658, 44.3300646667, 44.129823, 43.856269, 34.56813, 44.3328586667, 47.0565953333, 44.2637193333, 35.7008683333, 44.585794, 44.1177346667, 51.6761773333, 45.568777, 34.664597, 44.3642106667, 44.2677543333, 44.1099563333, 34.502577, 34.4771613333, 44.3957773333, 44.21625, 48.6883796667, 44.6748626667, 34.700833, 44.362296, 45.062038, 44.3156016667, 44.4152403333, 45.5751853333, 45.4467733333, 44.3376093333, 49.1347373333, 44.0291996667, 44.4648306667, 44.88637, 44.4967066667, 44.6245556667, 44.1021926667, 45.3448523333, 34.7858326667, 44.3388443333, 44.556549, 43.9467536667, 44.506574, 44.1816063333, 34.399802, 44.6165256667, 44.032507, 44.1220683333, 44.1758286667, 61.899857, 44.4910083333, 44.0217996667, 44.2256406667, 43.999073, 44.6290966667, 34.7946516667, 47.7266413333, 34.4896276667, 44.2380043333, 44.265708, 36.481829, 44.1052296667, 45.5410003333, 44.2764836667, 34.7703003333, 44.634638], "appspot": [44.2947213333, 34.8520773333], "catschickens": [34.3460226667], "optable": [36.5319786667, 36.0012233333], "google-analytics": [34.7606043333, 34.6332486667], "quantummetric": [], "decide": [34.8176613333], "openx": [34.565237, 34.8495113333, 34.8220056667, 34.563832, 34.7216613333, 34.6324016667], "googleadservices": [44.053861, 53.1067163333, 44.2542933333, 44.3515706667], "px-client": [39.8451166667], "homedepot": [34.505982, 36.095292], "googleusercontent": [44.3558206667, 45.0582133333, 58.7097043333, 44.160232], "impactradius-event": [36.0890483333], "evitecdn": [34.1990206667, 34.4589616667], "newscgp": [36.1861356667], "tapad": [34.828795, 34.5656643333, 34.675905, 34.9335586667], "fqtag": [34.559, 34.7835443333], "newegg": [34.621928, 34.499889, 34.5504416667, 39.9909146667], "mrtnsvr": [34.445907], "belk": [57.1646276667], "farmergoldfish": [34.881901], "spotify": [34.8283963333], "prmutv": [34.5128056667], "gobranded": [34.7361566667], "breitbart": [34.5602296667], "tangycover": [34.3460226667], "doubleverify": [34.8427716667], "googleapis": [44.255015, 44.7315786667, 34.8864363333, 34.425703, 44.3613133333, 34.5883043333, 34.6700883333, 44.137944, 76.5542476667, 34.5710663333, 44.398164, 34.746151, 34.689063, 34.4369406667, 44.171835, 44.4338386667, 44.7949403333, 44.363574, 44.2901383333, 34.416363, 34.6402566667, 34.7685486667, 34.4739473333, 34.8760176667, 44.4149996667, 44.307192, 44.1063223333, 44.2253803333, 44.3617653333, 44.5811563333, 43.7917026667, 35.4418023333, 35.0089233333, 44.3145656667, 43.8372793333, 44.2380043333, 44.1554276667, 34.7192433333], "secondlife": [34.621928, 34.499889, 34.5504416667, 39.9909146667], "pagesix": [34.499889, 34.621928, 34.5504416667, 39.9909146667], "simpli": [44.5137123333, 45.4511946667, 45.009533], "vindicosuite": [34.417254], "fullstory": [34.499276, 34.52193], "apps": [35.159946], "skimresources": [35.129689, 34.5577866667, 34.519397], "squarecloudservices": [34.6694383333], "nytimes": [34.6158343333], "pluckypocket": [34.8174493333], "nervoussummer": [34.7835986667], "seoab": [35.1830763333], "fg8dgt": [56.8614143333], "shop": [34.8514093333], "t13": [34.8081983333], "solvvy": [34.707283], "ml314": [34.472639, 35.8504356667], "bc0a": [34.9154206667], "vimeocdn": [34.7112166667], "sojern": [36.8903296667], "abtasty": [34.663758], "clean": [34.8260363333], "b0e8": [34.473398], "googleoptimize": [34.600557], "stiffgame": [34.7234456667], "youtube": [44.032507, 44.1220683333, 44.2305436667, 44.3376093333, 44.3957773333, 44.4910083333, 44.129823, 44.4648306667, 47.7266413333, 44.6245556667, 44.1052296667, 44.3388443333, 44.2637193333, 44.362296, 45.5410003333, 34.95619, 44.3156016667], "chess": [34.8913153333], "googletagservices": [], "pendo": [68.2132456667], "wixmp": [34.6002496667], "brand-display": [34.7232333333], "worldstar": [34.724488], "adventurousamount": [34.7836663333], "tpmn": [40.732063], "fwpub1": [34.7422556667], "blooket": [34.621928, 34.499889, 34.8163396667, 34.3123093333, 34.5504416667, 34.620413, 39.9909146667], "the-sun": [34.621928, 34.499889, 34.5504416667, 34.4903136667, 39.9909146667], "koddi": [], "ampproject": [34.7462623333], "nypost": [34.499889, 34.621928, 34.5504416667, 39.9909146667, 34.8558793333], "fireworktv": [34.776303], "digitaleast": [34.4870976667], "cloudfunctions": [34.6888106667], "urbandictionary": [36.5153973333, 43.215788], "sift": [34.640003], "creativecdn": [36.2777383333, 34.615822], "mfadsrvr": [57.0309583333], "adstk": [56.2547706667], "kochava": [34.6884483333], "cnet": [34.8423166667], "bidswitch": [56.503984], "parastorage": [34.6561416667], "crewfire": [84.0273136667], "exitbee": [123.8165163333], "perfdrive": [40.9405726667, 34.8265993333], "playground": [34.958711], "tappx": [45.280635, 44.2499776667, 44.673573, 44.477813, 47.147771, 44.7466133333], "propel": [34.7670323333], "udimg": [34.87405], "techtarget": [34.6001013333], "exponea": [34.6501016667], "chilis": [34.73885], "bugsnag": [34.694597], "dialogflow": [35.3366603333], "adingo": [34.543348], "prepareplanes": [67.2965906667], "ggpht": [44.4188376667], "flashscore": [34.6303873333], "worldstarhiphop": [34.794698], "linksynergy": [34.588133], "plotrabbit": [34.684277], "happynumbers": [], "scribblestring": [34.684277], "embedsocial": [35.7211516667], "aswpsdkus": [38.5912366667], "stretchsquirrel": [36.929322], "concert": [34.9293673333], "boardgamegeek": [34.8070213333], "steadfastseat": [34.3460226667], "ytimg": [44.312575, 44.6167473333, 44.4709876667, 44.370555, 45.148055, 44.5173016667], "assemblyexchange": [34.6741823333], "rubyblu": [34.8417453333], "urbanairship": [38.5912366667], "chromeexperiments": [44.3874966667], "businessinsider": [34.6490876667], "evite": [], "aptrinsic": [56.340943, 34.758753], "equablekettle": [34.5266156667], "youtube-nocookie": [42.9090923333], "company-target": [34.512062], "pippio": [34.3581226667], "bounceexchange": [34.609089], "pub": [34.58054], "4dex": [34.9098463333], "marketwatch": [34.499889, 34.621928, 34.5504416667, 39.9909146667], "withgoogle": [34.6301633333], "geekdo": [34.8070213333], "mxpnl": [35.10541, 34.818516], "loopme": [127.8124736667], "pro-market": [35.3898163333], "floors": [34.7759616667], "homedepot-static": [35.0264343333], "metadsp": [131.9106016667], "instana": [34.4792743333], "btloader": [34.696715], "alphonso": [56.2547706667], "lura": [34.5519613333], "yieldoptimizer": [35.9412246667], "scaredsnakes": [67.2965906667], "ojrq": [], "srcspot": [34.5957036667], "mixpanel": [35.744134, 34.5240176667, 34.650529, 37.356912], "acsbapp": [34.7795276667, 35.405543, 35.4533496667], "mookie1": [34.6759853333], "ctnsnet": [34.7160576667], "stakingsmile": [34.3460226667], "ncaudienceexchange": [36.5153973333], "nih": [57.625299], "nondescriptnote": [34.7234456667], "zeronaught": [50.9939486667], "invitemedia": [61.899857, 44.3300646667, 48.6883796667, 44.6748626667, 44.1177346667, 44.4152403333], "coherentpath": [35.4343643333], "brightcove": [34.4903836667], "eventticketscenter": [34.499889, 34.621928, 34.5504416667, 39.9909146667],