{"googlesyndication": [34.7512236667, 34.5410316667, 34.7462623333, 38.081142, 34.9790483333, 34.638885, 36.3471256667, 34.7190613333, 34.8609303333, 34.6145533333, 34.7144886667, 34.5434146667, 34.6442316667, 34.514083, 34.6535186667], "doubleclick": [34.7590813333, 34.6563003333, 34.7827436667, 34.620197, 34.8359963333, 34.8322723333, 34.9233313333, 36.4613886667, 34.563138, 36.1565856667, 35.0640246667, 34.5224203333, 34.685485, 34.6309916667, 34.7815886667, 34.603321, 34.9032063333, 34.5929753333], "sentry": [35.7967316667, 44.324063, 130.3482856667], "px-cloud": [39.8451166667], "33across": [34.7428933333, 34.4534773333], "media": [34.7652026667, 34.7061483333, 34.720585], "rlcdn": [34.495065, 34.725237], "zerohedge": [54.9304863333, 34.6526896667], "gstatic": [54.744541, 34.8968946667, 161.0673226667, 54.908424, 34.6746993333, 34.685485], "upsellit": [39.5387816667], "google": [34.716658, 34.600557, 34.56813, 34.5762263333, 34.95619, 34.664597, 34.502577, 34.4771613333, 34.553494, 34.573975, 34.700833, 34.8760176667, 42.9090923333, 34.7858326667, 34.685485, 34.3486903333, 34.7517926667, 34.5139553333, 36.481829, 34.7703003333], "appspot": [34.583883, 34.5790373333], "catschickens": [34.3460226667], "optable": [36.5319786667, 36.0012233333], "google-analytics": [34.6683553333, 34.6926493333], "quantummetric": [], "decide": [34.8176613333], "openx": [34.565237, 34.8495113333, 34.8220056667, 34.563832, 34.7216613333, 34.6324016667], "googleadservices": [34.6699146667, 34.5929753333], "px-client": [39.8451166667], "homedepot": [34.505982, 36.095292], "googleusercontent": [34.6442316667, 34.42554, 58.7097043333, 34.560166], "impactradius-event": [36.0890483333], "evitecdn": [34.1990206667, 34.4589616667], "newscgp": [36.1861356667], "tapad": [34.828795, 34.5656643333, 34.675905, 34.9335586667], "fqtag": [34.559, 34.7835443333], "newegg": [34.499889, 34.621928, 34.5504416667, 39.9909146667], "mrtnsvr": [34.445907], "belk": [57.1646276667], "farmergoldfish": [34.881901], "spotify": [34.8283963333], "prmutv": [34.5128056667], "gobranded": [34.7361566667], "breitbart": [34.5602296667], "tangycover": [34.3460226667], "doubleverify": [34.8427716667], "googleapis": [34.5959186667, 34.425703, 34.8864363333, 34.780544, 34.8707433333, 34.9903623333, 34.5883043333, 34.6700883333, 34.6072693333, 34.5710663333, 37.4185926667, 34.746151, 34.689063, 34.4369406667, 34.626029, 34.5121306667, 34.7890976667, 34.416363, 34.6402566667, 34.4739473333, 34.7685486667, 34.8760176667, 34.610105, 35.0064546667, 34.768975, 35.4418023333, 35.0089233333, 37.4901763333, 36.462574, 34.4154083333, 35.462608, 37.8626063333, 35.0256283333, 34.7461796667, 34.7192433333], "secondlife": [34.499889, 34.621928, 34.5504416667, 39.9909146667], "pagesix": [34.621928, 34.499889, 34.5504416667, 39.9909146667], "simpli": [124.301293], "vindicosuite": [34.417254], "fullstory": [34.499276, 34.52193], "apps": [34.8294383333], "skimresources": [35.129689, 34.5577866667, 34.519397], "squarecloudservices": [34.6694383333], "nytimes": [34.6158343333], "pluckypocket": [34.8174493333], "nervoussummer": [34.7835986667], "seoab": [35.1830763333], "fg8dgt": [56.8614143333], "shop": [34.8514093333], "t13": [34.8081983333], "solvvy": [34.707283], "ml314": [34.472639, 35.8504356667], "bc0a": [34.9154206667], "vimeocdn": [34.7112166667], "sojern": [36.8903296667], "abtasty": [34.663758], "clean": [34.8260363333], "b0e8": [34.473398], "googleoptimize": [34.7946516667], "stiffgame": [34.7234456667], "youtube": [34.7858326667, 34.4771613333, 34.716658, 34.600557, 35.7008683333, 34.4896276667, 34.7946516667, 34.5762263333, 36.481829, 34.95619, 34.685485, 34.7517926667, 34.8662683333, 34.664597, 34.3704406667, 34.8057063333], "chess": [34.8913153333], "googletagservices": [], "pendo": [68.2132456667], "wixmp": [34.6002496667], "brand-display": [34.7232333333], "worldstar": [34.724488], "adventurousamount": [34.7836663333], "tpmn": [40.732063], "fwpub1": [34.7422556667], "blooket": [34.621928, 34.5504416667, 34.8163396667, 34.3123093333, 34.499889, 34.620413, 39.9909146667], "the-sun": [34.499889, 34.621928, 34.5504416667, 34.4903136667, 39.9909146667], "koddi": [], "ampproject": [34.7512236667], "nypost": [34.499889, 34.621928, 34.5504416667, 39.9909146667, 34.8558793333], "fireworktv": [34.776303], "digitaleast": [34.4870976667], "cloudfunctions": [34.6888106667], "urbandictionary": [34.8294383333, 43.215788], "sift": [34.640003], "creativecdn": [36.2777383333, 34.615822], "mfadsrvr": [57.0309583333], "adstk": [56.2547706667], "kochava": [34.6884483333], "cnet": [34.8423166667], "bidswitch": [56.503984], "parastorage": [34.6561416667], "crewfire": [84.0273136667], "exitbee": [123.8165163333], "perfdrive": [40.9405726667, 34.8265993333], "playground": [34.958711], "tappx": [44.673573, 44.2499776667, 45.2970183333, 44.477813], "propel": [34.7670323333], "udimg": [34.87405], "techtarget": [34.6001013333], "exponea": [34.6501016667], "chilis": [34.73885], "bugsnag": [34.694597], "dialogflow": [34.5534633333], "adingo": [34.543348], "prepareplanes": [67.2965906667], "ggpht": [34.514083], "flashscore": [34.6303873333], "worldstarhiphop": [34.794698], "linksynergy": [34.588133], "plotrabbit": [34.684277], "happynumbers": [], "scribblestring": [34.684277], "embedsocial": [35.7211516667], "aswpsdkus": [38.5912366667], "stretchsquirrel": [36.929322], "concert": [34.9293673333], "boardgamegeek": [34.8070213333], "steadfastseat": [34.3460226667], "ytimg": [34.7243536667, 63.8593283333, 34.63255, 34.7650793333, 34.8153503333, 34.4731196667, 34.528805, 34.4941896667, 35.0123023333, 34.8417363333, 35.6919496667, 35.453422, 34.561834, 34.505101, 34.560166], "assemblyexchange": [34.6741823333], "rubyblu": [34.8417453333], "urbanairship": [38.5912366667], "chromeexperiments": [34.7230223333], "businessinsider": [34.6490876667], "evite": [], "aptrinsic": [56.340943, 34.758753], "equablekettle": [34.5266156667], "youtube-nocookie": [34.7858326667], "company-target": [34.512062], "pippio": [34.3581226667], "bounceexchange": [34.609089], "pub": [34.58054], "4dex": [34.9098463333], "marketwatch": [34.499889, 34.621928, 34.5504416667, 39.9909146667], "withgoogle": [35.0699693333], "geekdo": [34.8070213333], "mxpnl": [35.10541, 34.818516], "loopme": [127.8124736667], "pro-market": [35.3898163333], "floors": [34.7759616667], "homedepot-static": [35.0264343333], "metadsp": [131.9106016667], "instana": [34.4792743333], "btloader": [34.696715], "alphonso": [56.2547706667], "lura": [34.5519613333], "yieldoptimizer": [35.9412246667], "scaredsnakes": [67.2965906667], "ojrq": [], "srcspot": [34.5957036667], "mixpanel": [35.744134, 34.5240176667, 34.650529, 37.356912], "acsbapp": [34.7795276667, 35.405543, 35.4533496667], "mookie1": [34.6759853333], "ctnsnet": [34.7160576667], "stakingsmile": [34.3460226667], "ncaudienceexchange": [34.4058756667], "nih": [57.625299], "nondescriptnote": [34.7234456667], "zeronaught": [50.9939486667], "invitemedia": [35.7008683333], "coherentpath": [35.4343643333], "brightcove": [34.4903836667], "eventticketscenter": [34.499889, 34.621928, 34.5504416667, 39.9909146667], "rmtag": [39.2552843333], "slgnt": [124.3763463333], "game8": [34.7689076667], "wknd": [34.609089], "gimkit": [34.499889, 34.621928, 34.5504416667, 39.9909146667], "pmc": [34.455666, 34.7071293333, 34.3364676667, 34.9216543333]}