{"googlesyndication": [134.211416, 133.8354673333, 133.341619, 0.219416, 129.679715], "doubleclick": [0.219416, 133.9574136667, 134.0748776667, 130.9407603333], "sentry": [35.7967316667, 44.324063, 130.3482856667], "px-cloud": [0.219416, 39.8451166667], "33across": [34.7428933333, 34.4534773333], "media": [0.219416, 34.7061483333, 34.7652026667], "rlcdn": [0.219416], "zerohedge": [54.9304863333, 34.6526896667], "gstatic": [133.711234, 130.0514156667, 134.178786, 134.005367, 0.219416], "upsellit": [0.219416], "google": [129.7388283333, 134.178786, 140.7816666667, 133.8942296667, 133.9249106667, 133.3037663333, 129.5901223333, 133.8678943333, 134.6157613333, 0.219416, 133.8232243333, 129.919671], "appspot": [133.9033193333, 133.3796313333], "catschickens": [0.219416], "optable": [36.5319786667, 36.0012233333], "google-analytics": [0.219416], "quantummetric": [], "decide": [0.219416], "openx": [34.8495113333, 34.565237, 34.563832, 0.219416, 34.6324016667], "googleadservices": [0.219416], "px-client": [39.8451166667], "homedepot": [34.505982, 36.095292], "googleusercontent": [131.977136, 133.341619, 58.7097043333, 134.436963], "impactradius-event": [0.219416], "evitecdn": [34.1990206667, 34.4589616667], "newscgp": [0.219416], "tapad": [0.219416, 34.675905, 34.9335586667], "fqtag": [0.219416], "newegg": [0.219416], "mrtnsvr": [0.219416], "belk": [57.1646276667], "farmergoldfish": [0.219416], "spotify": [0.219416, 34.8283963333], "prmutv": [34.5128056667], "gobranded": [34.7361566667], "breitbart": [34.5602296667], "tangycover": [34.3460226667], "doubleverify": [0.219416, 34.8427716667], "googleapis": [133.6494663333, 129.638304, 136.4233493333, 133.9301813333, 134.6157613333, 133.650555, 133.5614306667], "secondlife": [34.499889, 34.621928, 34.5504416667, 39.9909146667], "pagesix": [34.621928, 34.499889, 34.5504416667, 39.9909146667], "simpli": [0.219416], "vindicosuite": [0.219416], "fullstory": [34.499276, 34.52193], "apps": [129.769181], "skimresources": [0.219416], "squarecloudservices": [34.6694383333], "nytimes": [34.6158343333], "pluckypocket": [0.219416], "nervoussummer": [0.219416], "seoab": [0.219416], "fg8dgt": [56.8614143333], "shop": [34.8514093333], "t13": [0.219416], "solvvy": [34.707283], "ml314": [0.219416, 34.472639], "bc0a": [34.9154206667], "vimeocdn": [0.219416], "sojern": [0.219416], "abtasty": [0.219416], "clean": [0.219416], "b0e8": [34.473398], "googleoptimize": [0.219416], "stiffgame": [0.219416], "youtube": [129.919671, 138.1347423333, 129.5347403333, 130.1512076667, 129.893713, 129.5901223333, 130.0122483333, 130.187688, 129.9208213333, 130.0893313333, 159.8808366667, 129.6417603333, 130.0238633333, 133.8232243333, 129.5854353333, 130.831749, 129.5318646667], "chess": [34.8913153333], "googletagservices": [0.219416], "pendo": [68.2132456667], "wixmp": [34.6002496667], "brand-display": [0.219416], "worldstar": [34.724488], "adventurousamount": [34.7836663333], "tpmn": [40.732063], "fwpub1": [34.7422556667], "blooket": [34.621928, 34.5504416667, 34.8163396667, 34.3123093333, 34.499889, 34.620413, 39.9909146667], "the-sun": [34.621928, 34.499889, 34.5504416667, 34.4903136667, 39.9909146667], "koddi": [126.0519356667], "ampproject": [133.4113816667], "nypost": [34.621928, 34.499889, 34.5504416667, 39.9909146667, 34.8558793333], "fireworktv": [34.776303], "digitaleast": [34.4870976667], "cloudfunctions": [34.6888106667], "urbandictionary": [43.215788, 133.687886], "sift": [34.640003], "creativecdn": [36.2777383333, 34.615822], "mfadsrvr": [0.219416], "adstk": [56.2547706667], "kochava": [0.219416], "cnet": [34.8423166667], "bidswitch": [0.219416], "parastorage": [34.6561416667], "crewfire": [84.0273136667], "exitbee": [123.8165163333], "perfdrive": [40.9405726667, 34.8265993333], "playground": [0.219416], "tappx": [0.219416], "propel": [34.7670323333], "udimg": [0.219416], "techtarget": [34.6001013333], "exponea": [34.6501016667], "chilis": [34.73885], "bugsnag": [0.219416], "dialogflow": [137.8351426667], "adingo": [0.219416], "prepareplanes": [0.219416], "ggpht": [132.6205823333], "flashscore": [34.6303873333], "worldstarhiphop": [34.794698], "linksynergy": [34.588133], "plotrabbit": [0.219416], "happynumbers": [], "scribblestring": [0.219416], "embedsocial": [35.7211516667], "aswpsdkus": [0.219416], "stretchsquirrel": [0.219416], "concert": [0.219416], "boardgamegeek": [34.8070213333], "steadfastseat": [0.219416], "ytimg": [134.2920726667, 140.4881876667, 134.130792, 134.436963], "assemblyexchange": [34.6741823333], "rubyblu": [34.8417453333], "urbanairship": [0.219416], "chromeexperiments": [133.574995], "businessinsider": [34.6490876667], "evite": [], "aptrinsic": [56.340943, 34.758753], "equablekettle": [34.5266156667], "youtube-nocookie": [133.8942296667], "company-target": [34.512062], "pippio": [0.219416], "bounceexchange": [0.219416], "pub": [0.219416], "4dex": [0.219416], "marketwatch": [34.621928, 34.499889, 34.5504416667, 39.9909146667], "withgoogle": [134.2364833333], "geekdo": [34.8070213333], "mxpnl": [0.219416], "loopme": [0.219416], "pro-market": [0.219416], "floors": [34.7759616667], "homedepot-static": [35.0264343333], "metadsp": [131.9106016667], "instana": [0.219416], "btloader": [0.219416], "alphonso": [0.219416], "lura": [34.5519613333], "yieldoptimizer": [0.219416], "scaredsnakes": [0.219416], "ojrq": [0.219416], "srcspot": [34.5957036667], "mixpanel": [0.219416], "acsbapp": [0.219416], "mookie1": [0.219416], "ctnsnet": [34.7160576667], "stakingsmile": [0.219416], "ncaudienceexchange": [0.219416], "nih": [57.625299], "nondescriptnote": [0.219416], "zeronaught": [50.9939486667], "invitemedia": [0.219416], "coherentpath": [0.219416], "brightcove": [0.219416], "eventticketscenter": [34.499889, 34.621928, 34.5504416667, 39.9909146667], "rmtag": [0.219416], "slgnt": [0.219416], "game8": [34.7689076667], "wknd": [0.219416], "gimkit": [34.621928, 34.499889, 34.5504416667, 39.9909146667], "pmc": [0.219416]}