{"googlesyndication": [163.6234776667, 163.8687033333, 165.585912, 163.5897396667, 163.7161736667], "doubleclick": [162.8931656667, 163.5865413333, 163.6619023333, 163.307132, 163.7620806667, 163.263487, 163.8478013333, 163.7733853333, 163.6313596667, 166.3219563333], "sentry": [35.7967316667, 44.324063, 130.3482856667], "px-cloud": [39.8451166667], "33across": [34.7428933333, 34.4534773333], "media": [34.7652026667, 34.7061483333, 34.720585], "rlcdn": [34.495065, 34.725237], "zerohedge": [54.9304863333, 34.6526896667], "gstatic": [34.6057623333, 163.7637333333, 163.791296, 162.4990383333, 163.6334843333], "upsellit": [39.5387816667], "google": [163.7450626667, 163.5234943333, 162.9356973333, 34.56813, 163.733727, 162.9865073333, 34.502577, 34.700833, 163.0295526667, 164.4153336667, 162.963123, 163.8250223333, 163.64735, 164.9165376667, 163.151304, 163.765786, 163.4927113333, 163.627484, 162.6453333333, 164.0900323333, 163.1424056667, 164.871184, 180.838459, 34.7703003333], "appspot": [166.476157, 163.9762776667], "catschickens": [34.3460226667], "optable": [36.5319786667, 36.0012233333], "google-analytics": [165.023487, 163.5491196667], "quantummetric": [], "decide": [34.8176613333], "openx": [34.565237, 34.8495113333, 34.8220056667, 34.563832, 34.7216613333, 34.6324016667], "googleadservices": [163.5897396667, 163.9410893333], "px-client": [39.8451166667], "homedepot": [34.505982, 36.095292], "googleusercontent": [163.5948036667, 58.7097043333, 164.101122, 162.9714706667], "impactradius-event": [36.0890483333], "evitecdn": [34.1990206667, 34.4589616667], "newscgp": [36.1861356667], "tapad": [34.828795, 34.5656643333, 34.675905, 34.9335586667], "fqtag": [34.559, 34.7835443333], "newegg": [34.621928, 34.499889, 34.5504416667, 39.9909146667], "mrtnsvr": [34.445907], "belk": [57.1646276667], "farmergoldfish": [34.881901], "spotify": [34.8283963333], "prmutv": [34.5128056667], "gobranded": [34.7361566667], "breitbart": [34.5602296667], "tangycover": [34.3460226667], "doubleverify": [34.8427716667], "googleapis": [163.5825073333, 163.887514, 163.7524516667, 163.835567, 163.1369373333, 163.747976, 163.7972613333, 163.3252883333, 162.7692556667, 164.0101496667, 162.6022646667, 195.1343956667, 162.745088, 164.2035076667, 164.2076493333, 164.7718663333, 163.877191, 163.5591706667, 163.1862566667, 163.907333, 169.4678206667, 163.1424056667, 163.462419, 163.963923, 166.2345326667, 164.777994, 162.8113353333, 162.7293883333, 163.9557606667, 164.2154126667, 163.499977, 173.31604, 163.8167223333, 163.1745536667, 163.696386, 164.1776293333, 163.6966246667, 162.9560756667, 163.815885, 163.509952, 162.7594033333, 162.4539213333, 165.3612623333, 163.6840713333, 163.8211646667, 163.833839, 165.106643, 164.1669453333, 163.652599, 162.761528], "secondlife": [34.621928, 34.499889, 34.5504416667, 39.9909146667], "pagesix": [34.499889, 34.621928, 34.5504416667, 39.9909146667], "simpli": [44.8340806667, 44.5628746667, 45.191331], "vindicosuite": [34.417254], "fullstory": [34.499276, 34.52193], "apps": [163.756147], "skimresources": [35.129689, 34.5577866667, 34.519397], "squarecloudservices": [34.6694383333], "nytimes": [34.6158343333], "pluckypocket": [34.8174493333], "nervoussummer": [34.7835986667], "seoab": [35.1830763333], "fg8dgt": [56.8614143333], "shop": [34.8514093333], "t13": [34.8081983333], "solvvy": [34.707283], "ml314": [34.472639, 35.8504356667], "bc0a": [34.9154206667], "vimeocdn": [34.7112166667], "sojern": [36.8903296667], "abtasty": [34.663758], "clean": [34.8260363333], "b0e8": [34.473398], "googleoptimize": [164.3980033333], "stiffgame": [34.7234456667], "youtube": [163.7450626667, 163.215778, 162.573191, 163.627484, 162.6453333333, 165.3068576667, 162.826117, 164.3504143333, 164.9165376667, 164.4153336667, 164.0900323333, 164.7806833333, 164.3980033333, 163.5620013333, 162.963123, 163.5723893333], "chess": [34.8913153333], "googletagservices": [], "pendo": [68.2132456667], "wixmp": [34.6002496667], "brand-display": [34.7232333333], "worldstar": [34.724488], "adventurousamount": [34.7836663333], "tpmn": [40.732063], "fwpub1": [34.7422556667], "blooket": [34.621928, 34.5504416667, 34.8163396667, 34.3123093333, 34.499889, 34.620413, 39.9909146667], "the-sun": [34.499889, 34.621928, 34.5504416667, 34.4903136667, 39.9909146667], "koddi": [], "ampproject": [163.063891], "nypost": [34.621928, 34.499889, 34.5504416667, 39.9909146667, 34.8558793333], "fireworktv": [34.776303], "digitaleast": [34.4870976667], "cloudfunctions": [34.6888106667], "urbandictionary": [163.756147, 43.215788], "sift": [34.640003], "creativecdn": [36.2777383333, 34.615822], "mfadsrvr": [57.0309583333], "adstk": [56.2547706667], "kochava": [34.6884483333], "cnet": [34.8423166667], "bidswitch": [56.503984], "parastorage": [34.6561416667], "crewfire": [84.0273136667], "exitbee": [123.8165163333], "perfdrive": [40.9405726667, 34.8265993333], "playground": [34.958711], "tappx": [45.30626, 45.3227936667, 45.0144206667, 44.6056573333], "propel": [34.7670323333], "udimg": [34.87405], "techtarget": [34.6001013333], "exponea": [34.6501016667], "chilis": [34.73885], "bugsnag": [34.694597], "dialogflow": [163.791296], "adingo": [34.543348], "prepareplanes": [67.2965906667], "ggpht": [163.6201603333], "flashscore": [34.6303873333], "worldstarhiphop": [34.794698], "linksynergy": [34.588133], "plotrabbit": [34.684277], "happynumbers": [], "scribblestring": [34.684277], "embedsocial": [35.7211516667], "aswpsdkus": [38.5912366667], "stretchsquirrel": [36.929322], "concert": [34.9293673333], "boardgamegeek": [34.8070213333], "steadfastseat": [34.3460226667], "ytimg": [165.1650986667, 163.5850886667, 163.0911743333, 164.039978, 189.7367123333, 162.5682856667, 163.6935413333, 163.1553366667, 163.3022943333, 164.0729686667, 163.2167623333, 163.5067003333, 163.6442753333, 163.3592126667, 163.8817293333, 162.7765146667], "assemblyexchange": [34.6741823333], "rubyblu": [34.8417453333], "urbanairship": [38.5912366667], "chromeexperiments": [163.6693033333], "businessinsider": [34.6490876667], "evite": [], "aptrinsic": [56.340943, 34.758753], "equablekettle": [34.5266156667], "youtube-nocookie": [164.871184], "company-target": [34.512062], "pippio": [34.3581226667], "bounceexchange": [34.609089], "pub": [34.58054], "4dex": [34.9098463333], "marketwatch": [34.621928, 34.499889, 34.5504416667, 39.9909146667], "withgoogle": [163.048045], "geekdo": [34.8070213333], "mxpnl": [34.818516, 35.10541], "loopme": [127.8124736667], "pro-market": [35.3898163333], "floors": [34.7759616667], "homedepot-static": [35.0264343333], "metadsp": [131.9106016667], "instana": [34.4792743333], "btloader": [34.696715], "alphonso": [56.2547706667], "lura": [34.5519613333], "yieldoptimizer": [34.8269796667], "scaredsnakes": [67.2965906667], "ojrq": [], "srcspot": [34.5957036667], "mixpanel": [35.744134, 34.5240176667, 34.650529, 37.356912], "acsbapp": [34.7795276667, 35.405543, 35.4533496667], "mookie1": [34.6759853333], "ctnsnet": [34.7160576667], "stakingsmile": [34.3460226667], "ncaudienceexchange": [163.756147], "nih": [57.625299], "nondescriptnote": [34.7234456667], "zeronaught": [50.9939486667], "invitemedia": [164.9165376667], "coherentpath": [35.4343643333], "brightcove": [34.4903836667], "eventticketscenter": [34.621928, 34.499889, 34.5504416667, 39.9909146667], "rmtag": [39.2552843333], "slgnt": [124.3763463333], "game8": [34.7689076667], "wknd": [34.609089], "gimkit": [34.621928, 34.499889, 34.5504416667, 39.9909146667], "pmc": [34.455666, 34.7071293333, 34.3364676667, 34.9216543333]}