{"yahoo": [66.1149903333, 61.4992586667, 87.4642753333, 220.8709416667, 46.2939096667, 57.899994, 66.0660343333, 61.9330236667, 219.9070476667, 186.779406, 57.1494856667, 186.3857686667, 185.0119016667, 61.40426, 184.5819016667, 64.5031663333, 62.2783353333, 61.7175216667, 48.7765913333, 57.706041, 87.4510043333, 62.0448786667], "yahoodns": [131.4917196667, 149.0293833333, 67.3150936667, 294.0295883333, 118.2777073333, 58.7063046667, 53.828679, 87.808317], "yahoosandbox": [186.779406, 185.0119016667, 184.5819016667, 186.3857686667], "aol": [219.9070476667, 220.8709416667, 64.5031663333]}