{"holidaycheck": [1.0548503333, 0.665482], "wdr": [6.341644, 0.777939, 4.303092], "tagesschau": [1.0386233333], "aliexpress": [0.783126], "edgekey": [0.768868, 33.387185], "traum-ferienwohnungen": [7.3682606667, 1.185281, 0.8411943333], "steamstatic": [9.0837173333, 8.8178166667], "yotpo": [0.810208], "sportschau": [33.3214056667, 6.5286186667, 0.557654], "ebay": [9.559503, 1.0334656667, 8.8937626667, 8.838032], "ttwstatic": [9.055009, 8.8732286667, 0.764989, 10.1476546667, 8.850785, 1.0869346667], "ullapopken": [1.2155773333, 0.767445, 2.6751706667, 8.9826406667, 0.864201], "scene7": [21.7248433333, 8.8269563333, 0.8027243333], "muscache": [0.813925, 0.885786], "akamaihd": [0.7868166667, 0.9796533333, 9.054516, 0.828054, 8.7905126667, 0.738048, 0.780253, 8.8413213333, 0.8232286667, 9.1422543333, 0.861211, 0.8269893333, 8.7829676667, 0.7413243333, 0.8357726667, 0.721537, 0.988657, 8.8338536667], "computerbild": [18.10842], "casalemedia": [0.857911], "nike": [1.106269, 10.0985153333, 1.2276436667, 0.886195, 10.0853083333, 0.9792783333, 1.0763566667, 10.041391, 0.86914, 10.0879156667, 0.9049773333, 1.7901216667, 9.0914406667], "gigya": [1.218161], "bbci": [6.697704, 15.4089193333, 3.0351433333, 0.82816], "akamaized": [0.9796533333, 0.812133, 0.8020696667, 0.8792836667, 1.222041, 15.4248326667, 10.6888023333, 15.6101033333, 12.5941933333, 0.794223, 0.877282, 0.954548], "pinimg": [0.7948793333, 0.8808393333], "jysk": [8.8101696667, 8.7842453333], "immonet": [9.0988493333, 2.103484], "connextra": [0.827557], "tchibo": [0.4156683333], "turn": [10.1576383333, 9.7843066667], "amplience": [0.9182283333, 0.8411943333], "gamesassists": [3.628077, 0.8414386667], "bildstatic": [0.8782356667, 0.8318083333, 0.793091, 35.8408713333, 1.2358363333], "alicdn": [1.4482406667, 0.783126, 1.6320453333], "homeaway": [0.8164396667, 0.9146653333, 0.81639, 1.2743333333], "rightinthebox": [0.996302, 35.8408713333], "focus": [8.887259, 8.823585, 0.8992646667, 1.3317753333, 9.020627, 0.820091, 0.885786, 8.845781], "ran": [1.096238], "bonprix": [17.9736906667, 0.8538083333], "eurosport": [0.9618606667, 1.217846, 0.827877], "71i": [0.8178716667], "kleinanzeigen": [0.9682876667, 0.829711, 0.7645446667], "baby-walz": [0.8100643333, 0.8821596667, 5.4630226667], "apple": [1.354502, 0.9142053333], "pinterest": [8.82173], "stepstone": [9.0422293333], "tipico": [0.7969006667], "projectagoraservices": [0.737641, 0.8160616667], "br": [6.7327746667, 0.8293026667], "6sc": [8.8928076667, 0.88856, 9.041071, 8.8401803333, 8.8056696667, 0.947057, 8.8252633333, 9.104297], "chip": [8.8224706667, 0.708923, 0.7921776667, 9.0896083333, 1.0652483333, 0.8180243333, 0.7415693333, 1.0475813333], "bluekai": [0.8135243333], "byteoversea": [0.8091893333, 0.9024863333, 1.227735, 1.3628586667, 0.780253, 0.7928883333, 1.2473926667, 0.8676993333, 0.892976, 1.3943166667, 0.801985, 1.1222586667, 1.1473276667, 0.812133, 0.8020696667, 0.7495733333, 1.1340526667, 1.3486263333, 0.9182283333, 1.0488726667, 0.8042623333, 1.010986, 0.837486, 0.974668, 0.940781, 1.2130183333, 1.0475813333], "rbxcdn": [8.892806, 9.0570463333], "bahn": [36.910842], "adpushup": [0.771788, 0.974668], "cxense": [8.7461293333], "shein": [0.7704443333, 0.7195866667, 8.8308056667, 0.839656, 0.827256, 8.7698893333, 8.8183906667, 0.7862963333, 9.0651033333, 1.283499, 9.016792, 9.0665266667, 8.8101696667, 8.7664486667, 8.8011016667, 0.7747366667, 0.9601123333, 0.6762346667], "grouponcdn": [0.913277, 0.835178, 0.810808], "line-scdn": [0.8384543333], "welt": [0.737641, 0.7575883333, 16.4824396667], "linodeobjects": [0.9191903333, 0.7773873333, 1.4948486667, 2.33284, 1.0020236667, 0.8015243333], "etsy": [0.726667, 0.654805, 0.8218616667, 1.388547], "cookiebot": [0.7770223333, 0.770029, 0.7610033333], "finanzen": [7.821727, 0.8550956667, 0.9663856667], "bunte": [], "abendblatt": [12.9392903333, 13.9175286667], "mzstatic": [0.9524686667, 1.1603566667, 8.887124], "sascdn": [8.7807763333, 8.8904733333], "hstrck": [21.547714], "brightcove": [0.851116], "tiktok": [0.771788, 0.8821596667, 0.7862653333, 0.7914473333, 0.8046816667, 9.145349, 0.8951763333, 0.740265, 10.0879156667, 0.734197, 10.1188716667, 0.883485, 10.274073, 0.996302, 0.7847646667, 1.222041, 0.9629043333, 10.0850863333, 0.8236673333, 0.7398523333, 0.794223, 0.864201, 9.0308566667], "s-microsoft": [0.8568916667], "microsoft": [144.7969726667, 260.8452166667, 109.4409476667, 1.081795, 84.7341386667, 7.451299, 0.9157156667, 0.814641, 1.3202946667], "office365": [0.8788466667, 0.791446], "jdplc": [8.8991126667], "convertexperiments": [0.9949753333], "tvspielfilm": [0.925896, 0.7544713333], "fussball": [0.9800393333, 0.9182283333], "moatads": [21.3835416667], "groupondata": [0.9881936667], "deutschlandfunk": [0.7810143333, 1.1277493333, 1.705958], "ndr": [1.0950586667], "smartadserver": [15.7118846667, 15.7259613333, 15.8713803333, 15.694471, 15.5359836667, 15.659418], "express": [1.0075686667, 1.046495], "stickyadstv": [9.5654836667, 9.07194], "emsservice": [0.945251, 0.883502], "everesttech": [], "lufthansa": [6.417688], "asadcdn": [], "bild": [0.8782356667, 0.825705, 1.0106283333, 1.0373973333, 35.8408713333, 1.0818306667], "ci-aldi": [1.1154296667, 0.9663856667], "computer-bild": [0.8218746667, 0.8131773333], "adobetarget": [0.8294106667], "essen-und-trinken": [0.9828963333, 0.7064396667], "rubiconproject": [9.428318, 9.49932, 9.8737136667, 9.4423, 10.231257, 10.393209, 0.9860743333, 0.777852, 9.5541286667, 10.049114], "cloudinary": [9.0386776667, 0.970535, 0.7976323333], "bz-berlin": [0.980691, 0.883485, 1.2012746667, 2.6751706667], "ui-portal": [21.3768743333, 0.8051213333], "gmx": [0.8051213333], "fastclick": [23.0507233333], "optimizely": [0.9010206667, 33.3495436667, 8.946171], "adobedtm": [0.9327713333], "static-bahn": [0.8821596667, 0.88856], "adform": [], "ancestrycdn": [4.3753883333, 0.815178, 1.1530853333], "bfgcdn": [0.544671], "dhl": [6.315037, 0.9524333333], "nikecdn": [0.9760456667, 0.9040663333], "contentlounge": [0.875711, 0.8437213333], "swr3": [0.744177], "uicdn": [0.8051213333], "lvz": [], "studydrive": [], "licdn": [0.750393, 0.8311086667], "metro": [1.0267573333, 0.892976], "tiktokcdn": [8.8732286667, 9.1182383333, 8.8039233333], "tiqcdn": [0.94828, 1.0092866667], "mdr": [1.2725256667], "media": [1.1594683333, 0.8181963333, 0.7792836667], "tui": [0.609907, 0.8982766667], "office": [0.9274186667, 8.96922], "samsung": [0.79795], "mobile": [1.2555666667, 7.471094, 1.0195916667], "ebay-kleinanzeigen": [0.8290886667, 1.0929766667, 0.667476, 0.829711, 0.6069676667], "bbc": [0.82816, 3.5942383333, 3.0351433333], "spox": [0.8782356667, 1.0533246667, 0.930675, 2.3921666667], "nintendo": [0.818699, 16.813686, 8.793815], "outbrain": [21.439234, 0.9550096667, 9.555073], "tripadvisor": [8.8385333333, 0.697383, 0.6688683333, 0.8943493333, 1.0431883333], "ikea": [0.837254], "lightinthebox": [0.9946123333, 35.8408713333, 0.836916, 0.996302], "ardmediathek": [0.744177, 14.3097563333], "tacdn": [6.2782793333], "cxpublic": [0.9133473333], "evidon": [0.904897, 0.88856], "brigitte": [0.8728626667, 1.0943613333], "deichmann": [1.0224093333, 0.9387893333], "transfermarkt": [1.1027283333, 1.0637826667], "sportbuzzer": [1.0737363333, 0.9691286667], "edeka": [0.9954256667, 0.9923766667, 1.0367956667, 1.330782], "tiktokv": [1.087975, 32.4956193333, 0.9691286667, 0.749446, 0.8164073333, 0.9682876667, 0.9834813333, 0.7064396667, 0.735507], "faz": [0.865439], "rtl": [0.80805, 10.0400483333], "anrdoezrs": [], "guj": [0.9271196667, 0.879266], "akamai": [0.785416, 1.070058, 40.224576], "trivago": [8.8647836667], "southpark": [], "etsystatic": [9.159256, 8.7954313333], "idealo": [6.6808356667, 6.4556806667, 0.8437213333, 1.3628586667], "pubmatic": [0.790363], "addthis": [0.85077, 9.0794143333], "hm": [9.0401883333], "motor-talk": [0.891022, 1.0470146667], "cdnsh": [0.8587056667, 1.200384], "clmbtech": [0.6550466667, 1.1473276667, 0.6762346667, 0.8876433333],