{"holidaycheck": [0.6774216667, 0.6931203333, 0.6849083333, 0.9174596667, 1.0548503333], "wdr": [18.632512, 0.777939], "tagesschau": [1.0386233333], "aliexpress": [0.7957133333, 0.783126], "edgekey": [0.768868, 18.6288436667], "traum-ferienwohnungen": [7.3682606667, 0.8411943333, 1.185281], "steamstatic": [1.0270223333, 1.114369], "yotpo": [0.810208], "sportschau": [19.0869653333, 0.557654, 4.0192416667], "ebay": [0.792367, 0.7714166667, 1.0334656667, 0.6287483333, 0.859372], "ttwstatic": [9.8246743333, 9.929763, 18.65577, 3.7684833333, 18.6883116667, 3.9325113333], "ullapopken": [0.8043036667, 0.8427906667, 0.7852313333, 0.8700123333, 0.992839], "scene7": [0.9604003333, 0.3854823333, 0.8027243333], "muscache": [0.813925, 1.010986, 0.947057, 0.88856], "akamaihd": [0.885635, 0.8043036667, 0.8896553333, 0.7976663333, 1.147422, 0.8427906667, 0.7993286667, 0.8717543333, 0.7547346667, 0.9203436667, 0.998969, 0.831385, 0.8206226667, 1.0271686667, 0.9979033333, 1.435201], "computerbild": [18.10842], "casalemedia": [0.857911], "nike": [0.886195, 0.821525, 0.6387203333, 1.2276436667, 0.8684406667, 0.901816, 0.86914, 0.7580253333, 1.253658, 10.4532703333, 0.94632, 1.106269, 10.0198106667, 0.709055, 0.8290453333, 0.9049773333, 0.8624556667, 1.1088813333, 0.8646176667, 10.0182296667, 1.7901216667], "gigya": [1.218161, 1.2056526667], "bbci": [9.0224006667, 0.82816], "akamaized": [0.8051943333, 0.8427906667, 1.3482266667, 0.8700123333, 0.7852313333, 0.884361, 1.0344223333, 0.7732876667, 0.859791, 1.355331, 0.8958433333], "pinimg": [0.6461503333], "jysk": [0.8100643333, 0.996302], "immonet": [0.959775, 2.103484], "connextra": [0.827557], "tchibo": [0.4156683333], "turn": [10.1576383333, 9.7843066667], "amplience": [0.9182283333, 0.8411943333], "gamesassists": [0.8414386667], "bildstatic": [0.8100643333, 0.8782356667, 0.8821596667, 0.8318083333, 35.8408713333, 1.0267573333, 0.875711, 0.8063183333, 0.813925, 1.0573833333], "alicdn": [1.4482406667, 0.783126, 1.6320453333], "homeaway": [0.8164396667, 0.9146653333], "rightinthebox": [35.8408713333, 0.996302], "focus": [0.8026826667, 0.8821596667, 0.9182283333, 1.3317753333, 1.348251, 0.758938, 0.8018246667, 0.875711, 0.885786], "ran": [1.096238], "bonprix": [17.9736906667, 0.8538083333], "eurosport": [0.9618606667, 1.217846], "71i": [0.8178716667], "kleinanzeigen": [0.8957246667, 0.7495733333, 0.8661416667, 1.0449273333, 1.348251, 0.829711, 0.883502, 0.885786, 2.3921666667, 1.1222586667], "baby-walz": [0.8100643333, 0.8821596667, 5.4630226667], "apple": [1.354502, 0.9142053333], "pinterest": [0.6461503333], "stepstone": [0.8750843333], "tipico": [0.7969006667], "projectagoraservices": [0.7694063333, 0.7720386667], "br": [6.7327746667, 18.6260203333], "6sc": [0.839513, 0.947057, 1.070271, 0.88856], "chip": [0.904897, 0.8100643333, 0.7921776667, 0.8684406667, 0.999463, 1.0475813333, 0.8452626667, 1.1222586667], "bluekai": [0.8135243333], "byteoversea": [0.6603456667, 0.4073623333, 0.6365533333, 0.435635, 1.0219466667, 1.355331, 0.857512, 0.930874, 0.9976583333, 0.8957246667, 0.997729, 0.8424083333, 0.3655686667, 0.8452626667, 1.193658, 0.6722313333, 0.8751256667, 0.962071, 0.885786, 0.8359906667, 0.8198973333, 1.0000416667, 1.0516503333, 0.8187683333, 0.9253196667, 1.2428743333, 0.5074696667], "rbxcdn": [0.8236673333, 0.974668], "bahn": [36.910842], "adpushup": [1.1854103333, 0.9979033333], "cxense": [1.0715996667], "shein": [0.8198973333, 1.2042033333, 0.8100643333, 0.8821596667, 0.8187683333, 0.9160243333, 0.9976583333, 0.904586, 1.0267573333, 0.8300573333, 1.1154296667, 0.9049773333, 0.996302, 2.3921666667], "grouponcdn": [0.913277, 0.835178], "line-scdn": [0.8384543333], "welt": [1.1783813333, 1.2149326667, 16.4824396667], "linodeobjects": [0.9191903333, 0.7773873333, 2.33284, 1.4948486667, 1.0020236667, 0.8015243333], "etsy": [0.726667, 0.8218616667, 0.654805, 1.388547], "cookiebot": [0.7770223333, 0.9800393333, 1.009276], "finanzen": [0.875711, 7.821727, 0.7968443333], "bunte": [], "abendblatt": [1.1427733333, 0.793091], "mzstatic": [0.9524686667, 0.8107773333], "sascdn": [0.7993286667, 0.869082], "hstrck": [3.7992733333], "brightcove": [0.851116], "tiktok": [0.7921776667, 0.784535, 1.3482266667, 0.8418303333, 0.9898693333, 0.892976, 1.355331, 0.947057, 1.0219466667, 0.8683343333, 0.8554286667, 0.8292746667, 10.4166226667, 0.8661416667, 0.7831013333, 0.9546843333, 1.185281, 0.8298716667, 0.945251, 0.831762, 10.6427756667, 0.8751256667, 0.962071, 0.892536, 0.7940483333, 1.539282, 1.0000416667, 1.0516503333, 10.4412423333, 35.8408713333, 1.1946053333, 1.0475813333, 2.0573726667], "s-microsoft": [0.8568916667], "microsoft": [144.7969726667, 260.8452166667, 109.4409476667, 7.451299, 84.7341386667, 1.0267573333, 0.814641, 1.3202946667, 1.508367], "office365": [0.8788466667, 0.791446], "jdplc": [1.0207023333], "convertexperiments": [0.9949753333], "tvspielfilm": [0.8427906667, 0.7852313333], "fussball": [1.2358363333, 0.821525], "moatads": [0.8411193333], "groupondata": [0.9881936667], "deutschlandfunk": [4.1610206667, 1.1277493333, 1.705958], "ndr": [1.0950586667], "smartadserver": [10.5057583333, 10.543545, 10.5026093333, 10.530394, 10.364906, 10.406193], "express": [1.4228196667, 1.0075686667], "stickyadstv": [0.9750503333, 0.7878846667], "emsservice": [0.945251, 0.883502], "everesttech": [], "lufthansa": [6.417688], "asadcdn": [], "bild": [0.8782356667, 0.8437213333, 0.813925, 1.1222586667, 2.3921666667, 0.9800393333, 1.2149326667, 0.883502, 1.0818306667, 0.9663856667, 0.8424083333, 1.1154296667, 0.8411943333, 0.8452626667, 0.825705, 1.2042033333, 0.8318083333, 0.8063183333, 1.009276, 0.885786, 0.996302, 0.8198973333, 0.8100643333, 1.348251, 1.2428743333, 35.8408713333, 1.1783813333, 0.875711], "ci-aldi": [1.1154296667, 0.9663856667], "computer-bild": [0.8131773333, 0.8218746667], "adobetarget": [0.8294106667], "essen-und-trinken": [0.8092033333, 0.88856, 0.7495733333, 1.0449273333, 0.8063183333, 0.875711, 1.0573833333, 0.8411943333, 0.7968443333], "rubiconproject": [8.7737906667, 9.428318, 9.49932, 9.8737136667, 9.4423, 10.231257, 10.393209, 0.9860743333, 9.5541286667, 10.049114], "cloudinary": [0.7976323333, 0.970535, 0.4641266667], "bz-berlin": [0.980691, 0.8925586667, 1.2012746667, 1.3482266667], "ui-portal": [0.8051213333, 0.999559], "gmx": [0.999559, 0.8051213333], "fastclick": [0.834681], "optimizely": [0.8483616667, 0.9010206667, 0.7524686667, 1.052179], "adobedtm": [0.9327713333], "static-bahn": [1.0267573333, 0.88856], "adform": [], "ancestrycdn": [0.758912, 0.815178, 1.1530853333], "bfgcdn": [10.6743846667], "dhl": [6.315037, 0.8956356667], "nikecdn": [0.9760456667, 0.9040663333], "contentlounge": [0.875711, 0.8437213333], "swr3": [0.744177], "uicdn": [0.8051213333], "lvz": [], "studydrive": [], "licdn": [0.7801493333, 0.7852313333], "metro": [1.0267573333, 0.892976], "tiktokcdn": [18.7690523333, 18.7805063333], "tiqcdn": [0.94828, 0.9355993333], "mdr": [1.2725256667], "media": [0.875711, 0.7495733333, 0.8181963333], "tui": [0.945251, 1.0475813333], "office": [0.9274186667, 8.96922], "samsung": [0.79795], "mobile": [1.2555666667, 7.471094, 1.0195916667], "ebay-kleinanzeigen": [0.945251, 0.8092033333, 0.8198973333, 0.9182283333, 1.3628586667, 0.7495733333, 0.829711, 0.8187683333, 1.2428743333, 1.1154296667, 0.885786, 1.508367], "bbc": [0.82816], "spox": [0.8782356667, 0.824666, 0.8227026667, 2.3921666667], "nintendo": [0.818699, 1.0174476667], "outbrain": [0.9550096667], "tripadvisor": [0.697383, 0.638533, 0.724018, 0.6688683333, 0.8943493333, 0.9400876667, 0.8642533333, 1.0431883333], "ikea": [8.7696153333], "lightinthebox": [35.8408713333, 0.996302], "ardmediathek": [0.744177, 4.213993], "tacdn": [0.7650976667, 1.118836, 0.650804, 0.697176], "cxpublic": [0.9133473333], "evidon": [0.904897, 0.88856], "brigitte": [0.8437213333, 1.1154296667, 0.8821596667], "deichmann": [1.0267573333, 1.508367], "transfermarkt": [0.7694063333, 0.7720386667], "sportbuzzer": [0.772348, 1.0573833333],