{"holidaycheck": [0.6774216667, 0.6931203333, 0.6849083333, 0.9174596667, 1.0548503333], "wdr": [15.4573556667], "tagesschau": [1.0386233333], "aliexpress": [9.9761096667, 15.6609876667], "edgekey": [13.968438, 17.545739], "traum-ferienwohnungen": [10.0030046667, 7.3682606667, 9.8291686667], "steamstatic": [9.6775893333, 9.1158006667], "yotpo": [15.5412176667, 13.7920486667, 9.5469413333], "sportschau": [13.9728786667, 14.231004, 0.557654], "ebay": [9.8117146667, 10.14818, 9.7563626667, 15.33608], "ttwstatic": [15.27866, 17.0068343333, 15.6127893333, 15.3674443333, 17.215712, 15.3496346667], "ullapopken": [15.4076823333, 16.4083696667, 15.3551723333, 15.3363896667, 15.5777836667, 15.317518, 15.3522583333], "scene7": [17.919844, 16.532695, 9.952364, 13.8706596667], "muscache": [10.7635096667, 10.3954246667], "akamaihd": [9.8739483333, 9.6066333333, 10.001915, 10.6305836667, 15.3838113333, 15.6127893333, 15.5777836667, 15.828088, 9.2529156667, 9.0998253333, 15.4091173333, 15.2540776667, 9.1284686667, 15.378506, 15.5673503333, 15.4354563333, 15.343349, 9.7444886667], "computerbild": [18.10842], "casalemedia": [0.857911], "nike": [15.5927843333, 15.5555536667, 15.699984, 15.413749, 0.901816, 0.709055, 8.9297933333, 15.3123343333, 15.31584, 0.7580253333, 8.9134866667, 15.5661073333, 15.5942046667, 0.6387203333, 15.623511, 8.9610076667, 9.6560706667, 8.95492], "gigya": [9.8305153333], "bbci": [9.9452366667, 15.4089193333, 16.479351, 15.3029636667], "akamaized": [15.7014716667, 9.9069893333, 15.3551723333, 15.3660233333, 9.0959663333, 15.3674443333, 9.8930666667, 10.721222, 15.623554, 9.5843893333, 10.0394796667], "pinimg": [1.4243133333, 0.852842], "jysk": [8.5023446667, 8.4605576667], "immonet": [10.0950883333, 9.8182493333], "connextra": [10.962339], "tchibo": [0.4156683333], "turn": [10.1576383333, 9.7843066667], "amplience": [15.5927843333, 15.6187643333], "gamesassists": [17.4690563333], "bildstatic": [9.570608, 9.1926383333, 9.0701503333, 10.009439], "alicdn": [9.782191, 10.0872083333, 10.0561046667, 15.6609876667], "homeaway": [15.31584, 15.3940053333, 15.3793793333], "rightinthebox": [10.7355536667, 15.4059906667, 10.7986616667, 15.276081], "focus": [15.328404, 10.1487346667, 8.441918, 8.502884, 9.957287, 15.6448366667], "ran": [1.096238], "bonprix": [9.5822403333, 17.9736906667], "eurosport": [1.217846, 9.8961193333], "71i": [17.431244], "kleinanzeigen": [9.787122, 0.829711, 9.805337], "baby-walz": [9.589832, 9.6371543333, 5.4630226667], "apple": [1.354502, 17.5417333333], "pinterest": [9.802371], "stepstone": [9.9333133333], "tipico": [8.750828], "projectagoraservices": [10.6575223333, 10.8139586667], "br": [6.7327746667, 15.5861373333], "6sc": [9.2720276667, 8.5459983333, 10.5700983333, 9.0781413333, 9.1395043333, 8.478788], "chip": [10.4596896667, 8.457483, 15.625271, 15.43506, 8.5096363333, 9.8467546667], "bluekai": [15.431553], "byteoversea": [10.6943116667, 10.359653, 9.1329386667, 10.6611896667, 10.0139346667, 9.9400113333, 10.7340466667, 10.702375, 10.1089743333, 9.7424833333, 10.7392876667, 9.1284686667, 10.742177, 9.7347516667, 10.691347, 10.7563013333, 9.9679986667, 10.1663023333, 10.6860453333, 9.1345723333, 9.1158006667, 10.8266503333, 10.9655516667, 10.705417, 9.9160153333, 9.070052, 9.05499], "rbxcdn": [10.003561, 9.828841], "bahn": [36.910842], "adpushup": [9.993305, 9.828841], "cxense": [15.619844], "shein": [9.0697053333, 9.134034, 10.7355536667, 10.6533486667, 9.2019026667, 10.636266, 10.689615, 10.742177, 9.218226, 10.7563013333, 10.7282003333, 9.1085516667, 8.4972653333, 8.551988, 10.9655516667, 10.6665543333, 8.5647283333, 10.6905896667, 9.0179913333, 9.088035, 10.006867], "grouponcdn": [15.419538, 15.471956], "line-scdn": [15.3265826667], "welt": [9.1747066667, 9.014764, 16.4824396667], "linodeobjects": [0.9191903333, 0.7773873333, 2.33284, 1.4948486667, 1.0020236667, 0.8015243333], "etsy": [0.726667, 0.8218616667, 0.654805, 1.388547], "cookiebot": [10.7289963333, 10.1800756667, 10.6943116667], "finanzen": [9.920497, 15.3401703333, 15.286547, 7.821727, 9.898342], "bunte": [], "abendblatt": [10.0238923333, 10.2399083333], "mzstatic": [8.532557, 15.586855, 9.914585], "sascdn": [10.767966, 10.824492], "hstrck": [13.1115736667], "brightcove": [9.658411], "tiktok": [9.774304, 9.8318686667, 8.975134, 9.564868, 10.7209293333, 10.6533486667, 9.546436, 9.795227, 9.2019026667, 9.0701503333, 9.9645696667, 10.6561273333, 9.1627426667, 9.955889, 9.0762286667, 9.969763, 10.694514, 9.6941133333, 9.8481993333, 9.0983083333, 9.218226, 10.6583843333, 10.675689, 9.5795323333, 9.99799, 10.1963353333, 9.1222283333, 9.776759, 10.2016273333, 9.969388, 9.568188, 9.099184, 10.863217, 8.9189103333, 8.9059516667, 10.0780403333, 9.214871, 10.019576, 8.9448823333, 9.0744206667], "s-microsoft": [10.1411976667], "microsoft": [144.7969726667, 109.4409476667, 260.8452166667, 7.451299, 84.7341386667, 10.0125553333, 10.1486636667, 8.93471, 9.1554676667], "office365": [18.4930843333, 18.501587], "jdplc": [15.3240106667], "convertexperiments": [9.9919], "tvspielfilm": [15.2807386667, 15.550946], "fussball": [10.164608, 9.796023], "moatads": [16.9438466667], "groupondata": [8.8552126667], "deutschlandfunk": [1.1277493333, 1.705958, 15.5749126667], "ndr": [1.0950586667], "smartadserver": [15.7118846667, 15.7259613333, 15.8713803333, 15.694471, 15.5359836667, 15.659418], "express": [1.0075686667, 10.0593456667], "stickyadstv": [8.0772203333, 7.8416553333], "emsservice": [10.689615, 10.6607283333], "everesttech": [], "lufthansa": [6.417688], "asadcdn": [], "bild": [9.1926383333, 9.0701503333, 10.009439, 8.4823133333, 15.5760233333, 9.668843, 8.5113976667, 9.982961, 13.0866123333, 9.5452863333, 9.8930666667, 9.570608, 9.921947, 15.5604923333], "ci-aldi": [9.582347, 9.8598326667], "computer-bild": [9.6821883333, 9.9549826667], "adobetarget": [9.9772466667], "essen-und-trinken": [9.7047616667, 9.866177], "rubiconproject": [9.5927393333, 9.8737136667, 9.5398806667, 13.90212, 10.231257, 10.393209, 0.9860743333, 9.5541286667, 10.049114], "cloudinary": [0.6365533333, 0.7174396667, 9.6485306667, 1.0323703333, 0.611444], "bz-berlin": [0.980691, 1.2012746667, 9.1284686667, 10.702375], "ui-portal": [9.3925226667, 15.5847403333], "gmx": [9.8274246667], "fastclick": [17.7511566667], "optimizely": [8.8415986667, 15.6101106667, 9.0112146667, 10.1135846667], "adobedtm": [9.569379], "static-bahn": [10.9655516667, 10.636266], "adform": [], "ancestrycdn": [0.815178, 15.31443, 1.1530853333], "bfgcdn": [10.6743846667], "dhl": [6.315037, 9.7487956667], "nikecdn": [15.3082673333, 15.5232803333], "contentlounge": [15.9756106667, 15.369971], "swr3": [0.744177], "uicdn": [9.8274246667], "lvz": [], "studydrive": [], "licdn": [16.4083696667, 15.9523623333], "metro": [10.689615], "tiktokcdn": [16.4083696667, 15.3092313333], "tiqcdn": [13.9462303333, 15.194795], "mdr": [15.4606886667], "media": [8.5113976667, 8.5327343333, 15.6456496667], "tui": [9.482111, 9.2494376667], "office": [9.8093013333, 8.733354], "samsung": [15.6277693333], "mobile": [15.5303966667, 1.0195916667, 94.9451163333, 7.471094, 9.6613646667], "ebay-kleinanzeigen": [10.636266, 0.829711, 8.9117566667, 8.7559193333, 10.3954246667], "bbc": [9.9452366667, 16.479351], "spox": [9.7399663333, 9.0179913333, 10.1487346667, 10.815579], "nintendo": [15.3534283333, 6.781591, 10.2947066667], "outbrain": [16.3880236667, 9.555073], "tripadvisor": [0.697383, 0.638533, 0.724018, 0.6688683333, 0.8943493333, 0.9400876667, 0.8642533333, 1.0431883333], "ikea": [10.2131273333], "lightinthebox": [10.7355536667, 9.9190853333, 9.8318686667, 10.7986616667], "ardmediathek": [14.0954356667, 0.744177], "tacdn": [1.118836, 0.7650976667, 0.650804, 0.697176], "cxpublic": [9.7772123333], "evidon": [15.413749, 15.7351183333], "brigitte": [9.445721, 9.0837226667], "deichmann": [10.6777173333, 9.1085516667], "transfermarkt": [10.6575223333, 9.0870606667], "sportbuzzer": [9.774304, 10.1320933333], "edeka": [1.330782, 0.9923766667, 1.0367956667, 0.9954256667],