{"findologic": [0.4854343333, 0.503189, 0.387428, 0.6406596667], "opmnstr": [0.3680603333], "tmgrup": [1.065884, 0.401088, 0.991422], "adspirit": [0.38922, 0.4854343333, 0.503189, 0.800587], "hbrcdn": [1.065884, 0.401088, 0.991422], "vntsm": [0.3599836667], "consentmanager": [0.38922, 0.503189, 0.800587, 0.487771], "xnxx-cdn": [1.0554366667, 0.435812, 1.189045], "haberler": [46.6733496667], "aj2178": [0.38922, 0.4854343333, 0.3973673333, 0.503189, 0.387428, 0.800587, 0.487771], "cookiefirst": [0.3732063333, 0.3862743333], "pnp": [0.38922, 0.503189, 0.800587, 0.487771], "enetpulse": [0.38922, 0.503189, 0.487771, 0.6406596667], "survicate": [0.3732063333], "meteoblue": [0.4854343333, 0.3973673333, 0.387428, 0.6406596667], "demirorenmedya": [1.065884, 0.401088, 0.991422], "dentsu": [0.4854343333, 0.503189, 0.387428, 0.6406596667], "plausible": [0.3838676667], "aucdn": [0.4854343333, 0.3973673333, 0.387428, 0.800587], "poppen": [0.38922, 0.4854343333, 0.3973673333, 0.387428, 0.800587, 0.487771, 0.6406596667], "hurriyet": [1.065884, 45.991506, 0.401088, 0.991422], "relevant-digital": [0.38922, 0.3973673333, 0.503189, 0.387428, 0.800587, 0.487771, 0.6406596667], "consensu": [0.38922, 0.3973673333, 0.387428, 0.800587, 0.487771], "realsrv": [0.38922, 0.4854343333, 0.503189, 0.3973673333, 0.800587, 0.487771, 0.6406596667], "subservis": [1.065884, 0.401088, 0.991422], "tiktokcdn": [1.044132, 0.7944023333, 0.7929536667, 1.430709, 2.3574653333], "membrana": [1.04411], "javhd": [0.38922, 0.4854343333, 0.3973673333, 0.800587], "afcdn": [0.4854343333, 0.3973673333, 0.387428, 0.6406596667], "kaufmich": [0.38922, 0.4854343333, 0.503189, 0.800587], "omappapi": [0.413935], "sport1": [0.38922, 0.4854343333, 0.3973673333, 0.387428, 3.4249053333, 0.487771, 0.6406596667], "medyanetads": [1.065884, 0.401088, 0.991422], "ilan": [1.065884, 0.401088, 0.991422], "adsessionserv": [0.3862743333], "exactag": [0.3973673333, 0.387428], "exosrv": [0.38922, 0.4854343333, 0.3973673333, 0.387428, 0.6406596667], "xvideos-cdn": [0.4530316667], "rawgit": [0.3599836667], "hurimg": [1.065884, 0.401088, 0.991422], "ravelrycache": [0.5694186667], "tchibo": [0.38922, 0.3973673333, 0.487771, 0.6406596667], "lngtdv": [0.4854343333, 0.503189, 0.387428, 0.6406596667], "notsy": [0.3858413333], "ecn-ldr": [0.4101433333]}