{"findologic": [17.822152, 17.850397], "opmnstr": [9.6189863333], "tmgrup": [17.8777203333, 17.900379, 18.7241033333, 19.9566836667], "adspirit": [0.4854343333, 0.503189, 0.387428, 0.800587], "hbrcdn": [9.8346366667, 9.9475136667, 19.9566836667, 10.0378013333, 18.7241033333], "vntsm": [9.7525136667], "consentmanager": [17.8317876667, 17.7967713333], "xnxx-cdn": [17.8714583333, 17.79518, 18.4114236667, 17.8318393333, 17.878173, 17.875386], "haberler": [46.6733496667], "aj2178": [17.822152, 17.868858, 17.8582373333, 17.877766], "cookiefirst": [9.6944236667, 9.7525136667], "pnp": [17.8204563333, 17.9275016667], "enetpulse": [17.8317876667, 17.868858], "survicate": [9.6944236667], "meteoblue": [17.8317876667, 17.868858], "demirorenmedya": [18.7241033333, 19.9566836667], "dentsu": [17.8371286667, 17.7967713333], "plausible": [9.7525136667], "aucdn": [17.8317876667, 17.877766], "poppen": [17.877766, 17.8582373333, 18.056274, 17.868858, 17.8317876667, 17.8371286667, 17.7706106667], "hurriyet": [9.8346366667, 10.0378013333, 9.9475136667, 45.991506], "relevant-digital": [17.8317876667, 17.8757016667, 17.8096773333, 17.7967713333], "consensu": [18.056274, 17.8039743333, 17.8306196667, 17.8096773333], "realsrv": [18.056274, 17.8371286667, 17.7706106667], "subservis": [10.0378013333, 9.8346366667, 9.9475136667], "tiktokcdn": [17.768477, 17.881388], "membrana": [9.7525136667], "javhd": [17.8371286667, 17.7706106667], "afcdn": [17.8317876667, 17.7706106667], "kaufmich": [17.8757016667, 17.7967713333], "omappapi": [9.6189863333], "sport1": [17.822152, 9.6611356667, 17.7967713333, 17.8757016667, 3.4249053333, 17.8306196667, 17.7706106667, 9.675818], "medyanetads": [17.8777203333, 17.900379], "ilan": [10.0378013333, 9.8346366667, 9.9475136667], "adsessionserv": [9.6189863333], "exactag": [17.8317876667, 17.7706106667], "exosrv": [18.056274, 17.8582373333, 17.877766, 17.9275016667], "xvideos-cdn": [17.8884236667], "rawgit": [9.6944236667], "hurimg": [18.7241033333, 19.9566836667], "ravelrycache": [9.6944236667], "tchibo": [17.822152, 17.7967713333], "lngtdv": [17.8204563333, 17.868858], "notsy": [9.7525136667], "ecn-ldr": [9.6944236667]}