{"kicker": [165.4180223333, 213.0986326667, 172.08955, 172.8119216667, 169.1100353333, 170.1356793333, 14.02, 172.714642, 179.5253396667, 206.7958593333, 167.5535216667, 171.9955906667, 170.554853], "welt": [10.46454, 167.0020433333, 9.786318, 9.9987893333, 181.152445, 12.4570636667, 173.5267356667, 9.9328043333, 170.4506536667, 22.6223043333, 170.2822326667, 9.7727383333, 14.838229, 9.8267483333, 12.39594, 12.454824, 9.9354296667, 12.467787, 170.4459483333, 12.4173913333, 206.9856063333, 179.2075496667, 203.7329123333, 21.5605563333, 0.894883, 182.8441123333, 12.4505826667, 163.6793576667, 179.3261886667, 1.3221443333, 12.5233173333, 10.389519], "adsrvr": [164.388727], "zooplus": [172.978808, 179.7926573333, 182.0371093333, 179.5163266667], "bild": [176.140909, 179.633957, 9.7971516667, 173.106124, 9.800876, 9.7952476667, 178.015016, 21.505206], "userreport": [172.946408, 175.8005913333, 175.8577613333, 169.381417, 181.5707656667, 173.388935, 209.8873276667, 172.8907106667, 179.600684, 188.5366383333, 166.857147, 173.136323, 164.0990933333, 181.722603, 201.4182073333, 179.408716, 178.7204883333, 182.2008526667, 166.5240116667], "opecloud": [183.067173, 164.0334443333, 178.423923, 166.930183], "rndtech": [168.2165096667, 182.2284173333, 178.342649, 166.930183], "makerist": [168.6047243333, 175.0852243333, 167.0651856667, 172.8131036667], "4tube": [178.2063973333, 165.7233823333, 170.1160753333, 184.6125526667], "livebuy": [173.5539703333, 176.1224093333, 178.622021, 172.5182053333, 171.49275, 208.7291083333, 182.2620116667, 175.8577613333, 181.5192063333, 179.644267, 188.894654, 178.5795693333], "nmrodam": [185.6992433333, 178.036551, 166.4986573333, 168.285286], "dpa-infocom": [179.174869, 170.33887, 175.562873, 178.569828], "justfashionnow": [13.9407806667, 170.218664, 181.708427, 22.4621593333, 13.93021, 176.8623226667, 181.5707656667, 22.425911], "priv": [182.6759403333, 164.664951, 166.9082806667, 173.2730293333], "bada": [175.5145083333], "babymarkt": [180.748868, 166.300072, 179.447868, 182.6976826667], "breuni": [178.2833076667, 189.354508, 181.708427, 170.283647], "n-tv": [170.335031, 22.6548116667, 9.9291893333, 167.2318753333, 13.9371966667, 173.3496276667, 179.3368566667, 163.6793576667, 14.9522786667, 201.4182073333, 167.334377, 9.770929, 173.5267356667, 13.9884936667, 21.6336373333, 22.425911], "saasexch": [164.1731866667, 164.443206, 171.1307473333, 180.742494, 176.480485, 179.5100356667, 184.9176626667, 168.2878663333], "yieldlove": [170.1356793333, 166.711898, 180.6448206667, 164.2934123333], "storystream": [182.3487226667, 179.485148, 197.1226356667, 179.9111546667], "dotmetrics": [12.546041, 169.819319, 12.4456176667, 182.2008526667, 170.751787, 188.4604976667, 172.9408833333, 179.1703023333, 179.108408, 182.826124, 170.0367243333, 12.4840876667, 179.5936686667, 175.7473003333, 12.3992443333, 181.8473263333], "m-pathy": [172.9321616667, 178.512034, 188.4604976667, 181.2928993333], "bstatic": [170.3305756667, 184.2888906667, 182.6085513333, 178.2106076667, 169.381417, 176.5611573333, 160.9433606667, 163.8906586667], "geeko": [179.3805743333, 187.6320763333, 175.8005913333, 184.1446476667, 179.3329093333, 197.3391103333, 179.1485526667, 179.3305313333, 175.7473003333, 172.8747593333, 167.255087], "ecosia": [180.1198756667, 165.186836, 182.1913533333, 166.976239], "undertone": [179.3416493333, 170.0033603333, 170.9620246667, 164.1676203333, 202.1336743333, 185.598057, 167.2741773333, 177.9462863333], "mopo": [12.490379, 12.7139403333, 12.504445, 12.4025946667], "abrankings": [193.666916, 168.770368, 168.289255, 179.8240246667], "sharethis": [225.5885246667, 170.3305756667, 175.7548253333, 178.4897353333, 212.1879003333, 176.6202226667, 213.1337866667, 228.6299583333], "trov": [180.6980336667, 172.8119216667, 171.1757856667, 166.3639536667], "tiqcdn": [178.3379033333, 166.8986286667, 178.206658, 175.9369836667], "xingcdn": [12.473687, 12.454824, 12.4482783333, 12.393144], "t-online": [174.898731, 176.569669, 191.203311, 173.2467956667, 175.0897753333, 176.051721, 185.598057, 167.049615, 178.2063973333, 179.447868, 178.943048, 179.485148], "glomex": [179.7558976667, 182.9458143333, 173.3166746667, 176.756629, 175.7751156667, 170.8279866667, 180.019891, 178.838396, 175.872228, 170.4506536667, 172.7748673333, 163.3313196667], "stuttgarter-nachrichten": [18.7615923333], "westlotto": [6.7349763333], "tvnow": [165.4180223333, 178.8611093333, 178.8950673333, 172.67543], "p7s1": [24.9026203333, 173.2574363333, 170.751787, 208.7291083333, 170.373209, 168.7276563333, 167.3475933333, 181.7306873333, 179.7926573333, 178.8329296667, 13.3995326667, 12.51143, 178.3772236667, 196.95451, 163.8369156667, 180.259467, 178.4594693333, 12.403423, 173.106124, 188.9538733333], "immosuchmaschine": [1.5649926667], "rollbar": [183.8586013333, 177.2822466667, 166.851666, 172.9617613333], "ernstings-family": [0.8286263333, 167.3120543333, 165.3357363333, 166.746561, 176.0732173333, 180.753739, 177.0398673333, 176.1215076667, 170.321756], "yumpu": [188.209644, 166.300072, 170.3298153333, 196.7531683333, 179.3922296667, 172.9712633333, 173.3653976667, 178.373879, 166.3367026667, 179.0375086667, 170.0625523333, 182.072518], "antillephone": [213.0986326667, 181.5211346667, 193.7740946667, 171.7088206667], "aldi-sued": [200.031242, 203.4628513333, 201.464974, 199.2498436667], "adsafeprotected": [164.0990933333, 184.1446476667, 172.9408833333, 181.958169, 179.1140373333, 175.0852243333, 172.8747593333, 181.6035333333], "bamgrid": [179.2896376667, 178.398355, 176.006595, 197.259739, 206.7958593333, 184.1393186667, 172.08955, 181.7993243333], "ptengine": [166.8428003333, 175.4534576667, 175.426159, 183.0371616667, 166.898887, 210.3628206667, 168.3034146667, 179.0375086667], "stroeerws": [181.5369076667, 184.381372, 206.9856063333, 166.8955013333, 176.3001023333, 175.0852243333, 172.8747593333, 177.9462863333], "rtl": [164.1676203333, 178.723431, 167.36181, 170.9620246667], "avantisvideo": [178.9687393333, 173.1705343333, 184.6955663333, 179.3922296667, 176.477674, 166.5240116667, 178.7871953333, 172.7164613333], "lzstatic": [164.4050143333, 197.261081, 184.2536376667, 170.334564], "autohero": [179.9569153333, 176.496515, 185.361764, 171.49275, 182.536479, 182.2284173333, 165.7233823333, 179.5100356667, 163.9269006667, 179.174869, 170.4459483333, 181.818215], "booking": [185.6992433333, 179.212012, 177.829065, 182.2498336667], "dwin2": [], "sabah": [12.6417473333, 12.455607, 12.4570636667, 58.2751726667, 12.4708023333], "joblift": [21.5719083333, 9.9516426667, 10.186071, 9.953213], "ryanair": [170.4463653333, 209.352825, 0.7410236667, 185.4916633333, 175.991712], "dpa-sportslive": [172.6908393333, 177.5866723333, 178.900112, 170.33887], "noz-mhn": [167.3506706667, 164.0990933333, 178.5658063333, 178.268887], "axept": [1.327735, 178.738234, 1.3966066667, 169.819319, 1.2558206667, 166.9128066667, 178.8820023333, 1.3472256667], "conative": [181.7583913333, 178.700212, 179.8857853333, 170.5047733333], "dynamicyield": [170.0475123333, 178.1726563333, 167.049615, 162.2674003333, 170.4432263333, 178.520641, 169.8378543333, 182.611525, 182.6713356667, 178.5369853333, 166.857147, 182.639615, 177.9462863333, 173.292319, 179.408716, 178.423923, 182.2008526667, 172.9408833333, 164.2985326667, 178.8950673333], "sueddeutsche": [172.9850633333, 164.3202806667, 173.8814973333, 182.826124, 17.2124546667, 179.0375086667, 182.7994503333, 182.279808, 165.8796956667], "vergleich": [163.4430506667, 167.2654823333, 178.8484686667, 183.3292606667], "digidip": [164.00301, 172.8747593333, 173.6270396667, 179.1555963333], "imrworldwide": [179.174869, 168.2878663333, 170.4831773333, 171.7088206667], "onvista": [21.5476873333, 10.0239543333, 11.31498, 11.2743833333, 11.2723006667, 10.029968, 52.4733213333, 11.4997086667], "netmera-web": [174.51277, 172.550609, 172.3953783333, 176.3864616667], "deutsche-bank": [],