{"kicker": [10.094143, 10.3405753333, 7.8703576667, 10.067523, 10.0734836667, 7.9162546667, 7.856311, 10.106777, 14.02, 7.823075, 10.2080003333, 10.0991773333, 10.13671], "welt": [10.4682823333, 10.1628456667, 10.3405753333, 10.028908, 7.8829973333, 10.0485276667, 10.0851433333, 10.124859, 7.848496, 7.817369, 10.0363146667, 10.0991773333, 7.8400486667, 10.0680696667, 7.825931, 7.8145663333, 10.094143, 7.831336, 10.057167, 10.0026016667, 7.835092, 7.819908, 10.112718, 10.164997, 7.8205656667, 7.887856, 10.1240993333, 7.8591523333, 7.801248, 7.86, 7.837832, 7.8322836667], "adsrvr": [10.0907203333], "zooplus": [10.0568273333, 10.0628906667, 10.0734836667, 10.102113], "bild": [7.8400486667, 7.825931, 7.831336, 7.835092, 7.837832, 7.819908, 7.8322836667, 7.8205656667], "userreport": [7.84249, 8.4101556667, 10.0909946667, 7.8183613333, 7.8615893333, 10.1198953333, 10.0568273333, 7.8400486667, 7.944776, 10.057167, 10.0918603333, 7.8403416667, 7.859946, 10.115814, 7.8755343333, 7.8866903333, 7.8426156667, 10.25373, 7.801139], "opecloud": [10.1199853333, 10.083668, 10.102021, 10.25373], "rndtech": [10.071602, 10.0485276667, 10.102113, 10.115814], "makerist": [7.845708, 7.8854406667, 7.8663056667, 7.86], "4tube": [10.0285493333, 10.1385093333, 11.0844283333, 10.0760483333], "livebuy": [10.0985153333, 10.0485276667, 10.1412643333, 10.094143, 10.0285493333, 10.092102, 10.142279, 10.1100103333, 10.1519343333, 10.0918603333, 10.0363146667, 10.1556426667], "nmrodam": [10.142279, 10.0628906667, 10.0285493333, 10.081294], "dpa-infocom": [10.2106806667, 10.0684366667, 10.0471626667, 11.0844283333], "justfashionnow": [1.1339393333, 7.891675, 1.3987186667, 7.837832, 7.8420466667, 1.6745253333, 1.1164116667, 7.8798683333], "priv": [10.0285493333, 10.0505733333, 10.0726416667, 10.074123], "bada": [8.063658], "babymarkt": [10.0505733333, 10.0734836667, 11.0844283333, 10.112718], "breuni": [10.0726416667, 10.0684366667, 10.1199853333, 10.164997], "n-tv": [10.028908, 7.8410493333, 10.058482, 7.8409696667, 10.092327, 10.1036143333, 10.0791746667, 11.5176083333, 10.1046583333, 10.124859, 1.293741, 1.327735, 7.8145663333, 7.845708, 1.192433, 7.845038, 7.8426156667, 8.0739093333, 1.3472256667], "saasexch": [10.0505733333, 10.1412643333, 10.081294, 10.0760483333, 10.0855106667, 10.0265986667, 10.164997, 10.2080003333], "yieldlove": [10.0998153333, 10.084506, 10.071602, 10.3405753333], "storystream": [10.2080003333, 10.0291286667, 10.0998153333, 10.1794723333], "dotmetrics": [11.5176083333, 10.0726416667, 10.066358, 10.1199853333, 7.8506703333, 7.858006, 10.1322026667, 7.805151, 10.1424483333, 7.8626563333, 10.1385093333, 10.1188716667, 10.0998153333, 10.274073], "m-pathy": [7.8355153333, 7.8011706667, 7.8475676667, 7.829208], "bstatic": [10.083668, 10.3405753333, 10.0092226667, 10.0760483333, 11.0844283333, 10.1199853333, 10.139848, 10.1036143333], "geeko": [11.5176083333, 10.0568273333, 10.078548, 10.4682823333, 10.0291286667, 10.092102, 10.0273353333, 10.0918603333, 10.11642, 10.092327, 10.1131656667], "ecosia": [10.139848, 10.11642, 10.0684366667, 10.0909946667], "undertone": [7.8501516667, 10.0924853333, 10.3405753333, 10.028908, 10.0901846667, 7.8414216667, 7.8798683333, 7.823075], "mopo": [10.059301, 10.0966096667, 10.102557, 10.139848], "abrankings": [7.855833, 7.8568166667, 7.9983043333, 7.8598453333], "sharethis": [10.115814, 10.0732343333, 10.2657406667, 10.0866463333, 10.0684366667, 10.0725956667, 10.1179233333, 10.102113], "trov": [10.4682823333, 10.102557, 10.0732343333, 10.092327], "tiqcdn": [10.1199853333, 10.1188716667, 10.11642, 10.823219], "xingcdn": [8.1334833333, 7.944776, 7.819861, 7.8598453333], "t-online": [11.5176083333, 7.869133, 10.0866463333, 10.162612, 7.835092, 10.0273353333, 7.8770766667, 7.8455033333, 7.8641106667, 7.8785706667, 7.815683, 7.9415793333], "glomex": [7.8716136667, 8.1993603333, 10.4682823333, 7.8396496667, 10.0732343333, 7.8058473333, 10.0734836667, 7.8352023333, 7.8414216667, 10.125855, 7.9176713333, 7.8403416667], "stuttgarter-nachrichten": [18.7615923333], "westlotto": [6.7349763333], "tvnow": [10.1628456667, 10.0092226667, 10.0485276667, 10.0026016667], "p7s1": [7.8209283333, 10.0505733333, 10.059301, 7.859946, 10.071602, 10.1628456667, 10.1412643333, 7.869755, 10.0726416667, 10.1102196667, 10.0683316667, 10.067523, 10.081294, 10.1131656667, 10.1423456667, 10.041391, 7.8506703333, 10.0879156667], "immosuchmaschine": [1.5649926667], "rollbar": [10.1794723333, 10.0505733333, 10.0933696667, 10.25373], "ernstings-family": [11.5176083333, 10.083668, 0.8286263333, 7.84249, 7.845038, 10.118683, 7.855227, 10.0971686667, 7.884095], "yumpu": [10.1628456667, 10.057284, 10.0285493333, 10.028908, 10.0725956667, 10.0855106667, 10.1348713333, 10.11642, 10.1251406667, 10.0879156667, 10.102113, 10.072406], "antillephone": [10.0471626667, 10.115814, 10.0594713333, 10.1050273333], "aldi-sued": [16.975834, 17.015599, 15.6225663333, 16.9424613333], "adsafeprotected": [10.11666, 10.0734836667, 10.0725956667, 10.142279, 10.102557, 10.0918603333, 10.2080003333, 10.162778], "bamgrid": [10.059301, 10.0505733333, 10.115814, 10.1628456667, 10.0285493333, 10.1138036667, 10.1131656667, 10.102113], "ptengine": [11.5176083333, 7.859946, 7.832821, 10.0851433333, 7.8363193333, 7.8352023333, 10.25373, 10.1348713333], "stroeerws": [11.5176083333, 10.083668, 10.0803963333, 10.0485276667, 10.124859, 10.1131656667, 10.0469863333], "rtl": [10.170082, 10.3405753333, 10.2657406667, 10.0791746667], "avantisvideo": [10.0568273333, 7.8868823333, 7.8534816667, 10.3405753333, 10.118683, 7.801248, 10.106777, 8.0739093333], "lzstatic": [10.092102, 10.0853083333, 10.4682823333, 10.0803963333], "autohero": [10.084506, 10.071602, 10.1628456667, 10.0285493333, 10.1138036667, 10.05982, 10.1348713333, 10.1322026667, 10.106777, 10.1251406667, 10.162778], "booking": [10.1297683333, 10.1033503333, 10.170082, 10.092102], "dwin2": [], "sabah": [7.8568166667, 7.9211723333, 7.818969, 58.2751726667, 7.8236683333], "joblift": [10.0285493333, 10.05982, 10.0760483333, 10.25373], "ryanair": [10.11666, 10.071602, 10.0709403333, 0.7410236667, 10.112718], "dpa-sportslive": [10.0505733333, 10.0684366667, 10.0725956667, 10.0879156667], "noz-mhn": [11.5176083333, 10.106777, 10.084506, 10.0265986667], "axept": [10.1628456667, 10.2657406667, 10.1240993333, 10.058482, 10.0850863333, 10.0594713333, 10.1322026667, 10.102113], "conative": [7.8449183333, 8.1993603333, 7.805151, 7.8352023333], "dynamicyield": [10.0803963333, 10.3405753333, 10.0853083333, 10.0901846667, 10.0471626667, 10.0734836667, 10.101393, 10.1348713333, 11.5176083333, 10.0485276667, 7.834021, 10.1199853333, 10.11666, 7.823075, 10.274073, 10.13671, 7.8426156667, 7.9162546667, 10.1138036667], "sueddeutsche": [10.1297683333, 10.4682823333, 10.124859, 10.0901846667, 10.066358, 10.0594713333, 17.2124546667, 10.1251406667, 10.1131656667], "vergleich": [7.829208, 7.8011706667, 7.8506703333, 7.8403416667], "digidip": [10.125855, 10.1519343333, 10.102557, 10.071602], "imrworldwide": [7.823215, 7.8641106667, 7.869755, 7.8866903333], "onvista": [10.096252, 10.0680696667, 10.3405753333, 10.0866463333, 10.0760483333, 10.1050273333], "netmera-web": [10.125855, 10.057167, 10.058482, 10.0966096667], "deutsche-bank": [], "joyclub": [10.059301, 10.096252, 10.4682823333, 10.0924853333, 10.094143, 10.028908, 10.0471626667, 10.1179233333, 10.112718, 10.1199853333, 10.2657406667, 10.072406], "chicme": [10.1240993333, 10.066358, 10.0092226667, 10.0594713333], "uidapi": [10.060671], "unblockia": [10.0092226667, 10.2106806667, 10.0471626667, 10.1131656667], "s-onetag": [10.142279, 10.1556426667, 10.028908, 10.1050273333], "auth0": [7.8306083333], "bazaarvoice": [7.8501516667, 10.118683, 10.081294, 10.0716833333, 7.8770766667, 7.823075, 7.8745166667, 10.1556426667], "searchhub": [10.0855106667, 10.074123, 10.1318626667, 10.041391],