{"cookieinformation": [0.3488563333], "msecnd": [0.403158], "ltwebstatic": [0.9194423333], "snrcdn": [], "tagcommander": [1.3156576667], "securedataimages": [0.8684656667], "paypal": [0.40655], "twimg": [0.374343], "linkedin": [0.3984686667], "dreamstime": [0.378581], "trustcommander": [1.3156576667], "twitter": [0.527978], "cpmstar": [0.3945576667], "paypalobjects": [27.783481, 27.168093], "yotpo": [0.481994], "ebaystatic": [8.8937626667]}