{"medallia": [1.005767], "ticketmaster": [132.8778096667, 0.683034, 0.8347946667, 1.0828986667, 0.846162], "holidaycheck": [], "rossmann": [0.6065883333, 0.8918086667, 0.6588613333, 1.023551], "sentry-cdn": [0.674414, 1.2653616667, 1.4231663333, 0.64949], "reedpopcdn": [0.7015946667, 0.6497123333, 1.150808, 0.7762463333], "media-amazon": [172.623625, 0.6572466667, 0.7147953333, 0.6890566667, 0.6343243333], "innogamescdn": [123.419709, 0.7650043333, 0.8208616667, 0.876247, 0.705558], "pinterest": [0.69773, 0.9412113333, 0.6438926667, 112.140799, 139.4442716667, 1.0888583333, 169.491881], "github": [128.3402626667, 83.9022336667], "fetlife": [1.5509176667, 0.910114, 1.0529266667, 1.0019083333], "paypal": [0.8484066667, 0.66125, 0.8729393333, 28.7484826667, 0.6708546667, 0.6782996667, 0.8230846667, 1.46749, 29.7792083333, 0.8075093333], "nkd": [0.620842, 0.6583806667, 0.6941146667, 1.086452], "mediavine": [0.9019263333, 0.6965616667, 0.684653, 0.674403], "adnxs": [123.7606803333], "taboola": [0.6809696667, 167.707538, 0.6655786667, 0.6517796667, 0.725245], "noibu": [182.8055946667, 167.647703, 170.11914, 181.2827826667], "prismic": [180.3634766667], "nr-data": [0.7215176667, 1.12168], "braze": [129.7114786667], "bbc": [0.6690906667, 0.7307173333, 0.6910686667, 0.6596576667], "wfxtriggers": [0.6567086667, 0.7510703333, 0.7200483333, 0.6432], "imgix": [180.3634766667], "zeit": [0.7369816667, 0.765509, 0.7586883333, 0.9048366667, 0.658709], "thingiverse": [0.6588613333, 0.844526, 0.7917993333, 0.8918086667, 1.023551, 0.6065883333], "redditmedia": [1.3434166667, 266.6877136667, 0.689228, 0.7824196667, 0.8049343333], "redd": [1.3434166667, 0.8049343333, 0.7824196667, 0.689228], "newrelic": [0.6518073333, 0.6624686667, 0.700594, 0.9205873333], "outbrain": [185.0060606667], "wfcdn": [123.8843646667], "guim": [1.1580693333, 0.9120113333, 0.6799403333, 0.8656113333], "baqend": [1.0650196667, 0.680593, 0.6582066667, 0.7094143333], "netzwelt": [0.7187126667, 0.8683793333, 1.413699, 2.652591, 0.6587003333], "braintreegateway": [170.0475123333, 170.3305756667, 179.3329093333, 176.3526946667], "upday": [0.6567086667, 0.7510703333, 0.7200483333, 0.6432], "ok-magazin": [4.9753316667, 5.5615556667], "apotheken-gesundheit": [26.1156593333, 27.672755, 25.4071983333], "amazon": [115.9206676667, 116.887518, 116.5849456667], "cloudinary": [0.6365533333, 0.7174396667, 112.386109, 1.0323703333, 0.611444], "fastly": [0.7783656667, 168.4844996667, 0.6348113333, 0.6759096667, 0.9406353333], "decathlon": [17.9992476667, 18.0191783333], "launchdarkly": [174.1656873333], "apester": [174.1656873333, 0.64949, 0.674414, 1.4231663333, 1.2653616667], "gofeminin": [0.5397883333], "reddit": [1.3434166667, 266.6877136667, 0.689228, 0.7824196667, 0.8049343333], "wayfair": [135.4476826667, 129.7114786667], "inside-digital": [1.5509176667], "hubvisor": [0.6567086667, 0.7510703333, 0.7200483333, 0.6432], "guardianapps": [170.275525], "speedcurve": [174.1656873333], "eurogamer": [0.7015946667, 0.6497123333, 1.150808, 0.7762463333], "ketchjs": [0.6518073333, 0.6624686667, 0.700594, 0.9205873333], "lieferando": [0.6207526667, 0.6929486667, 0.6505766667, 1.7341716667], "scdn": [181.6358063333], "mps-gba": [0.6567086667, 0.7510703333, 0.7200483333, 0.6432], "tripadvisor": [0.697383, 0.6688683333, 167.460439, 0.8943493333, 1.0431883333], "web": [0.8763616667], "evgnet": [0.9967453333, 1.2184963333, 0.8823083333, 1.093708], "cbsi": [284.9655475], "klambt": [], "w-x": [0.6588613333, 0.8918086667, 0.6065883333, 1.023551], "nike": [0.901816, 0.7580253333, 0.6387203333, 0.709055], "redditstatic": [], "pantheonsite": [0.7105883333], "split": [271.1511966667], "jsdelivr": [1.0808446667, 0.9729476667, 1.2233126667, 0.8585716667, 0.8725393333], "tacdn": [1.118836, 0.7650976667, 0.650804, 0.697176], "webcontentassessor": [1.2653616667, 0.64949, 1.4231663333, 0.674414], "pnp": [1.0223963333, 0.6970743333, 0.654021, 1.5158683333], "polyfill": [0.677628, 0.651947, 0.629318, 0.7236166667], "cbsivideo": [284.9655475], "twitch": [0.711715, 0.6262816667, 0.704282, 2.3480016667, 268.832161], "ketchcdn": [274.8137816667], "asideas": [0.6567086667, 0.7510703333, 0.7200483333, 0.6432], "ubembed": [0.6767926667, 0.6555783333, 0.8562243333, 0.631077], "perimeterx": [115.4073006667], "spektrum": [274.8137816667], "tmecosys": [262.0305306667], "etsy": [0.726667, 0.654805, 0.8218616667, 1.388547], "everesttech": [0.7369816667, 0.9048366667, 0.658709, 0.765509], "vimeocdn": [175.93318], "githubassets": [0.8539286667, 0.6447503333, 0.636876, 0.670424], "theguardian": [1.1580693333, 0.9120113333, 0.6799403333, 0.8656113333], "ads-twitter": [150.4670263333], "kaufland": [0.6990213333, 0.695557, 1.3230153333, 0.6697313333], "berliner-kurier": [180.3634766667], "perfectmarket": [0.6809696667, 0.725245, 0.6655786667, 0.6517796667], "px-cdn": [0.964468, 0.7312403333, 0.6770966667, 0.6692626667], "guardianapis": [1.1580693333, 0.9120113333, 0.6799403333, 0.8656113333], "stackoverflow": [0.6361363333, 0.82988, 0.6566883333, 0.6442076667], "bestereviews": [0.911957, 0.6444513333, 0.7113073333, 0.8591776667], "twimg": [166.7593766667], "spotifycdn": [186.9367476667], "podlove": [0.669445, 0.6756723333, 0.9441083333, 0.6623573333], "ebaystatic": [0.7165893333, 0.6908773333, 0.6596936667, 0.7167116667], "chartbeat": [127.79011], "opodo": [0.6954536667], "boltdns": [121.21217], "ravenjs": [0.64949, 1.2653616667, 1.4231663333, 0.674414], "engelbert-strauss": [0.6739766667, 0.6423793333, 0.6868663333, 1.046527], "sstatic": [0.6361363333, 0.82988, 0.6442076667, 0.6566883333]}