{"medallia": [9.0595333333], "ticketmaster": [1.0828986667, 0.846162, 0.8347946667, 0.683034], "holidaycheck": [0.6849083333, 0.6931203333, 0.9174596667, 0.6774216667], "rossmann": [1.023551, 0.6588613333, 0.8918086667, 0.6065883333], "sentry-cdn": [0.674414, 1.2653616667, 1.4231663333, 0.64949], "reedpopcdn": [0.7015946667, 0.6497123333, 1.150808, 0.7762463333], "media-amazon": [0.6572466667, 1.3964783333, 0.7147953333, 0.6890566667, 0.6343243333], "innogamescdn": [0.7650043333, 0.8208616667, 0.876247, 0.705558, 0.405955], "pinterest": [0.69773, 0.9412113333, 0.6438926667, 1.0888583333, 0.6461503333], "github": [0.8826136667, 84.208721], "fetlife": [1.5509176667, 0.910114, 1.0529266667, 1.0019083333], "paypal": [0.8729393333, 28.7484826667, 0.40655, 1.46749, 0.6782996667, 29.7792083333, 0.8075093333], "nkd": [0.620842, 0.6941146667, 1.086452, 0.6583806667], "mediavine": [0.9019263333, 0.6965616667, 0.684653, 0.674403], "adnxs": [0.718307, 0.7482243333, 1.1215253333, 0.6206596667], "taboola": [0.6517796667, 0.6809696667, 0.6655786667, 0.725245], "noibu": [1.0995943333, 1.201668, 0.9148576667, 9.8879483333], "prismic": [9.0673336667], "nr-data": [0.6854173333, 1.0664886667], "braze": [0.7183313333, 0.6714726667, 0.9021813333, 0.6675686667], "bbc": [0.6690906667, 0.7307173333, 0.6910686667, 0.6596576667], "wfxtriggers": [0.6567086667, 0.7510703333, 0.7200483333, 0.6432], "imgix": [9.0673336667, 1.2029096667], "zeit": [0.7369816667, 0.765509, 0.7586883333, 0.9048366667, 0.658709], "thingiverse": [0.6588613333, 0.844526, 0.7917993333, 0.8918086667, 1.023551, 0.6065883333], "redditmedia": [0.689228, 1.3434166667, 0.8049343333, 0.7824196667], "redd": [0.689228, 1.3434166667, 0.8049343333, 0.7824196667], "newrelic": [0.700594, 0.6624686667, 0.9205873333, 0.6518073333], "outbrain": [9.0808783333], "wfcdn": [1.293273, 1.204598, 0.69776, 0.700652], "guim": [0.6799403333, 0.9120113333, 1.1580693333, 0.8656113333], "baqend": [1.0650196667, 0.680593, 0.6582066667, 0.7094143333], "netzwelt": [0.7187126667, 0.8683793333, 1.413699, 2.652591, 0.6587003333], "braintreegateway": [1.4612793333, 1.127074, 1.1011543333, 1.384467], "upday": [0.6567086667, 0.7510703333, 0.7200483333, 0.6432], "ok-magazin": [4.9753316667, 5.5615556667], "apotheken-gesundheit": [26.1156593333, 27.672755, 25.4071983333], "amazon": [115.9206676667, 116.887518, 116.5849456667], "cloudinary": [0.6365533333, 0.7174396667, 1.0323703333, 0.970535, 0.611444, 0.7976323333], "fastly": [0.7783656667, 0.8598383333, 0.6348113333, 0.6605516667, 0.689314, 0.6469653333, 0.6759096667, 0.9406353333], "decathlon": [17.9992476667, 18.0191783333], "launchdarkly": [1.2653616667, 1.4231663333, 0.64949, 0.674414], "apester": [1.2653616667, 0.64949, 1.4231663333, 0.674414], "gofeminin": [1.5509176667, 0.910114, 1.0019083333, 1.0529266667], "reddit": [1.3434166667, 0.8049343333, 0.7824196667, 0.689228], "wayfair": [0.7183313333, 0.6714726667, 0.9021813333, 1.0228386667, 0.6557236667, 1.423069, 0.6265373333, 0.6675686667], "inside-digital": [1.5509176667], "hubvisor": [0.6567086667, 0.7510703333, 0.7200483333, 0.6432], "guardianapps": [1.1580693333, 0.9120113333, 0.6799403333, 0.8656113333], "speedcurve": [0.64949, 1.2653616667, 1.4231663333, 0.674414], "eurogamer": [0.7015946667, 0.6497123333, 1.150808, 0.7762463333], "ketchjs": [0.6518073333, 0.6624686667, 0.700594, 0.9205873333], "lieferando": [0.6207526667, 0.6929486667, 0.6505766667, 1.7341716667], "scdn": [0.7321516667], "mps-gba": [0.6567086667, 0.7510703333, 0.7200483333, 0.6432], "tripadvisor": [0.697383, 0.638533, 0.724018, 0.6688683333, 0.8943493333, 0.9400876667, 0.8642533333, 1.0431883333], "web": [0.8763616667], "evgnet": [0.9967453333, 1.2184963333, 0.8823083333, 1.093708], "cbsi": [0.763317], "klambt": [0.678166, 0.990579, 1.649619, 0.6446456667], "w-x": [1.023551, 0.6588613333, 0.8918086667, 0.6065883333], "nike": [0.901816, 0.7580253333, 0.6387203333, 0.709055], "redditstatic": [], "pantheonsite": [0.7105883333], "split": [0.692826, 1.0715083333, 1.031187, 0.8713856667], "jsdelivr": [1.0808446667, 1.2233126667, 0.8585716667, 0.9729476667, 0.8725393333], "tacdn": [0.7650976667, 1.118836, 0.650804, 0.697176], "webcontentassessor": [1.2653616667, 0.64949, 1.4231663333, 0.674414], "pnp": [1.0223963333, 0.6970743333, 1.5158683333, 0.654021], "polyfill": [0.7236166667, 0.677628, 0.651947, 0.629318], "cbsivideo": [9.0435163333], "twitch": [0.711715, 0.9672546667, 0.6262816667, 0.704282, 2.3480016667], "ketchcdn": [0.6567086667, 0.7510703333, 0.7200483333, 0.6432], "asideas": [0.6567086667, 0.7510703333, 0.7200483333, 0.6432], "ubembed": [0.6767926667, 0.6555783333, 0.8562243333, 0.631077], "perimeterx": [0.7762486667], "spektrum": [0.6567086667, 0.7510703333, 0.7200483333, 0.6432], "tmecosys": [0.6415306667, 0.6491343333, 0.6678363333, 1.7133546667], "etsy": [0.726667, 0.8218616667, 0.654805, 1.388547], "everesttech": [0.7369816667, 0.9048366667, 0.658709, 0.765509], "vimeocdn": [0.8182436667], "githubassets": [0.8539286667, 0.6447503333, 0.636876, 0.670424], "theguardian": [1.1580693333, 0.9120113333, 0.6799403333, 0.8656113333], "ads-twitter": [0.9936046667], "kaufland": [0.695557, 0.6990213333, 1.3230153333, 0.6697313333], "berliner-kurier": [9.0673336667], "perfectmarket": [0.6809696667, 0.725245, 0.6655786667, 0.6517796667], "px-cdn": [0.964468, 0.7312403333, 0.6770966667, 0.6692626667], "guardianapis": [1.1580693333, 0.9120113333, 0.6799403333, 0.8656113333], "stackoverflow": [0.6361363333, 0.82988, 0.6566883333, 0.6442076667], "bestereviews": [0.911957, 0.6444513333, 0.7113073333, 0.8591776667], "twimg": [0.6550823333], "spotifycdn": [0.7187213333], "podlove": [0.669445, 0.6756723333, 0.9441083333, 0.6623573333], "ebaystatic": [0.7165893333, 0.6908773333, 0.6596936667, 0.7167116667], "chartbeat": [1.1691703333, 0.6834193333, 0.9600626667, 0.674472], "opodo": [0.6954536667], "boltdns": [1.036659, 0.6580333333, 0.987532, 0.6371153333], "ravenjs": [0.64949, 1.2653616667, 1.4231663333, 0.674414], "engelbert-strauss": [0.6739766667, 0.6423793333, 0.6868663333, 1.046527], "sstatic": [0.6361363333, 0.82988, 0.6442076667, 0.6566883333]}