{"google-analytics": [235.6459883333, 230.5720393333, 0.307868, 1.0016673333], "toom": [0.7935476667, 0.8302776667], "kaufland": [0.8905363333, 0.3561723333, 1.1349846667], "bitmovin": [40.2955676667], "sentry": [0.5486293333, 86.878544, 110.1921156667], "googleapis": [231.8726456667, 233.37481, 237.0730743333, 231.2437616667, 231.6915283333, 231.9767293333, 228.1737533333, 234.5829613333, 226.600005, 233.7273933333, 228.1305863333, 235.6057573333, 236.3374683333, 228.6339636667, 232.2311963333, 228.306411, 227.409467, 231.1550853333, 236.571499, 235.606531, 226.3804406667, 233.1772603333, 232.1532643333, 232.90973, 228.631682, 235.593657, 237.1197833333, 228.422435, 232.2244386667, 235.623586, 235.5935383333, 228.0966043333, 232.0777403333], "33across": [1.3172833333], "verivox": [0.5128123333], "google": [231.2190686667, 200.3017303333, 196.589149, 235.4184033333, 232.946859, 228.1480433333, 232.8964216667, 199.9745226667, 230.7210313333, 236.3718463333, 232.9293943333, 196.772596, 0.307868, 1.0016673333, 235.446419, 231.938138, 233.4522796667, 202.1645033333, 198.944323, 233.4292863333, 229.0829313333, 235.86378, 232.4025653333, 231.2734116667, 235.52715, 233.1418683333], "visualwebsiteoptimizer": [], "sozcu": [0.9511636667, 1.1036023333, 0.424898, 1.084929], "ga": [0.8085046667], "roller": [0.8052913333, 1.1788733333, 0.3655026667, 0.702532, 0.6471856667], "simpli": [110.2850286667, 109.6791556667, 110.2204393333], "ebay-kleinanzeigen": [0.829711], "computerbild": [7.1244783333], "gstatic": [227.1671566667, 231.8794763333, 236.3718463333, 228.6260213333, 279.8962783333, 226.593539, 271.254885], "googleadservices": [232.4025653333, 232.9197403333], "cloudfunctions": [1.057158], "vimeocdn": [0.581417], "joyclub": [0.7130296667], "dmtech": [0.3163596667], "mirapodo": [0.70421], "doubleclick": [226.79117, 198.3424563333, 196.5328003333, 233.6321606667, 227.401856, 236.076256, 231.938138, 231.7798136667, 221.986593, 231.7329836667, 196.655298, 232.233773], "dm": [0.818312, 0.3163596667], "livescore": [0.600075, 0.540435, 0.7184746667, 0.3837936667, 0.6127543333, 0.6013696667, 0.7696056667], "openx": [0.5855476667, 0.588194, 0.4333256667, 0.5691246667], "postbank": [0.3072776667], "diretta": [0.929452], "googleusercontent": [231.692039, 0.3835186667, 231.965583], "admedo": [7.5683196667], "schwaebische": [], "googlesyndication": [233.35411, 227.5791563333, 232.4025653333, 235.526557, 231.692039], "statista": [0.8052913333, 1.1788733333, 0.3655026667, 0.6471856667, 228.8412166667], "2mdn": [227.0249496667], "pxf": [0.615265], "ab-in-den-urlaub": [0.8052913333, 1.1788733333, 0.3655026667, 0.6471856667], "sa-tech": [1.259616, 0.405699, 0.6831766667], "congstar": [0.5685043333], "stuttgarter-zeitung": [228.8412166667], "aachener-zeitung": [0.95553], "y-track": [7.6928836667], "usercentrics": [0.5813036667, 1.044952, 0.3422203333, 0.3866213333, 0.6763446667, 0.855139], "kampyle": [0.349869], "sportal365": [12.4485773333], "tangycover": [0.3266486667], "t-online": [7.54924], "recaptcha": [236.7077063333], "zeit": [0.7586883333], "kino": [7.3774763333], "trbo": [0.592546, 0.3655026667, 0.6471856667], "skimresources": [0.555656, 0.6558463333, 0.6093323333, 0.4106443333], "googletagmanager": [228.0977313333], "finanzen": [0.5449676667], "funkedigital": [1.2048913333, 0.6476296667, 0.8789293333], "emarsys": [0.8759203333], "opinary": [0.636055, 228.8412166667], "pub": [0.5447493333], "apester": [0.979518], "magiccandles": [0.7287063333], "decathlon": [0.801274], "vindicosuite": [0.3856286667], "rlcdn": [0.904786, 0.595084], "tchibo": [0.4156683333], "saarbruecker-zeitung": [0.8085046667], "trk42": [1.1788733333, 0.8052913333, 0.3655026667, 0.6471856667], "ampproject": [231.3852846667], "stuttgarter-nachrichten": [228.8412166667], "fiftyt": [0.691698], "px-client": [0.8074973333], "notino": [0.4136106667], "permutive": [0.4793386667], "refurbed": [1.1788733333, 0.8052913333, 0.3655026667, 0.828333, 0.6471856667], "lvz": [1.1788733333, 0.8052913333, 0.3655026667, 0.6471856667], "flashscore": [0.959788, 0.7653103333], "exponea": [1.362075, 0.572432], "9gag": [0.552444], "sheego": [1.1788733333, 0.8052913333, 0.3655026667, 0.6471856667], "br": [0.8052913333, 1.1788733333, 0.3655026667, 0.58679, 0.6471856667], "googleoptimize": [231.3857586667], "giga": [7.3774763333], "youtube": [228.1480433333, 232.8964216667, 231.2190686667, 228.5587883333, 228.186385, 230.7210313333, 232.9293943333, 231.2734116667, 229.440986, 231.3857586667, 227.772492, 235.52715, 235.4184033333, 232.9853243333, 232.946859], "chess": [0.5490006667], "googletagservices": [], "ksta": [0.7660513333], "wixmp": [0.3440666667], "oceansapart": [0.8052913333, 1.1788733333, 0.3655026667, 0.6471856667], "spieletipps": [], "joblift": [0.5483536667], "grumpydime": [0.397877], "kurzurlaub": [0.848803], "ruhrnachrichten": [0.329779], "perfdrive": [0.483332], "swrfernsehen": [0.744177], "aswpsdkeu": [0.5742946667], "nintendo": [0.8052913333, 1.1788733333, 0.3655026667, 0.6471856667], "pghub": [0.5530003333], "ivitrack": [0.3391593333], "kreuzwortraetsel": [0.7206853333], "pravda": [1.2165926667, 0.3510196667], "sae-conversational": [0.585784], "rp-online": [0.8085046667], "sift": [0.8099606667], "soliver": [0.8052913333, 1.1788733333, 0.3655026667, 0.6471856667], "bottalk": [1.1871943333], "freenet-mobilfunk": [1.1788733333, 0.8052913333, 0.3655026667, 0.6471856667], "openxcdn": [0.58579], "algolia": [0.5800216667], "creativecdn": [0.327803, 0.6382223333], "pressekompass": [0.7905626667], "abendblatt": [0.8052913333, 1.1788733333, 0.3655026667, 0.6471856667], "digitalmediawire": [97.8868263333], "parastorage": [1.0274803333], "appspot": [233.704722, 228.343229], "lngtd": [0.8052913333, 1.1788733333, 0.3655026667, 0.6471856667], "firebaseio": [0.3327233333], "netzwelt": [1.413699], "spotify": [0.7308553333, 0.577015, 1.2963306667], "traum-ferienwohnungen": [7.3682606667], "finative": [], "ardmediathek": [0.744177], "myhermes": [0.630765], "liveticker": [0.7653103333], "prmutv": [1.3204076667], "tagesschau": [1.0386233333], "flaschenpost": [1.1788733333, 0.8052913333, 0.3655026667, 0.6471856667], "impactcdn": [0.3895603333], "megabad": [0.8052913333, 1.1788733333, 0.3655026667, 0.6471856667], "rollbar": [108.503002, 104.4147363333, 105.582829, 105.828061], "ndr": [1.0950586667], "bugsnag": [0.345146, 0.6572793333], "baur": [], "es": [0.6963346667], "hoerzu": [228.8412166667], "ggpht": [236.0863], "mookie1": [1.4266476667], "home24": [0.8052913333, 1.1788733333, 0.3655026667, 0.6471856667, 7.3154556667], "sportschau": [0.557654], "nordkurier": [], "gladbachlive": [0.649528], "gravitec": [], "chefkoch": [0.8052913333, 1.1788733333, 0.3655026667, 0.6471856667], "weborama": [1.6810236667, 0.7004226667], "mytoys": [0.70421], "ctnsnet": [0.352886], "empirietest": [1.2782543333], "swr": [0.744177], "squarelovin": [1.044547], "forexpros": [8.740635], "nativendo": [0.365489], "familie": [7.3774763333], "holidaycheck": [1.0548503333], "siftscience": [0.8099606667], "rnd": [0.8052913333, 1.1788733333, 0.3655026667, 0.6471856667], "shopifysvc": [0.7862906667], "ytimg": [229.92989, 230.7954293333, 232.35066, 226.6069773333, 232.8891223333, 231.965583, 232.1634426667, 232.103155, 232.6524603333, 231.3857586667, 232.9790213333, 227.2529526667, 230.8744623333, 231.662548], "hexagon-analytics": [0.5567456667], "adktrack": [0.5808773333], "ruthlessdegree": [0.856601], "solvemate": [0.778876], "srmdata-eur": [], "trmcdn2": [0.3849003333], "markt": [0.5445793333], "rtbhouse": [0.347979], "hornbach": [0.3594823333], "px-cloud": [0.8074973333], "wixstatic": [0.9716736667], "yhelper": [7.262424], "yieldscale": [1.4019146667], "ad-score": [148.4374386667], "alkoora": [0.883431, 1.1689366667, 0.9473253333], "ruhr24": [0.8610976667], "withgoogle": [232.235738], "opodo": [0.6954536667], "smythstoys": [1.0957543333], "loopme": [8.7398223333], "fatmedia": [1.1788733333, 0.8052913333, 0.3655026667, 0.6471856667], "express": [1.0075686667],