{"google-analytics": [0.575547, 0.307868, 0.3343763333, 1.0016673333], "toom": [0.7935476667, 0.8302776667], "kaufland": [0.8905363333, 0.3561723333, 1.1349846667], "bitmovin": [40.2955676667], "sentry": [0.5486293333, 86.878544, 110.1921156667], "googleapis": [0.9891856667, 0.542953, 0.570828, 0.3432056667, 0.5732756667, 0.8301486667, 7.087577, 0.4246903333, 0.8011416667, 0.3307773333, 0.4470756667, 0.568202, 1.1865946667, 0.439326, 0.8729113333, 1.0764563333, 0.544819, 0.370623, 0.8843876667, 0.5791276667, 0.369804, 0.2978383333, 0.346367, 0.4026566667, 0.8867576667, 0.7440766667, 0.5691033333, 1.236335, 0.5350743333, 0.3611843333, 7.6689896667, 0.335465, 0.6396836667, 0.6538196667, 0.845766, 0.6037736667, 0.978549, 0.591791, 2.098977], "33across": [1.3172833333], "verivox": [0.5128123333], "google": [7.5817516667, 0.9891856667, 1.2389386667, 0.8897186667, 0.7598546667, 0.5535603333, 0.9719773333, 0.4089306667, 0.7539686667, 0.7019036667, 0.438054, 0.307868, 0.571599, 1.0016673333, 0.5705916667, 0.3501056667, 7.583968, 0.5453813333, 0.5616546667, 0.5939643333, 0.7021223333, 0.7383983333, 0.8731656667, 7.5677096667, 0.629573, 7.6167596667, 0.5715403333, 7.564099, 0.781659, 7.5842156667, 0.3271843333], "visualwebsiteoptimizer": [0.5319203333], "sozcu": [0.9511636667, 1.1036023333, 0.424898, 1.084929], "ga": [0.8085046667], "roller": [0.8052913333, 1.1788733333, 0.3655026667, 0.702532, 0.6471856667], "simpli": [7.5231766667, 7.259806, 7.1463076667], "ebay-kleinanzeigen": [0.829711], "computerbild": [7.1244783333], "gstatic": [0.5337993333, 0.3430456667, 0.9891856667, 0.5749563333, 93.1412896667, 0.3501056667, 93.7554606667], "googleadservices": [0.732164, 0.5616546667], "cloudfunctions": [1.057158], "vimeocdn": [0.581417], "joyclub": [0.7130296667], "dmtech": [0.3163596667], "mirapodo": [0.70421], "doubleclick": [0.3243186667, 7.61434, 0.5616546667, 7.2328463333, 0.3789066667, 0.8073106667, 0.5542986667, 1.170025, 0.369581, 0.3697153333, 0.856724, 7.6103973333, 7.5916983333, 0.421065, 0.739544, 0.5191103333], "dm": [0.818312, 0.3163596667], "livescore": [0.600075, 0.540435, 0.7184746667, 0.3837936667, 0.6127543333, 0.6013696667, 0.7696056667], "openx": [0.5855476667, 0.5691246667, 0.588194, 0.4333256667], "postbank": [0.3072776667], "diretta": [0.929452], "googleusercontent": [0.396514, 0.5725823333, 0.3835186667, 1.0480703333], "admedo": [7.5683196667], "schwaebische": [], "googlesyndication": [0.5792793333, 0.5069763333, 1.0473503333, 1.2389386667, 0.3713456667, 1.0207636667, 0.3590126667, 0.332449, 0.4884003333, 0.5910006667, 0.5725823333, 0.529806], "statista": [0.3366036667, 0.8052913333, 1.1788733333, 0.3655026667, 0.6471856667], "2mdn": [0.320069], "pxf": [0.615265], "ab-in-den-urlaub": [1.1788733333, 0.8052913333, 0.3655026667, 0.6471856667], "sa-tech": [1.259616, 0.405699, 0.6831766667], "congstar": [0.5685043333], "stuttgarter-zeitung": [0.6994313333], "aachener-zeitung": [0.95553], "y-track": [7.6928836667], "usercentrics": [0.5813036667, 1.044952, 0.3422203333, 0.3866213333, 0.6763446667, 0.855139], "kampyle": [0.349869], "sportal365": [12.4485773333], "tangycover": [0.3266486667], "t-online": [7.54924], "recaptcha": [0.3501056667], "zeit": [0.7586883333], "kino": [7.3774763333], "trbo": [0.592546, 0.3655026667, 0.6471856667], "skimresources": [0.555656, 0.6558463333, 0.6093323333, 0.4106443333], "googletagmanager": [0.317232], "finanzen": [0.5449676667], "funkedigital": [1.2048913333, 0.6476296667, 0.8789293333], "emarsys": [0.8759203333], "opinary": [0.3675393333, 0.636055], "pub": [0.5447493333], "apester": [0.979518], "magiccandles": [0.7287063333], "decathlon": [0.801274], "vindicosuite": [0.3856286667], "rlcdn": [0.750401, 0.734898], "tchibo": [0.4156683333], "saarbruecker-zeitung": [0.8085046667], "trk42": [1.1788733333, 0.8052913333, 0.3655026667, 0.6471856667], "ampproject": [1.262024], "stuttgarter-nachrichten": [0.401408], "fiftyt": [0.691698], "px-client": [0.8074973333], "notino": [0.4136106667], "permutive": [0.4793386667], "refurbed": [0.8052913333, 1.1788733333, 0.3655026667, 0.828333, 0.6471856667], "lvz": [0.8052913333, 1.1788733333, 0.3655026667, 0.6471856667], "flashscore": [0.959788, 0.7653103333], "exponea": [1.362075, 0.572432], "9gag": [0.552444], "sheego": [1.1788733333, 0.8052913333, 0.3655026667, 0.6471856667], "br": [1.1788733333, 0.8052913333, 0.3655026667, 0.58679, 0.6471856667], "googleoptimize": [0.3261793333], "giga": [7.3774763333], "youtube": [0.8897186667, 0.8073106667, 0.7278573333, 0.9719773333, 0.4089306667, 0.7539686667, 0.7019036667, 0.6194413333, 0.3261793333, 0.514, 0.5939643333, 0.4046503333, 0.7021223333, 0.3513253333, 0.7383983333, 0.8731656667, 0.629573, 0.3271843333, 0.781659, 0.4467543333], "chess": [0.5490006667], "googletagservices": [], "ksta": [0.7660513333], "wixmp": [0.3440666667], "oceansapart": [0.8052913333, 1.1788733333, 0.3655026667, 0.6471856667], "spieletipps": [7.3774763333], "joblift": [0.5483536667], "grumpydime": [0.397877], "kurzurlaub": [0.848803], "ruhrnachrichten": [0.329779], "perfdrive": [0.483332], "swrfernsehen": [0.744177], "aswpsdkeu": [0.5742946667], "nintendo": [1.1788733333, 0.8052913333, 0.3655026667, 0.6471856667], "pghub": [0.5530003333], "ivitrack": [0.3391593333], "kreuzwortraetsel": [0.7206853333], "pravda": [1.2165926667, 0.3510196667], "sae-conversational": [0.585784], "rp-online": [0.8085046667], "sift": [0.8099606667], "soliver": [0.8052913333, 1.1788733333, 0.3655026667, 0.6471856667], "bottalk": [1.1871943333], "freenet-mobilfunk": [0.8052913333, 1.1788733333, 0.3655026667, 0.6471856667], "openxcdn": [0.58579], "algolia": [0.5581356667], "creativecdn": [0.327803, 0.6382223333], "pressekompass": [0.7905626667], "abendblatt": [1.1788733333, 0.8052913333, 0.3655026667, 0.6471856667], "digitalmediawire": [97.8868263333], "parastorage": [1.0274803333], "appspot": [0.5857563333, 1.0942036667], "lngtd": [0.8052913333, 1.1788733333, 0.3655026667, 0.6471856667], "firebaseio": [0.3327233333], "netzwelt": [1.413699], "spotify": [0.7308553333, 0.577015, 1.2963306667], "traum-ferienwohnungen": [7.3682606667], "finative": [0.7054523333], "ardmediathek": [0.744177], "myhermes": [0.630765], "liveticker": [0.7653103333], "prmutv": [1.3204076667], "tagesschau": [1.0386233333], "flaschenpost": [0.8052913333, 1.1788733333, 0.3655026667, 0.6471856667], "impactcdn": [0.3895603333], "megabad": [1.1788733333, 0.8052913333, 0.3655026667, 0.6471856667], "rollbar": [1.1720413333, 10.073246, 0.9266553333, 1.1306416667], "ndr": [1.0950586667], "bugsnag": [0.345146, 0.6572793333], "baur": [0.8052913333, 1.1788733333, 0.3655026667, 0.6471856667], "es": [0.6963346667], "hoerzu": [0.5689073333], "ggpht": [0.3713456667], "mookie1": [1.4266476667], "home24": [0.8052913333, 1.1788733333, 0.3655026667, 0.6471856667, 7.3154556667], "sportschau": [0.557654], "nordkurier": [], "gladbachlive": [0.649528], "gravitec": [], "chefkoch": [0.8052913333, 1.1788733333, 0.3655026667, 0.6471856667], "weborama": [1.6810236667, 0.7004226667], "mytoys": [0.70421], "ctnsnet": [0.352886], "empirietest": [1.2782543333], "swr": [0.744177], "squarelovin": [1.044547], "forexpros": [8.740635], "nativendo": [0.365489], "familie": [7.3774763333], "holidaycheck": [1.0548503333], "siftscience": [0.8099606667], "rnd": [0.8052913333, 1.1788733333, 0.3655026667, 0.6471856667], "shopifysvc": [0.3626206667], "ytimg": [0.7539686667, 0.352033, 0.5404193333, 0.7228166667, 0.334383, 0.9451293333, 1.0416836667, 0.396514, 0.7307506667, 1.2557593333, 0.3815466667, 0.3602973333, 0.540618, 0.8614223333, 0.8721863333, 7.5346883333, 0.982126], "hexagon-analytics": [0.5567456667], "adktrack": [0.5808773333], "ruthlessdegree": [0.856601], "solvemate": [0.778876], "srmdata-eur": [], "trmcdn2": [0.3849003333], "markt": [0.5445793333], "rtbhouse": [0.347979], "hornbach": [0.3594823333], "px-cloud": [0.8074973333], "wixstatic": [0.9716736667], "yhelper": [7.262424], "yieldscale": [1.4019146667], "ad-score": [148.4374386667],