{"google-analytics": [354.903251, 355.498332, 0.307868, 1.0016673333], "toom": [0.7935476667, 0.8302776667], "kaufland": [0.8905363333, 0.3561723333, 1.1349846667], "bitmovin": [40.2955676667], "sentry": [0.5486293333, 86.878544, 110.1921156667], "googleapis": [353.5857036667, 354.855531, 354.2510693333, 353.04083, 354.216632, 361.5957533333, 355.246531, 361.8898563333, 381.4388316667, 353.4166613333, 356.0427923333, 353.2035546667, 355.4451976667, 355.564405, 353.5683926667, 384.138329, 351.8009803333, 354.4396963333, 354.449982, 354.2103083333, 383.683022, 380.5811393333, 355.0492406667, 384.2405473333, 353.080925, 383.1131486667, 353.8397136667, 355.8655606667, 363.5779956667, 355.3756876667, 294.2106836667, 386.0151646667, 373.4263896667, 353.8429173333, 356.160333, 383.2718316667, 369.615102, 368.7191853333, 508.1861016667, 355.3197773333, 366.054195, 369.312316, 352.8147903333, 353.539961, 377.4839893333, 354.3915793333, 379.1135476667, 502.3948716667, 369.3820293333, 350.6691536667, 355.1128303333], "33across": [1.3172833333], "verivox": [0.5128123333], "google": [353.8283373333, 354.857051, 351.404184, 357.2834513333, 295.172695, 352.155341, 353.8657626667, 294.368568, 355.565405, 353.764748, 369.478225, 353.8137033333, 355.734171, 352.394949, 0.307868, 294.1237543333, 1.0016673333, 370.6307386667, 354.2359013333, 353.488482, 369.9357733333, 365.9475143333, 366.142462, 294.9564106667, 358.1065146667, 354.8713886667, 354.281388, 353.0081146667, 353.6704936667, 323.0969413333, 292.595351, 353.294791], "visualwebsiteoptimizer": [0.5319203333], "sozcu": [0.9511636667, 1.1036023333, 0.424898, 1.084929], "ga": [0.8085046667], "roller": [0.8052913333, 1.1788733333, 0.3655026667, 0.702532, 0.6471856667], "simpli": [195.8439356667, 196.1506563333, 197.477471], "ebay-kleinanzeigen": [0.829711], "computerbild": [7.1244783333], "gstatic": [355.3394796667, 371.4176643333, 110.137714, 352.7300193333, 352.4788766667, 386.08483], "googleadservices": [365.447078, 353.3010376667], "cloudfunctions": [1.057158], "vimeocdn": [0.581417], "joyclub": [0.7130296667], "dmtech": [0.3163596667], "mirapodo": [0.70421], "doubleclick": [365.447078, 294.8682053333, 383.415423, 380.0942353333, 387.337536, 353.6030196667, 383.2051113333, 358.445795, 295.8152073333, 296.0561086667, 351.404184, 361.6165546667, 313.548694], "dm": [0.818312, 0.3163596667], "livescore": [0.600075, 0.540435, 0.7184746667, 0.3837936667, 0.6127543333, 0.6013696667, 0.7696056667], "openx": [0.5855476667, 0.5691246667, 0.588194, 0.4333256667], "postbank": [0.3072776667], "diretta": [0.929452], "googleusercontent": [383.1303036667, 0.3835186667, 354.8484396667, 354.857803], "admedo": [264.168546, 260.9877146667], "schwaebische": [], "googlesyndication": [369.8568733333, 354.4655086667, 354.7992936667, 366.819801, 353.6168913333, 386.257682], "statista": [1.1788733333, 0.8052913333, 0.3655026667, 370.1270373333, 0.6471856667], "2mdn": [352.1569366667], "pxf": [0.615265], "ab-in-den-urlaub": [1.1788733333, 0.8052913333, 0.3655026667, 0.6471856667], "sa-tech": [1.259616, 0.405699, 0.6831766667], "congstar": [0.5685043333], "stuttgarter-zeitung": [370.1270373333], "aachener-zeitung": [0.95553], "y-track": [7.6928836667], "usercentrics": [0.5813036667, 1.044952, 0.3422203333, 0.3866213333, 0.6763446667, 0.855139], "kampyle": [0.349869], "sportal365": [12.4485773333], "tangycover": [0.3266486667], "t-online": [7.54924], "recaptcha": [370.8855953333], "zeit": [0.7586883333], "kino": [7.3774763333], "trbo": [0.592546, 0.3655026667, 0.6471856667], "skimresources": [0.555656, 0.6558463333, 0.6093323333, 0.4106443333], "googletagmanager": [356.037162], "finanzen": [0.5449676667], "funkedigital": [1.2048913333, 0.6476296667, 0.8789293333], "emarsys": [0.8759203333], "opinary": [0.636055, 370.1270373333], "pub": [0.5447493333], "apester": [0.979518], "magiccandles": [0.7287063333], "decathlon": [0.801274], "vindicosuite": [0.3856286667], "rlcdn": [0.904786, 0.595084], "tchibo": [0.4156683333], "saarbruecker-zeitung": [0.8085046667], "trk42": [1.1788733333, 0.8052913333, 0.3655026667, 0.6471856667], "ampproject": [369.6225376667], "stuttgarter-nachrichten": [370.1270373333], "fiftyt": [0.691698], "px-client": [0.8074973333], "notino": [0.4136106667], "permutive": [0.4793386667], "refurbed": [0.8052913333, 1.1788733333, 0.3655026667, 0.828333, 0.6471856667], "lvz": [1.1788733333, 0.8052913333, 0.3655026667, 0.6471856667], "flashscore": [0.959788, 0.7653103333], "exponea": [1.362075, 0.572432], "9gag": [0.552444], "sheego": [0.8052913333, 1.1788733333, 0.3655026667, 0.6471856667], "br": [1.1788733333, 0.8052913333, 0.3655026667, 0.58679, 0.6471856667], "googleoptimize": [352.5857383333], "giga": [7.3774763333], "youtube": [354.677096, 369.958341, 354.857051, 351.404184, 357.2834513333, 381.226475, 352.155341, 353.8657626667, 353.4518996667, 355.565405, 353.764748, 354.1299386667, 355.734171, 352.394949, 357.9178493333, 353.488482, 369.9357733333, 354.712734, 354.8800803333, 365.9475143333, 384.9327916667, 358.1065146667, 365.59924, 353.095031, 377.4381103333, 369.4572603333, 352.906505, 363.903811, 353.294791, 352.5857383333], "chess": [0.5490006667], "googletagservices": [], "ksta": [0.7660513333], "wixmp": [0.3440666667], "oceansapart": [0.8052913333, 1.1788733333, 0.3655026667, 0.6471856667], "spieletipps": [7.3774763333], "joblift": [0.5483536667], "grumpydime": [0.397877], "kurzurlaub": [0.848803], "ruhrnachrichten": [0.329779], "perfdrive": [0.483332], "swrfernsehen": [0.744177], "aswpsdkeu": [0.5742946667], "nintendo": [1.1788733333, 0.8052913333, 0.3655026667, 0.6471856667], "pghub": [0.5530003333], "ivitrack": [0.3391593333], "kreuzwortraetsel": [0.7206853333], "pravda": [1.2165926667, 0.3510196667], "sae-conversational": [0.585784], "rp-online": [0.8085046667], "sift": [0.8099606667], "soliver": [1.1788733333, 0.8052913333, 0.3655026667, 0.6471856667], "bottalk": [1.1871943333], "freenet-mobilfunk": [1.1788733333, 0.8052913333, 0.3655026667, 0.6471856667], "openxcdn": [0.58579], "algolia": [0.5581356667], "creativecdn": [0.327803, 0.6382223333], "pressekompass": [0.7905626667], "abendblatt": [0.8052913333, 1.1788733333, 0.3655026667, 0.6471856667], "digitalmediawire": [97.8868263333], "parastorage": [1.0274803333], "appspot": [353.030322, 358.581411], "lngtd": [0.8052913333, 1.1788733333, 0.3655026667, 0.6471856667], "firebaseio": [0.3327233333], "netzwelt": [1.413699], "spotify": [0.7308553333, 0.577015, 1.2963306667], "traum-ferienwohnungen": [7.3682606667], "finative": [0.7054523333], "ardmediathek": [0.744177], "myhermes": [0.630765], "liveticker": [0.7653103333], "prmutv": [1.3204076667], "tagesschau": [1.0386233333], "flaschenpost": [0.8052913333, 1.1788733333, 0.3655026667, 0.6471856667], "impactcdn": [0.3895603333], "megabad": [1.1788733333, 0.8052913333, 0.3655026667, 0.6471856667], "rollbar": [183.8586013333, 166.851666, 177.2822466667, 172.9617613333], "ndr": [], "bugsnag": [0.345146, 0.6572793333], "baur": [0.8052913333, 1.1788733333, 0.3655026667, 0.6471856667], "es": [0.6963346667], "hoerzu": [365.8257533333], "ggpht": [353.618856], "mookie1": [1.4266476667], "home24": [0.8052913333, 1.1788733333, 0.3655026667, 0.6471856667, 7.3154556667], "sportschau": [0.557654], "nordkurier": [], "gladbachlive": [0.649528], "gravitec": [], "chefkoch": [1.1788733333, 0.8052913333, 0.3655026667, 0.6471856667], "weborama": [1.6810236667, 0.7004226667], "mytoys": [0.70421], "ctnsnet": [0.352886], "empirietest": [1.2782543333], "swr": [0.744177], "squarelovin": [1.044547], "forexpros": [8.740635], "nativendo": [0.365489], "familie": [7.3774763333], "holidaycheck": [1.0548503333], "siftscience": [0.8099606667], "rnd": [0.8052913333, 1.1788733333, 0.3655026667, 0.6471856667], "shopifysvc": [0.3626206667],