{"google-analytics": [9.3369373333, 9.4822473333, 0.307868, 1.0016673333], "toom": [0.7935476667, 0.8302776667], "kaufland": [0.8905363333, 0.3561723333, 1.1349846667], "bitmovin": [40.2955676667], "sentry": [0.5486293333, 86.878544, 110.1921156667], "googleapis": [0.3432056667, 9.2458526667, 9.5191223333, 0.8301486667, 9.4747106667, 9.3488666667, 9.6958386667, 9.484973, 0.8011416667, 2.098977, 0.3307773333, 0.568202, 9.3270806667, 9.3143546667, 1.1865946667, 9.3598886667, 9.4002246667, 0.544819, 9.309845, 0.8843876667, 0.370623, 0.5791276667, 0.369804, 9.5085763333, 0.5691033333, 9.469614, 7.6689896667, 9.6526353333, 9.3356706667, 0.4246903333, 0.4470756667], "33across": [1.3172833333], "verivox": [0.5128123333], "google": [19.9770806667, 0.531388, 9.6652353333, 7.2825816667, 19.91167, 9.249733, 19.8382946667, 1.0016673333, 19.9745916667, 0.307868, 9.5692676667, 9.3435673333, 19.882609, 9.53292, 0.5616546667, 9.3324143333, 9.344755, 7.302485, 9.5262243333, 9.3285736667, 19.8255596667, 9.7178946667, 9.4745036667, 9.4174223333], "visualwebsiteoptimizer": [0.5319203333], "sozcu": [0.9511636667, 1.1036023333, 0.424898, 1.084929], "ga": [0.8085046667], "roller": [0.8052913333, 1.1788733333, 0.3655026667, 0.702532, 0.6471856667], "simpli": [7.5231766667, 7.259806, 7.1463076667], "ebay-kleinanzeigen": [0.829711], "computerbild": [7.1244783333], "gstatic": [9.3636076667, 0.6183766667, 9.4745036667, 6.463778, 9.5126336667], "googleadservices": [9.4733773333, 7.0777323333], "cloudfunctions": [1.057158], "vimeocdn": [0.581417], "joyclub": [0.7130296667], "dmtech": [0.3163596667], "mirapodo": [0.70421], "doubleclick": [9.33409, 9.6764216667, 7.26962, 9.344755, 7.198367, 9.2822686667, 7.2027876667, 9.5692676667, 7.215946, 9.3558566667], "dm": [0.818312, 0.3163596667], "livescore": [0.600075, 0.540435, 0.7184746667, 0.3837936667, 0.6127543333, 0.6013696667, 0.7696056667], "openx": [0.5855476667, 0.588194, 0.4333256667, 0.5691246667], "postbank": [0.3072776667], "diretta": [0.929452], "googleusercontent": [0.3835186667, 7.355327, 9.4538943333], "admedo": [7.5683196667], "schwaebische": [], "googlesyndication": [9.2530653333, 9.5017496667, 9.3658613333, 9.490455, 9.4747106667], "statista": [0.8052913333, 1.1788733333, 0.3655026667, 9.3120673333, 0.6471856667], "2mdn": [9.496583], "pxf": [0.615265], "ab-in-den-urlaub": [0.8052913333, 1.1788733333, 0.3655026667, 0.6471856667], "sa-tech": [1.259616, 0.405699, 0.6831766667], "congstar": [0.5685043333], "stuttgarter-zeitung": [9.3120673333], "aachener-zeitung": [0.95553], "y-track": [7.6928836667], "usercentrics": [0.5813036667, 1.044952, 0.3422203333, 0.3866213333, 0.6763446667, 0.855139], "kampyle": [0.349869], "sportal365": [12.4485773333], "tangycover": [0.3266486667], "t-online": [7.54924], "recaptcha": [9.3115653333], "zeit": [0.7586883333], "kino": [7.3774763333], "trbo": [0.592546, 0.3655026667, 0.6471856667], "skimresources": [0.555656, 0.6558463333, 0.6093323333, 0.4106443333], "googletagmanager": [9.3369373333], "finanzen": [0.5449676667], "funkedigital": [1.2048913333, 0.6476296667, 0.8789293333], "emarsys": [0.8759203333], "opinary": [9.3120673333, 0.636055], "pub": [0.5447493333], "apester": [0.979518], "magiccandles": [0.7287063333], "decathlon": [0.801274], "vindicosuite": [0.3856286667], "rlcdn": [0.904786, 0.595084], "tchibo": [0.4156683333], "saarbruecker-zeitung": [0.8085046667], "trk42": [0.8052913333, 1.1788733333, 0.3655026667, 0.6471856667], "ampproject": [9.6573716667], "stuttgarter-nachrichten": [9.3120673333], "fiftyt": [0.691698], "px-client": [0.8074973333], "notino": [0.4136106667], "permutive": [0.4793386667], "refurbed": [1.1788733333, 0.8052913333, 0.3655026667, 0.828333, 0.6471856667], "lvz": [0.8052913333, 1.1788733333, 0.3655026667, 0.6471856667], "flashscore": [0.959788, 0.7653103333], "exponea": [1.362075, 0.572432], "9gag": [0.552444], "sheego": [0.8052913333, 1.1788733333, 0.3655026667, 0.6471856667], "br": [0.8052913333, 1.1788733333, 0.3655026667, 0.58679, 0.6471856667], "googleoptimize": [9.3435673333], "giga": [7.3774763333], "youtube": [9.3324143333, 7.2825816667, 9.344755, 9.3435673333, 9.5262243333, 9.6652353333, 9.53292], "chess": [0.5490006667], "googletagservices": [], "ksta": [0.7660513333], "wixmp": [0.3440666667], "oceansapart": [1.1788733333, 0.8052913333, 0.3655026667, 0.6471856667], "spieletipps": [7.3774763333], "joblift": [0.5483536667], "grumpydime": [0.397877], "kurzurlaub": [0.848803], "ruhrnachrichten": [0.329779], "perfdrive": [0.483332], "swrfernsehen": [0.744177], "aswpsdkeu": [0.5742946667], "nintendo": [0.8052913333, 1.1788733333, 0.3655026667, 0.6471856667], "pghub": [0.5530003333], "ivitrack": [0.3391593333], "kreuzwortraetsel": [0.7206853333], "pravda": [1.2165926667, 0.3510196667], "sae-conversational": [0.585784], "rp-online": [0.8085046667], "sift": [0.8099606667], "soliver": [0.8052913333, 1.1788733333, 0.3655026667, 0.6471856667], "bottalk": [1.1871943333], "freenet-mobilfunk": [0.8052913333, 1.1788733333, 0.3655026667, 0.6471856667], "openxcdn": [0.58579], "algolia": [0.5581356667], "creativecdn": [0.327803, 0.6382223333], "pressekompass": [0.7905626667], "abendblatt": [1.1788733333, 0.8052913333, 0.3655026667, 0.6471856667], "digitalmediawire": [97.8868263333], "parastorage": [1.0274803333], "appspot": [10.7451083333, 9.344823], "lngtd": [0.8052913333, 1.1788733333, 0.3655026667, 0.6471856667], "firebaseio": [0.3327233333], "netzwelt": [1.413699], "spotify": [0.7308553333, 0.577015, 1.2963306667], "traum-ferienwohnungen": [7.3682606667], "finative": [0.7054523333], "ardmediathek": [0.744177], "myhermes": [0.630765], "liveticker": [0.7653103333], "prmutv": [1.3204076667], "tagesschau": [1.0386233333], "flaschenpost": [0.8052913333, 1.1788733333, 0.3655026667, 0.6471856667], "impactcdn": [0.3895603333], "megabad": [0.8052913333, 1.1788733333, 0.3655026667, 0.6471856667], "rollbar": [40.269632, 40.3294283333, 28.8472566667, 40.3661863333], "ndr": [1.0950586667], "bugsnag": [0.345146, 0.6572793333], "baur": [1.1788733333, 0.8052913333, 0.3655026667, 0.6471856667], "es": [0.6963346667], "hoerzu": [9.3120673333], "ggpht": [9.5017496667], "mookie1": [1.4266476667], "home24": [1.1788733333, 0.8052913333, 0.3655026667, 0.6471856667, 7.3154556667], "sportschau": [0.557654], "nordkurier": [], "gladbachlive": [0.649528], "gravitec": [], "chefkoch": [1.1788733333, 0.8052913333, 0.3655026667, 0.6471856667], "weborama": [1.6810236667, 0.7004226667], "mytoys": [0.70421], "ctnsnet": [0.352886], "empirietest": [1.2782543333], "swr": [0.744177], "squarelovin": [1.044547], "forexpros": [8.740635], "nativendo": [0.365489], "familie": [7.3774763333], "holidaycheck": [1.0548503333], "siftscience": [0.8099606667], "rnd": [0.8052913333, 1.1788733333, 0.3655026667, 0.6471856667], "shopifysvc": [0.3626206667], "ytimg": [9.3315323333, 9.673115, 9.2559873333, 9.473589, 7.355327, 9.7822516667, 9.53292], "hexagon-analytics": [0.5567456667], "adktrack": [0.5808773333], "ruthlessdegree": [0.856601], "solvemate": [0.778876], "srmdata-eur": [], "trmcdn2": [0.3849003333], "markt": [0.5445793333], "rtbhouse": [0.347979], "hornbach": [0.3594823333], "px-cloud": [0.8074973333], "wixstatic": [0.9716736667], "yhelper": [7.262424], "yieldscale": [1.4019146667], "ad-score": [148.4374386667], "alkoora": [0.883431, 1.1689366667, 0.9473253333], "ruhr24": [0.8610976667], "withgoogle": [9.4441566667], "opodo": [0.6954536667], "smythstoys": [1.0957543333], "loopme": [8.7398223333], "fatmedia": [1.1788733333, 0.8052913333, 0.3655026667, 0.6471856667], "express": [], "seedtag": [0.3833763333], "snapchat": [0.5010893333], "energeticladybug": [0.5761133333], "instana": [0.783707], "btloader": [0.9132203333], "kleinanzeigen": [0.829711], "googlecommerce": [9.3435673333], "ojrq": [], "tvdigital": [9.3120673333], "dumontnext": [0.7586746667], "northdata": [0.435897], "aiden": [7.0620793333], "autobild": [7.5502293333], "swp": [2.1488786667], "ard-text": [1.2829463333], "bz-berlin": [7.3883883333],