{"yahoo": [176.1545746667, 163.8486833333, 176.4984883333, 255.6779446667, 179.6482746667, 176.1423216667, 137.9265023333, 139.5828576667, 180.1807773333], "aol": [156.4178493333, 263.659473, 165.3835163333, 179.6482746667, 22.9134443333, 153.331816, 88.3482856667, 167.1621276667], "yimg": [255.6779446667]}