{"google": [347.9225223333, 348.1073343333, 346.222619, 348.0010766667, 347.8267466667, 347.5313536667, 348.6713226667, 348.5588516667, 348.0667106667, 352.6751023333, 348.3316366667, 352.1083446667, 347.894186, 349.3611113333, 346.572608, 347.2046446667, 346.208581, 347.3128866667, 348.349013], "sentry": [2.4465353333, 80.6308113333], "notino": [2.4122976667], "google-analytics": [347.5199933333, 2.1641, 2.2312376667], "googleadservices": [348.3310416667], "firebaseio": [2.450177], "googlesyndication": [344.9538676667, 348.1788943333, 343.7520746667, 345.78985], "googleusercontent": [346.965678, 2.451741, 345.517913], "srmdata-eur": [], "onatera": [6.4660313333, 2.514426], "sudouest": [2.8573573333, 2.736835, 2.8706826667], "blismedia": [2.3972133333], "alltricks": [2.5112076667, 6.003618], "googleapis": [349.1558593333, 348.428633, 347.977183, 345.9310706667, 347.6630646667, 348.9393746667, 344.5279736667, 346.045588, 347.0306436667, 348.1344373333, 347.0481973333, 348.767164, 347.182558, 348.5437373333, 349.4177396667, 346.7443993333, 349.9491946667, 345.921595, 346.549406, 347.453059, 348.167404, 346.6468473333, 347.8412883333, 346.4436543333, 345.9010126667, 347.576626, 347.7485816667, 347.6835116667, 348.1804696667, 348.159773, 348.0073876667, 346.9579483333, 345.5622513333, 348.6958876667, 348.6582833333, 345.321081, 348.4433213333, 344.6350926667, 348.766198, 349.019409, 347.9389776667, 348.0331756667, 347.2387843333, 348.0562373333, 347.4253203333, 346.840854, 349.0933226667, 348.629639, 348.697867, 345.9387346667, 346.2998746667, 349.6775496667], "4dex": [2.4524946667], "openx": [2.6032303333, 2.7249966667, 2.8701166667, 2.6323816667], "px-cloud": [2.5793203333], "larepubliquedespyrenees": [2.737386, 2.288846, 2.66783], "visualwebsiteoptimizer": [2.685816], "rtbhouse": [2.3138993333], "livescore": [2.4799173333], "doubleclick": [345.46492, 346.1075073333, 348.923963, 346.572608, 348.1403933333, 348.2130773333], "selency": [2.3822893333], "early-birds": [2.5036153333, 6.1154873333], "discovernative": [2.5013963333], "global-e": [2.8569166667], "appconsent": [2.292535, 2.303311, 2.703301], "alinea": [6.516171], "adbutter": [2.330177], "doubleverify": [3.3263343333], "abtasty": [2.24596], "telerama": [2.5990776667], "auchan": [2.5276713333, 2.415614, 2.8008296667, 6.0559576667], "inskinad": [348.9743213333, 3.0666223333], "pagesjaunes": [3.0033733333], "playground": [2.2788303333], "bcovery": [2.433377], "simpli": [239.954803, 240.4163393333, 239.4445413333], "permutive": [2.953076], "gstatic": [349.6442336667, 349.213895, 21.6640686667, 347.3596996667, 351.0035206667], "e": [2.519105, 2.0421313333], "youtube-nocookie": [352.1083446667], "rlcdn": [2.313504, 2.3818686667], "vpsvc": [239.0947293333, 297.8838553333, 245.4546033333, 163.5911973333], "youtube": [348.063224, 347.9225223333, 350.078925, 348.1403933333, 348.4786866667, 348.1073343333, 346.568198, 348.0010766667, 345.8827793333, 347.5313536667, 348.5588516667, 348.0667106667, 348.3792126667, 348.65782, 348.3316366667, 352.1083446667, 347.894186, 348.6708533333, 348.020804, 347.634434, 348.5276203333, 348.0057193333, 348.7828483333, 346.208581, 347.3128866667, 347.9160906667, 346.979896, 347.4207973333, 348.349013, 348.532874], "marvellousmachine": [2.284797, 3.8824056667, 2.8569166667, 2.4549243333], "poki": [2.567674], "home24": [6.649155], "googletagservices": [], "creativecdn": [2.3649873333, 2.1562333333], "vimeocdn": [2.7096903333], "notification": [2.1633836667], "bugsnag": [2.0990623333], "viralize": [2.4584706667], "brand-display": [2.7761083333], "wonderpush": [2.284797, 3.8824056667, 2.8569166667, 2.4549243333], "campings": [3.8824056667, 2.284797, 2.8569166667, 6.3102396667, 2.4549243333], "ytimg": [346.5877973333, 346.3958536667, 348.225413, 345.8827793333, 343.265589, 345.9540866667, 347.984936, 348.7711006667, 347.3154966667, 351.8316983333, 349.387351, 347.1971273333, 347.4728216667, 348.5483493333, 352.1717286667, 348.5615853333, 349.5772136667, 347.6712946667], "live-kooora": [346.49338], "ivitrack": [2.2971573333, 2.7683726667], "motscroises": [12.893801], "ggpht": [347.856495], "withgoogle": [346.1201526667], "valiuz": [6.041835], "weborama": [2.4456106667, 2.4253563333, 2.398261, 2.247624], "courrierinternational": [6.393656, 2.853163], "apester": [3.0255223333], "flashscore": [2.3876353333], "sensefuel": [2.1363736667], "appspot": [347.4508393333], "grumpydime": [2.6098873333], "bliink": [2.4405373333], "googlevideo": [2.5963783333], "2mdn": [345.6252783333], "huffingtonpost": [2.468867], "doyoudreamup": [2.345565], "laredoute": [2.249335], "getgist": [2.6769856667], "np6": [6.2140786667], "usercentrics": [2.54635], "blancheporte": [2.5112076667], "mrtnsvr": [2.3451593333], "go-sport": [2.6188443333], "hubvisor": [2.5940306667], "get-potions": [2.5627733333], "px-client": [2.5793203333], "perfdrive": [2.6810256667], "seedtag": [2.4412443333], "nocibe": [2.6456276667], "skimresources": [2.0940376667, 2.9923466667], "y-track": [6.4826436667], "prmutv": [2.7555376667], "snapchat": [2.3128526667], "dial-once": [6.325641], "instana": [2.307292], "botmind": [348.9743213333], "btloader": [2.3621973333], "tangycover": [2.558527], "vzbl": [2.3307496667], "tradedoubler": [5.0818913333, 253.260289, 6.4439686667, 6.0709563333, 237.992632, 247.681964, 247.53939], "liberation": [15.970053], "aswpsdkeu": [2.2247683333], "recaptcha": [348.1526886667], "avads": [2.0350423333, 6.5823406667], "gemo": [2.8473563333], "googlecommerce": [], "pghub": [2.14383], "adlooxtracking": [2.6095526667], "googletagmanager": [347.4071146667], "wetransfer": [3.8824056667, 2.284797, 2.8569166667, 2.4549243333], "howsmyssl": [102.9747553333], "powerspace": [242.0337183333, 239.2065273333, 255.648632, 260.9232456667], "consensu": [2.4938376667], "charentelibre": [2.116362, 2.173982], "ctnsnet": [2.4081313333], "webedia-group": [2.8412593333], "edreams": [13.2848053333], "tapad": [2.931446, 2.702827], "openxcdn": [2.9065306667], "brightcove": [2.772727], "slgnt": [7.48936], "parastorage": [2.017266], "wixmp": [2.5174473333], "letelegramme": [2.454461], "moneytag": [2.2117603333], "perfmaker": [2.48572]}