{"google": [37.5175003333, 32.2169373333, 41.4931426667, 33.773624, 39.9334536667, 41.5214753333, 36.4579343333, 34.8779876667, 39.454321, 36.3213013333, 34.8335956667, 39.8646683333, 33.2827333333, 42.0645086667, 34.4513336667, 35.7043266667], "sentry": [2.4465353333, 80.6308113333], "notino": [], "google-analytics": [37.1012046667, 2.1641, 2.2312376667], "googleadservices": [36.8165503333], "firebaseio": [2.450177], "googlesyndication": [36.0153303333], "googleusercontent": [35.140016, 2.451741, 34.131806], "srmdata-eur": [], "onatera": [6.4660313333, 2.514426], "sudouest": [2.736835, 2.8706826667], "blismedia": [2.3972133333], "alltricks": [2.5112076667, 6.003618], "googleapis": [35.4952783333, 34.098433, 35.1985933333, 34.3304416667, 32.8284743333, 35.25601, 37.0838336667, 34.4561616667, 32.0735053333, 36.094662, 35.952191, 34.7553656667, 32.7254366667, 34.7801273333, 35.1052063333, 35.314741, 34.9166036667, 32.7254533333], "4dex": [2.4524946667], "openx": [2.6032303333, 2.6323816667, 2.7249966667, 2.8701166667], "px-cloud": [2.5793203333], "larepubliquedespyrenees": [2.737386, 2.288846, 2.66783], "visualwebsiteoptimizer": [2.685816], "rtbhouse": [2.3138993333], "livescore": [2.4799173333], "doubleclick": [34.0394116667, 34.894698, 36.318339, 34.4513336667, 32.6524283333, 32.7789553333], "selency": [2.3822893333], "early-birds": [], "discovernative": [2.5013963333], "global-e": [2.8569166667], "appconsent": [2.292535, 2.303311, 2.703301], "alinea": [], "adbutter": [2.330177], "doubleverify": [2.8072616667], "abtasty": [2.24596], "telerama": [2.5990776667], "auchan": [2.5276713333, 2.415614, 2.8008296667, 6.0559576667], "inskinad": [3.0666223333, 31.9157673333], "pagesjaunes": [3.0033733333], "playground": [2.2788303333], "bcovery": [2.433377], "simpli": [16.0169393333, 16.7122376667, 15.844189], "permutive": [2.953076], "gstatic": [34.0857846667, 34.934717, 36.614235], "e": [2.519105, 2.0421313333], "youtube-nocookie": [35.7043266667], "rlcdn": [2.2185373333, 2.2847803333], "vpsvc": [35.6904953333, 39.2551003333, 36.1665823333, 35.9890556667], "youtube": [36.9166086667, 36.4579343333, 37.2599196667, 35.4827523333, 34.8335956667, 33.2827333333, 34.4513336667, 35.7043266667], "marvellousmachine": [2.284797, 3.8824056667, 2.8569166667, 2.4549243333], "poki": [2.567674], "home24": [6.649155], "googletagservices": [], "creativecdn": [2.3649873333, 2.1562333333], "vimeocdn": [2.7096903333], "notification": [2.1633836667], "bugsnag": [2.0990623333], "viralize": [2.4584706667], "brand-display": [2.7761083333], "wonderpush": [2.284797, 3.8824056667, 2.8569166667, 2.4549243333], "campings": [], "ytimg": [35.007651, 36.9166086667, 35.0241586667, 37.0602303333, 35.140016, 33.2827333333, 35.2811266667, 34.9108876667, 35.4541026667, 34.2814986667, 32.320069], "live-kooora": [34.5973853333], "ivitrack": [2.2971573333, 2.7683726667], "motscroises": [12.893801], "ggpht": [34.847183], "withgoogle": [35.4560536667], "valiuz": [6.041835], "weborama": [2.4456106667, 2.4253563333, 2.398261], "courrierinternational": [6.393656, 2.853163], "apester": [3.0255223333], "flashscore": [2.3876353333], "sensefuel": [2.1363736667], "appspot": [35.748562], "grumpydime": [2.6098873333], "bliink": [2.4405373333], "googlevideo": [2.5963783333], "2mdn": [36.318339], "huffingtonpost": [2.468867], "doyoudreamup": [2.345565], "laredoute": [2.249335], "getgist": [2.6769856667], "np6": [6.2140786667], "usercentrics": [2.54635], "blancheporte": [], "mrtnsvr": [2.3451593333], "go-sport": [2.6188443333], "hubvisor": [2.5940306667], "get-potions": [2.5627733333], "px-client": [2.5793203333], "perfdrive": [2.6810256667], "seedtag": [2.4412443333], "nocibe": [2.6456276667], "skimresources": [2.0940376667], "y-track": [6.4826436667], "prmutv": [2.7555376667], "snapchat": [2.3128526667], "dial-once": [6.325641], "instana": [], "botmind": [31.9157673333], "btloader": [2.3621973333], "tangycover": [2.558527], "vzbl": [2.3307496667], "tradedoubler": [36.1939116667, 39.5688816667, 6.4439686667, 36.072272, 6.0709563333, 35.9258306667], "liberation": [15.970053], "aswpsdkeu": [2.2247683333], "recaptcha": [36.614235], "avads": [2.0350423333, 6.5823406667], "gemo": [2.8473563333], "googlecommerce": [35.4827523333], "pghub": [2.14383], "adlooxtracking": [2.6095526667], "googletagmanager": [37.1699313333], "wetransfer": [3.8824056667, 2.284797, 2.8569166667, 2.4549243333], "howsmyssl": [102.9747553333], "powerspace": [39.5432026667, 36.0855623333, 40.2442306667, 39.9173223333], "consensu": [2.4938376667], "charentelibre": [2.116362, 2.173982], "ctnsnet": [2.4081313333], "webedia-group": [2.8412593333], "edreams": [], "tapad": [2.931446, 2.702827], "openxcdn": [2.9065306667], "brightcove": [2.772727], "slgnt": [7.48936], "parastorage": [2.017266], "wixmp": [2.5174473333], "letelegramme": [2.454461], "moneytag": [], "perfmaker": [2.48572]}