{"google": [223.2229096667, 191.638032, 222.4247093333, 191.2865146667, 221.645178, 219.9900043333, 219.6712696667, 219.8639683333, 222.5062446667, 224.767945, 191.9845353333, 223.753834, 218.9587346667, 224.740392, 222.1585473333, 217.83592, 221.2245716667, 221.7381813333], "sentry": [2.4465353333, 80.6308113333], "notino": [2.4122976667], "google-analytics": [2.1641, 222.2469806667, 2.2312376667], "googleadservices": [218.9012806667], "firebaseio": [2.450177], "googlesyndication": [219.596426, 222.5062446667], "googleusercontent": [218.1587293333, 2.451741, 217.1385723333], "srmdata-eur": [], "onatera": [6.4660313333, 2.514426], "sudouest": [2.8573573333, 2.736835, 2.8706826667], "blismedia": [2.3972133333], "alltricks": [2.5112076667, 6.003618], "googleapis": [218.368431, 219.3745063333, 220.675908, 222.5460446667, 222.1423123333, 216.73648, 219.822971, 219.3160093333, 222.0648986667, 217.576305, 222.785976, 223.143255, 221.3653223333, 218.6494303333, 223.755983, 220.4106126667, 223.686198, 223.3752606667, 218.9202746667, 223.126239, 222.0174363333, 222.2001546667, 221.3146786667, 218.837182, 220.7021113333, 217.7658623333, 219.786738, 223.130896, 219.2218613333, 221.8168686667, 220.700622, 222.7147906667], "4dex": [2.4524946667], "openx": [2.6032303333, 2.6323816667, 2.7249966667, 2.8701166667], "px-cloud": [2.5793203333], "larepubliquedespyrenees": [2.737386, 2.288846, 2.66783], "visualwebsiteoptimizer": [2.685816], "rtbhouse": [2.3138993333], "livescore": [2.4799173333], "doubleclick": [219.532586, 220.8136973333, 217.6334606667, 218.7881473333, 218.646513, 218.4334326667], "selency": [2.3822893333], "early-birds": [2.5036153333, 6.1154873333], "discovernative": [2.5013963333], "global-e": [2.8569166667], "appconsent": [2.292535, 2.303311, 2.703301], "alinea": [6.516171], "adbutter": [2.330177], "doubleverify": [2.575665], "abtasty": [2.24596], "telerama": [2.5990776667], "auchan": [2.5276713333, 2.415614, 2.8008296667, 6.0559576667], "inskinad": [3.0666223333, 219.39547], "pagesjaunes": [3.0033733333], "playground": [2.2788303333], "bcovery": [2.433377], "simpli": [102.6559476667, 102.5417616667, 102.429007], "permutive": [2.953076], "gstatic": [2.6233593333, 222.0226596667, 222.461861, 221.6801616667, 219.590365], "e": [2.519105, 2.0421313333], "youtube-nocookie": [218.072354], "rlcdn": [2.313504, 2.3818686667], "vpsvc": [73.9602323333, 73.7961253333, 73.6595653333, 73.8473756667], "youtube": [218.1774793333, 220.6265236667, 219.6422403333, 218.9587346667, 219.1056073333, 219.6712696667, 219.1951226667, 222.400521, 218.454461, 218.072354, 224.767945, 218.7881473333, 222.1585473333, 217.83592, 221.2245716667, 219.8639683333], "marvellousmachine": [2.284797, 3.8824056667, 2.8569166667, 2.4549243333], "poki": [2.567674], "home24": [6.649155], "googletagservices": [], "creativecdn": [2.3649873333, 2.1562333333], "vimeocdn": [2.7096903333], "notification": [2.1633836667], "bugsnag": [2.0990623333], "viralize": [2.4584706667], "brand-display": [2.7761083333], "wonderpush": [3.8824056667, 2.284797, 2.8569166667, 2.4549243333], "campings": [3.8824056667, 2.284797, 2.8569166667, 6.3102396667, 2.4549243333], "ytimg": [219.6422403333, 222.501252, 221.7494503333, 221.9124836667, 217.1385723333, 223.48869, 217.5726626667, 218.072354, 224.2513923333, 219.3481866667, 223.0492393333, 223.86625, 219.7619173333], "live-kooora": [217.4845996667], "ivitrack": [2.2971573333, 2.7683726667], "motscroises": [12.893801], "ggpht": [219.530845], "withgoogle": [221.6191106667], "valiuz": [6.041835], "weborama": [2.4456106667, 2.4253563333, 2.398261, 2.247624], "courrierinternational": [6.393656, 2.853163], "apester": [3.0255223333], "flashscore": [2.3876353333], "sensefuel": [2.1363736667], "appspot": [219.9517956667], "grumpydime": [2.6098873333], "bliink": [2.4405373333], "googlevideo": [2.5963783333], "2mdn": [222.0408666667], "huffingtonpost": [2.468867], "doyoudreamup": [2.345565], "laredoute": [2.249335], "getgist": [2.6769856667], "np6": [6.2140786667], "usercentrics": [2.54635], "blancheporte": [2.5112076667], "mrtnsvr": [2.3451593333], "go-sport": [2.6188443333], "hubvisor": [2.5940306667], "get-potions": [2.5627733333], "px-client": [2.5793203333], "perfdrive": [2.6810256667], "seedtag": [2.4412443333], "nocibe": [2.6456276667], "skimresources": [2.0940376667, 2.9923466667], "y-track": [6.4826436667], "prmutv": [2.7555376667], "snapchat": [2.3128526667], "dial-once": [6.325641], "instana": [2.307292], "botmind": [219.39547], "btloader": [2.3621973333], "tangycover": [2.558527], "vzbl": [2.3307496667], "tradedoubler": [3.0316743333, 6.4439686667, 9.8685626667, 6.0709563333, 10.1653153333, 12.397326, 10.2891346667], "liberation": [15.970053], "aswpsdkeu": [2.2247683333], "recaptcha": [223.2006193333], "avads": [2.0350423333, 6.5823406667], "gemo": [2.8473563333], "googlecommerce": [219.6422403333], "pghub": [2.14383], "adlooxtracking": [2.6095526667], "googletagmanager": [218.86709], "wetransfer": [2.284797, 3.8824056667, 2.8569166667, 2.4549243333], "howsmyssl": [102.9747553333], "powerspace": [75.661532, 74.4782306667, 73.7193386667, 73.5561333333], "consensu": [2.4938376667], "charentelibre": [2.116362, 2.173982], "ctnsnet": [2.4081313333], "webedia-group": [2.8412593333], "edreams": [13.2848053333], "tapad": [2.931446, 2.702827], "openxcdn": [2.9065306667], "brightcove": [2.772727], "slgnt": [7.48936], "parastorage": [2.017266], "wixmp": [2.5174473333], "letelegramme": [2.454461], "moneytag": [2.2117603333], "perfmaker": [2.48572]}