{"google": [12.378236, 11.12296, 6.0749893333, 6.0678766667, 11.182998, 11.1518183333, 2.2315213333, 11.944971, 0.0925796667, 2.234193, 10.6014323333, 6.2795003333, 6.8897403333, 13.2192983333, 10.9390963333, 12.6990646667, 10.9535416667, 6.8741583333, 12.4191236667, 12.7693886667], "sentry": [0.0925796667], "notino": [0.0925796667], "google-analytics": [0.0925796667], "googleadservices": [0.0925796667], "firebaseio": [2.450177], "googlesyndication": [0.0925796667], "googleusercontent": [12.630389, 12.6058283333, 2.451741], "srmdata-eur": [0.0925796667], "onatera": [6.4660313333, 2.514426], "sudouest": [2.8573573333, 2.736835, 2.8706826667], "blismedia": [0.0925796667], "alltricks": [2.5112076667, 6.003618], "googleapis": [10.601498, 12.6771203333, 12.4797066667, 10.9489046667, 10.631096, 12.307947, 12.708974, 2.5793833333, 12.7990296667, 2.630803, 12.8669556667, 11.0225576667, 11.0911003333, 10.436843, 11.3066903333, 12.4768783333, 10.9856233333, 13.298916, 12.984522, 10.6417043333, 10.585575, 2.807076, 2.4991866667, 12.1941486667, 0.0925796667, 10.5452833333, 10.5041796667, 12.6061573333, 12.69643, 2.3814696667, 10.611342, 2.308517, 11.3897, 2.395022, 2.188148, 10.732345, 2.5520703333, 10.744405, 12.637707, 10.6948733333, 12.7767513333, 11.116412, 12.4667126667, 2.7000396667, 10.981486, 12.7887566667, 4.6785616667, 2.5666713333, 10.4669453333, 12.813376, 10.520288], "4dex": [0.0925796667], "openx": [0.0925796667], "px-cloud": [2.5793203333], "larepubliquedespyrenees": [2.737386, 2.288846, 2.66783], "visualwebsiteoptimizer": [0.0925796667], "rtbhouse": [2.3138993333], "livescore": [2.4799173333], "doubleclick": [0.0925796667], "selency": [2.3822893333], "early-birds": [2.5036153333, 6.1154873333], "discovernative": [0.0925796667], "global-e": [2.8569166667], "appconsent": [2.292535, 2.303311, 2.703301], "alinea": [6.516171], "adbutter": [0.0925796667], "doubleverify": [0.0925796667], "abtasty": [0.0925796667], "telerama": [2.5990776667], "auchan": [2.5276713333, 2.415614, 2.8008296667, 6.0559576667], "inskinad": [0.0925796667], "pagesjaunes": [3.0033733333], "playground": [0.0925796667], "bcovery": [2.433377], "simpli": [0.0925796667], "permutive": [0.0925796667], "gstatic": [12.5441656667, 10.6916436667, 2.45531, 0.0925796667, 12.1457556667], "e": [2.519105, 2.0421313333], "youtube-nocookie": [10.6873056667], "rlcdn": [0.0925796667], "vpsvc": [2.393513, 2.3949006667, 3.019992, 2.9403196667], "youtube": [12.378236, 11.12296, 12.502258, 11.182998, 11.1518183333, 12.4184943333, 11.2294453333, 11.944971, 0.0925796667, 10.69902, 12.4606856667, 12.881841, 10.449862, 12.4785133333, 10.6014323333, 10.8550296667, 10.468764, 13.2192983333, 10.6873056667, 12.6990646667, 12.7027656667, 10.8705473333], "marvellousmachine": [3.8824056667, 2.284797, 2.8569166667, 2.4549243333], "poki": [2.567674], "home24": [0.0925796667], "googletagservices": [0.0925796667], "creativecdn": [0.0925796667], "vimeocdn": [2.7096903333], "notification": [0.0925796667], "bugsnag": [0.0925796667], "viralize": [0.0925796667], "brand-display": [0.0925796667], "wonderpush": [0.0925796667], "campings": [3.8824056667, 2.284797, 2.8569166667, 6.3102396667, 2.4549243333], "ytimg": [10.922102, 12.6165796667, 11.0175333333, 12.780975, 13.3401276667, 11.0892316667, 10.5819793333, 10.6014323333, 11.051651, 10.7227486667, 13.061762, 10.7919173333, 10.4341516667, 11.944971, 12.8801026667, 11.0037846667, 12.7333816667, 10.7707103333], "live-kooora": [14.9408], "ivitrack": [0.0925796667], "motscroises": [12.893801], "ggpht": [3.03673], "withgoogle": [2.6335093333], "valiuz": [6.041835], "weborama": [0.0925796667], "courrierinternational": [6.393656, 2.853163], "apester": [0.0925796667], "flashscore": [2.3876353333], "sensefuel": [0.0925796667, 2.1363736667], "appspot": [12.4217316667], "grumpydime": [2.6098873333], "bliink": [0.0925796667], "googlevideo": [2.5963783333], "2mdn": [0.0925796667], "huffingtonpost": [2.468867], "doyoudreamup": [2.345565], "laredoute": [2.249335], "getgist": [2.6769856667], "np6": [6.2140786667], "usercentrics": [2.54635], "blancheporte": [2.5112076667], "mrtnsvr": [0.0925796667], "go-sport": [2.6188443333], "hubvisor": [0.0925796667], "get-potions": [2.5627733333], "px-client": [2.5793203333], "perfdrive": [0.0925796667], "seedtag": [0.0925796667], "nocibe": [2.6456276667], "skimresources": [0.0925796667], "y-track": [0.0925796667], "prmutv": [2.7555376667], "snapchat": [0.0925796667], "dial-once": [6.325641], "instana": [0.0925796667], "botmind": [10.9662063333], "btloader": [0.0925796667], "tangycover": [2.558527], "vzbl": [2.3307496667], "tradedoubler": [0.0925796667], "liberation": [15.970053], "aswpsdkeu": [0.0925796667], "recaptcha": [12.7693886667], "avads": [0.0925796667], "gemo": [2.8473563333], "googlecommerce": [12.4606856667], "pghub": [0.0925796667], "adlooxtracking": [0.0925796667], "googletagmanager": [0.0925796667], "wetransfer": [3.8824056667, 2.284797, 2.8569166667, 2.4549243333], "howsmyssl": [102.9747553333], "powerspace": [3.2183346667, 3.4935063333, 2.692558, 2.8825263333], "consensu": [0.0925796667], "charentelibre": [2.116362, 2.173982], "ctnsnet": [0.0925796667], "webedia-group": [2.8412593333], "edreams": [13.2848053333], "tapad": [0.0925796667], "openxcdn": [0.0925796667], "brightcove": [0.0925796667], "slgnt": [0.0925796667], "parastorage": [2.017266], "wixmp": [2.5174473333], "letelegramme": [0.0925796667], "moneytag": [2.2117603333], "perfmaker": [2.48572]}