{"clmbtech": [6.6023336667, 6.7585953333], "europacasino": [169.9947716667, 169.9686573333], "adsafrica": [170.4252613333], "ebay": [7.032133], "addthisedge": [7.108767], "optimizely": [6.2387603333, 5.6664066667], "serving-sys": [5.5989886667, 5.6284116667], "amplience": [178.6450736667], "tiktok": [6.9171946667, 7.0524233333, 6.9232813333, 26.1798163333, 7.0064676667, 7.1155106667, 7.14146, 6.944371, 6.9424326667, 6.9690663333, 6.9152683333], "yceml": [], "lacoste": [188.6598336667], "akamaized": [7.0141833333, 6.9171946667], "rightinthebox": [5.5461846667, 5.6517746667, 6.920498, 6.9730716667], "sharethis": [26.5758476667, 26.6920173333], "sharepointonline": [169.7407846667], "cxense": [170.7641696667], "kfc": [6.5098713333, 6.5795203333, 6.6675983333, 6.9617743333], "outbrain": [7.0388546667], "sky": [5.667567], "cricbuzz": [6.8985323333, 26.1500636667], "teads": [7.0014536667], "ndtvimg": [26.8332166667], "an1": [176.132545], "muscache": [26.1798163333, 7.184862], "bing": [6.4774863333, 6.2388346667, 6.5098713333, 6.5795203333, 6.6675983333, 7.0836783333, 6.6305483333, 6.9617743333, 6.6102683333], "rubiconproject": [185.463624, 182.9933023333, 183.013676, 179.6003903333, 170.5172946667, 185.436583], "byteoversea": [23.14842, 24.9315363333, 6.95356, 23.081703, 23.2048266667, 23.2948773333, 23.2284446667, 23.0023966667, 23.177543], "sportradar": [24.7699013333, 24.780671, 24.5994636667], "yotpo": [169.811051], "myherbalife": [7.0412046667], "alicdn": [6.0552013333, 6.0083726667], "skysports": [], "cnbc": [6.971813, 5.6771583333], "monetate": [7.0053213333], "licdn": [23.2186213333, 23.2048266667], "weather": [5.6476713333], "adform": [], "sportfeeds": [6.9283993333, 26.200301], "typekit": [6.944371, 7.0212733333, 6.948042], "agoda": [5.9994546667], "connextra": [6.9914343333], "en25": [6.1114333333], "hotstarext": [6.3096773333, 6.119277], "office": [7.0141833333, 7.759771], "cdn-apple": [178.082195], "pdffiller": [6.920498, 6.9781533333], "media": [7.1130063333], "skyassets": [6.965071], "ttwstatic": [5.6746136667, 5.6151683333], "onelink": [], "typography": [178.6978343333], "goal": [6.9283993333, 26.200301], "": [], "nrk": [26.117242, 6.9152683333, 6.9415576667, 7.759771], "turn": [182.2175813333], "moatads": [12.961337], "ndtv": [6.079381, 5.784247, 7.46908], "mookie1": [182.4729296667], "careerjunction": [6.326224], "cookiebot": [26.6211266667, 26.4122596667, 7.3241506667], "go-mpulse": [5.607525, 5.702715, 7.016915], "sfdcstatic": [], "homechoice": [], "bluekai": [5.5806806667], "rbxcdn": [5.6180063333, 5.54842], "tacdn": [5.5760926667, 5.618473, 5.816332, 5.6168513333], "assets": [169.7245143333], "tripadvisor": [6.046073, 5.582151, 6.3700783333, 6.3748623333, 6.050617, 5.6567543333, 5.565008, 5.5773113333], "bilibili": [387.6603693333, 326.7190086667, 368.5710333333], "liveperson": [185.74156, 250.812777], "lpsnmedia": [185.369429], "addthis": [7.108767], "toiimg": [5.626166, 5.6146143333, 5.788905, 5.9266273333], "cnbcfm": [5.6079413333], "365dm": [6.1591496667, 6.3436356667], "twinkl": [6.9232813333, 6.948042], "herbalifenutrition": [7.226562], "tiktokv": [6.908476, 6.953718, 6.9730716667, 6.920498, 6.9551313333, 6.9424326667, 27.921652, 23.2123236667, 23.1880536667], "xm": [7.074005], "hotstar": [6.1591496667, 6.3292806667], "haptikapi": [7.005816, 7.0221816667], "anrdoezrs": [], "office365": [24.7699013333, 6.9692166667], "soccerway": [7.03183], "list-manage": [5.5815713333], "everesttech": [], "xm-cdn": [7.074005], "mayoclinic": [], "mathtag": [7.0025316667], "smartadserver": [169.834299, 188.8149683333, 180.684573, 176.9398063333, 180.6730263333, 177.1127306667], "pubmatic": [7.0232303333], "mythad": [5.6517033333], "stickyadstv": [5.6572116667, 6.1971866667], "casalemedia": [185.0338086667], "yieldlab": [175.084535], "raxcdn": [7.006325], "fcp": [6.5795203333, 6.6352783333]}