{"clmbtech": [321.269081, 317.4224286667], "europacasino": [156.2509023333, 157.1424076667], "adsafrica": [170.4252613333], "ebay": [332.6046156667], "addthisedge": [332.0359176667], "optimizely": [283.4416556667, 332.6883893333], "serving-sys": [320.2978923333], "amplience": [332.809121], "tiktok": [320.2978923333, 333.6419776667, 290.0715236667, 338.6699706667, 318.7259826667, 289.8588716667, 333.971184, 325.446182], "yceml": [], "lacoste": [188.6598336667], "akamaized": [320.2978923333, 318.7259826667], "rightinthebox": [301.752032, 322.318458, 316.2611523333, 299.6823846667], "sharethis": [314.5885176667], "sharepointonline": [317.962386], "cxense": [322.485625], "kfc": [328.029581, 322.9134583333], "outbrain": [324.0920553333], "sky": [330.9247113333], "cricbuzz": [329.015981, 326.6088866667], "teads": [350.4632576667, 331.2651343333, 316.6220636667, 283.4280406667], "ndtvimg": [319.686766], "an1": [335.2259063333], "muscache": [333.1680203333, 332.6780556667], "bing": [334.1346003333, 332.612822, 331.3488393333, 333.2165123333, 332.8041996667, 335.2915916667, 331.4760886667], "rubiconproject": [325.6350663333, 317.566763], "byteoversea": [320.133292, 319.0208933333, 320.3991256667, 318.9767403333, 318.1279563333, 325.2278046667, 321.9118033333, 322.378523, 320.001301], "sportradar": [333.8162513333, 332.4518, 329.46676, 331.1732323333, 332.8345176667, 331.2518506667], "yotpo": [332.835208], "myherbalife": [331.049704, 332.3671916667], "alicdn": [301.898564, 316.710033, 350.8695103333, 345.433019, 319.949579, 334.2755126667], "skysports": [], "cnbc": [326.342852, 326.687131], "monetate": [331.0405956667], "licdn": [315.3921936667, 321.0756986667], "weather": [334.463124], "adform": [], "sportfeeds": [347.3967616667, 347.4419896667], "typekit": [320.2978923333, 318.7259826667], "agoda": [317.2347336667, 332.5343456667, 327.6506426667], "connextra": [340.432924], "en25": [329.737589], "hotstarext": [316.917487, 330.2155256667], "office": [321.8445743333, 324.9797313333], "cdn-apple": [336.026917], "pdffiller": [293.380708, 287.8172003333], "media": [334.6017223333], "skyassets": [317.6253913333], "ttwstatic": [321.0756986667, 321.612981], "onelink": [], "typography": [333.4342973333], "goal": [332.1726416667, 330.827553], "": [], "nrk": [320.2978923333, 318.7259826667], "turn": [272.07804], "moatads": [360.6794163333], "ndtv": [270.204582, 319.686766, 318.1463586667], "mookie1": [323.6664636667], "careerjunction": [6.326224], "cookiebot": [315.4207556667, 328.029581, 318.2129936667], "go-mpulse": [324.5319436667, 334.5403476667, 320.300395], "sfdcstatic": [], "homechoice": [], "bluekai": [333.460457], "rbxcdn": [319.227155, 318.1818166667], "tacdn": [346.4257963333], "assets": [249.6933243333], "tripadvisor": [6.046073, 6.3748623333, 278.3922376667, 6.050617, 5.5773113333], "bilibili": [387.6603693333, 326.7190086667, 368.5710333333], "liveperson": [250.812777, 299.687252, 340.625789], "lpsnmedia": [336.1615386667], "addthis": [326.6852503333], "toiimg": [317.4757913333, 313.2601343333, 313.2607066667, 350.9054903333], "cnbcfm": [332.2795076667, 325.6830816667], "365dm": [320.2978923333, 318.7259826667], "twinkl": [320.2978923333, 318.7259826667], "herbalifenutrition": [332.7775083333], "tiktokv": [331.0997733333, 333.4532273333, 320.915544, 357.3992833333, 329.240764, 330.8842433333, 320.4965346667, 319.8655966667, 330.630047], "xm": [332.1813493333], "hotstar": [320.2978923333, 318.7259826667], "haptikapi": [320.2978923333], "anrdoezrs": [], "office365": [333.1640396667, 329.4774063333], "soccerway": [320.927675], "list-manage": [267.775983], "everesttech": [], "xm-cdn": [312.6253063333], "mayoclinic": [], "mathtag": [332.7096333333], "smartadserver": [], "pubmatic": [318.7628336667], "mythad": [5.6517033333], "stickyadstv": [325.2076343333, 319.227155], "casalemedia": [425.2574056667], "yieldlab": [329.2407473333], "raxcdn": [324.569139], "fcp": [319.494136, 329.46676]}