{"onesignal": [5.5958783333, 5.6528886667], "goojara": [182.995823, 170.1453253333], "cookielaw": [5.73242, 5.6822696667], "poetrystores": [5.7114593333, 5.64511], "za": [5.707815, 5.698275], "hsmdns": [], "mediafire": [], "adsco": [5.6483616667, 6.2271296667], "esa": [5.6857536667, 5.67668, 6.3865893333], "supabets": [5.8688133333, 6.184062], "safarinow": [], "fontawesome": [], "amung": [], "ambernet": [], "gomovies": [], "coricraft": [], "getclicky": [], "xlrdr": [], "importitall": [], "incredible": [], "caxton": [5.6978496667, 6.0659863333, 6.3610396667], "supernova": [], "trackedlink": [], "altcointrader": [], "superbalist": [], "iporntv": [], "cloudflare": [5.6360946667, 5.9658326667], "ratedwap": [], "onetrust": [5.924761, 5.657985], "ad-delivery": [], "emulatorgames": [], "powr": [5.6476896667, 5.765672, 5.723127], "9anime": [], "fiverr": [], "galxboy": [], "preply": [], "connatix": [5.6911183333, 5.673467], "thenews": [5.6316033333, 5.625356], "permutive": [5.6937363333, 6.0188806667, 5.6596863333, 5.7267616667], "geo": [], "businesstech": [], "thenetnaija": [], "odysee": [5.665758, 5.7495453333, 5.7283816667], "gizmoxxx": [6.16606, 5.7487173333], "investing": [], "mrphome": [], "appboycdn": [6.391466, 5.6593463333], "novelebook": [5.8283033333, 5.7702513333], "fresherslive": [5.636038, 5.6828723333, 6.824314], "o2tvseries": [5.61886, 6.4259613333], "soap2day": [5.775472, 5.8735906667], "seriesonline": [], "cdn-cookieyes": [5.6196566667, 5.7296866667, 6.1218483333], "hollywoodbets": [5.7161636667, 5.6613516667], "viralsweep": [], "useinsider": [5.6774236667, 5.70148], "hubspot": [], "careers24": [6.1265863333, 5.7480566667], "netnaija": [5.9953093333, 6.6376333333], "mp3juice": [], "topauto": [5.71587, 5.661613, 6.2066696667], "isabellagarcia": [6.21241, 5.6813083333, 5.668378], "webengage": [6.5258446667, 6.3399336667], "loot": [5.6759763333, 5.6472973333, 5.7083066667], "latestsightings": [], "mp3juices": [], "defenceweb": [], "hellobar": [5.8585673333, 5.66466, 5.8418203333], "sfdr": [5.6385733333, 6.5775366667], "quoracdn": [5.663433, 5.9506913333], "buzzfond": [], "sflix": [], "chattabotz": [6.326021, 5.6761516667], "bash": [], "jumia": [], "capeunionmart": [], "clearscore": [], "soundestlink": [5.6676173333, 6.187386], "lichess1": [5.783102, 5.683453, 5.6459466667], "youthspace": [5.741065, 5.647558], "redvelvet": [5.681253, 6.4024323333, 6.2835123333], "ap-srv": [], "gbets": [], "anicli": [], "vntsm": [], "horoscope": [5.6917236667, 5.6432736667], "zorores": [], "lunchtimeresult": [], "up": [], "sncdn": [5.69253, 5.717948], "maroelamedia": [], "yde": [], "superbalistcdn": [5.814987, 5.7113836667], "10bet": [], "cataloguespecials": [], "iclickcdn": [], "videoscdn": [], "tabonline": [], "shopapps": [5.8216153333, 6.1604373333], "quizlet": [5.8092836667, 5.7047663333], "playgo1": [], "crowd1": [], "flysafair": [6.1793903333, 5.6915363333], "scholarlyafrica": [5.665687, 5.6246483333], "trendybeatz": [], "livesportstv": [5.858827, 5.657243], "zando": [5.769852, 6.341496, 6.2456066667], "nfcube": [6.4610063333, 5.71043, 6.3596356667], "cosmeticconnection": [], "gogoanime": [], "appurse": [], "zdassets": [], "vodacom": [], "blackboardcdn": [], "xedo": [], "sheetstreet": [], "gorgias": [], "ytmp3cut": [], "wonga": [], "businessinsider": [], "za-specials": [], "eskom": [], "wootware": [], "imagecurl": [5.8777536667, 5.829361], "tubidy": [5.6865826667, 5.704008, 5.68375], "123moviesfree": [6.1996686667, 5.7609236667], "vaimo": [], "braze-images": [], "mg": [5.723292, 5.997771, 6.241337], "1337x": [], "sassa-status-check": [], "travelstart": [], "zoom": [5.6500336667], "doppiocdn": [], "instana": [], "anihdplay": [5.7001536667, 5.6626553333, 6.3561306667], "nexusmods": [5.935396, 5.629455], "fapello": [], "predictz": [], "sofascore": [5.794474, 5.6031033333, 5.8472306667, 5.658575, 5.7509266667, 5.6902133333], "soapgate": [], "cars": [5.6462546667, 5.7053316667], "redwap-xxx": [182.9981523333, 170.2642966667], "stadio": [], "4dex": [], "hsadspixel": [], "mtn": [5.8545473333, 5.7259403333], "momentum": [6.411398, 5.6903326667], "ktkjmp": [183.1637336667, 170.3842523333], "shelflife": [], "friendshipmale": [], "researchgate": [], "leafletscdns": [6.2636403333, 5.699035, 5.6789833333], "openai": [6.0576153333, 6.0173046667], "loadshed": [], "chatlayer": [], "yapik": [], "novelxo": [5.6828543333, 5.6455463333], "bidgear": [5.7031866667, 6.025735, 5.9067136667], "cdnfonts": [6.1962536667, 6.4293526667, 5.9623986667], "sportskeeda": [], "genyt": [], "tekkietown": [], "flixtor": [5.6334696667, 5.7524403333], "bootstrapcdn": [5.754182, 5.661598], "rentuncle": [], "hubapi": [], "sarsefiling": [6.103088, 5.7617186667], "xlirdr": [162.1942973333, 176.219299], "qikify": [], "manganato": [], "leroymerlin": [], "yts": [], "zooomyapps": [], "dtscout": [], "4x4community": [], "hdtoday": [6.350376, 5.659533], "vimeo": [], "apkpure": [], "adaround": [], "score808": [], "oldkhaki": [5.6758953333, 5.6943936667], "acscdn": [], "sars": [], "idiskitimes": [], "curalate": [], "refinerystore": [170.3248783333], "africanbank": [], "tinyurl2": [], "fmovies": [], "quillbot": [], "dramacool": [], "adscool": [], "strpst": [], "livesports808": [], "legit": [162.204068], "weconnectu": [], "sterkinekor": [], "upwork": [], "indeed": [], "zendesk": [], "hs-scripts": [], "inspectlet": [], "quickread": [5.6266266667, 6.2569253333, 5.742947], "standardbank": [5.7004683333, 5.6509966667], "studio-88": [5.6560113333, 6.0458496667], "sanparks": [], "providesupport": [], "onedayonly": [], "xvideos-cdn": [], "nsfas-applications": [5.673855, 5.7122413333], "zopim": [], "hscollectedforms": [], "carmag": [6.1156746667, 5.8323523333], "luckyorange": [], "onautcatholi": [], "metropolitan": [], "addtoany": [], "follow": [5.7327903333, 5.6566166667, 5.63848], "foremedia": [], "asurascans": [5.6445433333, 6.2116096667, 5.6798633333], "betway": [6.296537, 5.7164], "sassastatuscheck": [5.6192773333, 5.899264], "fztvseries": [], "snigelweb": [], "datatables": [], "crazyegg": [], "snapwidget": [], "myflixer": [], "dailyinvestor": [5.663563, 5.6752413333, 5.666138], "youradexchange": [], "quantummetric": [], "ltwebstatic": [5.69798, 5.6755616667], "toysrus": [], "allporncomic": [5.6769813333, 5.6404283333, 6.3933826667], "tinypass": [], "taxify": [], "udemy": [5.6743946667, 5.675726], "netflorist": [], "sundayworld": [5.6895063333, 6.1599453333, 7.4552526667], "hirschs": [5.7383436667, 6.3631653333, 5.655283], "inqaku": [], "cleverwebserver": [], "backinstock": [161.9847336667, 170.2297786667], "chess": [5.6206433333], "mrpg": [], "edupstairs": [], "uniconsent": [], "videoplayerhub": [], "whatfix": [5.821737, 5.6622753333], "spursteakranches": [], "xlivrdr": [], "unpkg": [], "intercape": [], "clicks": [], "infolinity": [], "uk49sresultstoday": [6.0398246667, 6.1617553333], "fakazahiphop": [5.720657, 5.6243726667, 5.661328], "networkmanag": [5.660413, 5.7056383333, 5.6323666667], "a-z-animals": [5.6283966667, 5.6761873333, 6.7194803333], "izooto": [], "sitescdn": [], "simplepay": [], "fanfiction": [], "vaultmarkets": [6.1939296667, 6.5497616667, 5.9441673333], "sportingbet": [], "cdnimg": [6.2847736667, 5.6485516667, 5.6332736667], "skizzl": [5.63239, 6.4756213333], "supernutritious": [], "genius": [5.7627003333, 5.6324226667], "jobsora": [], "wcofun": [], "pogothere": [], "rgstatic": [], "pingdom": [], "automizely": [], "pdfdrive": [], "casalemedia": [], "chaturbate": [], "mangago": [], "livescore": [202.008663], "nhentai": [], "quicket": [], "bigcommerce": [], "stackq": [], "fakaza": [5.643899, 5.8112266667], "dailyvoice": [], "reamaze": [], "enca": [], "hs-analytics": [5.677371, 6.292609, 5.7540216667, 5.6564666667, 6.0273226667], "9gag": [], "ordersify": [], "doubleverify": [5.7368316667, 5.8838086667], "9animetv": [5.8439166667, 5.780729], "hs-banner": [], "bannerflow": [], "mobiletvshows": [], "folderz": [5.6716736667, 6.2586283333], "indexww": [], "ragesa": [], "luxuretv": [],