{"liadm": [], "timberland": [], "booking": [], "lottiefiles": [], "makro": [], "medicalnewstoday": [5.6480863333, 5.6762166667, 5.6303293333, 6.269504], "tctm": [24.3487296667, 21.693103, 24.342197, 24.3312803333], "comm100": [], "onlyfans": [], "depict": [], "sharethis": [5.874199, 24.3019593333, 24.3207073333, 21.6412456667, 5.774135, 24.2822486667, 5.6938736667, 5.6818116667], "bazaarvoice": [5.6998113333, 5.6286883333, 6.305981, 5.9022056667], "amazon-adsystem": [], "ensighten": [], "pusher": [21.5292806667], "dotmetrics": [168.4965126667, 170.614746, 170.4467243333, 171.7398666667], "bada": [], "fantech": [], "agkn": [21.6421196667, 21.629526, 21.6577846667, 21.5905563333], "vic-m": [6.0407903333, 5.6978526667, 5.6146143333, 6.305981], "pulselive": [5.6840216667, 6.1790436667, 5.6498516667, 5.6286883333], "mweb": [], "site24x7rum": [], "mitula": [], "uidapi": [5.713405], "sail-horizon": [5.6547216667, 5.7598486667, 5.6146143333, 6.305981], "vtexassets": [], "activebeat": [], "toiimg": [], "preply": [169.577654, 169.5951226667, 176.7409423333, 168.6954753333], "bstatic": [], "tradingview": [], "trov": [], "jwpsrv": [], "tiqcdn": [], "pnp": [], "faithful-to-nature": [21.6421196667, 21.6534616667, 21.6633433333, 24.386102], "pricecheck": [], "luckyorange": [], "dwin1": [], "webengage": [24.3487296667, 21.5893673333, 21.5832996667, 24.336048], "captcha-delivery": [], "enthusiastgaming": [], "humanz": [21.6179276667, 21.6100603333, 24.407089, 21.695647], "comm100vue": [], "privateproperty": [], "woolworthsstatic": [], "uniconsent": [], "premierleague": [], "flowxo": [], "imagekit": [], "rollbar": [], "website-files": [], "hyperli": [], "chartbeat": [], "thecourierguy": [], "adsafeprotected": [], "download-za": [], "oribi": [], "dstv": [21.6258776667, 21.603697, 24.3207073333, 24.37706]}