{"liadm": [170.407134, 178.8662486667, 170.5627623333, 178.4956813333], "timberland": [176.0256553333, 175.9378963333, 177.036557, 175.8875686667], "booking": [170.6612526667, 170.5987876667, 179.0432786667, 179.1154946667], "lottiefiles": [171.5529286667, 162.5302656667, 170.7165546667, 169.9759886667], "makro": [], "medicalnewstoday": [170.741941, 180.6249863333, 170.1102166667, 172.4694053333, 170.270994, 178.9256796667, 178.834051, 178.481417], "tctm": [170.3492003333, 171.483248, 180.2398853333, 179.7580386667], "comm100": [178.4784773333, 178.8639923333, 178.4644843333, 170.3753153333], "onlyfans": [177.2123656667, 178.479487, 176.684809, 176.7314183333], "depict": [], "sharethis": [172.447634, 178.6850336667, 180.280906, 170.294539, 172.4805493333, 178.2224276667, 180.593094], "bazaarvoice": [171.3249903333, 171.114815, 170.3077943333, 179.318045], "amazon-adsystem": [180.617103], "ensighten": [177.7177663333, 177.2152123333, 183.4578393333, 177.236694], "pusher": [179.795558], "dotmetrics": [171.4492966667, 181.2036, 179.4550756667, 179.4955223333], "bada": [177.3123783333], "fantech": [179.5962913333, 171.1548806667, 169.9171843333, 181.5821076667], "agkn": [172.3892563333, 178.7684196667, 170.786539, 170.5751643333], "vic-m": [179.2688943333, 181.737735, 179.8815636667, 169.9567723333], "pulselive": [170.57785, 170.71123, 170.271772, 180.6118186667], "mweb": [], "site24x7rum": [179.4574806667, 179.7185043333, 181.5574666667, 179.4195573333], "mitula": [], "uidapi": [170.2122036667], "sail-horizon": [179.0741976667, 170.217956, 179.0046343333, 170.6206193333], "vtexassets": [], "activebeat": [176.7813856667, 176.6076616667, 176.589011, 177.235532], "toiimg": [187.1754453333], "preply": [171.2400926667, 181.2036, 179.1008956667, 170.9532793333], "bstatic": [179.4400423333, 183.761669, 178.368649, 169.983771], "tradingview": [170.3352203333, 178.605057, 178.7618243333, 170.6533096667], "trov": [176.258604, 176.952003, 175.8661163333, 175.8159756667], "jwpsrv": [178.8213686667, 178.7108706667, 178.8849266667, 178.8026676667], "tiqcdn": [175.806158, 176.989884, 176.349208, 182.028556], "pnp": [], "faithful-to-nature": [178.6688293333, 178.9339383333, 180.7383323333, 172.4121326667], "pricecheck": [180.96052, 178.4311566667, 178.3916446667, 179.0442256667], "luckyorange": [178.457708, 172.3496283333, 172.4206706667, 178.6807756667], "dwin1": [], "webengage": [178.189148, 181.7654286667, 179.9662913333], "captcha-delivery": [171.052873, 170.955362, 171.341475, 170.8417363333], "enthusiastgaming": [176.3335846667, 177.0618503333, 175.9378963333, 182.0160273333], "humanz": [171.0467313333, 179.5224986667, 170.9642366667, 171.4241513333], "comm100vue": [180.2562046667, 178.7997466667, 170.4849923333, 178.549958], "privateproperty": [183.836924, 179.7022026667, 179.672401, 178.9701366667], "woolworthsstatic": [170.2063953333, 179.3030226667, 179.6606443333, 181.274823], "uniconsent": [5.674258, 5.6489263333], "premierleague": [5.6135163333, 21.68118, 188.9755956667, 183.4578393333, 189.0229906667, 177.794581], "flowxo": [170.695735, 171.483248, 171.1252573333, 181.7921146667], "imagekit": [176.5937903333, 177.3226876667, 177.2825673333, 178.5799223333], "rollbar": [181.5821076667, 178.4128633333, 181.8020726667, 180.8384996667], "website-files": [178.767941, 180.650226, 178.7382933333, 178.943141], "hyperli": [176.0616656667, 182.3096093333, 176.1867343333, 177.2618126667], "chartbeat": [189.0312573333], "thecourierguy": [170.745855, 170.5747783333, 170.285572, 178.4301253333], "adsafeprotected": [176.0640013333, 176.584004, 176.575528, 177.267356], "download-za": [182.809795, 176.684809, 178.44553, 178.513788], "oribi": [170.626637, 170.9764566667, 179.014149, 162.6680116667], "dstv": [178.8905846667, 170.484048, 178.460128, 172.519852]}