{"liadm": [5.626166, 6.250205, 5.8011703333, 5.684147], "timberland": [5.7329066667, 6.0243966667, 5.6498516667, 6.5778783333], "booking": [6.4262776667, 5.616438, 6.305981, 5.669203], "lottiefiles": [5.9433103333, 5.7106016667, 5.6480863333, 5.6818116667], "makro": [], "medicalnewstoday": [179.7634133333, 163.4120433333, 170.814585, 5.6303293333, 6.269504, 5.6480863333, 171.5939863333, 5.6762166667], "tctm": [5.6767966667, 5.7294333333, 5.663135, 5.6601266667], "comm100": [5.7464033333, 6.2674113333, 5.866942, 5.8584353333], "onlyfans": [6.121503, 5.6286883333, 5.6767966667, 5.8011703333], "depict": [6.2674113333, 5.6303293333, 5.6998113333, 5.8036136667], "sharethis": [5.68991, 5.9433103333, 5.6938736667, 5.874199, 5.6610513333, 5.774135, 6.0243966667, 5.6818116667], "bazaarvoice": [6.305981, 5.6286883333, 5.6998113333, 5.9022056667], "amazon-adsystem": [5.6835733333], "ensighten": [5.7598486667, 5.667451, 5.6998113333, 5.6681213333], "pusher": [5.632756], "dotmetrics": [162.5667926667, 162.5747013333, 170.0616413333, 170.8249896667], "bada": [5.6508326667], "fantech": [5.829967, 5.626166, 5.684147, 5.849009], "agkn": [6.0600883333, 6.250205, 5.6498516667, 5.673755], "vic-m": [5.6978526667, 5.6146143333, 6.305981, 6.0407903333], "pulselive": [179.655703, 169.9560013333, 170.031481, 161.7690986667], "mweb": [], "site24x7rum": [5.9302856667, 6.1790436667, 5.6938736667, 5.8584353333], "mitula": [5.6311363333, 6.4262776667, 5.7276263333, 5.9433103333], "uidapi": [5.713405], "sail-horizon": [5.6547216667, 5.7598486667, 5.6146143333, 6.305981], "vtexassets": [5.8036136667, 8.2507393333, 5.663135, 5.6084013333], "activebeat": [5.6480863333, 5.6396623333, 6.0243966667, 5.665715], "toiimg": [5.626166, 5.6146143333, 5.788905, 5.9266273333], "preply": [178.8544396667, 178.9246063333, 170.713633, 170.8459486667], "bstatic": [5.6746, 5.6480863333, 5.6854083333, 5.874199], "tradingview": [5.7317583333, 5.6936813333, 5.64666, 5.7128663333], "trov": [6.3777806667, 6.0600883333, 6.1790436667, 6.0212713333], "jwpsrv": [5.6823833333, 10.7623113333, 5.684965, 5.6568713333], "tiqcdn": [5.6978526667, 5.669405, 5.7268966667, 6.305981], "pnp": [], "faithful-to-nature": [5.626166, 5.697485, 5.6767966667, 5.7128663333], "pricecheck": [5.9302856667, 5.7423656667, 5.8584353333, 5.6405496667], "luckyorange": [5.8408683333, 5.9291213333, 6.0212713333, 5.7128663333], "dwin1": [], "webengage": [5.6823833333, 6.0661713333, 5.663135, 5.6084013333], "captcha-delivery": [5.931284, 5.7294333333, 5.866942, 5.7278153333], "enthusiastgaming": [180.3457286667, 180.0464783333, 184.1613306667, 180.700124], "humanz": [6.305981, 6.3777806667, 5.616438, 5.7276263333], "comm100vue": [5.663135, 5.68991, 5.6684266667, 5.6601266667], "privateproperty": [5.6961716667, 5.6146143333, 5.9302856667, 5.6601266667], "woolworthsstatic": [5.774135, 5.810809, 5.7278153333, 5.849009], "uniconsent": [5.674258, 5.6489263333], "premierleague": [5.6135163333, 5.7317583333, 21.68118, 5.7002563333, 6.1772556667, 5.788905], "flowxo": [5.9076326667, 6.2711306667, 5.6834563333, 5.6922786667], "imagekit": [6.2674113333, 5.7333956667, 5.6924116667, 5.6722253333], "rollbar": [6.2531673333, 5.7294333333, 5.7329066667, 5.8584353333], "website-files": [179.1246373333, 170.705845, 170.6679826667, 162.3889266667], "hyperli": [5.6840216667, 5.6084013333, 5.7294333333, 6.5778783333], "chartbeat": [5.883113], "thecourierguy": [5.662665, 6.097526, 5.9278506667, 5.6930116667], "adsafeprotected": [5.6498516667, 6.250205, 5.7129966667, 5.874199], "download-za": [6.3657626667, 6.0661713333, 5.6286883333, 5.7278153333], "oribi": [6.2695656667, 5.667451, 5.663135, 5.684147], "dstv": [5.6433646667, 5.65334, 5.616438, 5.684147]}