{"twimg": [321.7569516667], "azureedge": [335.769087], "paypal": [5.6319083333, 190.6490416667, 177.9568723333], "msecnd": [335.769087, 325.1042896667], "jobrapido": [236.5337686667], "metaffiliation": [343.9874586667], "twitter": [354.0094993333], "jwplayer": [236.8146406667]}