{"twimg": [5.574054], "azureedge": [5.515281], "paypal": [5.819525, 190.6490416667, 177.9568723333], "msecnd": [5.515281, 5.939253], "jobrapido": [5.8335456667], "metaffiliation": [5.588622], "twitter": [5.5636523333], "jwplayer": [5.7499336667]}