{"imgur": [], "medallia": [], "wikihow": [5.5263046667, 5.9823163333, 5.5681293333, 5.5772833333], "istore": [], "tiendeo": [5.760712], "rsms": [], "klaviyo": [5.5605126667], "sentry-cdn": [5.5737376667, 5.6670133333, 5.6241516667, 5.5689273333], "nytimes": [], "github": [5.605571, 5.8758593333, 5.570258, 5.525126], "fetlife": [], "prismic": [], "taboola": [], "krxd": [], "newrelic": [5.5918446667], "guim": [5.6052233333], "meredithcorp": [], "blogherads": [], "cheapflights": [5.539573, 5.639283, 5.5771013333, 5.5910216667], "mparticle": [5.597803, 5.5929916667, 5.6214996667, 5.8458973333], "datas3ntinel": [5.760712], "launchdarkly": [5.574226], "swiftypecdn": [5.6290743333], "imgix": [], "guardianapps": [], "speedcurve": [5.574226], "insider": [], "scdn": [5.6458226667], "podbean": [], "redditstatic": [], "businessinsider": [5.5882026667], "jsdelivr": [], "tacdn": [5.739958], "tripadvisor": [5.806312], "bidorbuy": [], "pxlecdn": [], "pixlee": [], "ubembed": [], "reddit": [], "pinterest": [5.5159976667], "disqus": [], "fastly": [], "ssl-images-amazon": [5.908904], "vimeocdn": [], "githubassets": [], "ads-twitter": [], "guimcode": [], "paypal": [], "jwpcdn": [], "busbud": [], "nyt": [], "nr-data": [5.6957503333], "guardianapis": [], "braze": [5.5759516667], "spotifycdn": [], "theguardian": [], "r9cdn": [5.582458], "sassa-status": [], "sstatic": []}