{"imgur": [171.0977253333], "medallia": [177.2067036667], "wikihow": [5.5263046667, 5.9823163333, 5.5681293333, 5.5772833333], "istore": [5.592118, 5.5915263333, 5.5429596667, 5.5422426667], "tiendeo": [170.302725, 5.5984, 5.5906406667, 5.5611176667, 6.2640436667], "rsms": [6.0835063333, 5.652005], "klaviyo": [5.597803, 5.5929916667, 5.6214996667, 5.8458973333], "sentry-cdn": [5.5737376667, 5.6670133333, 5.6241516667, 5.5689273333], "nytimes": [5.5387393333, 5.5769463333, 5.6346816667, 5.6163363333], "github": [5.8758593333, 5.8570356667, 5.525126, 5.605571, 5.570258, 248.5051793333], "fetlife": [5.5263046667, 5.9823163333, 5.5681293333, 5.5772833333], "prismic": [178.2475416667], "taboola": [6.1477933333, 5.568951, 5.814979, 5.9944173333, 5.613425], "krxd": [5.597803, 5.5605126667, 5.5929916667, 5.8458973333, 5.6214996667], "newrelic": [5.6255663333, 5.5536893333, 6.1527166667, 5.5857416667], "guim": [6.2731633333, 6.130753, 6.306909, 5.6177176667], "meredithcorp": [6.1527166667, 5.5536893333, 5.5857416667, 5.6255663333], "blogherads": [170.945641], "cheapflights": [5.539573, 5.639283, 5.5771013333, 5.5910216667], "mparticle": [5.8458973333, 5.597803, 5.5929916667, 5.6214996667], "datas3ntinel": [5.5984, 5.5906406667, 5.5611176667, 6.2640436667], "launchdarkly": [5.6670133333, 5.5737376667, 5.6241516667, 5.5689273333], "swiftypecdn": [5.5562796667, 5.6273346667, 5.5517696667, 5.600038], "imgix": [170.3123556667], "guardianapps": [6.2731633333, 6.130753, 6.306909, 5.6177176667], "speedcurve": [5.574226, 5.5737376667, 5.5689273333, 5.6241516667, 5.6670133333], "insider": [5.6670133333, 5.5737376667, 5.6241516667, 5.5689273333], "scdn": [5.6458226667], "podbean": [5.5984, 5.5906406667, 5.5611176667, 6.2640436667], "redditstatic": [], "businessinsider": [5.7852666667, 177.372995, 6.207317, 5.706183, 5.6154716667, 5.5694166667, 5.5843913333, 5.5806613333, 6.1639816667], "jsdelivr": [6.3157756667, 6.045506, 6.3945856667, 6.4208543333, 5.6782266667], "tacdn": [5.5760926667, 5.618473, 5.816332, 5.6168513333], "tripadvisor": [6.046073, 5.582151, 6.3700783333, 6.3748623333, 6.050617, 5.6567543333, 5.565008, 5.5773113333], "bidorbuy": [5.6533613333], "pxlecdn": [5.5984, 5.5906406667, 5.5611176667, 6.2640436667], "pixlee": [5.5984, 5.5906406667, 5.5611176667, 6.2640436667], "ubembed": [5.5714566667, 5.5753096667, 6.221304, 5.554121], "reddit": [5.5355476667, 5.8010003333, 5.571853, 6.2308383333], "pinterest": [5.9224363333, 5.6699613333, 5.9340796667, 7.189149, 5.5622076667], "disqus": [177.2454583333, 177.2431203333, 179.5681383333], "fastly": [5.567498, 5.583661, 5.6729433333, 7.095366], "ssl-images-amazon": [5.908904], "vimeocdn": [178.2452843333, 171.6063726667], "githubassets": [5.5415916667, 6.0698943333, 5.5764113333, 5.5345493333], "ads-twitter": [170.628357], "guimcode": [5.6052233333], "paypal": [5.819525], "jwpcdn": [5.9258793333], "busbud": [5.6214996667, 5.597803, 5.5929916667, 5.8458973333], "nyt": [5.6800863333], "nr-data": [5.9601306667], "guardianapis": [6.2731633333, 6.130753, 6.306909, 5.6177176667], "braze": [5.977921, 5.6191616667, 6.135273, 5.585486], "spotifycdn": [171.0253086667], "theguardian": [6.2731633333, 6.130753, 6.306909, 5.6177176667], "r9cdn": [5.639283, 5.539573, 5.5771013333, 5.5910216667], "sassa-status": [5.7677823333], "sstatic": [5.617818, 5.5853616667, 5.5855693333, 5.79517]}