{"imgur": [262.1179976667], "medallia": [375.3090626667], "wikihow": [5.5263046667, 5.9823163333, 5.5772833333, 5.5681293333], "istore": [5.592118, 5.5915263333, 5.5429596667, 5.5422426667], "tiendeo": [170.302725, 382.5644846667], "rsms": [6.0835063333, 5.652005], "klaviyo": [375.0883703333], "sentry-cdn": [5.5689273333, 5.6670133333, 5.6241516667, 5.5737376667], "nytimes": [375.1864223333], "github": [248.5051793333, 5.8758593333, 351.004629, 5.605571, 5.570258, 5.525126], "fetlife": [375.03363, 5.5772833333, 5.5681293333, 5.5263046667, 5.9823163333], "prismic": [253.985043], "taboola": [384.686863], "krxd": [375.0883703333], "newrelic": [383.5475113333], "guim": [375.095574], "meredithcorp": [383.5475113333], "blogherads": [263.5875123333], "cheapflights": [5.639283, 5.5771013333, 5.539573, 5.5910216667], "mparticle": [5.597803, 375.0883703333, 5.5929916667, 5.8458973333, 5.6214996667], "datas3ntinel": [382.5644846667], "launchdarkly": [382.472102], "swiftypecdn": [374.7993656667], "imgix": [253.985043], "guardianapps": [375.095574], "speedcurve": [382.472102], "insider": [382.472102], "scdn": [375.2424143333], "podbean": [382.5644846667], "redditstatic": [], "businessinsider": [375.1418176667, 6.207317, 5.706183, 5.5694166667, 5.5843913333, 273.465065], "jsdelivr": [6.3157756667, 6.3945856667, 6.4208543333, 6.045506, 5.6782266667], "tacdn": [288.536181], "tripadvisor": [6.046073, 6.3748623333, 6.050617, 5.5773113333, 290.5619013333], "bidorbuy": [374.5218403333], "pxlecdn": [382.5644846667], "pixlee": [382.5644846667], "ubembed": [382.6130773333], "reddit": [5.8010003333, 5.571853, 6.2308383333, 5.5355476667], "pinterest": [374.762929, 295.66807], "disqus": [262.6005736667], "fastly": [382.782993], "ssl-images-amazon": [374.9145066667], "vimeocdn": [383.575073], "githubassets": [5.5415916667, 6.0698943333, 5.5764113333, 5.5345493333], "ads-twitter": [374.0583793333], "guimcode": [375.095574], "paypal": [5.6319083333], "jwpcdn": [382.612631], "busbud": [5.597803, 5.5929916667, 5.6214996667, 5.8458973333], "nyt": [375.1864223333], "nr-data": [5.6957503333], "guardianapis": [375.095574], "braze": [374.720446], "spotifycdn": [383.2516846667], "theguardian": [6.2731633333, 6.130753, 6.306909, 5.6177176667], "r9cdn": [374.5018213333], "sassa-status": [5.7677823333], "sstatic": [5.617818, 5.5853616667, 5.79517, 5.5855693333]}