{"google": [386.6742023333, 349.469637, 380.5706326667, 383.6513023333, 383.281146, 378.9933053333, 346.8701546667, 349.0210683333, 382.8799546667, 382.7952096667, 382.808519, 372.378421, 383.2523973333, 380.4599966667, 372.4504033333, 350.1738263333, 379.1372386667, 379.0384906667, 383.919126, 383.5754293333], "permutive": [6.4603123333], "jobrapido": [6.0807], "doubleclick": [370.8509293333, 379.102734, 372.459678, 379.795113, 384.031384, 384.303912, 347.1333846667, 349.733128, 383.5754983333], "googleusercontent": [383.644241, 383.171629, 383.9052223333], "spotify": [6.1726783333, 5.6713313333], "mookie1": [5.6510833333], "googlesyndication": [384.406189, 379.167343, 379.0134863333, 384.328045, 384.031384, 379.036576], "px-client": [5.8343456667], "googleapis": [379.8176663333, 383.612849, 383.9519546667, 383.1531923333, 379.905139, 386.6451436667, 380.3625793333, 383.9510236667, 381.0081486667, 383.5577596667, 384.3354503333, 380.1585713333, 383.9231273333, 383.5508716667, 383.5890976667, 380.223681, 385.23594, 380.2530153333, 380.9203386667, 380.174834, 381.2851036667, 384.595792, 383.631474, 386.8377573333, 381.0359743333, 380.4940096667, 382.7890786667, 383.1728943333, 380.172368, 383.6713643333, 379.8148986667, 383.5875563333], "sentry": [6.1954383333, 256.4562483333], "33across": [5.625715], "sayouth": [168.0722693333], "rtbhouse": [6.244897], "livescore": [5.6217863333, 5.781525, 5.6537476667, 5.6691496667, 5.7176983333], "shopifycloud": [256.439895], "uber": [], "bidswitch": [255.5702743333], "mxpnl": [5.6145166667, 5.7207813333], "px-cloud": [5.8343456667], "prmutv": [6.3371183333], "sojern": [5.5834546667], "chatlayer": [168.1034493333], "clean": [6.3143523333], "simpli": [256.8707526667, 256.3969136667, 256.595242], "luckyorange": [6.0858396667], "bluecava": [5.8806843333], "impactcdn": [6.193142], "gstatic": [379.848521, 252.4799923333, 384.6899513333, 383.919126, 379.0017953333, 384.0258273333, 251.674862], "googleadservices": [380.4599966667], "rlcdn": [6.17782, 5.937639], "blogspot": [387.3790223333], "googleoptimize": [384.7123636667], "youtube": [385.8436116667, 383.542603, 386.6742023333, 383.558525, 380.5245123333, 382.7952096667, 381.3582546667, 384.4015636667, 380.9133266667, 383.919126, 383.2523973333, 380.5706326667, 384.7123636667, 383.281146, 384.0258273333, 378.9933053333], "nrk": [5.5956456667], "chess": [5.6206433333], "googletagservices": [], "bounceexchange": [5.5761943333], "bugsnag": [5.6848733333], "brand-display": [5.63228], "bet": [5.6326896667, 5.65031, 5.6378983333, 5.6730333333], "best-jobs-online": [383.5452653333], "tradeinn": [6.247557, 5.5517993333], "allbursaries": [175.2457383333], "flashscore": [5.6663713333, 5.7176983333], "ackermans": [5.6977346667], "withgoogle": [383.6056223333], "soccer24": [5.6285183333], "media": [5.6180333333, 6.5086236667], "2mdn": [380.614788], "openx": [5.8695573333, 5.8492336667, 5.749765, 6.3217823333], "sportsmanswarehouse": [5.6649026667], "impresee": [5.6178283333], "jobs-bear": [5.6326896667, 5.65031, 5.6378983333, 383.5452653333, 5.6730333333], "perfdrive": [5.776354, 5.6433446667], "seedtag": [5.6651683333], "petametrics": [5.6820863333], "browser-intake-datadoghq": [6.038327], "snapchat": [5.8450553333], "doubleclickbygoogle": [5.6326896667, 5.65031, 5.6378983333, 5.6730333333], "adjust": [5.674553], "instana": [5.655501], "btloader": [5.8254156667], "verzameldietoestemming": [168.886228], "cdnware": [5.6638766667], "conditioncrush": [5.6372916667], "recaptcha": [383.7170806667], "cloudfunctions": [6.3230523333], "mixpanel": [5.6147966667, 5.6082846667, 5.6597673333, 5.6546773333], "mythad": [5.6517033333], "translately": [6.1213696667], "woesflirts": [5.6750483333], "eskimi": [5.6583266667], "pghub": [5.6898126667], "secretmatchclub": [5.6750483333], "googletagmanager": [383.9462463333], "ivitrack": [5.601045], "optimove": [5.6958646667], "sportradarserving": [255.8342686667], "openxcdn": [6.2984173333], "creativecdn": [5.6964673333], "scorenga": [5.5963576667], "pepstores": [6.018363], "ampproject": [384.406189], "firebaseio": [6.3561556667], "24": [5.6326896667, 5.65031, 5.6378983333, 5.6730333333]}