{"google": [441.78984, 473.796849, 473.3798146667, 473.8587756667, 474.1381833333, 441.2173643333, 475.1961553333, 474.3448533333, 474.3237106667, 474.9604143333, 473.3088843333, 442.492781, 473.7301773333, 474.1192353333, 474.4450896667, 441.8492653333, 473.8143873333, 441.8136663333, 475.222111, 473.6246746667, 473.7383166667, 473.594636, 473.8221776667, 443.4870696667, 474.638496], "permutive": [6.4603123333], "jobrapido": [6.0807], "doubleclick": [473.194188, 473.6963303333, 442.0561953333, 472.6065296667, 473.221893, 473.255912, 442.70051, 441.744514, 441.725085], "googleusercontent": [474.99044, 473.3252433333, 473.8413843333], "spotify": [6.1726783333, 5.6713313333], "mookie1": [5.6510833333], "googlesyndication": [474.6822043333, 443.768863, 479.2068533333, 473.7741016667], "px-client": [5.8343456667], "googleapis": [473.8484316667, 473.857531, 474.7372526667, 473.536117, 473.744285, 473.943464, 473.7795736667, 473.0373853333, 475.006058, 475.3071563333, 475.1228256667, 473.5131556667, 474.280001, 474.150034, 473.6591196667, 472.9371963333, 473.549977, 473.854478, 472.0119893333, 475.2234986667, 475.7930616667, 472.546584, 473.711659, 474.3288713333, 473.9384113333, 474.156478, 441.8151836667, 472.99613, 474.7763016667, 474.1040623333, 473.014342, 472.5217326667, 442.26277, 473.1270336667, 475.303016, 473.8202763333, 474.0194263333, 474.3250376667, 474.74752, 475.9571983333, 474.290009, 478.5222356667, 473.495045, 474.296918, 475.55383, 473.787589, 473.6922423333], "sentry": [6.1954383333, 256.4562483333], "33across": [5.625715], "sayouth": [168.0722693333], "rtbhouse": [6.244897], "livescore": [5.6217863333, 5.781525, 5.6537476667, 5.6691496667, 5.7176983333], "shopifycloud": [256.439895], "uber": [6.1956816667], "bidswitch": [396.7507863333], "mxpnl": [5.6145166667, 5.7207813333], "px-cloud": [5.8343456667], "prmutv": [6.3371183333], "sojern": [5.5834546667], "chatlayer": [168.1034493333], "clean": [6.3143523333], "simpli": [342.129061, 348.594892, 341.3763366667], "luckyorange": [6.0858396667], "bluecava": [5.8806843333], "impactcdn": [6.193142], "gstatic": [473.7766956667, 474.3448533333, 473.6112133333, 473.2369943333, 474.1055366667, 418.8751093333], "googleadservices": [472.6065296667], "rlcdn": [6.17782, 5.937639], "blogspot": [474.6822043333], "googleoptimize": [442.4935786667], "youtube": [473.0318163333, 473.796849, 473.612782, 474.2126443333, 473.9922533333, 473.8587756667, 474.0212626667, 473.2573256667, 474.346573, 475.1961553333, 474.3448533333, 473.216759, 473.617511, 474.425143, 442.4935786667, 474.1192353333, 473.2731126667, 474.4450896667, 473.600695, 473.8143873333, 475.222111, 473.7806513333, 473.594636, 473.8221776667, 473.2369943333, 475.356693, 474.638496, 475.0243186667], "nrk": [5.5956456667], "chess": [5.6206433333], "googletagservices": [], "bounceexchange": [5.5761943333], "bugsnag": [5.6848733333], "brand-display": [5.63228], "bet": [5.6326896667, 5.65031, 5.6378983333, 5.6730333333], "best-jobs-online": [474.182289], "tradeinn": [6.247557, 5.5517993333], "allbursaries": [175.2457383333], "flashscore": [5.6663713333, 5.7176983333], "ackermans": [5.6977346667], "withgoogle": [473.46063], "soccer24": [5.6285183333], "media": [5.6180333333, 6.5086236667], "2mdn": [474.31952], "openx": [5.8695573333, 5.8492336667, 5.749765, 6.3217823333], "sportsmanswarehouse": [5.6649026667], "impresee": [5.6178283333], "jobs-bear": [5.65031, 5.6378983333, 5.6326896667, 474.182289, 5.6730333333, 473.6413016667], "perfdrive": [5.776354, 5.6433446667], "seedtag": [5.6651683333], "petametrics": [5.6820863333], "browser-intake-datadoghq": [6.038327], "snapchat": [5.8450553333], "doubleclickbygoogle": [5.6326896667, 5.65031, 5.6378983333, 5.6730333333], "adjust": [5.674553], "instana": [5.655501], "btloader": [5.8254156667], "verzameldietoestemming": [168.886228], "cdnware": [5.6638766667], "conditioncrush": [5.6372916667], "recaptcha": [473.6392793333], "cloudfunctions": [6.3230523333], "mixpanel": [5.6147966667, 5.6597673333, 5.6546773333, 5.6082846667], "mythad": [5.6517033333], "translately": [6.1213696667], "woesflirts": [5.6750483333], "eskimi": [5.74024], "pghub": [5.6898126667], "secretmatchclub": [5.6750483333], "googletagmanager": [474.7669656667], "ivitrack": [5.601045], "optimove": [5.6958646667], "sportradarserving": [372.5467896667], "openxcdn": [6.2984173333], "creativecdn": [5.6964673333], "scorenga": [5.5963576667], "pepstores": [6.018363], "ampproject": [474.9965186667], "firebaseio": [6.3561556667], "24": [5.6326896667, 5.65031, 5.6378983333, 5.6730333333]}