{"im-apps": [158.4145153333, 192.9996193333, 225.5507726667, 198.233082], "outbrain": [160.075599, 154.755644], "adform": [], "tiktok": [152.609025, 220.6720683333, 152.9662733333, 163.4357126667, 153.0090726667, 284.2760683333, 240.0170323333, 242.942258, 167.4270966667, 152.4927156667, 274.1027653333, 285.518587, 152.8589986667, 171.0471863333, 176.0351933333, 175.2140946667, 173.915714, 175.866734, 157.0732716667, 169.6632763333, 152.9309316667], "pinterest": [150.924791, 152.1775706667], "samsung": [225.0770303333], "owneriq": [160.579809], "tiktokcdn-us": [168.1308056667, 167.4406946667, 167.576283, 167.1201993333, 167.178987, 167.862403, 167.7173473333, 167.6747003333, 167.7257553333], "casalemedia": [284.2903873333], "shoppinglive": [153.021856, 166.1706516667], "go-mpulse": [158.6016123333], "daumoon": [], "ttwstatic": [153.427964, 153.6746546667, 166.539242, 173.872269, 165.469103, 163.8580606667], "tiktokv": [165.010003, 152.2580646667, 161.952275, 164.0039736667, 153.0561246667, 152.8556896667, 153.5476996667, 151.9756546667, 159.5509266667], "teads": [242.3430326667, 166.25904], "transfermarkt": [], "russianfood": [42.4920386667, 41.3358026667, 42.6439703333, 42.2251233333, 41.254004, 41.4899266667], "amazon": [137.5555596667, 136.255495, 137.0541986667], "appier": [], "dotomi": [287.3215263333, 270.560873], "steamcommunity": [172.5455043333], "pubmatic": [154.2157563333], "tiktokcdn": [152.84565, 163.8644196667, 165.4967506667, 154.3341763333, 173.584292, 160.443216, 172.1976846667, 151.9318023333, 161.043728, 166.3931453333, 175.6676856667, 166.3041506667, 173.2822326667, 165.469103, 163.5078823333], "optimizely": [151.7239046667, 153.0031106667], "ziffstatic": [250.910369, 221.7091733333], "tripadvisor": [162.7786683333], "onelink": [], "akamaized": [158.4720256667, 163.8644196667, 163.5036386667, 168.2781606667, 167.4519503333, 154.4389176667, 154.0346296667], "clmbtech": [233.492229, 154.3934306667, 236.377299, 155.6100593333], "rubiconproject": [44.155595, 43.8211076667, 280.5690263333, 44.007082, 158.0786306667, 166.153206, 279.921445, 279.2841323333, 126.8463263333, 117.8884023333], "alicdn": [158.2074063333], "adrecover": [169.6632763333, 161.4321263333], "adobedtm": [167.8303826667], "ebay": [150.693735], "steampowered": [168.472002], "turn": [193.4093166667, 183.6345916667], "everesttech": [], "addthis": [218.6403936667, 157.4229876667], "byteoversea": [153.2170123333, 166.148126, 153.1875203333, 163.2005073333, 152.369684, 247.9363566667, 178.159164, 177.2562863333, 161.9221763333, 163.0877776667, 251.6813873333, 159.7217576667, 166.2455366667, 263.624033, 161.4321263333, 247.8983973333, 178.285448, 153.0561246667, 151.9658526667, 249.5810166667, 158.6064016667, 178.656451, 178.1111373333, 159.5509266667, 153.3003813333, 161.7517476667, 167.692864], "createjs": [164.144781, 153.427964], "freepik": [], "insightexpressai": [154.9605946667], "akamaihd": [245.7572786667, 167.180088, 153.470807, 251.72271], "yieldlab": [159.5625223333], "office": [155.4217343333], "zdbb": [166.2455366667, 168.9619236667], "steamstatic": [246.6672796667, 245.7572786667], "appsflyer": [153.427964, 168.4226713333], "microsoft": [279.112948, 153.0539096667, 157.2316223333, 44.9669793333, 193.274913, 126.2065906667], "s-microsoft": [152.8806003333], "smartadserver": [], "pinimg": [161.940546, 152.4343843333, 175.8572486667, 152.1775706667], "moatads": [], "media": [154.4906896667], "rackcdn": [164.9900973333], "chimpstatic": [154.7301983333], "speedtest": [250.910369, 221.7091733333], "mobile": [47.8841836667, 47.365539], "ozone": [176.0351933333, 152.1004466667], "bdsmpeople": [53.9211593333, 6.5753093333], "huawei": [179.5421963333, 248.4375163333, 162.6728126667, 182.1872203333, 163.7989056667, 229.3166903333, 186.4952503333], "ibytedtos": [171.0471863333, 251.72271], "cdnpk": [168.0157526667], "addthisedge": [157.4229876667], "fwmrm": [], "rbxcdn": [240.0170323333, 246.6672796667], "aliexpress": [158.2074063333], "cdn-apple": [], "fortunatenews": [42.6369803333], "fastclick": [168.44371], "stickyadstv": [240.0170323333, 175.28923], "everestjs": [168.4198986667]}