{"im-apps": [18.7783006667, 258.9699373333, 261.2255523333], "outbrain": [253.0468003333, 263.3661963333], "adform": [], "tiktok": [257.068623, 266.325133, 260.8548513333, 258.2026896667, 252.891455, 263.251722, 260.5629136667, 259.450534, 274.06133, 266.147164, 266.4725106667, 257.516718, 260.4081576667, 258.2278396667, 266.6696783333, 265.3891496667], "pinterest": [268.995507], "samsung": [257.2979906667], "owneriq": [264.5506123333], "tiktokcdn-us": [140.300956, 141.2235136667, 140.277442, 140.2492746667, 140.3293406667, 140.3065756667, 140.2393773333, 140.432213, 140.264391], "casalemedia": [178.6653883333], "shoppinglive": [258.099388, 270.7952026667], "go-mpulse": [264.0088853333, 260.7689876667], "daumoon": [272.6944536667, 263.251722], "ttwstatic": [272.6106296667, 258.6988533333, 258.0238013333, 266.867986, 265.0955936667, 272.545848], "tiktokv": [259.551188, 266.0467163333, 259.4090406667, 268.555853, 260.656649, 274.4912026667, 257.0799166667, 265.8033996667, 259.3419106667], "teads": [260.0215616667], "transfermarkt": [251.8572816667, 271.1769893333], "russianfood": [42.6439703333, 41.254004], "amazon": [137.5555596667, 136.255495, 137.0541986667], "appier": [], "dotomi": [194.3300623333, 187.2140303333], "steamcommunity": [257.253267], "pubmatic": [], "tiktokcdn": [259.213865, 258.9070993333, 259.808988, 258.6988533333, 257.605437, 259.3567286667, 258.833216, 258.0238013333, 253.631594, 265.1557526667, 257.830543, 266.1093873333, 259.856637, 251.5211323333, 265.4175036667, 266.867986, 273.1348626667, 264.7432096667, 259.2255216667], "optimizely": [264.488515, 261.6147676667], "ziffstatic": [251.93446, 260.45782], "tripadvisor": [28.335228, 254.2376996667, 28.770229, 28.0890423333, 27.7553863333], "onelink": [], "akamaized": [265.1489733333, 257.0628173333, 271.8043963333, 266.1429566667, 271.1769893333, 271.93729, 268.437802, 257.3912496667, 258.6942803333], "clmbtech": [270.9839706667, 265.8033996667], "rubiconproject": [118.712407, 134.1933736667, 126.7412886667, 43.8211076667, 118.4611326667, 126.8463263333, 118.496744, 127.1501796667, 126.9771556667, 126.5256346667, 134.566761, 257.1733513333, 117.447328, 44.155595, 126.885479, 126.9139926667, 44.007082, 117.663437, 117.8884023333], "alicdn": [253.9626236667, 261.635437], "adrecover": [260.5629136667, 265.3891496667], "adobedtm": [257.5422873333], "ebay": [252.6462536667], "steampowered": [257.276789], "turn": [124.7254263333, 124.910417], "everesttech": [], "addthis": [260.030248], "byteoversea": [257.068623, 257.5397723333, 258.4412576667, 258.6292463333, 274.4912026667, 257.0799166667, 265.8033996667, 257.3318993333, 258.1488026667, 266.774158, 258.099388, 252.3551203333, 256.8605463333, 252.3055176667, 251.3246826667, 259.197201, 260.4993153333, 257.1111586667], "createjs": [268.437802, 267.4926103333], "freepik": [268.9272303333], "insightexpressai": [264.4922536667], "akamaihd": [266.4012, 251.3246826667, 258.6292463333, 259.0784503333], "yieldlab": [254.8295206667], "office": [257.3893163333, 261.075382], "zdbb": [251.93446, 260.45782], "steamstatic": [254.6015343333, 255.9337363333], "appsflyer": [253.9526236667, 259.551987], "microsoft": [258.8767133333, 279.112948, 157.2316223333, 44.9669793333, 193.274913, 126.2065906667], "s-microsoft": [266.5756323333], "smartadserver": [145.5862893333, 154.394976, 149.052346, 150.42186, 150.6698846667, 154.4720086667], "pinimg": [259.3419106667, 266.206678, 268.995507], "moatads": [258.8874073333], "media": [262.1122653333], "rackcdn": [268.6482713333], "chimpstatic": [257.9829756667], "speedtest": [251.93446, 260.45782], "mobile": [47.365539, 47.8841836667], "ozone": [258.1488026667, 266.6438646667], "bdsmpeople": [53.9211593333, 6.5753093333], "huawei": [], "ibytedtos": [257.9242303333, 266.4667216667], "cdnpk": [268.9272303333], "addthisedge": [260.030248], "fwmrm": [], "rbxcdn": [252.891455, 261.874044], "aliexpress": [253.9626236667], "cdn-apple": [269.3662773333], "fortunatenews": [42.6369803333], "fastclick": [264.4358646667], "stickyadstv": [172.2620156667, 171.1000216667], "everestjs": [168.4198986667]}