{"im-apps": [59.4160203333, 61.0001946667, 27.2165926667, 18.7783006667, 26.0843323333], "outbrain": [27.569727, 24.2050016667], "adform": [], "tiktok": [41.6723853333, 5.02602, 24.8735136667, 5.0840743333, 24.9133236667, 24.7777176667, 24.7338246667, 21.176875, 5.0607386667, 20.963546, 28.055734, 24.759364, 24.686965, 21.1473393333, 39.3556006667, 24.859981, 4.906801, 41.5418433333, 24.7173706667, 4.8447356667, 24.7270773333, 24.6350553333, 21.0719926667, 24.863925, 27.9036986667, 4.9543253333, 5.0185563333, 24.892895, 5.0761236667, 24.772111, 21.1917526667, 21.2175616667, 24.730781, 24.9907143333, 24.7906646667, 27.8820923333, 41.6340536667, 4.984061, 5.095979, 4.8989156667], "pinterest": [21.2224373333, 45.547701], "samsung": [61.5036673333], "owneriq": [23.9584796667], "tiktokcdn-us": [128.4778383333, 127.7871333333, 128.3499623333, 126.6841096667, 126.8792496667, 129.2934606667, 127.3243356667, 126.763383, 127.5103016667], "casalemedia": [43.7183613333], "shoppinglive": [24.7338246667, 24.780467, 26.0302346667, 24.686965], "go-mpulse": [28.778345], "daumoon": [24.7468206667, 24.5740676667], "ttwstatic": [4.8357556667, 4.8854503333, 4.7390306667, 4.8514926667, 4.763641, 4.9037673333], "tiktokv": [24.8786796667, 24.8197926667, 24.859981, 24.7610266667, 24.8779703333, 24.7338246667, 24.7173706667, 24.892895, 24.772111], "teads": [20.979036, 28.041722], "transfermarkt": [25.122708, 20.364319], "russianfood": [42.4920386667, 41.3358026667, 42.6439703333, 42.2251233333, 41.254004, 41.4899266667], "amazon": [137.5555596667, 136.255495, 137.0541986667], "appier": [], "dotomi": [44.8240803333, 47.6225046667], "steamcommunity": [28.9970206667], "pubmatic": [27.0743156667], "tiktokcdn": [4.7997973333, 4.9027446667, 4.8854503333, 4.8253806667, 4.7482793333, 4.896346, 4.7924666667, 4.8518, 4.67146, 4.763641, 4.8589646667, 4.8380083333, 4.8164276667, 4.9037673333, 4.83995], "optimizely": [21.2278336667, 28.8192316667], "ziffstatic": [21.3458086667, 28.0183983333], "tripadvisor": [28.190108, 28.335228, 28.770229, 28.0890423333, 27.7553863333], "onelink": [], "akamaized": [19.3581966667, 19.3247853333, 19.477269, 19.4107806667, 19.4388996667, 19.613356, 19.494094, 19.435251], "clmbtech": [24.9206676667, 24.6708613333], "rubiconproject": [43.467409, 44.2757733333, 43.8211076667, 28.1055556667, 126.8463263333, 44.155595, 44.101753, 43.065893, 44.007082, 43.5657136667, 117.8884023333], "alicdn": [21.026604], "adrecover": [4.9095543333, 5.0118], "adobedtm": [26.1139963333], "ebay": [58.9632183333], "steampowered": [60.489409], "turn": [193.4093166667, 45.643009], "everesttech": [], "addthis": [61.2233823333, 27.820227], "byteoversea": [21.1215473333, 4.896436, 5.0069916667, 5.227956, 5.045424, 4.906801, 4.9095543333, 24.7726193333, 28.2729533333, 5.0243896667, 27.839146, 24.863925, 21.0373923333, 24.8658203333, 24.892895, 5.101453, 24.772111, 21.0866506667, 21.3458086667, 24.760824, 24.7468206667, 21.176644, 24.715042, 28.3505313333, 4.979554, 24.855533, 21.030561], "createjs": [19.3641426667, 19.304218], "freepik": [24.7306936667], "insightexpressai": [26.0340693333], "akamaihd": [4.782493, 24.166442, 4.7439526667, 19.3332133333], "yieldlab": [25.956071], "office": [21.203677, 25.9007396667], "zdbb": [26.629414, 26.5631483333], "steamstatic": [4.7462143333, 4.7439526667], "appsflyer": [19.3247853333, 19.5037036667], "microsoft": [279.112948, 27.9594586667, 157.2316223333, 44.9669793333, 193.274913, 126.2065906667], "s-microsoft": [27.6041766667], "smartadserver": [57.4979366667, 57.523432, 55.806172, 58.187477, 57.268737, 57.6591546667], "pinimg": [24.760824, 24.7242513333, 24.8786796667, 24.8184953333, 24.730781, 24.7610266667, 24.7425266667, 21.2224373333, 24.767313, 24.686965], "moatads": [30.525433], "media": [60.1983376667], "rackcdn": [21.5332006667], "chimpstatic": [21.1866576667], "speedtest": [21.3458086667, 28.0183983333], "mobile": [47.365539, 47.8841836667], "ozone": [5.0840743333, 5.0607386667], "bdsmpeople": [53.9211593333], "huawei": [5.4534423333, 22.501387, 5.328241, 5.2957273333], "ibytedtos": [4.780513, 4.782493], "cdnpk": [24.7306936667], "addthisedge": [28.8703173333], "fwmrm": [], "rbxcdn": [4.8382003333, 4.8434236667], "aliexpress": [21.026604], "cdn-apple": [25.8454193333], "fortunatenews": [42.6369803333], "fastclick": [24.7567483333], "stickyadstv": [4.8382003333, 4.6969406667], "everestjs": [168.4198986667]}