{"xvideos-cdn": [9.4177613333, 9.5034846667, 9.5622303333], "bumlam": [23.708697, 24.911425], "ntvk1": [22.3930673333, 24.91323], "b-cdn": [5.1893886667], "hybrid": [24.8588746667, 23.85174, 24.91323], "tiktokcdn": [42.563821], "xnxx-cdn": [9.5622303333, 9.4177613333, 9.5034846667, 9.455309], "getsitecontrol": [57.962406], "exelator": [9.5455396667], "sendpulse": [9.66954], "terratraf": [24.8588746667, 23.85174], "afcdn": [23.708697, 23.5906486667], "realsrv": [22.4210173333, 22.3930673333]}