{"xvideos-cdn": [9.4177613333, 9.5034846667], "bumlam": [22.4210173333, 24.911425], "ntvk1": [24.8588746667, 23.85174], "b-cdn": [5.1893886667], "hybrid": [23.5906486667, 24.9033476667, 23.714108, 25.0000846667], "tiktokcdn": [44.399435], "xnxx-cdn": [9.4177613333, 9.5034846667, 9.5622303333], "getsitecontrol": [62.279684], "exelator": [9.4714146667], "sendpulse": [9.66954], "terratraf": [24.8588746667, 23.5906486667], "afcdn": [22.4210173333, 22.3930673333], "realsrv": [23.5906486667, 25.0000846667]}