{"sunlight": [4.7982236667, 44.367176], "rtr-vesti": [44.4976626667], "planeta-online": [281.857905], "betweendigital": [276.418392], "zvuk": [44.367176], "cdnvideo": [276.1215713333, 281.857905], "randewoo": [44.367176], "osnova": [44.367176], "pikabu": [272.5374066667], "tsargrad": [281.857905], "livemaster": [44.367176], "retailrocket": [44.367176], "domashniy": [44.367176], "kommersant": [211.023724], "avito": [281.857905], "detmir": [44.367176], "eldorado": [4.7982236667], "sport-express": [44.367176], "trbcdn": [44.367176], "buzzoola": [272.6734633333], "sokolov": [44.367176], "diginetica": [44.367176]}