{"sunlight": [127.1732923333, 4.7982236667, 44.367176, 43.610235], "rtr-vesti": [171.834782], "planeta-online": [170.9957543333], "betweendigital": [43.2853583333], "zvuk": [], "cdnvideo": [127.2119876667, 170.9957543333], "randewoo": [43.610235], "osnova": [43.610235], "pikabu": [127.605342], "tsargrad": [], "livemaster": [127.1732923333], "retailrocket": [127.1732923333], "domashniy": [], "kommersant": [140.534958], "avito": [127.260316, 43.9740633333, 43.2984636667], "detmir": [127.1732923333], "eldorado": [4.7982236667], "sport-express": [43.610235], "trbcdn": [43.610235], "buzzoola": [133.996332], "sokolov": [43.610235], "diginetica": []}