{"sunlight": [15.709087, 29.4334006667, 47.6650873333, 4.7098533333, 4.7982236667], "rtr-vesti": [5.5393606667, 5.291922, 4.7754666667], "planeta-online": [9.6489973333], "betweendigital": [4.883045], "zvuk": [5.0168383333], "cdnvideo": [10.880277, 47.5963643333, 5.116203], "randewoo": [5.2387546667], "osnova": [15.709087], "pikabu": [47.6142463333], "tsargrad": [10.880277], "livemaster": [5.5108273333, 15.709087, 29.4334006667], "retailrocket": [5.4787466667, 5.2387546667], "domashniy": [5.214033], "kommersant": [5.2846633333], "avito": [10.880277, 5.4424666667], "detmir": [5.2387546667], "eldorado": [4.7982236667], "sport-express": [15.709087], "trbcdn": [15.709087], "buzzoola": [36.7824433333], "sokolov": [4.7098533333], "diginetica": [5.2387546667]}