{"investing": [5.3447026667, 5.4027686667], "genius": [5.5372583333, 5.4520973333], "yaeby": [5.5215456667, 28.165678, 5.5270673333], "ozon": [32.6979336667, 36.5802803333], "trahkino": [5.5215456667, 5.5270673333], "knigolub": [5.5215456667, 5.5270673333], "casalemedia": [5.4367203333, 5.4780166667], "bonga-cams": [28.165678, 26.1543023333], "onetrust": [5.522165, 5.3848796667], "qualtrics": [5.4043696667, 5.4505916667], "pornozavod": [21.173408, 28.165678, 21.282076], "mangamammy": [], "videoplayerhub": [54.0364453333, 21.1773116667, 21.2136906667], "eadaily": [29.912196, 21.0324366667, 21.1392643333], "sdamgia": [21.1499916667, 21.2250206667, 54.113479], "rusvideos": [21.1163463333, 27.7783156667, 27.9905833333, 28.355645, 5.3751296667, 21.246713, 21.321604, 29.9461206667, 5.3526596667, 54.0192613333, 28.2674403333, 54.2759573333, 21.2057836667, 21.1786863333, 29.880312, 54.0887693333, 21.2087163333], "fontawesome": [5.3798556667, 5.5058683333, 5.429283, 5.3981913333, 5.4895983333, 5.3191686667], "furaffinity": [34.405523, 26.5375193333, 34.3000633333, 17.2173596667], "id5-sync": [34.247873, 12.4401486667, 32.1032546667], "heroeswm": [34.3287646667, 27.273992, 12.6888963333, 44.0158333333], "24smi": [54.464886, 27.3168853333, 35.018673, 12.519483, 27.2612353333, 41.2140126667, 21.150368, 17.335004, 21.2784643333], "neuralgeneration": [28.133838, 30.1310306667, 27.8921893333], "push4site": [29.943228, 27.7533143333, 21.209406], "namemc": [34.849702, 27.6252423333, 17.3527106667], "bulldrop": [27.9886913333, 54.103349, 21.2209903333], "sfstatic": [21.0262496667, 54.072689, 21.1603536667], "aternos": [36.5237953333, 36.3130166667, 12.565203], "rwlib": [32.7315903333, 21.2547133333], "coinpayu": [53.9973863333, 21.217061, 21.242563], "cian": [5.4085516667, 5.278961], "uchi": [6.3220726667, 5.3472683333], "xospital": [21.2103666667, 27.8938823333], "ficbook": [], "author": [27.183082, 12.4933423333, 31.9920653333], "intimshop": [39.8819846667, 12.4659366667, 28.3373713333], "ad-delivery": [53.9817773333, 27.870163, 27.671249], "doramalive": [27.984512, 28.2717583333], "livelib": [5.5215456667, 5.5270673333], "free-kassa": [], "apkpure": [40.2905, 12.451529, 34.9505463333], "2022welcome": [35.866475, 38.050431], "woodpeckerlog": [5.5265326667, 5.4152166667], "doramatv": [21.2242976667, 21.2080103333], "checkporno": [6.588809, 29.8403536667, 28.44865, 28.433928], "hbfile": [5.3785396667, 52.9274226667, 53.800579, 52.7808713333, 52.8585366667, 5.358321], "faceit": [5.521083, 5.4358203333], "list": [40.2986133333, 12.5004796667, 28.4413603333], "steamstatic": [5.4311023333, 5.4392026667], "bootstrapcdn": [5.619316, 5.5188696667], "adbtc": [21.1787963333, 29.801228, 21.205032], "mcgrp": [28.3799433333, 29.938353, 21.2829136667], "hcaptcha": [5.4670473333, 5.5300956667], "knigochei": [54.2036086667, 21.2669953333], "byrut": [6.5753093333], "grouple": [54.3445546667, 27.9686866667], "rule34": [28.165678], "petadopt": [26.8259283333], "rulate": [5.5215456667, 5.5270673333], "teeda": [27.8357336667, 21.0595146667], "lordserial": [28.240163, 39.7474326667, 25.8597486667, 12.5475756667, 35.5863876667], "onesignal": [5.441903, 5.3193966667], "bcicdn": [27.8200626667, 21.3247143333], "pornobolt": [5.5215456667, 5.5270673333], "rutracker": [21.2263323333, 28.165678, 54.135886], "xvideos-cdn": [5.3268313333, 5.4932963333], "euroki": [53.9340676667, 21.1305753333, 28.3436493333], "klops": [54.4948023333, 28.3053976667], "ranobelib": [27.965158, 21.2524303333, 54.1656776667], "reverso": [5.581668, 5.715205], "vseinstrumenti": [5.424661], "videouroki": [29.8103346667, 28.3494106667, 28.2970966667], "vsegda": [5.5215456667, 5.5270673333], "readmanga": [27.951519, 21.200066], "normans": [28.233365, 27.9370036667], "socpublic": [21.3177956667, 28.3556333333, 54.2057193333], "hemero": [5.5215456667, 5.5270673333], "cloudflareinsights": [5.5405663333, 5.35121], "pushpad": [28.3473423333, 53.931098, 28.3063133333], "pomogalka": [5.5215456667, 5.5270673333], "cbr-xml-daily": [5.5215456667, 5.5270673333], "xvideos5": [], "pxaction": [25.9327133333, 21.1798116667], "vost": [28.2910343333, 49.8208276667], "somon": [21.1463286667, 54.2398613333, 28.304314], "unu": [21.2223896667, 29.782672, 28.022539], "nexusmods": [5.492047, 5.5832423333], "octoclick": [54.1424646667, 28.101533, 27.939957], "discord": [34.0569846667, 33.8443523333, 36.625272, 32.6262093333, 32.771361], "lib": [21.4763803333, 28.312106, 28.5608296667], "smart-lab": [28.3460263333, 54.0824233333], "yclients": [5.3727133333, 5.426442], "chatubate": [24.207489], "sexkomix2": [54.272953, 21.031514], "pepper": [5.3063736667, 5.614852], "yaoilib": [27.8017003333, 27.878171, 28.165678, 54.128529], "2ch": [27.951051, 54.182617, 27.8837196667], "fapcams": [28.3736593333], "sex-studentki": [5.5215456667, 5.5270673333, 6.5753093333], "vten": [53.8972566667, 21.1071413333, 21.0980766667], "kinoafisha": [23.7824503333], "huobi": [5.4933036667], "adwile": [21.188503, 21.13888, 53.9266633333], "funpay": [27.8254973333, 21.2813666667, 29.7788296667], "creativecommons": [17.2432963333, 12.4958266667, 17.4182046667], "freekassa": [], "ggstandoff": [21.435892, 54.4868796667, 27.9170643333], "postimgs": [5.5215456667, 5.5270673333], "nnmclub": [28.165678], "township": [5.5215456667, 5.5270673333], "highwebmedia": [5.3385746667, 5.460297, 5.3638106667, 5.337053], "fanfiction": [5.499234, 5.4124106667], "mgid": [5.4824073333, 5.4292513333, 5.3570466667, 5.3691966667, 5.4660523333], "lichess1": [39.6517586667, 34.9504613333, 17.2417893333], "adrun": [54.2124716667, 27.7723713333], "pravda": [34.1411713333, 34.3621896667, 12.726465], "vezonchik": [28.165678], "jut": [21.3111973333, 29.9739433333, 27.791658], "com-x": [5.5215456667, 5.5270673333], "topcor": [], "doramafox": [28.2560786667, 21.1114863333], "bluesystem": [5.5215456667, 28.165678, 5.5270673333], "tevas": [5.5215456667, 5.5270673333], "vseigru": [21.148145, 54.2934776667], "baginya": [28.165678], "speedtest": [22.127893, 21.1628936667, 21.2017143333, 28.132242], "kinozal4me": [28.165678], "aviasales": [63.2226713333, 52.890005, 52.7068306667, 53.800579, 53.596617], "tribalfusion": [5.359026, 5.5704416667], "whatismyip": [5.5215456667, 5.5270673333], "foiz": [54.009664, 21.11717], "freebitco": [32.094171, 34.7745753333, 12.5799163333], "artfut": [], "porno-me": [53.9711293333, 21.3923226667], "umschool": [27.3972313333, 12.4497433333, 34.7559683333], "jadekoi": [5.5215456667, 5.5270673333], "mcpehub": [54.232788, 21.237709, 21.3631433333], "antibot": [], "vgtimes": [5.5215456667, 5.5270673333], "bongacams21": [25.673822], "rusuchka": [5.5215456667, 5.5270673333, 28.165678], "kinozal": [28.165678], "betboom": [9.6778803333, 28.4807993333, 32.1200096667, 12.4167663333], "vidazoo": [5.5483953333, 5.4716956667], "rusvesna": [12.5577033333, 12.648413, 12.5344913333], "1000": [21.1695066667, 30.1305733333, 27.89304], "nerabota": [5.5215456667, 5.5270673333], "clickcertain": [54.0364453333, 21.1773116667, 21.2136906667], "addtoany": [28.3241776667, 12.5233816667, 35.676394], "nhentai": [26.5375193333], "gdz": [27.3995786667, 12.489622, 39.7618083333], "cloudflare": [5.415825, 5.4652273333, 5.483147, 5.4677963333, 5.4175973333, 5.4379626667], "tlgrm": [21.3816446667, 54.10868], "happymodapk": [5.5215456667, 5.5270673333], "idrlabs": [25.9533876667, 21.3167826667], "ssm": [28.355037, 29.712629, 21.2764916667], "indexww": [5.3025183333, 5.4592373333], "crazyegg": [5.3589073333, 5.3547303333], "retell": [21.177769, 32.6948363333], "indoleads": [5.5215456667, 5.5270673333], "gdeposylka": [54.1957223333, 28.5825043333, 28.243093], "xn----itbkgb9adccau2a": [5.5215456667, 5.5270673333], "petshop": [5.5215456667, 5.5270673333], "arkoselabs": [5.5224453333, 5.441008], "bongacams20": [25.742584, 6.5753093333], "androeed": [5.412639, 21.0749863333, 5.4474493333, 27.9151113333], "beboo": [17.2622513333, 17.3112896667], "hentailib": [28.324356, 12.5823123333, 31.9632656667],