{"investing": [5.4056853333, 5.5675813333], "genius": [5.4056853333, 5.5675813333], "yaeby": [53.9850986667, 54.0838946667, 21.1547836667, 21.2191336667], "ozon": [32.6979336667, 36.5802803333], "trahkino": [28.3924086667, 25.903919], "knigolub": [21.1664093333, 53.9076596667], "casalemedia": [5.4367203333, 5.4780166667], "bonga-cams": [25.6451926667, 26.1543023333], "onetrust": [5.4056853333, 5.5675813333], "qualtrics": [5.4043696667, 5.4505916667], "pornozavod": [21.173408, 21.22484, 28.0133473333, 21.282076], "mangamammy": [53.98566, 21.1247356667], "videoplayerhub": [5.4056853333, 5.5675813333], "eadaily": [5.4056853333, 5.5675813333], "sdamgia": [5.4056853333, 5.5675813333], "rusvideos": [27.7783156667, 27.9905833333, 5.5675813333, 5.4056853333, 5.3751296667, 21.246713, 21.1786863333, 5.3526596667, 54.0192613333, 54.0887693333], "fontawesome": [5.3798556667, 5.5058683333, 5.429283, 5.3981913333, 5.4895983333, 5.3191686667], "furaffinity": [5.4056853333, 5.5675813333], "id5-sync": [5.4056853333, 5.5675813333], "heroeswm": [34.3287646667, 27.273992, 12.6888963333, 44.0158333333], "24smi": [5.4056853333, 5.5675813333], "neuralgeneration": [5.4056853333, 5.5675813333], "push4site": [5.4056853333, 5.5675813333], "namemc": [5.4056853333, 5.5675813333], "bulldrop": [5.4056853333, 5.5675813333], "sfstatic": [5.4056853333, 5.5675813333], "aternos": [5.4056853333, 5.5675813333], "rwlib": [32.7315903333, 21.2547133333], "coinpayu": [5.4056853333, 5.5675813333], "cian": [5.4085516667, 5.278961], "uchi": [6.3220726667, 5.3472683333], "xospital": [21.2103666667, 27.8938823333], "ficbook": [12.5374363333, 17.218176, 12.6747706667], "author": [5.4056853333, 5.5675813333], "intimshop": [5.4056853333, 5.5675813333], "ad-delivery": [5.4056853333, 5.5675813333], "doramalive": [27.984512, 28.2717583333], "livelib": [53.9026993333, 25.5223033333], "free-kassa": [5.4056853333, 5.5675813333], "apkpure": [5.4056853333, 5.5675813333], "2022welcome": [35.866475, 38.050431], "woodpeckerlog": [5.5265326667, 5.4152166667], "doramatv": [21.2242976667, 21.2080103333], "checkporno": [5.4056853333, 5.5675813333], "hbfile": [5.3785396667, 47.233054, 47.5212686667, 46.960963, 5.358321, 42.6978836667], "faceit": [5.4358203333, 5.521083], "list": [5.4056853333, 5.5675813333], "steamstatic": [5.4056853333, 5.5675813333], "bootstrapcdn": [5.4056853333, 5.5675813333], "adbtc": [5.4056853333, 5.5675813333], "mcgrp": [5.4056853333, 5.5675813333], "hcaptcha": [5.4670473333, 5.5300956667], "knigochei": [54.2036086667, 21.2669953333], "byrut": [38.3996133333, 38.3706946667], "grouple": [54.3445546667, 27.9686866667], "rule34": [5.4056853333, 5.5675813333], "petadopt": [26.8259283333], "rulate": [21.4349513333, 54.1572873333], "teeda": [27.8357336667, 21.0595146667], "lordserial": [28.240163, 5.4056853333, 5.5675813333, 25.8597486667], "onesignal": [5.441903, 5.3193966667], "bcicdn": [27.8200626667, 21.3247143333], "pornobolt": [28.1833466667, 21.2569586667], "rutracker": [21.2263323333, 21.2080616667, 54.135886, 54.091606], "xvideos-cdn": [5.3268313333, 5.4932963333], "euroki": [5.4056853333, 5.5675813333], "klops": [54.4948023333, 28.3053976667], "ranobelib": [5.4056853333, 5.5675813333], "reverso": [5.4056853333, 5.5675813333], "vseinstrumenti": [5.424661], "videouroki": [5.4056853333, 5.5675813333], "vsegda": [21.1790613333, 21.1169773333], "readmanga": [27.951519, 21.200066], "normans": [28.233365, 27.9370036667], "socpublic": [5.4056853333, 5.5675813333], "hemero": [54.116464, 25.9323476667], "cloudflareinsights": [5.5405663333, 5.35121], "pushpad": [5.4056853333, 5.5675813333], "pomogalka": [28.3378973333, 21.1578523333], "cbr-xml-daily": [28.0470656667, 32.646696], "xvideos5": [], "pxaction": [25.9327133333, 21.1798116667], "vost": [28.2910343333, 49.8208276667], "somon": [5.4056853333, 5.5675813333], "unu": [5.4056853333, 5.5675813333], "nexusmods": [5.4056853333, 5.5675813333], "octoclick": [5.4056853333, 5.5675813333], "discord": [34.0569846667, 33.8443523333, 36.625272, 32.6262093333, 32.771361], "lib": [5.4056853333, 5.5675813333], "smart-lab": [28.3460263333, 54.0824233333], "yclients": [5.3727133333, 5.426442], "chatubate": [24.207489], "sexkomix2": [54.272953, 21.031514], "pepper": [5.4056853333, 5.5675813333], "yaoilib": [5.4056853333, 5.5675813333], "2ch": [5.4056853333, 5.5675813333], "fapcams": [28.3736593333], "sex-studentki": [54.0727156667, 54.32891, 21.277645, 54.1883666667], "vten": [5.4056853333, 5.5675813333], "kinoafisha": [23.7824503333], "huobi": [5.4933036667], "adwile": [5.4056853333, 5.5675813333], "funpay": [5.4056853333, 5.5675813333], "creativecommons": [17.2432963333, 12.4958266667, 17.4182046667], "freekassa": [5.4056853333, 5.5675813333], "ggstandoff": [5.4056853333, 5.5675813333], "postimgs": [21.2489096667, 21.299452], "nnmclub": [21.28965, 25.8656096667], "township": [53.986692, 54.235992], "highwebmedia": [5.3385746667, 5.460297, 5.3638106667, 5.337053], "fanfiction": [5.499234, 5.4124106667], "mgid": [5.4824073333, 5.4292513333, 5.3570466667, 5.3691966667, 5.4660523333], "lichess1": [5.4056853333, 5.5675813333], "adrun": [54.2124716667, 27.7723713333], "pravda": [5.4056853333, 5.5675813333], "vezonchik": [21.1746023333, 21.2087826667], "jut": [5.4056853333, 5.5675813333], "com-x": [21.0441803333, 27.9556436667], "topcor": [21.3074233333, 54.058279], "doramafox": [28.2560786667, 21.1114863333], "bluesystem": [21.2912196667, 54.2277243333, 21.3351946667, 54.138697], "tevas": [54.4654133333, 54.195199], "vseigru": [21.148145, 54.2934776667], "baginya": [27.9905833333, 21.246713], "speedtest": [22.127893, 21.1628936667, 21.2017143333, 28.132242], "kinozal4me": [21.2254233333, 54.451394], "aviasales": [41.9413016667, 39.2246816667, 27.2662736667, 39.322547, 32.150583, 42.220718, 53.596617, 12.590867], "tribalfusion": [5.4056853333, 5.5675813333], "whatismyip": [27.900803, 54.049972], "foiz": [54.009664, 21.11717], "freebitco": [5.4056853333, 5.5675813333], "artfut": [], "porno-me": [53.9711293333, 21.3923226667], "umschool": [5.4056853333, 5.5675813333], "jadekoi": [54.0801763333, 32.6954236667], "mcpehub": [5.4056853333, 5.5675813333], "antibot": [21.148241, 21.35356], "vgtimes": [21.347739, 21.272556], "bongacams21": [25.673822], "rusuchka": [53.9237786667, 53.8432106667], "kinozal": [21.211333, 28.0615253333], "betboom": [9.6778803333, 5.4056853333, 5.5675813333], "vidazoo": [5.5483953333, 5.4716956667], "rusvesna": [12.5577033333, 12.648413, 12.5344913333], "1000": [5.4056853333, 5.5675813333], "nerabota": [28.2672633333, 21.203459], "clickcertain": [5.4056853333, 5.5675813333], "addtoany": [5.4056853333, 5.5675813333], "nhentai": [54.250896, 25.8219316667], "gdz": [5.4056853333, 5.5675813333], "cloudflare": [5.4056853333, 5.5675813333], "tlgrm": [21.3816446667, 54.10868], "happymodapk": [54.3213243333, 21.315733], "idrlabs": [25.9533876667, 21.3167826667], "ssm": [5.4056853333, 5.5675813333], "indexww": [5.3025183333, 5.4592373333], "crazyegg": [5.3589073333, 5.3547303333], "retell": [21.177769, 32.6948363333], "indoleads": [54.191083, 54.068133], "gdeposylka": [54.1957223333, 28.5825043333, 28.243093], "xn----itbkgb9adccau2a": [54.0378383333, 25.802743], "petshop": [21.125921, 21.290323], "arkoselabs": [5.5224453333, 5.441008], "bongacams20": [25.742584, 25.6245993333], "androeed": [5.412639, 21.0749863333, 5.4474493333, 27.9151113333], "beboo": [17.2622513333, 17.3112896667], "hentailib": [5.4056853333, 5.5675813333], "promokodi": [5.4056853333, 5.5675813333], "chaturbate": [5.4872833333, 5.4878826667], "znanija": [5.49438, 5.62004], "e-hentai": [17.447526, 12.5462193333, 12.446676], "yaplakal": [5.4056853333, 5.5675813333], "x-cdn": [25.7964453333, 21.1699223333], "savefrom": [5.4056853333, 5.5675813333], "sites-reviews": [27.8566503333, 25.9787363333], "holywarsoo": [21.1577353333, 21.2775873333], "giraff": [5.4056853333, 5.5675813333], "coinzillatag": [54.2359663333, 54.0621256667], "ad4m": [5.4056853333, 5.5675813333],