{"tiqcdn": [], "infobip": [43.2619636667, 43.229235, 43.1515923333, 43.041775], "coinmarketcap": [52.81283, 53.9066736667, 52.851661, 52.741273, 54.014001, 53.6807803333, 63.037545, 53.8138443333, 53.820646, 63.214626, 52.7717626667, 53.8400533333, 53.901065, 54.1983453333, 63.1991693333, 52.990625, 53.0111806667, 63.4061266667, 63.2481536667, 53.994134, 52.848043, 53.9659616667, 63.479878, 53.0120736667, 52.717982, 63.3232563333, 52.8149256667, 52.856175], "imrworldwide": [53.8562823333, 63.131721, 63.620401, 52.7222043333, 53.0083993333, 53.836419, 63.51577, 63.5074843333], "hotellook": [63.371349, 53.826749, 63.100796, 52.700825], "captcha-delivery": [53.6807803333, 63.3320036667, 63.1210623333, 52.9663386667], "amazon-adsystem": [53.9334423333], "privacy-center": [63.3492566667, 63.141258, 52.6471253333, 63.3152936667], "adsafeprotected": [63.433596, 53.835414, 52.914161, 53.7742366667, 63.394948, 52.7278416667, 52.6795316667, 62.977656], "chartbeat": [53.913238], "trackingplan": [52.8585366667, 53.800579, 63.412765, 52.7808713333], "bnbstatic": [53.986548, 53.826749, 52.874292, 63.4684243333], "ad-score": [63.51391, 53.897535, 52.7909, 53.03083], "quantcount": [53.9659616667, 53.7462983333, 53.0725406667, 63.0594853333], "saasexch": [63.5415243333, 63.3090653333, 52.9663386667, 53.728902, 63.4518506667, 63.257308, 63.1236773333, 63.2387], "binance": [], "hbabit": [], "tsp": [52.985911, 63.2226713333, 52.8931146667, 63.2826853333, 63.3082946667, 52.7808713333, 63.044395, 54.1522886667], "durationmedia": [63.0390246667, 63.122785, 53.8485756667, 63.4032486667], "a2z": [], "geoedge": [53.7357153333, 63.0125466667, 63.2643736667, 63.0042026667], "sharethis": [52.9343503333, 63.4131913333, 53.888023, 63.3488036667, 52.7719986667, 63.257308, 63.1236773333, 52.856578], "intergient": [53.8389126667, 63.3602973333, 53.9702136667, 52.736857], "intergi": [52.8879636667, 63.433596, 52.863411, 52.9029823333], "zuimeitianqi": [], "enthusiastgaming": [63.3152936667, 52.847573, 63.412765, 63.286533], "truepush": [52.8879636667, 63.086973, 63.433596, 53.8926096667]}