{"tiqcdn": [69.435575, 69.3483956667, 69.5069083333, 69.5096253333], "infobip": [59.4741193333, 59.338651, 59.3895396667, 59.504374], "coinmarketcap": [69.3923676667, 69.4810366667, 69.5744073333, 59.3176706667, 69.3887823333, 69.5172266667, 69.3170463333, 69.5336713333, 69.541817, 69.6193136667, 69.4210986667, 69.4104746667, 59.313533, 59.428789, 69.3308616667, 69.5929113333, 69.507525, 59.621547, 69.5438843333, 69.416828, 69.5591663333, 69.4543906667, 69.561591, 69.3860363333, 69.4632536667, 69.4624943333], "imrworldwide": [59.8171506667, 59.322872, 59.35655, 59.594541, 59.4100176667, 59.427748, 59.437328, 59.7210746667], "hotellook": [69.454819, 69.3308616667, 69.5023843333, 69.2203253333], "captcha-delivery": [69.500639, 69.5703006667, 69.4690243333, 69.3461983333], "amazon-adsystem": [69.4798973333], "privacy-center": [69.412578, 69.4890753333, 69.319173, 69.4165743333], "adsafeprotected": [59.3285076667, 59.6936103333, 69.4401803333, 69.337223, 59.489011, 59.366615, 69.3225503333, 69.3332713333], "chartbeat": [69.5831586667], "trackingplan": [59.649538, 59.2687206667, 59.4318306667, 59.4217833333], "bnbstatic": [69.2829486667, 69.5493073333, 69.4163236667, 69.4396863333], "ad-score": [44.8964956667, 44.5269543333, 44.685468, 44.8946886667], "quantcount": [69.5361083333, 69.3763303333, 69.588497, 69.2522883333], "saasexch": [69.5173993333, 69.431963, 69.5974096667, 69.3592833333, 69.5132963333, 69.5302793333, 69.3332713333, 69.4047716667], "binance": [], "hbabit": [], "tsp": [59.2362123333, 69.589088, 59.3176706667, 59.2730683333, 69.5155733333, 59.6468176667, 69.5562896667, 69.4059543333], "durationmedia": [69.429593, 69.5340403333, 69.477883, 69.4987796667], "a2z": [], "geoedge": [69.5115343333, 69.4166013333, 69.5302793333, 69.3895223333], "sharethis": [59.428172, 69.3799226667, 69.3860363333, 69.4234943333, 59.437328, 59.649538, 69.5340403333, 59.6482196667], "intergient": [53.8389126667, 63.3602973333, 53.9702136667, 52.736857], "intergi": [59.3895396667, 59.5316576667, 59.5166306667, 59.5793593333], "zuimeitianqi": [59.5007113333, 59.4100176667, 59.313533, 59.8171506667], "enthusiastgaming": [69.4735786667, 69.628504, 69.5696973333, 69.409895], "truepush": [59.505733, 59.4100176667, 59.377655, 59.498772]}