{"rt": [5.287948, 10.2133883333, 5.8662406667], "msftauth": [30.4686316667], "adrcdn": [28.869596], "fastviewdata": [24.91224], "cookieinformation": [26.8552743333], "weborama": [24.6899793333, 24.2676546667], "twitter": [28.165678], "twimg": [25.878132], "ebayimg": [24.296611]}