{"whatsapp": [25.6757943333], "fbcdn": [28.165678, 26.5375193333], "facebook": [28.165678, 25.8332843333], "instagram": [28.165678, 6.588809], "cdninstagram": [28.165678]}