{"whatsapp": [277.7755276667], "fbcdn": [6.588809, 6.5753093333], "facebook": [6.588809, 6.5753093333, 276.923011], "instagram": [6.588809, 6.5753093333], "cdninstagram": [6.5753093333]}