{"whatsapp": [72.437795, 45.781352], "fbcdn": [6.5753093333], "facebook": [71.4613093333, 6.588809], "instagram": [28.165678, 6.5753093333], "cdninstagram": [6.5753093333]}