{"dotabuff": [41.7225123333, 43.1802013333, 6.5753093333], "github": [43.9860233333, 21.358639, 113.9894623333, 27.7956156667, 44.0188843333, 21.1934643333], "tripadvisor": [21.296264, 28.335228, 21.13363, 28.2432336667, 28.770229, 27.7553863333, 28.0890423333, 22.1388453333], "vimeocdn": [53.189698], "sentry-cdn": [21.2002773333, 28.3770076667, 28.395636, 28.8203536667], "reddit": [28.091129, 21.188298, 22.1736296667, 28.2014553333], "cbsi": [22.104083, 21.0167946667, 28.3414073333, 27.870206, 51.0449323333], "pinterest": [80.5691326667, 80.0836676667, 81.8396476667], "stackoverflow": [27.9033286667, 22.2695456667, 21.1686406667, 21.211896], "twimg": [43.2863583333, 43.0405406667], "wikia-services": [21.218852, 28.8509403333, 28.2122423333, 21.0993543333], "taboola": [21.1165093333, 21.0384503333, 28.3300793333, 22.0868756667], "sstatic": [27.9033286667, 22.2695456667, 21.1686406667, 21.211896], "fastly-insights": [21.175408, 21.092662, 21.1733646667, 29.2019806667], "newrelic": [22.1710463333, 21.1654366667, 21.209284, 21.204576], "redditstatic": [], "polyfill": [21.2082196667, 21.0964356667, 21.2101446667, 22.294933], "nocookie": [177.239026, 174.1069473333], "focas": [45.558345], "redditmedia": [28.091129, 21.188298, 22.1736296667, 28.2014553333], "twitch": [21.2002816667, 21.1559913333, 27.684478, 43.073631, 22.1330573333], "outbrain": [44.5942473333], "tacdn": [27.7732336667, 22.2487806667, 21.0789166667, 21.1482266667], "fandom": [21.0804016667, 43.9778183333], "elo": [41.7225123333, 43.1802013333], "fastly": [22.292269, 21.1090316667, 28.0970413333, 21.015812], "speedtest": [84.3680106667, 21.2017143333, 21.1628936667, 92.6466783333, 22.127893, 28.132242], "last": [21.6106313333], "cdnst": [22.127893, 21.1628936667, 21.2017143333, 28.132242], "disqus": [21.0334923333, 43.9498983333], "githubusercontent": [27.905824, 43.013083, 28.335496, 21.1067126667], "everesttech": [21.0330626667, 29.3213816667, 21.1160616667, 28.244328], "squarespace": [21.2431443333, 27.7476023333, 22.1873526667, 27.992025, 28.1631746667, 28.4249693333, 21.0620483333, 28.8704086667], "twitter": [28.165678], "redd": [28.091129, 21.188298, 22.1736296667, 28.2014553333], "githubassets": [21.2969336667, 44.12385, 27.8933583333, 42.9980876667], "ssl-images-amazon": [21.138275, 27.8942453333, 21.191167, 28.9161636667], "ads-twitter": [45.730279], "ebaystatic": [91.4262], "prismic": [46.0193063333]}