{"dotabuff": [44.655689], "github": [43.9860233333, 113.9899016667, 21.358639, 27.7956156667, 44.0188843333, 21.1934643333], "tripadvisor": [28.190108, 28.335228, 28.770229, 28.0890423333, 27.7553863333], "vimeocdn": [42.9486246667, 27.7660766667], "sentry-cdn": [28.3770076667, 28.395636, 28.8203536667, 21.2002773333], "reddit": [22.1736296667, 45.3870656667, 21.188298, 28.2014553333, 21.261644, 28.091129], "cbsi": [22.104083, 21.0167946667, 28.3414073333, 27.870206, 42.7156933333], "pinterest": [21.2224373333, 45.547701], "stackoverflow": [27.9033286667, 22.2695456667, 21.1686406667, 21.211896], "twimg": [43.0405406667, 21.7081076667], "wikia-services": [21.218852, 28.8509403333, 28.2122423333, 21.0993543333], "taboola": [45.5729293333, 21.1645453333], "sstatic": [27.9033286667, 22.2695456667, 21.1686406667, 21.211896], "fastly-insights": [21.175408, 21.092662, 21.1733646667, 29.2019806667], "newrelic": [21.1456176667], "redditstatic": [], "polyfill": [21.2082196667, 21.0964356667, 21.2101446667, 22.294933], "nocookie": [177.239026, 174.1069473333], "focas": [45.558345], "redditmedia": [22.1736296667, 45.3870656667, 21.188298, 28.2014553333, 21.261644, 28.091129], "twitch": [21.2002816667, 21.1559913333, 27.684478, 22.1330573333, 20.9706496667], "outbrain": [44.5942473333], "tacdn": [21.0680606667], "fandom": [21.0804016667, 43.9778183333], "elo": [44.655689], "fastly": [28.0412013333], "speedtest": [21.3458086667, 28.0183983333, 21.2017143333, 21.1628936667, 22.127893, 28.132242], "last": [21.6106313333], "cdnst": [45.511116], "disqus": [45.8055173333], "githubusercontent": [27.905824, 21.1067126667, 28.335496, 43.013083], "everesttech": [21.060102], "squarespace": [45.908686, 21.225742], "twitter": [24.7433046667], "redd": [45.3870656667, 21.261644], "githubassets": [21.2969336667, 44.12385, 27.8933583333, 42.9980876667], "ssl-images-amazon": [42.5623323333], "ads-twitter": [21.196374], "ebaystatic": [28.5119246667], "prismic": [21.1228326667]}