{"dotabuff": [6.588809, 124.741587], "github": [21.358639, 113.9894623333, 233.8884576667, 27.7956156667, 44.0188843333, 21.1934643333], "tripadvisor": [28.335228, 254.2376996667, 28.770229, 28.0890423333, 27.7553863333], "vimeocdn": [250.5371776667], "sentry-cdn": [28.3770076667, 28.395636, 28.8203536667, 21.2002773333], "reddit": [22.1736296667, 21.188298, 258.5166466667, 28.2014553333, 28.091129], "cbsi": [22.104083, 21.0167946667, 28.3414073333, 27.870206, 254.7294053333], "pinterest": [268.995507], "stackoverflow": [22.2695456667, 27.9033286667, 21.1686406667, 21.211896], "twimg": [43.0405406667, 276.3545466667], "wikia-services": [21.218852, 28.8509403333, 28.2122423333, 21.0993543333], "taboola": [259.9730326667, 238.4739016667], "sstatic": [22.2695456667, 27.9033286667, 21.1686406667, 21.211896], "fastly-insights": [21.175408, 21.092662, 21.1733646667, 29.2019806667], "newrelic": [273.118924], "redditstatic": [], "polyfill": [21.2082196667, 21.0964356667, 21.2101446667, 22.294933], "nocookie": [119.932308, 123.5189516667], "focas": [124.8382023333], "redditmedia": [22.1736296667, 21.188298, 258.5166466667, 28.2014553333, 28.091129], "twitch": [21.2002816667, 279.207917, 21.1559913333, 27.684478, 22.1330573333], "outbrain": [259.41959], "tacdn": [276.4377046667], "fandom": [21.0804016667, 43.9778183333], "elo": [], "fastly": [263.4732993333], "speedtest": [21.2017143333, 21.1628936667, 251.93446, 22.127893, 28.132242, 260.45782], "last": [21.6106313333], "cdnst": [263.212883], "disqus": [124.90652], "githubusercontent": [], "everesttech": [], "squarespace": [266.2784676667, 252.3833396667], "twitter": [28.165678], "redd": [258.5166466667], "githubassets": [21.2969336667, 44.12385, 27.8933583333, 42.9980876667], "ssl-images-amazon": [58.280122], "ads-twitter": [254.1742203333], "ebaystatic": [139.9914593333], "prismic": []}