{"dotabuff": [41.7225123333, 43.1802013333, 6.5753093333], "github": [114.2918996667, 21.358639, 27.7956156667, 44.0188843333, 168.8982903333, 21.1934643333], "tripadvisor": [162.7786683333], "vimeocdn": [185.5160636667], "sentry-cdn": [28.3770076667, 28.395636, 28.8203536667, 21.2002773333], "reddit": [22.1736296667, 170.68521, 21.188298, 28.2014553333, 28.091129], "cbsi": [22.104083, 21.0167946667, 28.3414073333, 27.870206, 191.9551146667], "pinterest": [150.924791, 152.1775706667], "stackoverflow": [22.2695456667, 27.9033286667, 21.211896, 21.1686406667], "twimg": [274.0800146667, 43.0405406667], "wikia-services": [21.218852, 28.8509403333, 28.2122423333, 21.0993543333], "taboola": [160.9441183333], "sstatic": [27.9033286667, 22.2695456667, 21.1686406667, 21.211896], "fastly-insights": [21.175408, 21.092662, 21.1733646667, 29.2019806667], "newrelic": [159.8668953333], "redditstatic": [], "polyfill": [21.2082196667, 21.0964356667, 21.2101446667, 22.294933], "nocookie": [177.239026, 174.1069473333], "focas": [49.9025576667], "redditmedia": [28.091129, 21.188298, 22.1736296667, 28.2014553333], "twitch": [21.2002816667, 21.1559913333, 27.684478, 175.0085283333, 22.1330573333], "outbrain": [181.6553783333], "tacdn": [165.037641], "fandom": [21.0804016667, 43.9778183333], "elo": [41.7225123333, 43.1802013333], "fastly": [154.6026036667], "speedtest": [221.7091733333, 21.2017143333, 21.1628936667, 250.910369, 22.127893, 28.132242], "last": [21.6106313333], "cdnst": [22.127893, 21.1628936667, 21.2017143333, 28.132242], "disqus": [21.0334923333, 43.9498983333], "githubusercontent": [27.905824, 43.013083, 28.335496, 21.1067126667], "everesttech": [21.0330626667, 29.3213816667, 21.1160616667, 28.244328], "squarespace": [21.2431443333, 27.7476023333, 155.387755, 21.0620483333, 22.1873526667], "twitter": [28.165678], "redd": [22.1736296667, 170.68521, 21.188298, 28.2014553333, 28.091129], "githubassets": [21.2969336667, 44.12385, 27.8933583333, 42.9980876667], "ssl-images-amazon": [277.4751713333], "ads-twitter": [186.734203], "ebaystatic": [150.693735], "prismic": [181.9349846667]}