{"dotabuff": [26.5375193333, 21.2613026667, 44.655689], "github": [43.9860233333, 21.358639, 27.7956156667, 44.0188843333, 114.050712, 21.1934643333], "tripadvisor": [28.335228, 28.770229, 43.146373, 28.0890423333, 27.7553863333], "vimeocdn": [27.7660766667], "sentry-cdn": [21.2002773333, 28.3770076667, 28.395636, 28.8203536667], "reddit": [28.091129, 21.188298, 22.1736296667, 28.2014553333], "cbsi": [22.104083, 21.0167946667, 28.3414073333, 27.870206, 42.7156933333], "pinterest": [28.204215, 28.9771666667, 24.9089146667, 59.2099043333, 27.7674166667, 28.2585043333], "stackoverflow": [22.2695456667, 27.9033286667, 21.211896, 21.1686406667], "twimg": [25.897293, 43.0405406667], "wikia-services": [21.218852, 28.8509403333, 28.2122423333, 21.0993543333], "taboola": [45.5729293333, 22.0868756667, 21.0384503333, 28.3300793333, 21.1165093333], "sstatic": [22.2695456667, 21.1686406667, 21.211896, 27.9033286667], "fastly-insights": [21.175408, 21.092662, 21.1733646667, 29.2019806667], "newrelic": [43.041873], "redditstatic": [], "polyfill": [21.2082196667, 21.0964356667, 21.2101446667, 22.294933], "nocookie": [177.239026, 174.1069473333], "focas": [21.1953096667], "redditmedia": [22.1736296667, 45.3870656667, 21.188298, 28.2014553333, 21.261644, 28.091129], "twitch": [21.2002816667, 21.1559913333, 27.684478, 22.1330573333, 20.9706496667], "outbrain": [21.2125476667], "tacdn": [], "fandom": [21.0804016667, 43.9778183333], "elo": [41.7225123333, 43.1802013333], "fastly": [22.292269, 21.1090316667, 28.0970413333, 21.015812], "speedtest": [28.132242, 21.2017143333, 21.1628936667, 22.127893, 21.261143, 21.260602], "last": [21.6106313333], "cdnst": [22.127893, 21.1628936667, 21.2017143333, 28.132242], "disqus": [20.9955553333], "githubusercontent": [27.905824, 43.013083, 28.335496, 21.1067126667], "everesttech": [21.060102], "squarespace": [43.0049113333, 21.117089], "twitter": [26.5375193333], "redd": [22.1736296667, 21.188298, 28.2014553333, 21.261644, 28.091129], "githubassets": [21.2969336667, 44.12385, 27.8933583333, 42.9980876667], "ssl-images-amazon": [21.1487563333], "ads-twitter": [21.196374], "ebaystatic": [41.7451746667], "prismic": [21.1228326667]}