{"fullstory": [21.608576, 21.058298], "doubleclick": [48.117821, 43.8963646667, 53.3818293333, 52.4807726667, 48.6489963333, 53.3388053333, 43.917554, 53.205022, 52.651578, 52.8793043333, 52.770801], "playground": [23.443992], "google": [52.6378706667, 53.4384806667, 52.6879313333, 122.6916613333, 59.1687523333, 59.1452186667, 52.775593, 53.0577823333, 59.372022, 52.5882726667, 123.0553803333, 53.3388053333, 52.5731953333, 52.4350546667, 52.9106486667, 59.1859003333, 123.2863756667, 123.3470256667, 123.4001733333, 122.856729, 52.7585933333, 59.380018, 52.651578, 63.8712523333, 59.175375], "gstatic": [52.32729, 53.513682, 258.3802016667, 53.4384806667, 53.3388053333, 52.630464, 53.634938], "freepik": [19.641343], "perfdrive": [21.194851], "youtube": [53.513682, 52.6378706667, 53.3388053333, 52.6879313333, 52.5731953333, 53.634938, 52.775593], "wixmp": [6.5753093333], "google-analytics": [52.390068, 53.3233773333], "weborama": [21.5480503333, 26.1893586667, 21.4886723333, 21.561327], "ad-score": [139.092388, 136.6943893333], "openx": [21.1956683333, 23.5576276667, 21.288993, 19.7214156667], "recaptcha": [52.531261], "googleapis": [53.5412886667, 53.7391533333, 52.5310646667, 53.6458176667, 57.334989, 53.3064053333, 52.4439846667, 52.7606403333, 53.1336223333, 52.429905, 52.820232, 52.7498336667, 57.520551], "btloader": [18.7764803333], "pub": [19.3478123333], "2mdn": [52.7376356667], "ytimg": [45.8709266667, 45.9144426667, 45.7159666667, 50.3554813333, 52.6378706667, 45.8354813333, 45.731285, 45.717285, 50.5141276667, 53.634938, 46.005626, 45.7983206667], "googlesyndication": [52.651578, 52.7050543333, 52.7235406667], "rlcdn": [21.1918813333, 21.2431176667], "loopme": [44.4883153333], "33across": [21.0881873333], "sentry": [138.953464, 25.9369823333], "ctnsnet": [21.4323656667], "appspot": [52.4098283333], "assemblyexchange": [18.6684523333], "googlevideo": [24.8158203333, 40.575312], "impact-ad": [18.7481186667], "parastorage": [69.5351916667, 69.454819, 69.4047716667, 69.520239], "googleusercontent": [18.7994256667, 52.7303973333, 50.1986286667, 57.431349], "ggpht": [6.588809], "simpli": [43.7035663333, 43.8308163333, 43.436854], "googletagservices": [], "captcha-delivery": [21.2641523333], "mediago": [136.8013223333], "avads": [46.8976313333], "company-target": [21.137715], "media": [21.1721886667], "geniusaudience": [53.1499286667], "pghub": [21.0891286667], "adingo": [23.3714673333], "bugsnag": [18.7511846667], "udmserve": [21.180389], "mixpanel": [21.633755, 21.555045, 26.31738, 21.5812976667], "soccerstand": [21.2868936667], "last": [21.5072136667, 21.6106313333], "tapad": [26.2939503333], "livescore": [21.5456583333], "admedo": [45.8282986667], "clean": [21.5213956667], "datadome": [21.15542], "forexpros": [45.078249], "googleadservices": [52.4807726667, 53.205022], "exponea": [19.3772163333], "ivitrack": [19.4536216667], "strangeclocks": [23.4325596667], "googleoptimize": [52.775593], "gvt1": [53.3388053333], "travelaudience": [26.1140396667], "blismedia": [18.5822253333], "tangycover": [21.1378936667], "run": [21.180812, 18.7743606667, 21.6438883333, 21.0583126667], "ampproject": [53.2607966667], "chatubate": [24.207489], "owox": [19.7787306667], "ml314": [21.1431563333], "youtube-nocookie": [52.6879313333], "googletagmanager": [53.479149]}