{"fullstory": [21.608576], "doubleclick": [255.429997, 257.2296506667, 259.27714, 225.912925, 261.4814466667, 225.937114, 261.0582466667, 265.3585006667, 255.5936126667, 265.1737373333, 225.7852136667, 266.0828403333, 227.9454976667], "playground": [23.443992], "google": [227.7937383333, 262.5494036667, 270.1971506667, 225.825013, 262.7346986667, 229.9689796667, 262.587738, 255.7995906667, 254.345016, 260.025144, 260.559171, 265.4669693333, 18.8908026667, 229.8425996667, 265.3476943333, 251.4685243333, 19.36703, 255.429997, 265.3112613333, 255.8676526667, 21.621816, 260.373083, 265.369757, 266.1611113333, 21.6234043333, 262.5697, 258.282239], "gstatic": [267.410601, 396.2081713333, 256.1228276667, 258.978361, 266.1611113333, 261.4216483333, 258.178265], "freepik": [19.641343], "perfdrive": [21.194851], "youtube": [265.4669693333, 256.1364783333, 265.3476943333, 255.7995906667, 262.5494036667, 265.369757, 266.1611113333, 270.1971506667, 256.3150556667, 261.4216483333, 265.7580576667, 258.178265, 266.0828403333, 257.8176343333, 260.559171], "wixmp": [6.5753093333], "google-analytics": [265.422073, 266.140241], "weborama": [21.5480503333, 26.1893586667, 21.4886723333, 21.561327], "ad-score": [139.092388, 136.6943893333], "openx": [21.1956683333, 23.5576276667, 21.288993, 19.7214156667], "recaptcha": [256.1993763333], "googleapis": [265.2689516667, 261.5743523333, 262.6579563333, 266.138919, 266.0459633333, 262.7850573333, 265.3303616667, 260.442336, 260.4410806667, 261.4591913333, 261.5802386667, 265.367782, 265.2787156667, 261.497906, 265.7720753333, 261.0043956667, 257.227142, 257.6729396667, 265.9427296667, 261.365241, 260.5716086667, 264.665506, 260.995053, 262.077694, 261.572313, 267.49556, 259.3962976667, 265.239044, 261.7091006667, 260.9411426667], "btloader": [18.7764803333], "pub": [19.3478123333], "2mdn": [270.022991], "ytimg": [265.4296596667, 265.286209, 265.2474136667, 261.474823, 260.8442553333, 261.7785846667, 262.5494036667, 265.335626, 262.7405626667, 261.4216483333, 265.237104, 256.0795316667, 270.132544, 265.2762113333, 255.8628343333], "googlesyndication": [260.2474696667, 262.8760316667], "rlcdn": [21.1918813333, 21.2431176667], "loopme": [44.4883153333], "33across": [21.0881873333], "sentry": [138.953464, 25.9369823333], "ctnsnet": [21.4323656667], "appspot": [265.6345056667, 256.51717], "assemblyexchange": [18.6684523333], "googlevideo": [24.8158203333, 40.575312], "impact-ad": [18.7481186667], "parastorage": [25.9118583333], "googleusercontent": [18.7994256667, 260.2687933333, 265.237104], "ggpht": [28.165678], "simpli": [138.852279, 138.982029, 139.3073693333], "googletagservices": [], "captcha-delivery": [], "mediago": [136.8013223333], "avads": [46.8976313333], "company-target": [21.137715], "media": [21.1721886667], "geniusaudience": [261.6972943333], "pghub": [21.0891286667], "adingo": [23.3714673333], "bugsnag": [18.7511846667], "udmserve": [21.180389], "mixpanel": [21.5812976667, 21.555045, 21.633755, 26.31738], "soccerstand": [21.2868936667], "last": [21.5072136667, 21.6106313333], "tapad": [26.2939503333], "livescore": [21.5456583333], "admedo": [], "clean": [21.5213956667], "datadome": [], "forexpros": [], "googleadservices": [262.5782233333, 259.27714], "exponea": [19.3772163333], "ivitrack": [19.4536216667], "strangeclocks": [23.4325596667], "googleoptimize": [261.4216483333], "gvt1": [260.559171], "travelaudience": [26.1140396667], "blismedia": [18.5822253333], "tangycover": [21.1378936667], "run": [21.180812, 18.7743606667, 21.6438883333, 21.0583126667], "ampproject": [260.2474696667], "chatubate": [24.207489], "owox": [19.7787306667], "ml314": [21.1431563333], "youtube-nocookie": [265.3476943333], "googletagmanager": [261.496481]}