{"fullstory": [21.058298], "doubleclick": [42.705831, 38.067426, 40.5389436667, 40.4910893333, 38.8120046667, 37.0014103333, 38.4996336667, 40.2032896667, 40.418, 40.7847776667, 45.0638843333], "playground": [], "google": [21.0936163333, 23.4860473333, 40.418, 38.810088, 24.353353, 37.0664383333, 19.875196, 40.8367316667, 40.5389436667, 38.0423156667, 37.8941566667, 38.067426, 18.8908026667, 19.4214796667, 38.9123403333, 40.7601193333, 19.36703, 42.598568, 37.9297736667, 37.981078, 18.712127, 21.587322, 35.5199883333, 21.621816, 21.6234043333], "gstatic": [38.067426, 37.7346326667, 40.7601193333, 37.1036293333, 40.6130553333, 42.598568, 40.5221823333], "freepik": [19.641343], "perfdrive": [21.194851], "youtube": [37.981078, 38.067426, 38.9123403333, 40.5389436667, 40.7601193333, 37.8941566667, 38.810088, 38.1899373333, 42.598568, 37.9512763333, 40.5221823333], "wixmp": [6.588809], "google-analytics": [36.3754403333, 35.9173943333], "weborama": [21.5480503333, 26.1893586667, 21.4886723333, 21.561327], "ad-score": [139.092388, 136.6943893333], "openx": [21.1956683333, 23.5576276667, 21.288993, 19.7214156667], "recaptcha": [37.2759183333], "googleapis": [35.161064, 43.366467, 38.970495, 38.2230153333, 42.4410363333, 36.2310383333, 43.121984, 35.9775216667, 45.0065536667, 35.3447456667, 39.172684, 18.6399336667, 40.852721, 40.3575536667, 37.696603, 37.9416723333, 38.3465386667, 45.2375916667, 38.6294343333, 35.115948], "btloader": [18.7764803333], "pub": [19.3478123333], "2mdn": [40.4910893333], "ytimg": [38.067426, 40.5221823333], "googlesyndication": [40.1660576667, 40.8105323333, 37.7736426667, 38.790339, 38.811127], "rlcdn": [24.3037116667, 19.7861936667], "loopme": [], "33across": [21.0881873333], "sentry": [138.953464, 25.9369823333], "ctnsnet": [21.4323656667], "appspot": [37.8726403333, 36.4133836667], "assemblyexchange": [18.6684523333], "googlevideo": [24.8158203333, 40.575312], "impact-ad": [18.7481186667], "parastorage": [25.9118583333], "googleusercontent": [38.0947273333, 40.8105323333, 18.7994256667, 37.7736426667], "ggpht": [6.5753093333], "simpli": [43.7035663333, 43.8308163333, 43.436854], "googletagservices": [], "captcha-delivery": [21.2641523333], "mediago": [136.8013223333], "avads": [46.8976313333], "company-target": [21.137715], "media": [21.1721886667], "geniusaudience": [40.826868, 40.1620296667], "pghub": [21.0891286667], "adingo": [23.3714673333], "bugsnag": [18.7511846667], "udmserve": [21.180389], "mixpanel": [], "soccerstand": [21.2868936667], "last": [21.5072136667, 21.6106313333], "tapad": [26.2939503333], "livescore": [21.5456583333], "admedo": [45.8282986667], "clean": [21.5213956667], "datadome": [21.15542], "forexpros": [45.078249], "googleadservices": [40.418], "exponea": [19.3772163333], "ivitrack": [19.4536216667], "strangeclocks": [], "googleoptimize": [], "gvt1": [38.9123403333], "travelaudience": [26.1140396667], "blismedia": [18.5822253333], "tangycover": [21.1378936667], "run": [21.180812, 18.7743606667, 21.6438883333, 21.0583126667], "ampproject": [40.3973066667], "chatubate": [24.207489], "owox": [19.7787306667], "ml314": [21.1431563333], "youtube-nocookie": [40.5389436667], "googletagmanager": [38.7302996667]}