{"ngenix": [5.3463166667, 5.7350876667, 17.403205, 5.3661186667, 5.527376, 5.342959, 5.4737826667], "tu-tu": [5.43863, 5.6092163333, 29.3656486667, 5.267568, 5.2968796667, 5.6638443333], "rendez-vous": [5.475914, 5.2813033333, 5.90431, 5.882879], "corr": [], "cian": [5.2385776667, 5.432255], "nalog": [32.2457096667, 5.3847823333, 5.1448493333, 5.6593133333, 5.14233], "marquiz": [72.3242953333, 5.4747566667, 5.291619], "gov": [23.634659], "static1-sima-land": [5.472234, 5.8843843333, 17.403205, 9.3389293333], "faberlic": [5.325536, 31.904524], "ecco": [5.256661, 5.774296, 5.194209, 5.322964], "aeroflot": [31.9136513333, 5.9575923333, 5.4916716667, 5.831234], "galamart": [5.641534, 5.3493833333, 5.333928, 5.5090043333, 5.6993653333, 5.6092163333, 5.6364906667, 4.915228], "sbermarket": [5.608404], "life": [5.726383, 5.827581, 4.8042743333], "letu": [5.155713, 5.8232173333, 21.9916726667, 5.4226436667], "betcity": [23.7169973333], "sravni": [5.6650853333, 5.366432], "gu-st": [23.542141], "goldapple": [5.5708673333, 4.998493, 5.717463, 5.3516933333]}