{"autochek": [106.4223846667], "providus": [14.2594756667], "sanity": [14.33118], "geegpay": [12.77912], "googlesyndication": [404.7060406667, 412.082077, 403.8354883333, 406.1998906667, 416.455564, 408.096261, 407.4845383333], "uptapgames": [14.1647193333], "googleapis": [404.8147796667, 402.860575, 407.762801, 409.2096206667, 404.041142, 410.9719596667, 404.6482396667, 405.4889596667, 407.2236466667, 409.3372486667, 405.031064, 403.4309546667, 407.7348866667, 406.1700333333, 406.88781, 404.809457, 407.027624, 408.842296, 407.4504726667, 405.7386333333, 405.6486873333, 404.3161246667, 408.859548, 407.6025866667, 402.9590596667, 405.9101276667, 404.8183596667, 401.2740323333, 403.4211703333, 407.2433753333, 399.1341143333, 407.65458, 405.0840186667, 404.531827, 405.9018486667, 406.350229, 406.5425473333], "sentry": [13.6124203333, 186.1596323333], "33across": [14.3856513333], "media": [12.4680593333, 12.8347433333, 11.8777233333, 12.3387546667], "google": [402.9319076667, 406.0678273333, 403.64083, 13.0396486667, 402.1409403333, 15.3678616667, 410.9719596667, 406.434061, 522.0146793333, 402.4592453333, 407.225731, 18.9550516667, 406.9549883333, 406.0657186667, 18.945171, 373.638991, 373.10295, 405.6886903333, 403.3083396667, 409.824544, 409.2577696667, 409.795603, 403.5883673333, 373.759968, 405.6094623333, 404.47705, 405.1307576667, 373.359266, 370.5189643333, 405.7611466667, 401.8950343333, 405.9018486667, 401.9945343333, 369.834483, 384.2541556667, 404.3699666667], "visualwebsiteoptimizer": [17.166485], "appspot": [405.237961, 406.149299], "openx": [11.8636873333, 13.3352283333, 18.0565903333, 16.9773196667], "mxpnl": [17.7061733333, 12.509008], "ilotbet": [11.8720133333], "fctvlive": [13.6350973333, 14.4176146667, 14.5308766667, 13.508162], "google-analytics": [413.1524526667, 404.8483056667], "simpli": [328.247751, 334.1101283333, 332.5351906667], "gstatic": [407.225731, 404.5959776667, 17.610672, 404.5445486667, 407.08112, 406.6972286667, 405.3130363333, 405.633402], "flashscore": [13.152741, 12.044007, 18.9691026667], "googleadservices": [404.47705], "doubleclick": [409.035975, 373.3853933333, 372.0669936667, 372.389464, 408.1544623333, 378.464539, 373.5589053333, 375.2207613333, 374.662277, 371.3000853333, 373.769254, 405.1008823333, 373.0627256667, 374.228715, 408.206828, 375.0817913333, 370.9468516667, 373.8809926667, 409.040052, 373.447141, 405.9961306667, 370.626772, 372.5971993333, 369.5775346667, 406.836986, 371.3769773333, 373.498876, 407.7980043333], "myinfoclock": [13.6350973333, 14.4176146667, 14.5308766667, 13.508162], "livescore": [11.6430916667, 11.715159, 12.4354946667, 12.6371766667, 19.3727203333, 13.896364, 12.396877, 18.9691026667], "spotify": [13.072875, 13.7904883333, 12.2961416667], "soccerstand": [14.6255113333], "impactradius-event": [15.5632343333], "2mdn": [405.3371276667], "newscgp": [13.0297396667], "mrtnsvr": [11.4959336667], "scholarshipregion": [11.742567], "googleusercontent": [11.5746273333, 408.9086896667, 406.4882813333], "doubleclickbygoogle": [14.4176146667, 13.6350973333, 14.5308766667, 13.508162], "kampyle": [13.6421536667], "doubleverify": [12.4953413333, 19.3311993333], "recaptcha": [405.8017656667], "snapengage": [70.5057136667, 71.8358236667, 76.3404956667], "skimresources": [103.8270796667, 12.7250123333, 343.0127206667, 405.6918643333, 12.434882, 348.054848, 347.8712103333, 16.6776716667, 17.4343536667], "livescorebet": [13.3308536667], "googletagmanager": [407.4495086667], "googlevideo": [406.168807, 114.1247746667, 113.0987163333, 111.3855436667, 110.5139843333, 110.3512533333], "pub": [12.677818, 18.0652333333], "wise": [13.6350973333, 14.4176146667, 14.5308766667, 13.508162], "wpengine": [13.1969893333], "crimechannels": [231.894903], "fuoye": [193.8626466667], "eskimi": [13.241843, 12.6872643333, 11.8531506667], "fullstory": [12.6518336667], "rlcdn": [13.320799, 13.0817263333], "boomplaymusic": [13.052182, 11.4326666667], "ampproject": [400.958788, 404.2491656667, 406.9296576667], "fg8dgt": [232.3389823333], "solvvy": [17.905377], "ml314": [15.2030133333, 12.3689646667], "permutive": [13.2224383333], "4dex": [28.5764346667, 13.788964], "tgtag": [12.472158], "stelladimokokorkus": [13.6350973333, 14.4176146667, 14.5308766667, 13.508162], "soccer24": [20.041371], "softonic": [13.892719], "sojern": [11.9807266667], "clean": [13.81921], "quillkick": [16.6522723333], "blogspot": [406.194134, 408.096261, 405.800196], "googleoptimize": [406.9549883333], "ls-g": [11.5518966667, 12.6473333333], "youtube": [402.9319076667, 408.3922363333, 406.0678273333, 403.9499626667, 402.1409403333, 407.9451706667, 406.434061, 522.0146793333, 405.590789, 403.235827, 406.0657186667, 406.0484643333, 403.3083396667, 405.1009243333, 407.6358353333, 406.8962763333, 409.795603, 403.5883673333, 407.9112653333, 403.5157693333, 402.4721463333, 405.9018486667, 411.7611796667, 404.3699666667], "googletagservices": [], "chess": [12.857514], "inecnigeria": [15.3248603333, 12.375157], "tennis24": [20.041371], "snapchat": [18.95286, 19.3977926667], "tapad": [15.101713, 13.1007136667], "crane": [12.7052846667, 13.744352], "px-client": [14.418357], "parchedsofa": [13.1479006667], "basketball24": [20.041371], "intelregion": [12.7524273333], "perfdrive": [19.580884], "adjust": [17.664252], "obscenesidewalk": [19.1396193333], "tradedoubler": [365.6382496667, 354.5183453333, 333.4915033333, 331.6043496667, 14.4654053333], "memorizeneck": [16.425028], "aswpsdkeu": [13.607852], "livescores": [12.8849626667], "ivitrack": [14.4368716667], "smartclip": [12.2638586667], "editec-online": [14.994529], "gammamaximum": [16.425028], "openxcdn": [15.0787776667], "programagency": [415.830592], "scorenga": [11.684797], "eagllwin": [14.4261906667], "prmutv": [15.1736823333], "blogblog": [527.366847], "tappx": [172.2513276667, 168.042474, 170.539398, 173.3618906667], "impactcdn": [15.5632343333], "creativecdn": [12.4285936667], "bugsnag": [14.3453686667], "schoolings": [193.992032], "px-cloud": [14.418357], "dialogflow": [405.633402], "ggpht": [405.800196], "linksynergy": [12.4845476667], "gravitec": [], "mtnonline": [13.6350973333, 14.4176146667, 14.5308766667, 13.508162], "aswpsdkus": [13.5075356667], "springer": [13.6350973333, 14.4176146667, 14.5308766667, 13.508162], "blogger": [403.5876996667], "optimove": [13.8674173333], "boomplay": [132.429314, 124.1118373333], "shopifysvc": [15.0926476667], "deriv": [415.830592], "ytimg": [408.006446, 407.090934, 403.35442, 412.4865193333, 411.8137633333, 521.7179336667, 404.160372, 408.318621, 405.0603553333, 408.9086896667, 404.5136203333, 408.0764596667, 400.8857383333, 405.2791383333, 405.1931203333, 407.4631693333], "alluringbucket": [14.824218], "assemblyexchange": [14.1096116667], "wishesmsg": [15.3348136667], "unequalbrake": [13.6819313333], "urbanairship": [13.5075356667], "rtbhouse": [23.8945023333], "cloudfunctions": [18.5680356667], "company-target": [17.770199], "pippio": [12.796119], "bounceexchange": [12.8853063333], "freepik": [15.0233033333], "jagranjosh": [339.8540173333], "rakuten": [23.1293653333], "loopme": [115.004715], "optimise": [19.589961], "floors": [12.029615], "seedtag": [12.342075], "metadsp": [116.1881533333], "instana": [15.4715773333], "rdpnt": [18.9302896667], "btloader": [15.54553], "mixpanel": [13.5024843333, 16.1029116667, 13.9924353333, 13.253677], "weborama": [13.6675683333], "fulafia": [192.5934466667], "ncaudienceexchange": [415.830592], "nih": [15.2455803333], "unequaltrail": [14.6795476667], "webtrafficsource": [11.430174], "ahagamecenter": [12.444432], "arikair": [110.309247], "pdst": [13.2277416667], "marca": [115.8158993333], "wknd": [12.8853063333]}