{"autochek": [106.4223846667], "providus": [14.2594756667], "sanity": [14.33118], "geegpay": [119.4458776667, 12.77912], "googlesyndication": [14.5858633333, 12.294246], "uptapgames": [14.1647193333], "googleapis": [92.7754566667, 96.6045093333, 91.460314, 95.5306876667, 90.564705, 91.215861, 94.5230406667, 91.7625556667, 95.7086346667, 14.0176426667, 15.1080106667, 91.4726536667, 91.8258853333, 90.310462, 88.210182, 92.025349, 15.8314256667, 93.1450863333, 90.1940946667, 91.656123, 90.9336073333, 100.4688403333, 93.1274516667, 90.904507, 91.9579333333, 94.65587, 11.731448], "sentry": [13.6124203333, 186.1596323333], "33across": [14.3856513333], "media": [12.4680593333, 12.8347433333, 11.8777233333, 12.3387546667], "google": [110.4073576667, 16.038493, 90.5243673333, 15.3678616667, 111.46355, 18.9550516667, 11.965572, 18.3406436667, 18.945171, 12.660287, 112.2511346667, 18.813283, 113.0697906667, 14.5104373333, 92.025349, 15.8314256667, 90.4548643333, 112.7508523333, 120.3125366667, 114.7999486667, 17.3979206667, 91.0145823333, 13.0396486667], "visualwebsiteoptimizer": [241.63449], "appspot": [15.4561306667, 90.1747603333], "openx": [18.0565903333, 16.9773196667, 11.8636873333, 14.6168826667, 13.3352283333, 18.4234913333], "mxpnl": [17.7061733333, 12.509008], "ilotbet": [11.8720133333], "fctvlive": [14.4176146667, 13.6350973333, 14.5308766667, 13.508162], "google-analytics": [12.3691093333, 11.731448], "simpli": [173.1143833333, 168.1177893333, 167.991278], "gstatic": [17.610672, 11.965572, 12.660287, 93.3619643333, 11.731448], "flashscore": [13.152741, 12.044007, 18.9691026667], "googleadservices": [18.3406436667], "doubleclick": [112.9333433333, 117.380909, 15.9358963333, 116.5945436667, 112.855616, 18.3406436667, 113.024651, 112.2196543333, 112.2786006667, 115.8053753333, 113.2333373333, 112.8085066667, 111.3287923333, 111.257435, 111.9264666667, 115.4458386667, 93.9091466667, 115.0162883333, 110.6681906667, 113.395604, 13.5102596667, 14.5858633333], "myinfoclock": [13.6350973333, 14.4176146667, 14.5308766667, 13.508162], "livescore": [11.6430916667, 11.715159, 12.4354946667, 12.6371766667, 19.3727203333, 13.896364, 12.396877, 18.9691026667], "spotify": [13.072875, 13.7904883333, 12.2961416667], "soccerstand": [14.6255113333], "impactradius-event": [15.5632343333], "2mdn": [13.5102596667], "newscgp": [13.0297396667], "mrtnsvr": [11.4959336667], "scholarshipregion": [13.700016], "googleusercontent": [16.4310906667, 11.5746273333, 91.409257, 12.294246], "doubleclickbygoogle": [13.6350973333, 14.4176146667, 14.5308766667, 13.508162], "kampyle": [13.6421536667], "doubleverify": [12.404827, 19.3311993333], "recaptcha": [12.660287], "snapengage": [70.5057136667, 71.8358236667, 76.3404956667], "skimresources": [103.8270796667, 120.8878523333, 12.7250123333, 137.2132713333, 126.764363, 12.434882, 117.20665, 16.6776716667, 17.4343536667], "livescorebet": [13.3308536667], "googletagmanager": [13.1516656667], "googlevideo": [114.1247746667, 113.0987163333, 111.3855436667, 110.5139843333, 91.2113556667, 110.3512533333], "pub": [12.677818, 18.0652333333], "wise": [13.6350973333, 14.4176146667, 14.5308766667, 13.508162], "wpengine": [13.1969893333], "crimechannels": [231.894903], "fuoye": [193.8626466667], "eskimi": [17.8429786667, 12.7271693333, 13.490551], "fullstory": [12.6518336667, 12.408087], "rlcdn": [13.320799, 13.0817263333], "boomplaymusic": [15.098645], "ampproject": [13.6957866667, 90.6812813333, 12.6483623333], "fg8dgt": [189.615626], "solvvy": [17.905377], "ml314": [15.2030133333, 12.3689646667], "permutive": [13.2224383333], "4dex": [28.5764346667, 13.788964], "tgtag": [12.472158], "stelladimokokorkus": [13.6350973333, 14.4176146667, 14.5308766667, 13.508162], "soccer24": [20.041371], "softonic": [13.892719], "sojern": [11.9807266667], "clean": [13.81921], "quillkick": [16.6522723333], "blogspot": [13.6957866667], "googleoptimize": [17.3979206667], "ls-g": [11.5518966667, 12.6473333333], "youtube": [91.5341496667, 93.7466336667, 91.881255, 93.8874826667, 90.5243673333, 87.8197346667, 15.8314256667, 91.0145823333, 17.3979206667, 90.3695913333, 90.792813, 93.4212993333, 91.2113556667], "googletagservices": [], "chess": [12.857514], "inecnigeria": [15.3248603333, 12.375157], "tennis24": [20.041371], "snapchat": [18.95286, 19.3977926667], "tapad": [15.101713, 13.1007136667], "crane": [12.7052846667, 13.744352], "px-client": [14.418357], "parchedsofa": [13.1479006667], "basketball24": [20.041371], "intelregion": [13.6615213333], "perfdrive": [19.580884], "adjust": [17.664252], "obscenesidewalk": [19.1396193333], "tradedoubler": [86.3081546667, 93.8128923333, 87.7029773333, 14.4654053333, 98.721859], "memorizeneck": [16.425028], "aswpsdkeu": [13.607852], "livescores": [12.8849626667], "ivitrack": [14.4368716667], "smartclip": [12.2638586667], "editec-online": [14.994529], "gammamaximum": [16.425028], "openxcdn": [15.0787776667], "programagency": [90.2255806667], "scorenga": [11.684797], "eagllwin": [14.4261906667], "prmutv": [15.1736823333], "blogblog": [90.6981863333], "tappx": [172.2513276667, 167.6793573333, 168.5763033333, 173.3618906667], "impactcdn": [15.5632343333], "creativecdn": [12.4285936667], "bugsnag": [14.3453686667], "schoolings": [193.992032], "px-cloud": [14.418357], "dialogflow": [12.660287], "ggpht": [13.6957866667], "linksynergy": [12.4845476667], "gravitec": [], "mtnonline": [13.6350973333, 14.4176146667, 14.5308766667, 13.508162], "aswpsdkus": [13.5075356667], "springer": [14.4176146667, 13.6350973333, 14.5308766667, 13.508162], "blogger": [12.978548], "optimove": [13.8674173333], "boomplay": [132.429314, 124.1118373333], "shopifysvc": [15.0926476667], "deriv": [91.2258273333], "ytimg": [16.4310906667, 15.5295576667], "alluringbucket": [14.824218], "assemblyexchange": [14.1096116667], "wishesmsg": [15.3348136667], "unequalbrake": [13.6819313333], "urbanairship": [13.5075356667], "rtbhouse": [23.8945023333], "cloudfunctions": [18.5680356667], "company-target": [17.770199], "pippio": [12.796119], "bounceexchange": [12.8853063333], "freepik": [15.0233033333], "jagranjosh": [339.8540173333], "rakuten": [23.1293653333], "loopme": [115.004715], "optimise": [19.589961], "floors": [12.029615], "seedtag": [12.342075], "metadsp": [116.1881533333], "instana": [15.4715773333], "rdpnt": [18.9302896667], "btloader": [15.54553], "mixpanel": [13.5024843333, 13.9924353333, 13.253677, 16.1029116667], "weborama": [13.6675683333], "fulafia": [192.5934466667], "ncaudienceexchange": [91.2258273333], "nih": [15.2455803333], "unequaltrail": [14.6795476667], "webtrafficsource": [11.430174], "ahagamecenter": [12.444432], "arikair": [110.309247], "pdst": [13.2277416667], "marca": [115.8158993333], "wknd": [12.8853063333]}