{"autochek": [106.4223846667], "providus": [14.2594756667], "sanity": [14.33118], "geegpay": [], "googlesyndication": [13.6957866667, 118.0754173333, 18.3406436667, 12.294246], "uptapgames": [14.1647193333], "googleapis": [108.145857, 92.7754566667, 90.564705, 109.658132, 91.215861, 105.2225556667, 108.0420823333, 91.7625556667, 95.7086346667, 115.005742, 91.4726536667, 91.8258853333, 90.310462, 92.025349, 105.016289, 104.3377066667, 15.8314256667, 110.9389656667, 91.656123, 90.9336073333, 105.246274, 117.2726723333, 90.7627296667, 105.1322786667, 93.1274516667, 90.904507, 11.731448], "sentry": [13.6124203333, 186.1596323333], "33across": [14.3856513333], "media": [12.4680593333, 12.8347433333, 11.8777233333, 12.3387546667], "google": [107.111445, 90.792813, 112.740928, 106.353848, 91.2113556667, 111.1611693333, 104.9234553333, 112.4172493333, 18.3406436667, 110.9699063333, 12.660287, 108.313197, 14.5104373333, 112.8363253333, 15.8314256667, 113.7048643333, 93.8874826667, 17.3979206667, 91.0145823333], "visualwebsiteoptimizer": [17.166485], "appspot": [88.9515913333], "openx": [16.9773196667, 18.0565903333, 11.8636873333, 14.6168826667, 13.3352283333, 18.4234913333], "mxpnl": [17.7061733333, 12.509008], "ilotbet": [11.8720133333], "fctvlive": [14.4176146667, 13.6350973333, 14.5308766667, 13.508162], "google-analytics": [12.3691093333], "simpli": [114.697674, 116.7388973333, 116.0468853333], "gstatic": [237.1955346667, 221.3397616667, 91.0658453333, 88.053735, 12.660287, 11.731448], "flashscore": [13.152741, 18.9691026667], "googleadservices": [18.3406436667], "doubleclick": [111.8805696667, 112.9333433333, 117.380909, 116.2821933333, 15.9358963333, 116.5945436667, 109.6768476667, 18.3406436667, 113.024651, 112.2196543333, 115.8053753333, 113.2333373333, 14.5858633333, 111.3287923333, 110.1202573333, 91.4059963333, 115.0162883333, 110.6681906667, 113.395604, 109.2575526667, 111.0107636667, 13.5102596667, 112.3901973333, 112.855616], "myinfoclock": [], "livescore": [11.6430916667, 11.715159, 12.6371766667, 19.3727203333, 13.896364, 12.396877, 18.9691026667], "spotify": [13.072875, 12.2961416667], "soccerstand": [14.6255113333], "impactradius-event": [15.5632343333], "2mdn": [13.5102596667], "newscgp": [13.0297396667], "mrtnsvr": [11.4959336667], "scholarshipregion": [12.7524273333], "googleusercontent": [94.040721], "doubleclickbygoogle": [13.6350973333, 14.4176146667, 14.5308766667, 13.508162], "kampyle": [13.6421536667], "doubleverify": [19.3311993333], "recaptcha": [], "snapengage": [70.5057136667, 71.8358236667, 76.3404956667], "skimresources": [104.7119646667, 12.434882, 105.9479526667, 109.2291496667, 17.4343536667, 105.148483], "livescorebet": [13.3308536667], "googletagmanager": [12.3691093333], "googlevideo": [17.3979206667, 110.3512533333, 110.5139843333, 114.1247746667], "pub": [18.0652333333], "wise": [], "wpengine": [13.1969893333], "crimechannels": [231.894903], "fuoye": [193.8626466667], "eskimi": [12.7271693333, 13.490551], "fullstory": [12.6518336667, 12.408087], "rlcdn": [13.320799], "boomplaymusic": [], "ampproject": [12.660287, 90.9354243333], "fg8dgt": [189.615626], "solvvy": [17.905377], "ml314": [15.2030133333, 12.3689646667], "permutive": [13.2224383333], "4dex": [28.5764346667, 13.788964], "tgtag": [12.472158], "stelladimokokorkus": [13.6350973333, 14.4176146667, 14.5308766667, 13.508162], "soccer24": [20.041371], "softonic": [], "sojern": [11.9807266667], "clean": [13.81921], "quillkick": [], "blogspot": [13.6957866667, 12.294246], "googleoptimize": [17.3979206667], "ls-g": [11.5518966667, 12.6473333333], "youtube": [91.5341496667, 93.7466336667, 91.881255, 93.8874826667, 90.5243673333, 87.8197346667, 15.8314256667, 91.0145823333, 17.3979206667, 90.3695913333, 90.792813, 90.4548643333], "googletagservices": [], "chess": [12.857514], "inecnigeria": [15.3248603333, 12.375157], "tennis24": [20.041371], "snapchat": [18.95286, 19.3977926667], "tapad": [13.1007136667], "crane": [13.744352], "px-client": [14.418357], "parchedsofa": [], "basketball24": [20.041371], "intelregion": [], "perfdrive": [], "adjust": [], "obscenesidewalk": [19.1396193333], "tradedoubler": [109.7815663333, 105.0200146667, 105.1721493333, 105.9562936667, 14.4654053333], "memorizeneck": [16.425028], "aswpsdkeu": [], "livescores": [12.8849626667], "ivitrack": [14.4368716667], "smartclip": [12.2638586667], "editec-online": [], "gammamaximum": [16.425028], "openxcdn": [15.0787776667], "programagency": [95.4330616667], "scorenga": [11.684797], "eagllwin": [14.4261906667], "prmutv": [15.1736823333], "blogblog": [], "tappx": [172.2513276667, 167.6793573333, 168.042474, 166.913249], "impactcdn": [15.5632343333], "creativecdn": [12.4285936667], "bugsnag": [14.3453686667], "schoolings": [193.992032], "px-cloud": [14.418357], "dialogflow": [12.6483623333], "ggpht": [13.6957866667], "linksynergy": [], "gravitec": [], "mtnonline": [13.6350973333, 14.4176146667, 14.5308766667, 13.508162], "aswpsdkus": [13.5075356667], "springer": [14.4176146667, 13.6350973333, 14.5308766667, 13.508162], "blogger": [12.978548], "optimove": [], "boomplay": [132.429314, 124.1118373333], "shopifysvc": [], "deriv": [], "ytimg": [], "alluringbucket": [14.824218], "assemblyexchange": [14.1096116667], "wishesmsg": [], "unequalbrake": [13.6819313333], "urbanairship": [13.5075356667], "rtbhouse": [23.8945023333], "cloudfunctions": [18.5680356667], "company-target": [17.770199], "pippio": [], "bounceexchange": [12.8853063333], "freepik": [], "jagranjosh": [339.8540173333], "rakuten": [23.1293653333], "loopme": [115.004715], "optimise": [19.589961], "floors": [12.029615], "seedtag": [12.342075], "metadsp": [116.1881533333], "instana": [15.4715773333], "rdpnt": [], "btloader": [15.54553], "mixpanel": [13.5024843333, 16.1029116667, 13.9924353333, 13.253677], "weborama": [13.6675683333], "fulafia": [192.5934466667], "ncaudienceexchange": [93.7842623333], "nih": [15.2455803333], "unequaltrail": [], "webtrafficsource": [11.430174], "ahagamecenter": [12.444432], "arikair": [110.309247], "pdst": [], "marca": [], "wknd": [12.8853063333]}