{"autochek": [106.4223846667], "providus": [14.2594756667], "sanity": [14.33118], "geegpay": [122.2770616667, 12.77912], "googlesyndication": [135.4642316667, 138.2222386667, 136.6526873333, 137.644809, 139.9530606667, 138.4220076667, 13.6957866667, 14.5858633333, 137.317909], "uptapgames": [14.1647193333], "googleapis": [92.7754566667, 95.5306876667, 90.564705, 11.965572, 91.215861, 94.5230406667, 91.7625556667, 95.7086346667, 14.0176426667, 15.1080106667, 91.4726536667, 91.8258853333, 90.310462, 98.030719, 88.210182, 92.025349, 90.1940946667, 91.656123, 139.005901, 90.9336073333, 91.5435676667, 100.4688403333, 93.1274516667, 90.904507, 17.3979206667, 91.9579333333, 94.65587, 135.25235], "sentry": [13.6124203333, 186.1596323333], "33across": [14.3856513333], "media": [12.4680593333, 12.8347433333, 11.8777233333, 12.3387546667], "google": [133.5167646667, 112.8561956667, 13.0396486667, 15.3678616667, 110.8593953333, 91.5341496667, 18.9550516667, 140.2264726667, 12.6483623333, 18.945171, 12.660287, 90.3695913333, 136.732826, 14.5104373333, 143.1188166667, 15.8314256667, 144.9147143333, 111.9773356667, 114.4389733333, 136.819233, 111.7369533333, 135.7935226667, 125.198331, 114.6420603333, 17.3979206667, 137.733509, 14.5858633333], "visualwebsiteoptimizer": [17.166485], "appspot": [139.462368, 138.3504093333], "openx": [16.9773196667, 18.0565903333, 11.8636873333, 14.6168826667, 13.3352283333, 18.4234913333], "mxpnl": [12.509008, 17.7061733333], "ilotbet": [11.8720133333], "fctvlive": [14.4176146667, 13.6350973333, 14.5308766667, 13.508162], "google-analytics": [11.965572, 137.5926793333], "simpli": [114.697674, 116.7388973333, 116.0468853333], "gstatic": [17.610672, 12.6483623333, 91.0658453333, 12.660287, 93.3619643333, 137.29211, 11.731448], "flashscore": [13.152741, 12.044007, 18.9691026667], "googleadservices": [18.3406436667], "doubleclick": [112.9333433333, 116.2821933333, 117.380909, 15.9358963333, 139.0071173333, 116.5945436667, 117.01668, 137.978375, 18.3406436667, 113.024651, 112.2196543333, 112.2786006667, 136.6773383333, 115.8053753333, 113.2333373333, 114.2471766667, 112.8085066667, 111.3287923333, 119.2730066667, 111.9297916667, 115.4458386667, 90.3187356667, 115.0162883333, 136.7703196667, 113.395604, 111.8403516667, 111.0107636667, 13.5102596667], "myinfoclock": [13.6350973333, 14.4176146667, 14.5308766667, 13.508162], "livescore": [11.6430916667, 11.715159, 12.4354946667, 12.6371766667, 19.3727203333, 13.896364, 12.396877, 18.9691026667], "spotify": [13.072875, 13.7904883333, 12.2961416667], "soccerstand": [14.6255113333], "impactradius-event": [15.5632343333], "2mdn": [137.516926], "newscgp": [13.0297396667], "mrtnsvr": [11.4959336667], "scholarshipregion": [18.8276966667], "googleusercontent": [136.102884, 11.5746273333, 15.5295576667, 137.1932933333], "doubleclickbygoogle": [13.6350973333, 14.4176146667, 14.5308766667, 13.508162], "kampyle": [13.6421536667], "doubleverify": [19.3311993333, 12.8290336667], "recaptcha": [91.6560013333], "snapengage": [70.5057136667, 71.8358236667, 76.3404956667], "skimresources": [103.8270796667, 12.7250123333, 133.209444, 131.9487893333, 133.9191263333, 131.289064, 12.434882, 16.6776716667, 17.4343536667], "livescorebet": [13.3308536667], "googletagmanager": [141.367116], "googlevideo": [114.1247746667, 113.0987163333, 15.8314256667, 111.3855436667, 110.5139843333, 110.3512533333], "pub": [12.677818, 18.0652333333], "wise": [14.4176146667, 13.6350973333, 14.5308766667, 13.508162], "wpengine": [13.1969893333], "crimechannels": [231.894903], "fuoye": [193.8626466667], "eskimi": [17.8429786667, 12.7271693333, 13.490551], "fullstory": [12.6518336667, 12.408087], "rlcdn": [12.5957896667, 13.320799], "boomplaymusic": [13.052182, 11.4326666667], "ampproject": [89.9691553333, 12.660287, 139.3457346667], "fg8dgt": [189.615626], "solvvy": [17.905377], "ml314": [15.2030133333, 12.3689646667], "permutive": [13.2224383333], "4dex": [28.5764346667, 13.788964], "tgtag": [12.472158], "stelladimokokorkus": [13.6350973333, 14.4176146667, 14.5308766667, 13.508162], "soccer24": [20.041371], "softonic": [13.892719], "sojern": [11.9807266667], "clean": [13.81921], "quillkick": [16.6522723333], "blogspot": [137.317909, 135.9787406667, 12.294246], "googleoptimize": [140.2264726667], "ls-g": [11.5518966667, 12.6473333333], "youtube": [133.5167646667, 138.4656473333, 141.4301176667, 140.2264726667, 137.0277436667, 138.4039923333, 134.8440113333, 145.8187823333, 135.6892756667, 15.8314256667, 144.9147143333, 136.819233, 138.6362843333, 139.0381386667, 135.9458346667, 136.2356826667, 17.3979206667, 137.814343, 139.4455263333], "googletagservices": [], "chess": [12.857514], "inecnigeria": [15.3248603333, 12.375157], "tennis24": [20.041371], "snapchat": [18.95286, 19.3977926667], "tapad": [15.101713, 13.1007136667], "crane": [12.7052846667, 13.744352], "px-client": [14.418357], "parchedsofa": [13.1479006667], "basketball24": [20.041371], "intelregion": [11.742567], "perfdrive": [19.580884], "adjust": [17.664252], "obscenesidewalk": [19.1396193333], "tradedoubler": [116.43645, 122.2502806667, 123.2533966667, 115.086662, 14.4654053333], "memorizeneck": [16.425028], "aswpsdkeu": [13.607852], "livescores": [12.8849626667], "ivitrack": [14.4368716667], "smartclip": [12.2638586667], "editec-online": [14.994529], "gammamaximum": [16.425028], "openxcdn": [15.0787776667], "programagency": [96.249134], "scorenga": [11.684797], "eagllwin": [14.4261906667], "prmutv": [15.1736823333], "blogblog": [139.5450146667], "tappx": [112.7808246667, 120.5396086667, 113.963811, 120.221451], "impactcdn": [15.5632343333], "creativecdn": [12.4285936667], "bugsnag": [14.3453686667], "schoolings": [193.992032], "px-cloud": [14.418357], "dialogflow": [12.660287], "ggpht": [13.6957866667], "linksynergy": [12.4845476667], "gravitec": [], "mtnonline": [13.6350973333, 14.4176146667, 14.5308766667, 13.508162], "aswpsdkus": [13.5075356667], "springer": [13.6350973333, 14.4176146667, 14.5308766667, 13.508162], "blogger": [136.4647136667], "optimove": [13.8674173333], "boomplay": [132.429314, 124.1118373333], "shopifysvc": [15.0926476667], "deriv": [137.1664936667], "ytimg": [140.3206926667, 137.0531566667, 136.688553, 135.3981646667, 136.74956, 137.8711116667, 138.745694, 135.7341436667, 142.3048466667, 135.279113, 144.0210243333, 144.8520416667, 136.700498, 139.510457, 143.8425773333, 138.0108503333], "alluringbucket": [14.824218], "assemblyexchange": [14.1096116667], "wishesmsg": [11.742567], "unequalbrake": [13.6819313333], "urbanairship": [13.5075356667], "rtbhouse": [23.8945023333], "cloudfunctions": [18.5680356667], "company-target": [17.770199], "pippio": [12.796119], "bounceexchange": [12.8853063333], "freepik": [15.0233033333], "jagranjosh": [339.8540173333], "rakuten": [23.1293653333], "loopme": [115.004715], "optimise": [19.589961], "floors": [12.029615], "seedtag": [12.342075], "metadsp": [116.1881533333], "instana": [15.4715773333], "rdpnt": [18.9302896667], "btloader": [15.54553], "mixpanel": [13.5024843333, 13.9924353333, 13.253677, 16.1029116667], "weborama": [13.6675683333], "fulafia": [192.5934466667], "ncaudienceexchange": [93.7842623333], "nih": [15.2455803333], "unequaltrail": [14.6795476667], "webtrafficsource": [11.430174], "ahagamecenter": [117.3531043333], "arikair": [110.309247], "pdst": [13.2277416667], "marca": [115.8158993333], "wknd": [12.8853063333]}