{"byteoversea": [318.4101526667, 280.9264585, 303.5493056667, 300.8115, 318.0803893333, 286.1132776667, 284.3599446667, 326.2692223333, 282.4457916667, 292.5635413333, 289.277556, 287.9711253333, 281.871986, 588.6053193333, 293.4111113333, 306.619903, 299.0497503333, 303.8323753333], "feishu": [316.684903, 30.9997223333, 287.478639, 286.4892643333, 300.3957086667, 27.648917], "bangumi": [292.3540136667], "qpic": [291.8394726667, 289.249653], "hscicdn": [300.3957086667, 309.1399726667], "jd": [297.9389303333, 286.575084, 34.8094443333], "bahamut": [294.4262083333, 289.9768886667, 283.9586393333, 280.057, 303.7869033333, 603.0626806667], "huawei": [279.0507085, 32.7416806667], "ebay": [265.0437363333], "cctvpic": [280.6171806667, 304.1752643333, 317.163667, 298.9769726667], "akamaihd": [305.775986, 303.361778, 296.239889, 316.836903, 298.4485835], "mzstatic": [267.748639, 263.4450693333, 294.7794026667], "amazon": [221.8952916667, 246.64007, 545.817125, 243.069556, 204.0260416667], "akamaized": [303.5317916667, 319.4236946667, 277.887889, 305.4182363333, 308.186403, 277.8137086667, 319.4497086667, 276.7132363333, 320.8079586667, 279.5890416667], "rubiconproject": [237.8141806667, 248.1770416667, 196.23257, 190.6488196667, 207.2093613333, 249.423736, 186.439264, 360.4685276667, 203.758917, 215.244736, 207.67075, 203.3589795, 216.9418753333, 288.6131946667, 194.0315693333, 196.029153, 199.8338056667, 296.9314306667], "addthisedge": [266.797125], "pinterest": [], "alicdn": [295.3694166667, 353.827729, 306.1989446667, 291.0983333333, 312.97407], "pstatic": [262.6617363333, 688.7879866667, 290.489431], "alibaba": [281.4744306667, 289.987583, 214.355875, 219.9009583333], "udn": [315.4314166667, 345.8605833333], "serving-sys": [300.8115, 319.4497086667], "fmm": [338.1759306667], "akstat": [], "naver": [262.6617363333, 304.2105], "coupang": [282.932792, 268.131472, 263.7813753333], "clmbtech": [300.3957086667, 361.9929446667, 296.8632783333, 347.821292], "edgekey": [263.906028], "fastclick": [352.0339863333], "adnxs": [], "adobedtm": [267.2123196667], "playstation": [267.062417, 266.5613056667, 302.5582083333], "thron": [382.664625], "cricbuzz": [281.9313336667, 316.311389], "appier": [], "avmoo": [], "ctrip": [305.4783056667, 295.624979], "cctv": [31.410528, 298.9769726667, 280.6171806667], "c-ctrip": [357.2871673333, 263.7763613333], "cntv": [381.7445836667, 299.0497503333, 284.3599446667], "astrill": [], "cdnpk": [292.881792], "netease": [294.0282503333], "6sc": [363.279542, 316.684903, 314.3062086667, 365.24382], "ieee": [251.0298473333, 265.6784166667], "voachinese": [], "bbci": [], "tellme": [279.2534586667, 559.668917, 307.4295973333], "licdn": [281.0829026667, 292.7927226667], "qualtrics": [160.2144996667, 170.945125], "microad": [], "tiktokcdn": [293.4111113333, 300.8115], "spotxchange": [163.337264, 159.1127916667], "aliexpress": [306.1989446667], "ibytedtos": [312.368167, 305.285514, 304.040417, 294.6109375], "bbc": [], "tiktokv": [], "cdn-apple": [297.748306], "weather": [363.137153], "mlstatic": [], "steamstatic": [313.8443753333, 280.544222], "media": [265.94032], "ttwstatic": [277.8596253333, 313.8443753333, 284.5769726667], "office": [263.4465556667], "casalemedia": [146.7633053333], "microsoft": [154.7141946667, 289.3634583333, 250.4175416667, 284.3599446667, 293.8563196667], "dw": [], "typography": [261.9647363333], "im-apps": [313.3670003333, 326.2692223333, 303.8323753333, 323.7523336667], "52poke": [235.9480416667], "tripcdn": [291.967403], "voanews": [], "exchangerate-api": [155.810278, 144.046542], "innity": [266.6748333333], "moatads": [264.0125973333], "teads": [287.7802503333], "wal": [], "addthis": [267.474889], "shein": [], "udnfunlife": [341.1828753333], "nwxs8": [], "rfi": [], "btsow": [], "optimizely": [729.4026116667], "apple": [297.9515416667, 34.1693193333, 263.4450693333], "mobage": [264.161361], "addthiscdn": [266.797125], "hc-cdn": [284.3599446667, 281.9655143333], "go-mpulse": [264.172139, 288.467167], "walmartimages": [], "qq": [270.5553753333, 288.03007], "accesstrade": [314.623459], "line-scdn": [], "walmart": [572.2058196667], "etsy": [], "pinimg": [281.8713613333], "tiktok": [], "s-microsoft": [261.532903], "tesla": [406.0252643333, 13.1033336667, 31.4692223333, 26.7773196667, 9.1574726667], "office365": [296.7848193333, 314.1138056667], "marketo": [268.0174166667], "gree": [290.8543613333], "wenku8": [287.5963473333], "kfpromax": [151.3571253333], "appsflyer": [149.529153, 131.5761386667], "etsystatic": [282.4457916667, 297.9389303333], "goofy-cdn": [287.9711253333, 281.871986], "xhscdn": [300.8115, 300.5511666667], "pubmatic": [640.510959], "smartadserver": [586.8968476667, 216.3443193333, 237.3346666667, 218.2528056667, 234.3066666667, 239.191611], "360buyimg": [297.9389303333, 286.575084], "bluekai": [289.9185], "everesttech": [], "steamcommunity": [], "gtimg": [270.5553753333], "espncricinfo": []}