{"byteoversea": [56.878861, 141.605514, 34.912611, 39.3216246667, 137.8300696667, 67.947097, 62.7311665, 40.654528, 58.7235276667, 133.5939163333, 147.3615416667, 135.9911113333, 148.1032916667, 38.4177496667, 42.5199723333, 79.720875, 58.041278], "feishu": [6.2110136667, 3.6152776667, 30.9997223333, 9.328722, 13.1236806667, 6.9444583333, 9.059486, 11.2653193333, 9.5485696667, 6.7910973333, 5.7616526667, 6.6589166667, 8.196639, 11.3752916667, 9.187861, 9.476208, 3.638778, 9.610028, 5.5128333333, 3.5960553333, 27.648917, 5.9599166667, 6.979139, 9.1099303333, 9.0620276667, 9.5944443333, 9.4560553333, 9.3845973333, 12.4397366667, 7.1147226667, 5.5354306667, 11.1834996667, 6.0681946667, 6.1462776667, 11.3904723333, 11.5194443333], "bangumi": [292.3540136667], "qpic": [9.49175, 7.448278, 10.9402913333, 9.1769583333, 7.3670413333, 9.205347, 9.10125, 9.1408193333], "hscicdn": [54.7661383333, 41.1411523333], "jd": [12.4674586667, 41.499889], "bahamut": [148.5633193333, 148.132736, 134.7088333333, 134.753597, 133.1660556667], "huawei": [15.9993473333, 29.893347, 19.5461666667], "ebay": [37.3945556667], "cctvpic": [12.3706526667, 11.4708606667], "akamaihd": [72.8498056667, 134.01175, 137.786153, 178.474431, 130.1830696667, 140.4762496667, 136.8909166667, 136.4032493333], "mzstatic": [11.0692223333, 6.908875, 12.859236, 10.4759306667, 11.7798056667, 10.300472, 15.5901666667, 12.5929863333, 11.158278, 12.734014, 10.0211663333, 15.4854166667, 9.4992636667, 12.8533053333, 11.7454726667, 11.8555416667], "amazon": [174.6974446667, 75.8882776667, 90.659146, 70.8978606667, 190.2436803333, 60.0087776667, 179.9084863333], "akamaized": [148.5633193333, 39.465625, 293.8217083333, 67.7408955, 134.7088333333, 136.0987776667, 140.4762496667, 55.294771, 60.731625, 157.287542, 149.0688893333], "rubiconproject": [132.290139, 296.9314306667, 600.3309723333], "addthisedge": [65.836723], "pinterest": [], "alicdn": [8.0606943333, 9.2717223333, 18.4004026667, 19.5369033333, 11.457111, 8.6324163333, 8.187375], "pstatic": [162.5653746667, 163.8684723333, 168.4735003333], "alibaba": [30.821611, 41.722611], "udn": [41.898639], "serving-sys": [138.1828886667, 136.95832], "fmm": [59.9482503333], "akstat": [], "naver": [56.5403476667, 38.1606943333], "coupang": [58.6371946667, 73.6861803333], "clmbtech": [57.4158193333, 58.7235276667], "edgekey": [137.0103886667, 191.4536806667], "fastclick": [151.217167], "adnxs": [61.2591523333], "adobedtm": [75.531667], "playstation": [38.4253746667, 8.366375, 154.9810413333], "thron": [9.638], "cricbuzz": [64.4980833333, 54.7661383333], "appier": [], "avmoo": [], "ctrip": [11.2729306667, 11.078778, 10.788458], "cctv": [31.410528, 12.3706526667, 11.4708606667], "c-ctrip": [11.4708606667, 11.078778, 12.3706526667, 7.7955276667, 10.714139], "cntv": [13.296958, 12.3706526667, 11.4708606667], "astrill": [], "cdnpk": [135.4325136667], "netease": [11.1080556667, 12.3052776667, 9.3981113333, 11.5061526667, 11.765736, 9.5671943333, 9.4929723333, 9.551375], "6sc": [59.050167, 37.2199166667, 894.4858965, 57.2172776667, 183.7429863333, 41.1554726667], "ieee": [251.0298473333, 129.3721663333], "voachinese": [], "bbci": [199.6865696667, 60.828236], "tellme": [], "licdn": [148.132736, 134.7088333333], "qualtrics": [37.613083], "microad": [76.6894306667], "tiktokcdn": [176.8417086667], "spotxchange": [94.6055276667, 83.4940973333], "aliexpress": [31.1736943333], "ibytedtos": [133.5939163333, 141.605514, 163.7757223333, 135.9911113333], "bbc": [199.6865696667], "tiktokv": [64.4980833333, 56.878861, 53.7858616667, 77.951139, 40.654528, 40.3017913333, 57.3348753333, 39.6945415, 57.494389], "cdn-apple": [6.046681, 3.9280833333, 6.303236, 6.2991946667, 3.6579163333, 6.1874446667, 3.6863333333, 3.818542, 6.3719446667, 6.5667776667, 6.4789306667, 6.4370416667, 4.6142643333, 5.8727223333, 6.322153, 4.7675416667], "weather": [201.006], "mlstatic": [70.452625, 142.519111], "steamstatic": [136.0987776667, 167.204042], "media": [63.0235973333], "ttwstatic": [139.044917, 150.055792, 152.7838193333, 149.0688893333], "office": [176.5073613333], "casalemedia": [136.348833], "microsoft": [154.7141946667, 250.4175416667, 60.471611, 42.5199723333], "dw": [], "typography": [129.281889], "im-apps": [143.866667, 39.378569, 150.6534023333, 36.6647705], "52poke": [235.9480416667], "tripcdn": [53.800917], "voanews": [], "exchangerate-api": [155.810278, 144.046542], "innity": [170.4842086667], "moatads": [182.6877916667], "teads": [54.293708, 76.9451526667, 136.2603193333], "wal": [33.5641946667], "addthis": [55.256563, 65.836723], "shein": [], "udnfunlife": [37.6786806667], "nwxs8": [], "rfi": [485.9491946667, 77.067556], "btsow": [], "optimizely": [56.6070696667], "apple": [34.1693193333, 10.0211663333, 9.4921806667, 11.7454726667], "mobage": [58.574472], "addthiscdn": [65.836723], "hc-cdn": [6.697014, 7.1192636667, 12.7901246667, 12.1156523333], "go-mpulse": [], "walmartimages": [37.2863746667], "qq": [13.718403, 31.0597916667, 11.367542], "accesstrade": [37.8894026667], "line-scdn": [], "walmart": [212.128861, 36.375417], "etsy": [140.3484165, 80.7560835], "pinimg": [], "tiktok": [], "s-microsoft": [160.107986], "tesla": [5.4136526667, 13.1033336667, 31.4692223333, 26.7773196667, 9.1574726667], "office365": [150.82725, 129.3259306667], "marketo": [148.4748056667], "gree": [147.0859306667], "wenku8": [287.5963473333], "kfpromax": [151.3571253333], "appsflyer": [143.7449443333, 182.0048333333], "etsystatic": [54.1526113333, 55.6530416667], "goofy-cdn": [133.5879166667, 153.2128606667], "xhscdn": [22.5638473333, 16.980347, 17.115847, 19.6020416667, 16.7028616667, 21.3267223333, 18.443028, 16.170625], "pubmatic": [37.331514], "smartadserver": [], "360buyimg": [18.62325, 7.7999443333], "bluekai": [59.992125], "everesttech": [], "steamcommunity": [], "gtimg": [9.10125, 7.448278, 7.3670413333], "espncricinfo": []}