{"byteoversea": [272.1801253333, 267.3002083333, 254.3094166667, 285.7997083333, 301.8431116667, 297.6667636667, 274.851264, 268.4897503333, 256.1745, 261.8206253333, 274.5176253333, 346.2942086667, 327.4308886667, 253.100708, 271.3009996667, 250.9176526667, 257.2046943333, 252.1269583333], "feishu": [272.0795276667, 279.440889, 322.0574446667, 350.7460276667, 329.694917, 654.4068753333], "bangumi": [292.3540136667], "qpic": [], "hscicdn": [286.8235696667, 262.217389], "jd": [264.571334, 34.8094443333, 277.6224443333, 297.1071666667, 314.8911113333], "bahamut": [267.3002083333, 277.6224443333, 256.1745, 297.1071666667, 257.2046943333, 274.851264], "huawei": [32.7416806667, 337.5518056667], "ebay": [], "cctvpic": [257.2581806667, 287.2619583333, 324.0755976667, 262.661528, 300.8220416667], "akamaihd": [277.6224443333, 254.3094166667, 297.1071666667, 264.733889], "mzstatic": [271.548125, 254.3834026667, 319.3521666667, 409.8373193333], "amazon": [281.5299863333], "akamaized": [277.6224443333, 266.0554446667, 242.3001246667, 267.570972, 297.1071666667, 329.694917], "rubiconproject": [296.9314306667, 400.400139, 600.3309723333, 361.9641666667], "addthisedge": [], "pinterest": [], "alicdn": [385.4584173333, 249.7722916667, 318.6878473333, 275.1895696667], "pstatic": [302.1192086667, 260.3185, 331.3362085, 263.260403, 256.7735553333, 296.0137223333], "alibaba": [214.355875, 219.9009583333, 294.4539866667, 401.365417, 318.4424583333], "udn": [379.103306, 402.3843753333], "serving-sys": [277.6224443333, 297.1071666667], "fmm": [251.4402643333], "akstat": [261.6055973333], "naver": [301.4910556667, 324.147931, 256.7735553333, 381.335514], "coupang": [368.501528, 844.0497363333, 260.837972], "clmbtech": [263.1121526667, 405.5624443333, 269.5366393333, 258.2940696667, 269.0555833333, 363.6261533333, 408.6786533333], "edgekey": [272.463139], "fastclick": [300.6131666667], "adnxs": [249.906861], "adobedtm": [273.4201946667], "playstation": [398.8354446667, 405.767056], "thron": [351.3584583333], "cricbuzz": [327.8213753333, 256.1337223333], "appier": [], "avmoo": [], "ctrip": [302.0826806667, 396.0813613333, 404.7025136667], "cctv": [31.410528, 267.9186666667, 261.526153], "c-ctrip": [271.698208, 389.8517083333, 399.5968753333, 363.6729726667], "cntv": [352.5696526667, 329.3598056667, 294.9891946667], "astrill": [], "cdnpk": [], "netease": [304.9869446667], "6sc": [259.8081806667, 321.2543125, 268.549889, 294.0489723333], "ieee": [251.0298473333, 311.836625], "voachinese": [], "bbci": [], "tellme": [279.2534586667, 307.4295973333, 559.668917], "licdn": [300.1887226667, 269.6163336667], "qualtrics": [160.2144996667, 170.945125], "microad": [266.5630696667], "tiktokcdn": [], "spotxchange": [], "aliexpress": [441.56482], "ibytedtos": [277.6224443333, 297.1071666667], "bbc": [], "tiktokv": [], "cdn-apple": [301.397639], "weather": [267.2540423333], "mlstatic": [277.6224443333, 297.1071666667], "steamstatic": [277.6224443333, 297.1071666667], "media": [254.5438756667], "ttwstatic": [332.524139, 265.136889, 257.2046943333, 292.2579033333], "office": [274.7893613333], "casalemedia": [136.348833], "microsoft": [154.7141946667, 250.4175416667, 291.888014], "dw": [], "typography": [306.1236806667], "im-apps": [274.332, 261.0157916667, 442.935556, 412.6435146667], "52poke": [235.9480416667], "tripcdn": [404.7385003333], "voanews": [], "exchangerate-api": [155.810278, 144.046542], "innity": [326.8133473333], "moatads": [304.6372226667], "teads": [386.5207083333, 242.5352363333, 331.1517503333], "wal": [], "addthis": [321.5837223333], "shein": [], "udnfunlife": [262.4689726667, 284.9171803333], "nwxs8": [], "rfi": [], "btsow": [], "optimizely": [404.147917], "apple": [271.548125, 34.1693193333, 382.974417], "mobage": [], "addthiscdn": [256.667056], "hc-cdn": [390.9132916667, 400.4540836667], "go-mpulse": [271.194236], "walmartimages": [262.2028476667], "qq": [266.175389, 266.744903], "accesstrade": [281.585056], "line-scdn": [], "walmart": [385.236014], "etsy": [], "pinimg": [274.4480696667], "tiktok": [], "s-microsoft": [307.0478613333], "tesla": [13.1033336667, 31.4692223333, 386.441875, 26.7773196667, 9.1574726667], "office365": [278.3021393333, 278.4009306667, 312.265667, 294.3119723333, 280.6556946667, 279.7052503333, 291.1589173333], "marketo": [396.9026946667], "gree": [321.0563886667], "wenku8": [287.5963473333], "kfpromax": [151.3571253333], "appsflyer": [149.529153, 131.5761386667], "etsystatic": [277.6224443333, 297.1071666667], "goofy-cdn": [277.6224443333, 297.1071666667], "xhscdn": [277.6224443333, 297.1071666667], "pubmatic": [291.1165556667], "smartadserver": [], "360buyimg": [], "bluekai": [441.5606803333], "everesttech": [], "steamcommunity": [], "gtimg": [287.806292], "espncricinfo": []}