{"kukuc": [341.0426943333], "j-cdn": [124.9141666667], "sex": [], "xnxx-cdn": [147.7929026667, 484.0513473333, 144.5658613333, 142.184264, 147.5159726667, 145.4051663333, 161.147278], "displayvertising": [140.8643473333], "adxadserv": [158.697736, 148.8277223333, 142.2581113333, 162.970653, 155.6301113333, 171.002014], "aucdn": [148.8277223333, 142.2581113333, 162.970653, 155.6301113333, 171.002014, 149.718111], "xvideos-cdn": [460.1383613333, 145.654653, 145.7124856667, 146.7724586667, 138.9629583333, 178.720403, 150.739611], "usestoryteller": [164.3038333333, 156.8172083333, 148.8277223333, 142.2581113333, 162.970653, 155.6301113333, 171.002014, 149.718111, 184.780187, 144.5702363333], "realsrv": [164.3038333333, 155.6301113333, 145.4263753333, 149.718111, 184.780187, 144.5702363333], "javhdhello": [158.697736, 162.970653, 155.6301113333, 145.4263753333, 171.002014, 144.5702363333], "javhd": [164.3038333333, 156.8172083333, 158.697736, 148.8277223333, 142.2581113333, 162.970653], "afcdn": [164.3038333333, 142.2581113333, 162.970653, 155.6301113333, 145.4263753333, 149.718111], "adsessionserv": [154.823639], "exosrv": [164.3038333333, 158.697736, 142.2581113333, 155.6301113333, 145.4263753333, 184.780187], "yingshengyl": [164.3038333333, 156.8172083333, 148.8277223333, 162.970653, 149.718111, 144.5702363333], "cdnjav": [158.697736, 142.2581113333, 155.6301113333, 145.4263753333, 171.002014, 184.780187]}