{"kukuc": [], "j-cdn": [135.663403], "sex": [], "xnxx-cdn": [1.2691393333, 136.235917, 139.5114306667, 72.1525625, 196.017, 142.105917, 71.4949306667, 176.8624443333, 134.5812366667], "displayvertising": [1.2691393333], "adxadserv": [1.2691393333], "aucdn": [139.9214583333, 71.6175556667, 62.670736], "xvideos-cdn": [1.2691393333, 142.105917, 136.235917, 139.5114306667, 134.0705, 140.8971806667, 66.0422916667, 72.1525625, 66.299389], "usestoryteller": [138.153083, 153.9473336667, 138.2772363333, 62.670736], "realsrv": [1.2691393333], "javhdhello": [71.6175556667, 62.670736, 138.153083], "javhd": [], "afcdn": [1.2691393333], "adsessionserv": [1.2691393333], "exosrv": [1.2691393333], "yingshengyl": [139.9214583333, 153.9473336667, 138.2772363333], "cdnjav": [1.2691393333]}