{"kukuc": [341.0426943333], "j-cdn": [235.1411113333], "sex": [], "xnxx-cdn": [334.8884166667, 329.2224166667, 373.3598193333, 352.5133336667, 415.451, 385.6222783333, 330.2540416667, 409.914084, 387.158278, 361.4396253333], "displayvertising": [140.8643473333], "adxadserv": [], "aucdn": [366.444014, 363.1957503333], "xvideos-cdn": [329.2224166667, 334.8884166667, 329.105764, 339.1531666667, 373.3598193333, 415.451, 386.6308616667, 357.8380836667, 409.914084, 387.158278], "usestoryteller": [363.1957503333, 323.186875, 408.846292], "realsrv": [366.444014, 379.6379723333], "javhdhello": [218.2224583333, 245.814542], "javhd": [], "afcdn": [366.444014, 379.6379723333], "adsessionserv": [], "exosrv": [363.1957503333, 408.846292], "yingshengyl": [363.1957503333, 408.846292], "cdnjav": [223.7654166667, 245.814542]}