{"kukuc": [341.0426943333], "j-cdn": [361.651625], "sex": [], "xnxx-cdn": [198.6925, 203.3972086667, 182.4216386667, 184.3231393333, 223.7990693333, 241.2148616667, 192.6692503333, 238.8656806667], "displayvertising": [140.8643473333], "adxadserv": [209.0530205, 188.8253476667, 202.561445, 186.693528], "aucdn": [209.1157776667, 187.1065136667, 188.8253476667, 223.7251113333, 243.5217223333], "xvideos-cdn": [198.6925, 209.392736, 278.7795625, 184.3231393333, 181.1219026667, 186.5617083333, 273.3232363333, 213.16482], "usestoryteller": [680.821278, 375.1069586667], "realsrv": [209.1157776667, 187.1065136667, 209.0530205, 223.7251113333, 188.8253476667], "javhdhello": [187.1065136667, 209.0530205, 202.561445, 213.551403, 243.5217223333], "javhd": [], "afcdn": [187.1065136667, 209.0530205, 223.7251113333, 187.789139, 213.551403], "adsessionserv": [361.651625], "exosrv": [], "yingshengyl": [209.1157776667, 187.1065136667, 209.0530205, 223.7251113333, 213.551403], "cdnjav": [187.1065136667, 202.561445, 213.551403, 243.5217223333]}