{"kukuc": [341.0426943333], "j-cdn": [156.0309723333], "sex": [], "xnxx-cdn": [323.148181, 275.9602223333, 292.4176946667, 275.5486943333], "displayvertising": [140.8643473333], "adxadserv": [284.8671386667, 418.6431946667], "aucdn": [284.8671386667, 418.6431946667], "xvideos-cdn": [280.8092363333, 323.148181, 292.2045693333, 288.7465836667], "usestoryteller": [282.8064163333, 302.1158333333, 284.8671386667, 418.6431946667], "realsrv": [282.8064163333, 418.6431946667], "javhdhello": [209.1157776667, 187.1065136667, 209.0530205, 202.561445, 213.551403], "javhd": [], "afcdn": [282.8064163333, 418.6431946667], "adsessionserv": [292.5776113333], "exosrv": [282.8064163333, 418.6431946667], "yingshengyl": [302.1158333333, 284.8671386667], "cdnjav": [284.8671386667, 418.6431946667]}