{"kukuc": [341.0426943333], "j-cdn": [217.317986], "sex": [], "xnxx-cdn": [224.920528, 199.527389, 218.2840276667, 235.1295563333], "displayvertising": [1.2691393333], "adxadserv": [266.1302363333, 217.9708886667, 218.3514166667, 266.189111, 196.3665003333], "aucdn": [237.2373613333, 218.3514166667, 266.189111, 220.9519166667, 231.9484026667], "xvideos-cdn": [214.6567916667, 218.2840276667, 233.5665416667, 235.1295563333], "usestoryteller": [178.4972363333, 266.1302363333, 199.6762083333, 237.2373613333, 217.9708886667, 218.3514166667, 266.189111, 196.3665003333, 231.9484026667], "realsrv": [266.1302363333, 199.6762083333, 237.2373613333, 218.3514166667, 196.3665003333], "javhdhello": [199.6762083333, 237.2373613333, 218.3514166667, 220.9519166667, 231.9484026667], "javhd": [], "afcdn": [1.2691393333], "adsessionserv": [1.2691393333], "exosrv": [1.2691393333], "yingshengyl": [178.4972363333, 199.6762083333, 237.2373613333, 220.9519166667, 231.9484026667], "cdnjav": [199.6762083333, 237.2373613333, 218.3514166667, 220.9519166667, 231.9484026667]}