{"juicyads": [73.1999723333, 64.4534303333, 65.914347, 71.0676806667], "adsrvr": [90.1041875], "limestart": [70.078847, 74.1547086667, 69.8249306667, 74.5279723333], "stripe": [69.187903, 71.606208, 159.8411523333, 81.7031246667, 70.266514, 65.8401113333, 179.841861], "intercomassets": [172.296111, 155.469875, 186.4961393333, 146.7641465], "saasexch": [159.5837363333, 71.4377783333, 469.8428613333, 71.8563056667], "geoedge": [71.860861, 70.2148193333, 469.8428613333, 153.409347], "mozilla": [71.481861, 69.716292, 71.3713613333, 72.3175276667], "trackingplan": [68.980736, 69.334445, 68.1264026667, 74.5279723333], "intercomcdn": [69.8773193333, 146.1856806667], "microad": [69.9588886667, 68.5515276667, 80.1922363333, 69.4284306667], "pbgrd": [912.3461253333, 157.3354303333, 160.599097, 632.822626], "amazon-adsystem": [66.6496386667], "ctfassets": [140.6932083333, 149.7190696667, 69.2503545, 141.7182916667], "dotmetrics": [210.7105693333, 211.126944, 233.3008753333, 233.0113613333], "yjtag": [67.6727496667, 77.042403, 71.2509583333, 73.8580973333], "nyu": [], "tradingview": [], "binance": [], "scupio": [60.9119303333, 157.365028, 154.5569166667], "i-mobile": [68.980736, 70.044417, 171.811111, 184.0131253333, 69.6588333333, 71.25625, 77.2171665, 170.433521, 73.4643196667, 69.003847, 71.282597, 67.8114446667, 69.7780556667, 76.4277085, 180.6662916667, 67.862528, 73.4436523333, 74.8173886667, 67.764875], "ladsp": [138.2080836667], "geetest": [69.4429166667, 70.908472, 68.6862776667, 70.8759443333], "auth0": [164.6962783333], "arxiv": [168.3744586667, 58.3493473333, 148.9301253333], "atl-paas": [143.803431, 154.2357916667, 418.767681, 161.2389163333], "segment": [163.500361], "chatplus": [156.725625, 156.8580416667, 158.2686806667], "coinmarketcap": [], "cloudimg": [132.0459375, 139.988708, 160.9195556667, 136.1612776667], "intergient": [146.7766113333, 135.3259166667, 61.3878473333, 139.137792], "tiqcdn": [72.972264, 154.0474583333, 158.7461663333, 148.112389], "bttimg": [164.8269306667, 148.7297776667, 146.710986, 159.932667], "dwin1": [], "enthusiastgaming": [132.6799306667, 162.6768056667, 132.1533196667, 167.6639866667], "profitwell": [140.4962223333, 309.6305836667, 152.174722], "juicer": [142.0881803333, 150.5626253333, 141.1968616667, 153.731764], "intergi": [81.8004026667, 147.8943336667, 168.3744586667], "driftt": [157.456667, 165.7239795, 178.7691943333, 180.6662916667], "builder": [151.6888193333, 418.767681], "bnbstatic": [161.4468753333, 164.400014, 165.0903196667, 140.6932083333, 139.137792, 71.324438, 158.1233193333], "adsafeprotected": [149.6397503333, 149.1508613333, 151.379, 135.8631946667, 160.911688, 154.1105693333, 87.8931455, 155.6862223333], "dc-tag": [190.23625, 172.048194, 161.878431, 140.2395556667], "kaltura": [140.5668746667], "oribi": [73.801778, 156.3902496667, 143.0936393333, 185.8248893333], "mercadolibre": [164.5378333333, 172.296111, 186.4961393333, 104.9525003333, 185.7005833333, 142.2153886667, 166.4540836667], "istockphoto": []}