{"czbooks": [139.8268056667, 137.0586386667, 149.5823613333], "cookielaw": [1.2691393333], "walletlink": [134.3432913333, 156.146819], "ssm": [1.2691393333, 166.903486, 148.505389, 160.794139], "kwcdn": [156.269542, 181.583931], "cloudflareinsights": [1.2691393333], "adsco": [1.2691393333], "doppiocdn": [140.8586946667], "spankbang": [], "hellocdn1": [199.2193333333, 223.6903193333], "bscscan": [140.5798196667, 145.7270693333, 167.5169446667], "fontawesome": [149.8301393333, 160.223111, 132.1313193333, 140.9932226667, 185.124625, 146.8009996667], "taimadou": [], "nunuyy5": [180.009528, 221.152972], "getclicky": [1.2691393333], "shucdn": [223.645806, 203.628917], "xlrdr": [149.195833, 145.1336386667], "wnacg": [], "plyr": [176.2753746667, 152.5072643333], "hiccears": [], "cloudflare": [149.460792, 166.021292, 173.707945, 179.113417, 180.5394723333, 131.38325, 132.266014, 154.5416393333, 157.2809306667, 142.1532916667], "javdb007": [], "strpst": [141.9976666667, 149.4291666667], "u9a9": [224.5069586667, 203.0813196667], "onetrust": [134.8070553333, 1.2691393333, 155.4349856667], "statcounter": [1.2691393333], "ad-delivery": [1.2691393333], "id5-sync": [1.2691393333], "porndudecdn": [151.8281806667, 171.186861], "hyys": [], "aish123": [180.009528, 221.152972], "comicbox": [], "fiverr": [145.955875, 1.2691393333, 153.6043193333], "wiley": [149.1422223333, 136.0185556667], "limestart": [180.009528, 221.152972], "52poke": [180.009528, 221.152972], "dtscdn": [1.2691393333], "avple": [], "fkxl": [199.7369586667, 200.266292], "asmr": [169.1767916667], "south-plus": [], "bijibaba": [], "lengmenbook": [198.5405556667, 178.6076526667], "photos18": [200.629722, 177.02675], "colamanhua": [158.371861, 169.0088746667, 167.475583], "dintong": [174.2886946667, 154.6884446667, 146.5172223333], "missav": [], "coingecko": [], "fmkorea": [136.6322083333, 129.267792, 136.5134856667], "hellocdn2": [160.643681, 152.8060833333], "yandanshe": [148.3384023333, 152.9095283333, 174.585403], "usestoryteller": [152.6529723333, 166.903611, 158.2921116667], "jav": [], "videoplayerhub": [158.677875, 1.2691393333, 134.646403, 131.8028053333], "455": [], "moyu": [180.009528, 221.152972], "mengzhan24": [152.7455696667, 158.7464443333, 138.874333], "tribalfusion": [1.2691393333, 132.509889, 150.0097083333], "missav888": [], "javmenu": [202.9529996667, 204.347438], "dididi": [], "sijishea": [], "sockboom": [200.5970836667, 204.0113056667], "yadongkorea": [148.9660276667, 147.6055415, 173.3217363333, 150.3658196667, 166.2694726667, 159.9606113333, 141.412, 133.2963193333, 176.211153, 149.214028], "eventucker": [], "ccavbox": [156.9812913333, 151.6096806667], "quoracdn": [145.0383333333, 152.1054863333], "shireyishunjian": [], "bepis": [173.8657913333, 186.1394443333], "lrxs": [222.291472, 221.3745136667], "98avcdn": [180.009528, 221.152972], "yatv": [148.9660276667, 147.6055415, 150.3658196667, 173.3217363333, 166.2694726667, 159.9606113333, 133.2963193333, 141.412, 176.211153, 149.214028], "jsdelivr": [176.1662363333, 167.2045973333, 135.889625, 169.830945, 166.2250283333], "japaneseasmr": [179.569875, 488.830486], "streetmetrics": [203.618896, 200.7364446667], "18comic": [], "heshang123": [205.8104303333, 201.0651386667], "bgm": [455.3189306667, 168.2915003333, 170.274861], "sou-tong": [], "sosadbooks": [], "hsforms": [139.3862363333, 150.357542, 149.519722, 153.3000693333, 146.4930973333, 167.109764, 155.8834306667, 149.489306, 170.235806], "qy0": [177.784903, 130.964319, 146.5450416667], "toolmm": [180.009528, 221.152972], "xsijishe": [45.1000696667], "bestjavporn": [164.6989446667, 150.4309443333, 149.5999306667], "7mmtv": [], "hk01": [], "3dtuman": [150.5752085, 156.3129306667], "czzy01": [180.009528, 221.152972], "myhaitang": [149.2355836667, 194.2784306667, 136.603514, 205.8568476667, 166.3055556667], "jianpian": [], "qafone": [198.399778, 221.1228053333], "aralego": [1.2691393333], "altmetric": [134.5497643333, 149.864611, 199.336861, 176.376042], "gamer": [], "jmcomic1": [], "micstatic": [149.351986, 175.693417, 156.042042, 171.1665693333], "fs1": [], "sms-activate": [131.4804586667, 142.923146], "dtscout": [1.2691393333], "yhdmp": [], "xhscdn": [32.9109586667], "opensea": [], "imyyds": [], "langrenxiaoshuo": [], "smartpicrotation": [202.1783473333, 199.9953893333], "linovelib": [180.009528, 221.152972], "monsnode": [180.009528, 221.152972], "xchina": [180.009528, 221.152972], "buondua": [], "gamemale": [207.83925, 197.5600416667], "imhentai": [149.16525, 141.2067915, 177.077847], "pornbest": [180.009528, 221.152972], "wallhaven": [138.327361, 152.5964306667, 160.56225], "medium": [], "gay20": [], "patreon": [], "blackboardcdn": [155.4564856667, 152.8369166667], "amntx1": [180.009528, 221.152972], "x63a": [180.009528, 221.152972], "wuxiafm": [199.7762916667, 207.5123336667], "fuli35": [], "crowd1": [1.2691393333], "artstation": [], "diskaa": [199.729264, 174.220264], "exponential": [1.2691393333], "haitangkan": [180.009528, 221.152972], "twinrdsrv": [151.531264, 1.2691393333, 156.1999723333], "pssy": [176.6494446667, 221.1295553333], "av01": [], "discogs": [159.755097, 171.975431], "hmoe12": [221.0668056667, 222.6327223333], "javgg": [], "8se": [], "instana": [150.190014, 440.282764], "moxing": [546.7894586667, 197.488945], "javdb36": [], "supjav": [], "nexusmods": [171.1805556667, 130.476653], "faloo": [163.725653, 147.905639, 154.0005973333, 132.1786806667], "xxxvjmp": [149.195833, 145.1336386667], "fapello": [148.2694723333, 137.4020973333, 154.1380136667], "truoptik": [1.2691393333], "haitu": [153.1579306667, 158.4385, 137.7464446667], "xhua1": [], "ad": [152.6740693333, 140.0144443333, 132.4826803333], "made-in-china": [163.1983753333, 152.6917636667, 189.6950556667], "etherscan": [], "tktube": [], "4dex": [1.2691393333], "xnxx-cdn": [150.309708, 131.582736], "ktkjmp": [157.799945, 147.405597], "researchgate": [1.2691393333, 153.4913333333, 146.882375], "mgid": [1.2691393333], "openai": [134.118611, 152.6792363333, 133.4318053333, 152.492847], "hbhhslzp": [167.3698053333, 147.048486], "ptt": [], "iw01": [], "pornfhd": [168.1661943333, 155.540611], "moeli-desu": [], "xszav": [200.385389, 223.975459], "acs": [150.0754306667, 169.154153], "1777cdn": [148.6492223333, 135.5506943333], "xnxx": [180.950097], "manwa": [], "tapimg": [146.8394726667, 139.7003053333, 156.777792, 177.8273053333], "bootstrapcdn": [149.7867916667, 163.2264026667], "ccgg50": [180.009528, 221.152972], "moegirl": [510.9384026667, 196.0372083333], "jdbstatic": [180.009528, 221.152972], "sciencedirect": [148.9590136667, 138.253], "hentaigold": [180.009528, 221.152972], "xvideos98": [178.5578613333, 149.7599856667, 157.201792], "4gav": [197.686583, 203.3158333333], "51cg1": [], "1231218": [180.009528, 221.152972], "hxcy": [180.009528, 221.152972], "vimeo": [], "lengmen": [180.009528, 221.152972], "4550": [180.009528, 221.152972], "stboy": [], "gitlab": [154.6589306667], "adserve": [1.2691393333], "mvnrepository": [147.5803193333, 147.4690556667, 149.8190973333], "sehuatang": [], "51cg3": [], "theporn": [], "cableav": [], "aryion": [168.251028, 166.4517086667, 129.1833193333, 146.0699026667], "furaffinity": [137.555625, 1.2691393333, 147.7248613333, 168.2500833333], "kisscos": [], "qinav": [], "hltv": [155.404931, 159.9747083333], "urlimage": [154.3020693333, 153.0225833333], "huidating": [200.247125, 218.388292], "javhdporn": [164.892542, 157.6747776667], "snmovie": [170.734903, 157.0482366667], "javlibrary": [], "njav": [], "zztt45": [], "upwork": [152.005139, 142.1110416667], "ggsfq": [221.1404026667, 197.4274446667, 1.2691393333], "xbookcn": [], "likr": [149.5047643333, 149.032375], "hadronid": [1.2691393333], "xxxnnn": [202.322889, 221.7773056667], "ltube": [], "xvideos-cdn": [150.309708, 131.582736], "25img": [148.6492223333, 135.5506943333], "north-plus": [180.009528, 221.152972], "premint": [153.1770833333, 189.3490973333, 143.787861], "papalah": [], "golden88": [180.009528, 221.152972],