{"juicyads": [200.7379443333, 222.00482, 250.932028, 222.286111], "adsrvr": [219.8581666667], "limestart": [198.7100143333, 211.056514, 218.7521666667, 220.6669726667], "stripe": [255.163375, 280.3560003333, 228.2568333333, 250.284111, 280.7534306667], "intercomassets": [231.858472, 221.7793056667, 210.39275, 198.1071806667], "saasexch": [], "geoedge": [218.77175, 216.463861, 223.8356663333, 207.0795836667], "mozilla": [237.729389, 223.0464446667, 203.0443753333, 216.1506666667], "trackingplan": [270.1136673333, 252.384931, 261.232806, 229.367486], "intercomcdn": [203.3688196667, 230.5799303333, 222.1788056667, 199.9999723333], "microad": [206.8218606667, 205.6855556667, 215.4996526667, 211.1162506667], "pbgrd": [201.3867363333, 224.1270973333, 223.0464446667, 227.255389], "amazon-adsystem": [205.113111], "ctfassets": [198.6178753333, 200.783917, 233.1496386667, 194.660389], "dotmetrics": [], "yjtag": [201.8043616667, 199.2875136667, 199.7771943333, 240.580764], "nyu": [], "tradingview": [], "binance": [], "scupio": [202.59975, 213.8511666667, 198.4843476667], "i-mobile": [209.3386526667, 203.9500416667, 198.9887363333, 204.176695, 211.056514, 203.3975276667, 211.0918056667, 199.4997363333, 237.1689583333, 207.530722, 209.372375, 223.6291393333, 231.7061875, 216.5578335, 207.7084163333, 233.9462916667, 226.891153, 236.148917, 208.776764, 199.4478753333], "ladsp": [228.365375], "geetest": [200.7379443333, 225.927431, 220.9193333333, 240.004403], "auth0": [270.8655835], "arxiv": [224.2262083333, 239.378903, 230.5872496667, 219.589042], "atl-paas": [227.877778, 221.689896, 210.1815833333], "segment": [224.7784723333], "chatplus": [218.8890696667, 205.044375, 222.643292, 204.5388333333], "coinmarketcap": [], "cloudimg": [202.0494306667, 211.9063755, 205.0035696667, 217.4308613333], "intergient": [221.3771113333, 209.513667, 227.8635276667], "tiqcdn": [277.9219863333, 254.0108196667, 260.9321526667], "bttimg": [199.4901246667, 487.2069166667, 202.853153, 216.425028], "dwin1": [], "enthusiastgaming": [213.521167, 221.8952916667, 235.2354866667, 233.4655143333], "profitwell": [243.069556, 199.6259586667, 225.5324026667, 275.9485693333], "juicer": [226.5896806667, 269.693611, 200.853931], "intergi": [206.5382776667, 223.8890696667, 205.6829446667, 247.1841946667], "driftt": [210.5184443333, 227.1533893333, 217.256771, 202.853153], "builder": [], "bnbstatic": [226.9520276667, 220.6279866667, 263.2545276667, 225.350667, 227.5778196667, 232.6476806667, 218.3716806667, 220.7890625], "adsafeprotected": [195.0157916667, 208.8405973333, 207.4885556667, 234.0511806667, 210.338264, 194.4509166667, 218.9045833333, 232.953459], "dc-tag": [210.8972223333, 230.1947363333, 236.3362503333, 205.8950553333], "kaltura": [264.400542], "oribi": [219.476063, 201.1604166667, 202.32825, 217.305889], "mercadolibre": [256.289514, 227.8349723333, 207.9869586667, 208.9040836667, 256.103028, 226.0328893333, 228.6635215, 253.765972], "istockphoto": []}