{"czbooks": [139.8268056667, 137.0586386667, 149.5823613333], "cookielaw": [1.2691393333], "walletlink": [], "ssm": [1.2691393333], "kwcdn": [156.269542, 181.583931], "cloudflareinsights": [1.2691393333], "adsco": [], "doppiocdn": [140.8586946667], "spankbang": [], "hellocdn1": [199.2193333333, 223.6903193333], "bscscan": [140.5798196667, 145.7270693333, 167.5169446667], "fontawesome": [132.1313193333, 160.223111, 185.124625, 146.8009996667], "taimadou": [], "nunuyy5": [176.0299583333, 197.4940276667], "getclicky": [1.2691393333], "shucdn": [], "xlrdr": [1.2691393333], "wnacg": [], "plyr": [176.2753746667, 152.5072643333], "hiccears": [], "cloudflare": [149.460792, 166.021292, 173.707945, 179.113417, 180.5394723333, 131.38325, 154.5416393333, 157.2809306667], "javdb007": [], "strpst": [1.2691393333], "u9a9": [224.5069586667, 203.0813196667], "onetrust": [134.8070553333, 1.2691393333, 155.4349856667], "statcounter": [1.2691393333], "ad-delivery": [1.2691393333], "id5-sync": [1.2691393333], "porndudecdn": [151.8281806667, 171.186861], "hyys": [], "aish123": [212.1071393333, 196.5804863333], "comicbox": [], "fiverr": [145.955875, 1.2691393333, 153.6043193333], "wiley": [149.1422223333, 136.0185556667], "limestart": [129.678514], "52poke": [205.8471663333, 201.8548473333], "dtscdn": [1.2691393333], "avple": [], "fkxl": [149.3285973333, 136.7699375], "asmr": [169.1767916667], "south-plus": [], "bijibaba": [], "lengmenbook": [198.5405556667, 178.6076526667], "photos18": [200.629722, 177.02675], "colamanhua": [], "dintong": [174.2886946667, 154.6884446667, 146.5172223333], "missav": [], "coingecko": [], "fmkorea": [136.6322083333, 129.267792, 136.5134856667], "hellocdn2": [160.643681, 152.8060833333], "yandanshe": [148.3384023333, 152.9095283333, 174.585403], "usestoryteller": [152.6529723333, 166.903611, 158.2921116667], "jav": [], "videoplayerhub": [1.2691393333], "455": [], "moyu": [203.3843333333, 195.1489996667], "mengzhan24": [152.7455696667, 158.7464443333, 138.874333], "tribalfusion": [1.2691393333], "missav888": [], "javmenu": [202.9529996667, 204.347438], "dididi": [], "sijishea": [], "sockboom": [200.5970836667, 204.0113056667], "yadongkorea": [], "eventucker": [1.2691393333], "ccavbox": [], "quoracdn": [145.0383333333, 152.1054863333], "shireyishunjian": [], "bepis": [], "lrxs": [222.291472, 221.3745136667], "98avcdn": [177.3488336667, 202.402806], "yatv": [148.9660276667, 173.3217363333, 150.3658196667, 147.6055415, 166.2694726667, 159.9606113333, 133.2963193333, 141.412, 176.211153, 149.214028], "jsdelivr": [176.1662363333, 169.830945, 167.2045973333, 135.889625, 166.2250283333], "japaneseasmr": [179.569875, 488.830486], "streetmetrics": [1.2691393333], "18comic": [], "heshang123": [205.8104303333, 201.0651386667], "bgm": [455.3189306667, 168.2915003333, 170.274861], "sou-tong": [], "sosadbooks": [], "hsforms": [139.3862363333, 150.357542, 149.519722, 153.3000693333, 146.4930973333, 167.109764, 155.8834306667, 149.489306, 170.235806], "qy0": [177.784903, 130.964319, 146.5450416667], "toolmm": [179.1788616667, 220.8516666667], "xsijishe": [], "bestjavporn": [1.2691393333], "7mmtv": [], "hk01": [], "3dtuman": [150.5752085, 156.3129306667], "czzy01": [201.0721946667, 221.5467086667], "myhaitang": [149.2355836667, 194.2784306667, 136.603514, 205.8568476667, 166.3055556667], "jianpian": [1.2691393333], "qafone": [], "aralego": [1.2691393333], "altmetric": [134.5497643333, 149.864611, 176.376042], "gamer": [], "jmcomic1": [], "micstatic": [149.351986, 175.693417, 156.042042, 171.1665693333], "fs1": [], "sms-activate": [131.4804586667, 142.923146], "dtscout": [1.2691393333], "yhdmp": [], "xhscdn": [163.014903], "opensea": [], "imyyds": [], "langrenxiaoshuo": [], "smartpicrotation": [202.1783473333, 199.9953893333], "linovelib": [218.4660833333, 198.2489443333], "monsnode": [226.5493336667, 178.972459], "xchina": [200.583611, 195.9677916667, 194.9345696667], "buondua": [], "gamemale": [207.83925, 197.5600416667], "imhentai": [1.2691393333], "pornbest": [202.5326253333, 180.867597], "wallhaven": [138.327361, 152.5964306667, 160.56225], "medium": [], "gay20": [], "patreon": [], "blackboardcdn": [155.4564856667, 152.8369166667], "amntx1": [1.2691393333], "x63a": [218.4329586667, 177.7274166667], "wuxiafm": [199.7762916667, 207.5123336667], "fuli35": [], "crowd1": [], "artstation": [], "diskaa": [199.729264, 174.220264], "exponential": [1.2691393333], "haitangkan": [], "twinrdsrv": [1.2691393333], "pssy": [], "av01": [], "discogs": [159.755097, 171.975431], "hmoe12": [221.0668056667, 222.6327223333], "javgg": [], "8se": [], "instana": [150.190014, 440.282764], "moxing": [197.488945, 546.7894586667], "javdb36": [], "supjav": [], "nexusmods": [171.1805556667, 130.476653], "faloo": [163.725653, 1.2691393333, 154.0005973333], "xxxvjmp": [1.2691393333], "fapello": [1.2691393333], "truoptik": [1.2691393333], "haitu": [137.7464446667, 158.4385, 153.1579306667], "xhua1": [], "ad": [1.2691393333], "made-in-china": [163.1983753333, 152.6917636667], "etherscan": [1.2691393333], "tktube": [], "4dex": [1.2691393333], "xnxx-cdn": [1.2691393333], "ktkjmp": [], "researchgate": [1.2691393333], "mgid": [1.2691393333], "openai": [134.118611, 133.4318053333], "hbhhslzp": [167.3698053333, 147.048486], "ptt": [], "iw01": [], "pornfhd": [168.1661943333, 155.540611], "moeli-desu": [], "xszav": [200.385389, 223.975459], "acs": [150.0754306667, 169.154153], "1777cdn": [], "xnxx": [180.950097], "manwa": [], "tapimg": [146.8394726667, 139.7003053333, 156.777792, 177.8273053333], "bootstrapcdn": [149.7867916667, 163.2264026667], "ccgg50": [], "moegirl": [], "jdbstatic": [205.100028, 201.0168053333], "sciencedirect": [148.9590136667, 138.253], "hentaigold": [1.2691393333], "xvideos98": [1.2691393333], "4gav": [], "51cg1": [], "1231218": [203.909028, 197.7589723333], "hxcy": [198.0413746667, 194.6935416667], "vimeo": [], "lengmen": [173.9985276667, 224.797431], "4550": [195.300292, 174.2891113333], "stboy": [], "gitlab": [154.6589306667], "adserve": [], "mvnrepository": [147.5803193333, 147.4690556667, 149.8190973333], "sehuatang": [], "51cg3": [], "theporn": [], "cableav": [], "aryion": [166.4517086667, 146.0699026667], "furaffinity": [137.555625, 1.2691393333, 147.7248613333, 168.2500833333], "kisscos": [], "qinav": [], "hltv": [155.404931, 159.9747083333], "urlimage": [154.3020693333, 153.0225833333], "huidating": [200.247125, 218.388292], "javhdporn": [1.2691393333, 164.892542, 157.6747776667], "snmovie": [170.734903, 157.0482366667], "javlibrary": [], "njav": [], "zztt45": [], "upwork": [152.005139, 142.1110416667], "ggsfq": [221.1404026667, 197.4274446667], "xbookcn": [], "likr": [1.2691393333], "hadronid": [1.2691393333], "xxxnnn": [202.322889, 221.7773056667], "ltube": [], "xvideos-cdn": [150.309708, 131.582736], "25img": [148.6492223333, 135.5506943333], "north-plus": [221.0350416667, 174.5535556667], "premint": [153.1770833333, 189.3490973333, 143.787861], "papalah": [], "golden88": [224.3273613333, 198.883514], "loli": [137.3321526667, 138.786014, 151.676264], "superad": [1.2691393333], "googleusaanalytics": [199.377611, 535.1592503333], "ozon": [140.2325553333, 131.589639], "javbus": [], "bt4g": [], "xiaohongshu": [149.5032776667], "jieav": [], "addtoany": [1.2691393333], "agemys": [136.7971943333, 139.266375], "sjsss": [180.3656533333, 202.5667913333], "manwa2": [180.054778, 177.1489166667], "mitecdn": [137.2478886667, 162.8511946667, 164.864514], "leetcode": [159.4731943333, 175.57525], "v2ex": [], "tasexy": [], "shenyekanshu": [], "yazhouse8": [], "crazyegg": [1.2691393333], "thumbsnap": [147.2407496667, 164.445875], "1point3acres": [169.341264, 166.615403, 158.0261806667], "onesignal": [151.3718056667, 153.381222], "tapioni": [], "tokyo-motion": [130.4605556667, 157.4744306667], "xlviirdr": [1.2691393333], "theporndude": [], "ddxs": [203.6515416667, 200.6312223333, 221.4041943333, 178.152875], "zztt46": [], "longmabook": [],