{"juicyads": [1.2691393333], "adsrvr": [1.2691393333], "limestart": [], "stripe": [143.998229], "intercomassets": [], "saasexch": [235.0062363333, 243.909125, 244.412111], "geoedge": [1.2691393333], "mozilla": [200.5706666667, 194.4499023333, 211.2609866667, 198.536556], "trackingplan": [314.9090696667, 253.023167, 315.597097, 323.879313], "intercomcdn": [245.3378613333, 245.7751666667, 281.1674583333, 264.970903], "microad": [1.2691393333], "pbgrd": [1.2691393333], "amazon-adsystem": [1.2691393333], "ctfassets": [274.9035416667, 272.1573333333, 236.3810833333, 275.3598613333], "dotmetrics": [1.2691393333], "yjtag": [1.2691393333], "nyu": [], "tradingview": [], "binance": [], "scupio": [1.2691393333], "i-mobile": [1.2691393333], "ladsp": [1.2691393333], "geetest": [194.7290973333, 190.8728883333, 193.9235553333, 191.042042], "auth0": [303.0275], "arxiv": [225.854014, 202.685389, 214.060653, 199.9321943333], "atl-paas": [236.2619586667, 255.6892783333, 245.7120693333, 233.2733756667, 232.635, 287.4198545, 268.8324446667], "segment": [], "chatplus": [302.9317083333, 259.154514, 252.2508893333, 318.583209], "coinmarketcap": [], "cloudimg": [199.800167, 232.2142223333, 200.510611, 198.0419163333], "intergient": [1.2691393333], "tiqcdn": [1.2691393333], "bttimg": [255.428653, 199.5040556667, 204.716931, 206.5738753333], "dwin1": [1.2691393333], "enthusiastgaming": [193.2894166667, 189.1266113333, 226.3639723333, 198.2619863333], "profitwell": [266.515542, 264.877514, 237.010917, 274.5039586667], "juicer": [1.2691393333], "intergi": [1.2691393333], "driftt": [], "builder": [250.840903, 283.3859863333, 305.6524446667], "bnbstatic": [255.3758196667, 515.766389, 239.515181, 241.0131253333, 241.588042, 271.2354443333, 258.74575, 250.0144446667], "adsafeprotected": [1.2691393333], "dc-tag": [1.2691393333], "kaltura": [], "oribi": [1.2691393333], "mercadolibre": [268.8588613333, 242.0727506667, 269.4313886667, 272.8338476667, 269.7260556667, 250.216875, 245.0214163333, 269.4789866667], "istockphoto": []}