{"juicyads": [151.618861, 135.187014, 165.761625, 153.1408893333], "adsrvr": [153.1525556667], "limestart": [12.7537503333], "stripe": [185.722014, 499.2898056667, 155.068597, 175.096264, 59.4105003333], "intercomassets": [149.2027636667, 129.9559583333, 171.0034583333, 153.8366386667], "saasexch": [1.2691393333], "geoedge": [170.1688333333, 155.673778, 174.0631806667, 137.451611], "mozilla": [168.343084, 169.1150416667, 162.7141253333, 167.8677363333], "trackingplan": [133.5139723333, 166.2024443333, 137.451611, 143.2732643333], "intercomcdn": [167.1098056667, 153.1970416667, 153.128028, 131.6706806667], "microad": [495.6975553333, 132.2821946667, 171.829139], "pbgrd": [131.420278, 139.7954863333, 150.250875, 168.9487226667], "amazon-adsystem": [166.702931], "ctfassets": [167.256111, 155.673778, 158.6452223333, 150.0794026667], "dotmetrics": [164.7228473333, 160.261889, 154.0434586667, 155.934722], "yjtag": [135.3411533333, 165.1732363333, 172.8352366667, 168.5357916667], "nyu": [], "tradingview": [], "binance": [1.2691393333], "scupio": [128.526097, 134.5119723333, 157.9783196667, 164.422139], "i-mobile": [135.2539583333, 164.422139, 495.6975553333, 157.3905276667, 170.4364723333, 160.1090693333, 167.256111, 153.798361, 135.9736946667, 165.509861, 153.475014, 153.0330696667, 159.682764, 130.8250556667, 147.3955973333, 168.2330696667, 138.5995556667, 134.4474866667, 160.738486, 143.5279163333], "ladsp": [146.3643336667], "geetest": [12.499972, 10.8090693333, 11.4510836667, 10.4032643333, 11.871653, 11.5400836667, 12.0324583333, 11.946389], "auth0": [153.11975], "arxiv": [135.729542, 167.5327776667, 133.2643746667, 141.017348], "atl-paas": [163.8520556667, 131.6547083333, 134.479861, 152.5414723333, 132.1744443333, 162.482139, 173.3292295, 754.4121673333], "segment": [152.547236], "chatplus": [143.0309586667, 138.8367776667, 147.581778], "coinmarketcap": [179.3298753333, 167.8925833333, 165.1732363333, 169.1150416667, 130.5574723333, 168.5357916667, 151.62025, 135.1286526667], "cloudimg": [187.678875, 144.668236, 163.560833, 155.4339306667], "intergient": [148.6698473333, 150.8834726667, 175.632521, 176.4168893333], "tiqcdn": [158.620139, 158.9360693333, 172.172486, 185.371847], "bttimg": [153.2902086667, 157.8549723333, 154.3211946667, 179.2474163333], "dwin1": [], "enthusiastgaming": [152.826764, 136.3639306667, 153.128028, 155.260278], "profitwell": [150.4517356667, 144.716542, 143.0480976667, 155.2426526667], "juicer": [139.656903, 151.284917, 149.5624586667, 130.320639], "intergi": [145.9860276667, 129.9081533333, 151.4898056667, 169.786514], "driftt": [154.673903, 146.6454446667, 188.9101806667, 153.0424586667], "builder": [160.738486, 164.7228473333, 165.8289583333, 150.434278], "bnbstatic": [1.2691393333, 170.4897503333, 171.905611, 164.422139, 175.632521], "adsafeprotected": [149.5624586667, 151.8895835, 155.934722, 167.3456666667, 129.4560693333, 174.0631806667, 148.6698473333, 166.893028], "dc-tag": [151.618861, 134.4609726667, 167.1098056667, 128.595764], "kaltura": [137.5140696667], "oribi": [138.6266526667, 138.057653, 139.0161946667, 165.7773193333], "mercadolibre": [169.205778, 159.85575, 138.5995556667, 159.7821806667, 135.3411533333, 150.281944, 150.8834726667, 162.2226803333], "istockphoto": []}