{"twimg": [277.557347], "hkjc": [289.643653], "bizibly": [134.5401806667], "msecnd": [], "dribbble": [262.4419723333, 128.624528], "twitter": [], "paypal-mktg": [207.6204306667, 200.0085833333], "udn": [148.825], "paypal": [223.445153, 242.6781943333], "bizible": [], "securedataimages": [144.8325833333], "zaobao": []}