{"imgur": [], "pinterest": [], "stripe": [69.187903, 71.606208, 159.8411523333, 81.7031246667, 70.266514, 65.8401113333, 179.841861], "githubusercontent": [48.1826386667, 67.2063746667, 139.0215693333, 140.5748333333], "guim": [291.0308056667], "w-x": [99.0219166667], "reddit": [], "vimeocdn": [100.524236], "redd": [], "githubassets": [68.4856803333, 60.8733613333, 55.4108333333, 52.3456666667], "ads-twitter": [91.0267083333], "contentful": [189.2402226667], "pantheonsite": [76.9136665], "guimcode": [291.0308056667], "jsdelivr": [187.496861], "github": [67.9079026667, 189.7952773333, 145.4170833333, 134.2272496667], "focas": [182.012139], "gitlab-static": [142.857931, 137.7656946667, 135.9577226667, 67.7510276667], "pytorch": [67.9079026667, 145.4170833333, 134.2272496667], "adnxs": [301.394653], "imgix": [182.5430136667], "redditmedia": [], "mercari": [], "webcontentassessor": [192.6324306667], "etsystatic": [324.525236, 302.838458], "polyfill": [103.649028], "walmartimages": [97.415264], "stackoverflow": [184.1143473333, 138.7229446667, 67.8520416667], "guardianapis": [291.0308056667], "gitlab": [142.857931, 137.7656946667, 135.9577226667, 67.7510276667], "ketchcdn": [227.0028053333], "swiftypecdn": [186.7420696667], "taboola": [187.7688883333], "bbc": [], "ispot": [227.0028053333], "twimg": [41.4619023333], "chartbeat": [97.5897223333], "theguardian": [], "etsy": [], "everesttech": [189.2402226667], "guardianapps": [291.0308056667], "newrelic": [239.4385836667], "mercdn": [], "ketchjs": [239.4385836667], "weatherfx": [239.4385836667], "sstatic": [184.1143473333, 138.7229446667, 67.8520416667], "pinimg": [288.066042]}