{"imgur": [190.534], "pinterest": [], "stripe": [185.722014, 499.2898056667, 155.068597, 175.096264, 59.4105003333], "githubusercontent": [1.2691393333, 67.2063746667, 140.5748333333, 48.1826386667, 139.0215693333], "guim": [179.9166803333], "w-x": [397.425042], "reddit": [74.1839723333, 54.286778], "vimeocdn": [67.312514], "redd": [54.286778], "githubassets": [68.4856803333, 60.8733613333, 55.4108333333, 52.3456666667], "ads-twitter": [135.4227363333], "contentful": [179.5416393333], "pantheonsite": [76.9136665], "guimcode": [179.9166803333], "jsdelivr": [190.442403], "github": [67.9079026667, 189.7952773333, 145.4170833333, 134.2272496667], "focas": [136.841764], "gitlab-static": [142.857931, 137.7656946667, 135.9577226667, 67.7510276667], "pytorch": [67.9079026667, 145.4170833333, 134.2272496667], "adnxs": [61.2591523333], "imgix": [136.153014, 160.8342086667], "redditmedia": [54.286778], "mercari": [178.7574583333], "webcontentassessor": [52.6197363333], "etsystatic": [54.1526113333, 55.6530416667], "polyfill": [139.0128196667], "walmartimages": [37.2863746667], "stackoverflow": [184.1143473333, 138.7229446667, 67.8520416667], "guardianapis": [], "gitlab": [142.857931, 137.7656946667, 135.9577226667, 67.7510276667], "ketchcdn": [67.019375], "swiftypecdn": [140.8323886667], "taboola": [134.407986], "bbc": [], "ispot": [67.019375], "twimg": [41.4619023333], "chartbeat": [42.916097], "theguardian": [71.304229, 142.9354863333], "etsy": [140.3484165, 80.7560835], "everesttech": [137.505889], "guardianapps": [], "newrelic": [165.6407083333], "mercdn": [68.2934723333], "ketchjs": [], "weatherfx": [165.6407083333], "sstatic": [184.1143473333, 138.7229446667, 67.8520416667], "pinimg": []}