{"googleadservices": [8.758486, 12.541778], "impact-ad": [], "nature": [68.0732083333, 34.373611, 136.1157636667, 69.568639], "sanity": [35.5626806667], "overleaf": [31.283514, 35.2815], "doubleclick": [11.659375, 9.688208, 13.3718056667, 12.8336803333, 9.157736, 8.758486, 6.895278], "google": [8.758486, 11.9949306667], "googleapis": [48.868972, 47.2325973333, 84.2843333333, 10.2225553333, 9.917361, 47.730014], "openx": [35.0190693333, 33.769833, 35.4883056667], "4dex": [30.008347], "chinatimes": [33.190528, 35.5951806667, 37.6208613333], "limestart": [12.7537503333], "sentry": [33.1882916667, 213.576653], "media": [30.410639], "rtbhouse": [33.0971666667], "kuaishou": [29.2856806667, 23.9009726667], "appier": [32.9376526667], "yumenosora": [51.7179446667], "vimeocdn": [29.3202223333], "google-analytics": [7.1995], "googlesyndication": [9.4988613333, 6.7181666667, 9.4847086667, 11.8548056667, 8.758486], "playground": [35.3843333333], "gstatic": [12.897, 10.618083], "rlcdn": [34.922639], "googleoptimize": [9.6919166667], "youtube": [], "fantia": [31.7060416667], "company-target": [32.7258196667], "creativecdn": [33.7351806667], "googletagservices": [], "chess": [32.191528], "xiaohongshu": [8.257167, 10.403861, 10.3254583333, 8.8024166667, 5.4412216667, 7.754597, 11.2923333333, 9.8425973333, 11.2008886667, 5.6034306667, 9.0389443333, 10.556083, 13.0142083333], "bugsnag": [34.1781806667], "brand-display": [32.3540693333], "dialogflow": [], "freepik": [33.2508473333], "ggpht": [], "doubleverify": [40.004889], "impactradius-event": [35.797403], "2mdn": [12.8336803333], "googleusercontent": [32.824333], "perfdrive": [], "bit": [31.2716806667, 69.1053893333], "px-cloud": [32.321153], "instana": [37.249028], "btloader": [36.38175], "tangycover": [33.0550553333], "eagle-insight": [68.0732083333, 34.373611, 69.568639], "springer": [68.0732083333, 34.373611, 35.0280833333, 136.1157636667, 69.568639], "recaptcha": [11.9949306667], "pghub": [37.0670696667], "googletagmanager": [9.446625], "dmm": [68.0732083333, 34.373611, 69.568639], "pub": [36.4876806667], "spotify": [40.4269026667], "ctnsnet": [34.6610276667], "nih": [33.142028], "springernature": [136.1157636667], "sift": [33.7126533333], "tapad": [40.5742776667], "ytimg": [], "openxcdn": [32.397389], "parastorage": [33.3702363333], "ml314": [29.5339863333]}