{"googleadservices": [1.2691393333], "impact-ad": [1.2691393333], "nature": [1.2691393333, 40.0726806667], "sanity": [35.5626806667], "overleaf": [31.283514, 35.2815], "doubleclick": [1.2691393333], "google": [1.2691393333], "googleapis": [79.0877916667, 82.0844446667, 60.1962913333, 108.8228056667, 91.219097, 61.7769863333, 111.3115136667, 77.7033886667, 78.5620556667, 79.9516253333, 87.2230836667, 59.1949306667, 90.490292, 100.0506806667, 86.6634306667], "openx": [1.2691393333, 35.4883056667, 33.769833], "4dex": [1.2691393333], "chinatimes": [33.190528, 35.5951806667], "limestart": [129.678514], "sentry": [33.1882916667, 213.576653], "media": [1.2691393333], "rtbhouse": [33.0971666667], "kuaishou": [72.2910836667], "appier": [1.2691393333], "yumenosora": [109.3390276667], "vimeocdn": [1.2691393333], "google-analytics": [1.2691393333], "googlesyndication": [1.2691393333], "playground": [1.2691393333], "gstatic": [], "rlcdn": [1.2691393333], "googleoptimize": [], "youtube": [], "fantia": [31.7060416667], "company-target": [1.2691393333], "creativecdn": [1.2691393333], "googletagservices": [1.2691393333], "chess": [32.191528], "xiaohongshu": [32.9109586667], "bugsnag": [1.2691393333], "brand-display": [], "dialogflow": [], "freepik": [33.2508473333], "ggpht": [], "doubleverify": [1.2691393333], "impactradius-event": [1.2691393333], "2mdn": [1.2691393333], "googleusercontent": [32.824333], "perfdrive": [1.2691393333], "bit": [31.2716806667, 69.1053893333], "px-cloud": [32.321153], "instana": [1.2691393333], "btloader": [1.2691393333], "tangycover": [33.0550553333], "eagle-insight": [1.2691393333], "springer": [68.0732083333, 34.373611, 69.568639, 40.0726806667], "recaptcha": [], "pghub": [1.2691393333], "googletagmanager": [1.2691393333], "dmm": [68.0732083333, 34.373611, 69.568639], "pub": [36.4876806667], "spotify": [40.4269026667], "ctnsnet": [1.2691393333], "nih": [33.142028], "springernature": [40.0726806667], "sift": [1.2691393333], "tapad": [], "ytimg": [], "openxcdn": [1.2691393333], "parastorage": [299.6132503333, 241.2020143333, 268.8748616667, 522.1514166667], "ml314": [1.2691393333]}