{"googleadservices": [], "impact-ad": [], "nature": [68.0732083333, 34.373611, 69.568639], "sanity": [35.5626806667], "overleaf": [31.283514, 35.2815], "doubleclick": [], "google": [], "googleapis": [235.7127503333, 225.3207643333, 229.6718125, 229.916097, 233.680403, 240.7353473333, 231.3043056667, 217.6551666667, 231.3624303333, 315.565125, 225.8902636667, 220.395653, 223.1481943333, 222.5628613333, 218.0400005, 225.4693056667], "openx": [35.4883056667, 33.769833], "4dex": [30.008347], "chinatimes": [33.190528, 35.5951806667, 37.6208613333], "limestart": [129.678514], "sentry": [33.1882916667, 213.576653], "media": [30.410639], "rtbhouse": [], "kuaishou": [72.2910836667], "appier": [32.9376526667], "yumenosora": [226.2187776667], "vimeocdn": [29.3202223333], "google-analytics": [], "googlesyndication": [], "playground": [35.3843333333], "gstatic": [], "rlcdn": [34.922639], "googleoptimize": [], "youtube": [], "fantia": [31.7060416667], "company-target": [32.7258196667], "creativecdn": [33.7351806667], "googletagservices": [], "chess": [], "xiaohongshu": [32.9109586667], "bugsnag": [34.1781806667], "brand-display": [], "dialogflow": [], "freepik": [33.2508473333], "ggpht": [], "doubleverify": [], "impactradius-event": [35.797403], "2mdn": [], "googleusercontent": [32.824333], "perfdrive": [], "bit": [31.2716806667, 69.1053893333], "px-cloud": [32.321153], "instana": [37.249028], "btloader": [36.38175], "tangycover": [33.0550553333], "eagle-insight": [68.0732083333, 34.373611, 69.568639], "springer": [68.0732083333, 34.373611, 69.568639, 308.92075], "recaptcha": [], "pghub": [37.0670696667], "googletagmanager": [], "dmm": [68.0732083333, 34.373611, 69.568639], "pub": [36.4876806667], "spotify": [40.4269026667], "ctnsnet": [34.6610276667], "nih": [33.142028], "springernature": [308.92075], "sift": [33.7126533333], "tapad": [40.5742776667], "ytimg": [], "openxcdn": [32.397389], "parastorage": [], "ml314": [29.5339863333]}