{"jinritemai": [414.2936666667, 381.5545143333, 376.1692916667, 406.8542223333, 397.865, 400.9511526667, 393.0600143333, 388.0784863333, 389.5160973333, 407.6584026667, 457.8218753333, 407.120153, 405.413028, 416.545417, 401.923584, 426.1955416667], "alicdn": [387.3552503333, 416.084223, 405.7220556667, 391.7180003333, 308.7506526667, 338.4883613333], "aliyuncs": [376.118403, 414.5835836667, 388.0557503333, 402.069028, 355.5505973333, 361.1370556667, 412.436389, 357.1835696667], "115": [381.5545143333, 376.1692916667, 406.8542223333, 397.865, 393.0600143333, 388.0784863333, 457.8218753333, 389.5160973333, 405.413028, 416.545417, 401.923584, 426.1955416667], "taobao": [68.5264726667, 305.689875, 389.1399863333, 70.1322916667, 37.8369163333, 293.9546946667, 411.405875, 27.7437916667, 393.774681], "staticfile": [324.984903, 308.7459443333, 335.862695, 350.2310215, 336.7025, 354.3512086667, 353.402625, 338.8641666667], "bytedance": [376.118403, 393.0600143333, 405.413028, 355.5505973333, 412.436389, 401.923584, 407.6584026667, 414.5835836667, 407.120153, 361.1370556667, 406.8542223333, 357.1835696667, 414.2936666667, 376.1692916667, 402.069028, 388.0557503333, 397.865, 389.5160973333, 457.8218753333, 416.545417, 426.1955416667, 381.5545143333, 400.9511526667, 388.0784863333], "alipayobjects": [351.8712223333, 408.7592363333, 392.2777783333, 404.2195556667, 345.050625, 658.1204033333], "wpscdn": [324.984903, 308.7459443333, 335.862695, 350.2310215, 336.7025, 354.3512086667, 353.402625, 338.8641666667], "byted-static": [376.118403, 414.5835836667, 402.069028, 388.0557503333, 355.5505973333, 361.1370556667, 412.436389, 357.1835696667], "pstatp": [324.984903, 308.7459443333, 335.862695, 350.2310215, 336.7025, 354.3512086667, 353.402625, 338.8641666667], "volccdn": [324.984903, 308.7459443333, 335.862695, 350.2310215, 336.7025, 354.3512086667, 353.402625, 338.8641666667], "douyin": [], "bytescm": [324.984903, 308.7459443333, 350.2310215, 335.862695, 336.7025, 354.3512086667, 353.402625, 338.8641666667], "xpccdn": [414.2936666667, 406.8542223333, 400.9511526667, 393.0600143333, 457.8218753333, 405.413028, 407.120153, 387.8444863333, 358.5490416667, 407.6584026667], "huya": [376.118403, 405.413028, 37.071625, 401.923584, 34.364, 10.549986, 414.5835836667, 407.120153, 361.1370556667, 10.3055, 406.8542223333, 357.1835696667, 414.2936666667, 376.1692916667, 402.069028, 25.987597, 389.5160973333, 457.8218753333, 426.1955416667, 13.074014, 388.0784863333], "feishu": [414.2936666667, 376.118403, 414.5835836667, 406.8542223333, 402.069028, 388.0557503333, 400.9511526667, 393.0600143333, 457.8218753333, 405.413028, 407.120153, 355.5505973333, 361.1370556667, 412.436389, 357.1835696667, 407.6584026667], "douyinpic": [324.984903, 308.7459443333, 350.2310215, 335.862695, 336.7025, 354.3512086667, 353.402625, 338.8641666667], "yylady": [414.2936666667, 400.9511526667, 393.0600143333, 407.6584026667, 457.8218753333, 405.413028, 407.120153, 406.8542223333], "toutiaoimg": [324.984903, 308.7459443333, 350.2310215, 335.862695, 336.7025, 354.3512086667, 353.402625, 338.8641666667], "aliyun": [7.7428193333], "snssdk": [393.0600143333, 405.413028, 401.923584, 407.6584026667, 335.862695, 336.7025, 407.120153, 406.8542223333, 338.8641666667, 414.2936666667, 324.984903, 308.7459443333, 376.1692916667, 397.865, 389.5160973333, 457.8218753333, 416.545417, 426.1955416667, 381.5545143333, 350.2310215, 400.9511526667, 388.0784863333, 354.3512086667, 353.402625], "lf127": [381.5545143333, 376.1692916667, 397.865, 388.0784863333, 389.5160973333, 416.545417, 401.923584, 426.1955416667], "nowcoder": [381.5545143333, 376.1692916667, 397.865, 388.0784863333, 389.5160973333, 416.545417, 401.923584, 426.1955416667], "zijieapi": [311.8456113333, 322.3545833333, 321.5646256667, 297.573153, 297.0502363333, 301.7676526667, 297.1784723333, 303.654875], "126": [381.5545143333, 376.1692916667, 397.865, 388.0784863333, 389.5160973333, 416.545417, 401.923584, 426.1955416667], "oceanengine": [381.5545143333, 376.1692916667, 397.865, 389.5160973333, 388.0784863333, 416.545417, 401.923584, 426.1955416667], "alipay": [414.948792, 400.6758333333], "taou": [189.8449723333, 262.480667], "toutiao": [414.2936666667, 311.8456113333, 400.9511526667, 393.0600143333, 407.6584026667, 457.8218753333, 322.3545833333, 405.413028, 407.120153, 321.5646256667, 301.7676526667, 297.573153, 297.0502363333, 297.1784723333, 406.8542223333, 303.654875], "dotfashion": [170.6193335, 162.5055], "biligame": [396.481764, 411.6240003333, 421.9190003333, 388.526847, 417.8355556667, 413.7875973333, 405.2476946667, 417.1583336667, 409.0560003333, 435.3430696667, 391.5221806667, 433.1905556667, 408.8305276667], "bytegoofy": [324.984903, 308.7459443333, 335.862695, 350.2310215, 336.7025, 354.3512086667, 353.402625, 338.8641666667], "x-mol": [5.3311666667], "aliexpress": [192.48975], "acwing": [324.984903, 308.7459443333, 335.862695, 350.2310215, 336.7025, 354.3512086667, 353.402625, 338.8641666667], "163": [6.0316946667, 6.1885553333], "tanx": [31.558333], "sellersprite": [32.121236], "jandan": [299.136445, 320.388653], "alibaba": [192.48975], "bytetos": [324.984903, 308.7459443333, 335.862695, 350.2310215, 336.7025, 354.3512086667, 353.402625, 338.8641666667], "justeasy": [288.802396], "127": []}