{"jinritemai": [195.5694583333, 196.2498473333, 173.896764, 198.589167, 225.6598056667, 178.9437086667, 193.9823193333, 175.7800833333], "alicdn": [203.621764, 254.5371533333, 191.8106806667, 172.2122226667, 243.7714443333, 286.7414866667, 577.5303196667, 225.1601943333, 186.9288613333], "aliyuncs": [170.0206253333, 177.538, 222.937806, 199.5584306667, 220.0116526667, 193.8728053333, 199.9724583333, 172.469653], "115": [195.5694583333, 196.2498473333, 173.896764, 198.589167, 225.6598056667, 178.9437086667, 193.9823193333, 175.7800833333], "taobao": [32.9940693333, 1.2691393333, 206.7245833333, 177.184736, 211.177139, 43.5142363333], "staticfile": [195.5694583333, 196.2498473333, 173.896764, 198.589167, 225.6598056667, 178.9437086667, 193.9823193333, 175.7800833333], "bytedance": [195.5694583333, 196.2498473333, 173.896764, 222.937806, 198.589167, 225.6598056667, 178.9437086667, 199.9724583333, 193.9823193333, 175.7800833333], "alipayobjects": [195.222083, 217.927167], "wpscdn": [195.5694583333, 196.2498473333, 173.896764, 198.589167, 225.6598056667, 178.9437086667, 193.9823193333, 175.7800833333], "byted-static": [195.5694583333, 196.2498473333, 173.896764, 198.589167, 225.6598056667, 178.9437086667, 193.9823193333, 175.7800833333], "pstatp": [170.0206253333, 177.538, 196.2498473333, 173.896764, 195.5694583333, 222.937806, 198.589167, 199.5584306667, 225.6598056667, 220.0116526667, 193.8728053333, 178.9437086667, 199.9724583333, 193.9823193333, 175.7800833333, 172.469653], "volccdn": [170.0206253333, 177.538, 199.9724583333, 199.5584306667, 220.0116526667, 193.8728053333, 222.937806, 172.469653], "douyin": [195.5694583333, 196.2498473333, 173.896764, 198.589167, 225.6598056667, 178.9437086667, 193.9823193333, 175.7800833333], "bytescm": [170.0206253333, 199.9724583333, 177.538, 199.5584306667, 220.0116526667, 193.8728053333, 222.937806, 172.469653], "xpccdn": [170.0206253333, 199.9724583333, 177.538, 216.593736, 199.5584306667, 220.0116526667, 193.8728053333, 201.173403, 222.937806, 172.469653], "huya": [10.549986, 195.5694583333, 196.2498473333, 173.896764, 13.074014, 198.589167, 225.6598056667, 25.987597, 220.0116526667, 178.9437086667, 37.071625, 10.3055, 193.9823193333, 175.7800833333, 34.364], "feishu": [195.5694583333, 196.2498473333, 177.538, 173.896764, 170.0206253333, 199.9724583333, 198.589167, 199.5584306667, 225.6598056667, 220.0116526667, 193.8728053333, 178.9437086667, 222.937806, 193.9823193333, 175.7800833333, 172.469653], "douyinpic": [195.5694583333, 196.2498473333, 173.896764, 198.589167, 225.6598056667, 178.9437086667, 193.9823193333, 175.7800833333], "yylady": [195.5694583333, 196.2498473333, 173.896764, 198.589167, 225.6598056667, 178.9437086667, 193.9823193333, 175.7800833333], "toutiaoimg": [170.0206253333, 199.9724583333, 177.538, 199.5584306667, 220.0116526667, 193.8728053333, 222.937806, 172.469653], "aliyun": [9.8111666667], "snssdk": [177.538, 246.966792, 199.5584306667, 178.9437086667, 199.9724583333, 175.7800833333, 205.9959306667, 173.896764, 198.589167, 225.6598056667, 193.8728053333, 222.937806, 172.469653, 195.5694583333, 196.2498473333, 343.5270835, 193.9823193333, 170.0206253333, 220.0116526667], "lf127": [195.5694583333, 196.2498473333, 173.896764, 198.589167, 225.6598056667, 178.9437086667, 193.9823193333, 175.7800833333], "nowcoder": [179.9248753333], "zijieapi": [170.0206253333, 177.538, 222.937806, 199.5584306667, 220.0116526667, 193.8728053333, 199.9724583333, 172.469653], "126": [195.5694583333, 196.2498473333, 173.896764, 198.589167, 225.6598056667, 178.9437086667, 193.9823193333, 175.7800833333], "oceanengine": [195.5694583333, 196.2498473333, 173.896764, 198.589167, 225.6598056667, 178.9437086667, 193.9823193333, 175.7800833333], "alipay": [218.7325136667, 198.036944], "taou": [183.6549995, 196.471403], "toutiao": [195.5694583333, 196.2498473333, 173.896764, 198.589167, 225.6598056667, 178.9437086667, 193.9823193333, 175.7800833333], "dotfashion": [170.6193335, 162.5055], "biligame": [271.993375, 266.7729863333, 264.919403, 268.8728056667, 261.766611, 224.9896946667, 289.3051253333, 265.7855976667, 263.4214583333, 292.1922503333, 265.2747223333, 273.4233886667, 274.9779166667, 274.4768196667, 264.68025], "bytegoofy": [170.0206253333, 177.538, 199.9724583333, 199.5584306667, 220.0116526667, 193.8728053333, 222.937806, 172.469653], "x-mol": [5.3311666667], "aliexpress": [1.2691393333], "acwing": [170.0206253333, 177.538, 199.9724583333, 199.5584306667, 220.0116526667, 193.8728053333, 222.937806, 172.469653], "163": [1.2691393333], "tanx": [31.900833], "sellersprite": [32.121236], "jandan": [191.031764, 216.593736], "alibaba": [192.48975], "bytetos": [170.0206253333, 177.538, 199.9724583333, 199.5584306667, 220.0116526667, 193.8728053333, 222.937806, 172.469653], "justeasy": [184.618125, 202.6587916667, 207.480389, 593.352806, 223.8269443333, 175.4127643333, 178.5226946667, 178.880875], "127": [195.5694583333, 196.2498473333, 173.896764, 198.589167, 225.6598056667, 178.9437086667, 193.9823193333, 175.7800833333]}