{"jinritemai": [12.067792, 3.6152776667, 10.1338466667, 10.8176806667, 6.7910973333, 12.0550553333, 6.6589166667, 12.469889, 3.638778, 9.7434583333, 11.1354303333, 11.144375, 10.8356806667, 5.5128333333, 11.2001943333, 12.463986, 5.5354306667, 11.3322223333, 12.0399443333, 6.1462776667, 3.5960553333], "alicdn": [24.832486, 11.3450833333, 10.1985693333, 9.1756663333, 18.4004026667, 20.0312636667, 11.1555833333, 21.947264, 12.8605693333, 22.2258333333, 21.8006666667, 17.432875, 23.7630416667, 16.5429303333, 9.7796666667, 9.3969726667, 21.0418746667, 12.0485276667, 25.8280276667, 19.5369033333, 22.3700973333], "aliyuncs": [30.891667], "115": [11.087097, 3.6152776667, 3.638778, 9.0209586667, 5.5354306667, 9.279014, 8.837097, 5.5128333333, 9.3643196667, 9.08175, 9.6212083333, 6.7910973333, 6.1462776667, 9.140528, 3.5960553333, 6.6589166667], "taobao": [34.758028, 16.4486946667, 9.3446806667, 11.152875, 23.6599723333, 35.4620416667, 27.7286806667, 40.772264, 13.388139, 19.2007363333], "staticfile": [19.060097, 12.395611, 9.5137086667, 12.890097, 7.392722, 16.0394996667, 12.122028, 15.8076946667, 6.2185, 17.3125693333], "bytedance": [3.6152776667, 12.067792, 10.1338466667, 6.7910973333, 6.6589166667, 23.689889, 12.469889, 3.638778, 22.7954446667, 9.7434583333, 11.1354303333, 11.144375, 30.8512363333, 5.5128333333, 3.5960553333, 11.2001943333, 28.605875, 9.0620276667, 5.5354306667, 12.0399443333, 16.5699723333, 6.1462776667, 11.3904723333], "alipayobjects": [12.6887216667, 11.8374306667, 3.4762776667, 3.6233196667], "wpscdn": [8.474972, 10.5659303333, 8.5569026667, 8.7204996667, 11.5625973333, 5.4180273333, 7.8849863333, 11.6415976667, 5.5981526667, 5.6070003333], "byted-static": [12.463986, 3.6152776667, 12.469889, 9.7434583333, 11.1354303333, 11.144375, 10.1338466667, 11.3322223333, 10.8356806667, 12.0550553333, 5.5128333333, 10.8176806667, 11.2001943333, 6.1462776667, 3.5960553333, 6.6589166667], "pstatp": [25.4256943333, 29.6303056667, 30.120389, 22.008875, 22.362875, 27.9414166667, 33.3593473333, 22.350903, 19.8236246667, 22.3319856667, 15.1190836667, 30.3188333333, 30.8543606667, 27.5964303333, 21.8909863333, 23.3920003333, 27.6726113333, 23.9422086667, 21.5823196667, 25.669931, 27.5540836667, 21.7064863333, 33.6135833333, 16.2534303333], "volccdn": [19.603903, 21.6229306667, 10.399139, 23.7544443333, 9.8241943333, 7.022861, 16.2761946667, 22.4353886667], "douyin": [9.453361, 21.8485966667, 28.4180836667, 16.0297223333, 15.0635696667, 22.232792, 13.4191246667, 12.0399443333, 21.0162506667, 15.370875, 31.87875, 11.1381113333, 25.663611, 6.7910973333, 3.5960553333, 6.6589166667], "bytescm": [3.6152776667, 3.638778, 5.5354306667, 5.5128333333, 6.1462776667, 6.7910973333, 3.5960553333, 6.6589166667], "xpccdn": [9.077139, 9.161583, 9.5853473333, 11.0820833333, 13.3109863333, 11.6013333333, 8.9703886667, 9.1568196667, 10.1209443333, 8.9534723333], "huya": [9.1575973333, 7.865083, 9.0698193333, 5.4248333333, 9.0378333333, 11.4486803333, 9.1194026667, 9.234903, 5.4059166667, 8.0305276667, 11.399403, 10.3055, 9.1186943333, 8.3336806667, 9.1246393333, 7.6928333333, 13.1052776667], "feishu": [3.6152776667, 12.067792, 8.979611, 10.1338466667, 6.7910973333, 6.6589166667, 12.469889, 3.638778, 9.610028, 11.1354303333, 9.7434583333, 11.144375, 5.5128333333, 11.2001943333, 9.4560553333, 12.4397366667, 8.9950833333, 5.5354306667, 12.0399443333, 10.7080833333, 6.1462776667, 3.5960553333], "douyinpic": [3.6152776667, 27.3740836667, 5.5354306667, 28.264653, 5.5128333333, 27.6386386667, 6.1462776667, 6.6589166667], "yylady": [11.1080556667, 12.3052776667, 9.3981113333, 11.5061526667, 11.765736, 9.5671943333, 9.4929723333, 9.551375], "toutiaoimg": [21.2545973333, 26.6889303333, 26.120375, 25.454292, 23.797597, 22.008875, 23.231333, 6.7910973333, 25.6879586667, 6.6589166667, 27.5093753333, 27.3740836667, 22.3319856667, 24.2414163333, 5.5128333333, 20.283042, 21.8909863333, 32.799347, 20.8318473333, 24.073125, 21.7064863333, 22.120472, 6.1462776667, 3.5960553333], "aliyun": [8.1479583333], "snssdk": [21.6769443333, 3.6152776667, 12.446514, 14.4289726667, 10.632389, 10.4461666667, 12.409625, 10.8176806667, 9.5485696667, 6.7910973333, 6.6589166667, 12.0550553333, 11.2790553333, 12.469889, 9.476208, 3.638778, 9.610028, 10.8356806667, 8.2140973333, 5.5128333333, 16.5274443333, 9.5944443333, 9.4560553333, 10.1506116667, 9.3845973333, 14.4236526667, 12.4397366667, 29.0619583333, 28.1404166667, 11.550792, 12.987153, 12.463986, 13.3359166667, 8.3635553333, 5.5354306667, 11.1834996667, 10.2773333333, 11.3322223333, 11.9642776667, 16.6750413333, 10.968792, 13.4196803333, 6.1462776667, 3.5960553333], "lf127": [7.865083, 11.4486803333, 13.037028, 24.466125, 21.0408336667, 7.6928333333, 8.3336806667, 8.7886666667], "nowcoder": [27.8233193333], "zijieapi": [7.7623746667, 20.4073473333, 3.6152776667, 3.638778, 5.5354306667, 23.7544443333, 23.204278, 5.5128333333, 25.3779026667, 20.822792, 8.6112083333, 23.833347, 6.1462776667, 6.7910973333, 3.5960553333, 6.6589166667], "126": [24.3362636667, 11.4486803333, 8.7935276667, 21.908, 13.037028, 8.0721526667, 8.3336806667, 8.0305276667, 7.6928333333], "oceanengine": [12.469889, 3.6152776667, 3.638778, 12.067792, 5.5354306667, 9.7434583333, 11.1354303333, 11.144375, 10.1338466667, 5.5128333333, 12.0399443333, 11.2001943333, 6.1462776667, 6.7910973333, 3.5960553333, 6.6589166667], "alipay": [26.735445, 23.6033336667], "taou": [9.486208, 7.1658476667, 13.3186946667, 12.301083, 14.559389], "toutiao": [12.067792, 3.6152776667, 10.1338466667, 9.5485696667, 6.7910973333, 6.6589166667, 12.469889, 3.638778, 9.476208, 9.7434583333, 11.1354303333, 9.610028, 11.144375, 5.5128333333, 3.5960553333, 11.2001943333, 9.4560553333, 9.3845973333, 12.4397366667, 5.5354306667, 11.1834996667, 12.0399443333, 6.1462776667, 9.5944443333], "dotfashion": [6.046681, 3.9280833333, 6.303236, 3.6579163333, 6.1874446667, 4.6142643333, 5.8727223333, 4.7675416667], "biligame": [5.4412216667, 10.403861, 9.0389443333, 11.2923333333, 10.556083, 5.6034306667, 13.0142083333, 9.8425973333, 8.257167, 7.754597, 8.8024166667, 11.2008886667, 10.3254583333], "bytegoofy": [3.6152776667, 3.638778, 5.5354306667, 5.5128333333, 6.1462776667, 6.7910973333, 3.5960553333, 6.6589166667], "x-mol": [5.3311666667], "aliexpress": [13.8158333333], "acwing": [12.095875], "163": [6.0316946667, 6.1885553333], "tanx": [29.0840556667], "sellersprite": [32.121236], "jandan": [11.3125836667, 9.161583], "alibaba": [13.8158333333], "bytetos": [3.6152776667, 3.638778, 5.5354306667, 5.5128333333, 6.1462776667, 6.7910973333, 3.5960553333, 6.6589166667], "justeasy": [6.8312223333, 12.2190413333], "127": [12.3323053333, 12.6755416667, 13.5984866667, 16.6859443333, 15.4221946667, 11.4569303333, 9.61, 12.0125556667]}