{"qq": [34.7873333333, 37.9457223333, 33.213014, 293.7389303333, 35.9910973333, 320.247278, 307.3138613333, 310.8086666667, 306.466403, 306.134167, 35.9482226667, 35.223847, 343.075625, 34.131167, 36.1804723333, 325.6349583333, 308.3686113333, 322.3634446667, 312.136181, 307.766, 28.0111943333, 29.2426666667, 309.7631113333, 26.507875, 333.617667, 36.7974166667, 40.8594863333, 34.9724583333, 37.207986, 318.658625, 442.6790003333, 316.1110143333, 27.4729586667, 334.8456386667, 35.8998613333, 299.8227083333, 8.4555973333, 307.559333, 300.065014, 288.575278, 35.1623333333, 28.4849303333, 339.71475, 324.4370276667, 292.62025, 27.785222, 290.6325973333, 33.9191526667, 310.2679446667, 335.874146, 325.0603613333, 302.3115836667, 35.7254583333, 316.2374863333, 36.3556666667, 295.5857503333, 32.2336943333, 25.314444, 312.5891946667, 38.561167, 30.416931, 13.067847, 555.8527783333, 33.4792913333, 43.3950556667, 287.7432783333, 33.8161386667, 307.1660416667, 335.0862085], "idqqimg": [325.6349583333, 197.1084723333, 192.807764, 180.4638476667, 186.8143886667, 200.388097, 312.136181, 339.71475, 300.065014, 312.5891946667, 181.5977083333, 307.1660416667, 190.7842223333], "huya": [10.549986, 13.074014, 31.3148333333, 25.987597, 28.8108193333, 29.1778746667, 37.071625, 10.3055, 34.364], "eastmoney": [10.6563743333, 9.084, 322.3634446667, 310.8086666667, 324.4370276667, 325.0603613333, 310.2679446667, 14.0459166667, 442.6790003333, 343.075625, 555.8527783333, 335.0862085], "appmifile": [197.1084723333, 192.807764, 186.8143886667, 180.4638476667, 200.388097, 181.5977083333, 190.7842223333], "qidian": [42.709653, 35.7254583333, 310.2679446667, 322.3634446667, 310.8086666667, 324.4370276667, 35.6827363333, 40.8594863333, 343.075625, 442.6790003333, 325.0603613333, 555.8527783333, 335.0862085], "onezapp": [33.213014, 34.131167], "wechatpay": [325.6349583333, 300.065014, 312.136181, 339.71475, 312.5891946667, 307.1660416667], "sankuai": [107.030625, 101.358514, 220.1539306667], "pddpic": [322.3634446667, 310.8086666667, 324.4370276667, 325.0603613333, 310.2679446667, 442.6790003333, 343.075625, 555.8527783333, 335.0862085], "tencent-cloud": [192.807764, 180.4638476667, 186.8143886667, 310.8086666667, 39.9535833333, 42.5241113333, 343.075625, 190.7842223333, 322.3634446667, 27.5983056667, 442.6790003333, 33.96907, 33.2491526667, 324.4370276667, 33.281167, 335.0862085, 32.2449026667, 181.5977083333, 310.2679446667, 325.0603613333, 197.1084723333, 43.9765276667, 200.388097, 39.8545416667, 102.2916113333, 33.0066666667, 32.6575276667, 555.8527783333, 19.6915833333], "sogou": [29.5852776667, 71.6380136667, 150.4050003333], "pinduoduo": [9.4426946667, 33.724875, 12.8044443333, 33.5708193333, 14.0199026667, 9.690611, 40.020875, 11.814861, 11.793736, 11.6914163333, 12.68775, 10.8710833333, 36.3123886667, 8.175542], "meituan": [322.3634446667, 310.8086666667, 324.4370276667, 325.0603613333, 310.2679446667, 442.6790003333, 343.075625, 555.8527783333, 335.0862085], "mi-img": [325.0603613333], "sogoucdn": [343.075625, 192.807764, 180.4638476667, 322.3634446667, 200.388097, 310.8086666667, 186.8143886667, 324.4370276667, 190.7842223333, 181.5977083333, 310.2679446667, 442.6790003333, 325.0603613333, 555.8527783333, 335.0862085], "justeasy": [271.993375, 310.8086666667, 263.4214583333, 273.4233886667, 282.0410696667, 343.075625, 266.7729863333, 261.766611, 265.683986, 322.3634446667, 265.2747223333, 276.450653, 442.6790003333, 274.4768196667, 273.630889, 324.4370276667, 289.3051253333, 265.7855976667, 310.2679446667, 274.9779166667, 325.0603613333, 555.8527783333, 264.68025, 335.0862085], "douyucdn": [322.3634446667, 310.8086666667, 324.4370276667, 325.0603613333, 310.2679446667, 442.6790003333, 343.075625, 555.8527783333, 335.0862085], "tencentcs": [33.0066666667, 27.488153, 44.4197363333, 23.7575553333, 42.5241113333, 33.2491526667, 27.0415, 33.96907, 31.0397083333, 47.565236, 33.637611, 26.0898056667, 39.8545416667, 102.2916113333, 27.655778, 40.6885973333, 19.6915833333], "tencent": [31.73825, 320.247278, 31.9579996667, 27.568389, 307.3138613333, 25.009139, 29.0301245, 309.7631113333, 33.7981946667, 28.2330556667, 34.0488886667, 30.0921253333, 308.3686113333, 27.78175], "douban": [41.6609026667, 32.905222, 40.9569166667, 30.8846106667], "woa": [38.202125, 35.35, 36.8284166667], "hupu": [12.7160556667, 11.929236, 16.2999026667, 19.4682363333, 14.0373886667, 12.4805693333, 12.0155276667, 14.0314723333, 16.407972, 15.5370276667], "yangkeduo": [10.1501806667, 10.9337503333, 11.2937223333, 310.8086666667, 343.075625, 13.5631526667, 322.3634446667, 40.553639, 11.3489306667, 8.86282, 11.0288746667, 442.6790003333, 8.6602363333, 324.4370276667, 14.5878476667, 310.2679446667, 7.6336806667, 325.0603613333, 13.2740833333, 13.9976943333, 13.964347, 38.0796246667, 9.3348056667, 8.943764, 555.8527783333, 37.4621526667, 11.2007216667, 10.808583, 10.5574583333, 335.0862085], "nipic": [31.7027503333], "cdn-go": [319.4368056667, 307.4960413333, 311.8696666667, 600.9199303333, 328.377681, 283.7592083333, 288.6427503333, 297.464403], "moegirl": [11.94725, 11.521653], "myqcloud": [197.1084723333, 192.807764, 180.4638476667, 186.8143886667, 200.388097, 322.3634446667, 310.8086666667, 324.4370276667, 335.0862085, 325.0603613333, 181.5977083333, 310.2679446667, 442.6790003333, 343.075625, 555.8527783333, 190.7842223333], "leetcode": [159.4731943333, 175.57525], "qcloudimg": [322.3634446667, 310.8086666667, 324.4370276667, 325.0603613333, 310.2679446667, 442.6790003333, 343.075625, 555.8527783333, 335.0862085], "lingxing": [39.116431], "doubanio": [322.3634446667, 310.8086666667, 324.4370276667, 325.0603613333, 310.2679446667, 442.6790003333, 343.075625, 555.8527783333, 335.0862085], "gtimg": [271.993375, 270.5553753333, 320.247278, 307.3138613333, 218.457236, 263.4214583333, 282.0410696667, 273.4233886667, 343.075625, 266.7729863333, 261.766611, 265.683986, 322.3634446667, 307.766, 309.7631113333, 265.2747223333, 276.450653, 442.6790003333, 274.4768196667, 273.630889, 190.740833, 324.4370276667, 289.3051253333, 265.7855976667, 310.2679446667, 274.9779166667, 325.0603613333, 295.5857503333, 555.8527783333, 308.3686113333, 264.68025, 335.0862085], "ifeng": [133.803], "hc-cdn": [271.993375, 310.8086666667, 263.4214583333, 282.0410696667, 273.4233886667, 343.075625, 266.7729863333, 261.766611, 265.683986, 322.3634446667, 276.450653, 265.2747223333, 442.6790003333, 274.4768196667, 273.630889, 324.4370276667, 289.3051253333, 265.7855976667, 310.2679446667, 274.9779166667, 325.0603613333, 555.8527783333, 264.68025, 335.0862085], "yuewen": [35.7254583333, 40.8594863333], "dpfile": [], "huijidata": [12.8485693333], "leetcode-cn": [322.3634446667, 310.8086666667, 324.4370276667, 325.0603613333, 310.2679446667, 442.6790003333, 343.075625, 555.8527783333, 335.0862085], "qlogo": [196.4985696667, 189.2717776667, 34.0310833333, 190.69675, 193.1966806667, 72.7169443333, 69.1275833333, 37.4160693333], "hoopchina": [343.075625, 322.3634446667, 310.8086666667, 324.4370276667, 310.2679446667, 442.6790003333, 325.0603613333, 555.8527783333, 335.0862085], "wwads": [33.746597, 322.3634446667, 310.8086666667, 324.4370276667, 325.0603613333, 310.2679446667, 442.6790003333, 343.075625, 555.8527783333, 335.0862085], "hk01": [], "qpic": [325.6349583333, 300.065014, 312.136181, 339.71475, 312.5891946667, 319.4368056667, 307.4960413333, 311.8696666667, 34.277181, 34.2502916667, 600.9199303333, 328.377681, 283.7592083333, 288.6427503333, 307.1660416667, 297.464403], "bstatics": [322.3634446667, 310.8086666667, 324.4370276667, 325.0603613333, 310.2679446667, 442.6790003333, 343.075625, 555.8527783333, 335.0862085], "huijistatic": [343.075625, 322.3634446667, 310.8086666667, 324.4370276667, 310.2679446667, 442.6790003333, 325.0603613333, 555.8527783333, 335.0862085], "biligame": [322.3634446667, 310.8086666667, 324.4370276667, 325.0603613333, 310.2679446667, 442.6790003333, 343.075625, 555.8527783333, 335.0862085],