{"cdnpk": [162.394353], "teads": [164.8351346667, 163.5251556667, 163.1172053333], "clmbtech": [161.1177383333, 165.170891], "aniview": [347.3589756667], "roudoduor": [237.6676903333, 253.4269943333], "tstatic": [251.4802176667, 251.7129006667], "rubiconproject": [260.772718, 241.107868, 180.2372873333, 247.9019096667, 162.5183796667, 252.7794253333, 250.0518533333, 336.6121076667, 177.9870163333, 252.8359066667, 246.4152976667, 284.3492203333], "mzstatic": [164.701917, 249.977582], "appier": [], "addthisedge": [241.3007113333], "bukalapak": [164.6170806667, 160.7256236667], "akamaized": [162.3120256667, 242.1269573333, 68.331113, 252.3587313333, 163.1982173333, 245.3896363333, 259.897065, 254.5182683333, 250.7834073333, 163.5375616667, 241.1121046667, 240.8069116667, 249.2853786667, 257.1601143333, 242.6199646667, 164.647694], "ppgames": [250.87756, 251.5676643333], "fastclick": [160.990671], "sharethis": [163.505318, 164.7549256667], "dotomi": [256.1184753333, 255.27547, 251.5902616667], "adform": [], "ttwstatic": [255.008372, 252.7774416667, 251.3629013333, 243.6221383333], "bing": [240.9465183333, 252.304527, 255.0464886667, 241.4514853333, 248.5333083333, 251.593284, 300.441484, 237.476648, 252.8727726667], "casalemedia": [163.1500383333, 244.665882], "livechatinc": [160.9016693333, 160.626992, 163.3309886667, 253.3285576667, 255.676272, 164.9096663333, 163.0216313333, 164.983653], "slatic": [247.4808476667, 251.3195863333, 244.975704], "chimpstatic": [248.652742], "licdn": [163.5375616667, 163.3311893333], "pinimg": [259.3532113333], "im-apps": [165.3766063333, 165.1602253333, 166.3543573333, 163.7058463333], "soccerway": [163.2956976667], "sportfeeds": [252.2348103333, 242.990724], "typekit": [251.9999423333, 237.3249326667], "spotxchange": [327.313321, 344.2234676667, 328.8089146667, 250.3512533333], "bytedapm": [242.1613446667, 259.897065], "rbxcdn": [244.8256693333, 12.398126, 246.6293896667, 12.4301526667], "netcoresmartech": [251.7129006667, 243.506375], "msn": [164.955441, 164.870506, 164.624347, 162.690099, 160.6783586667, 165.3105163333, 163.6072996667, 161.1798213333, 167.1157163333, 160.9382526667], "turn": [329.5470546667, 335.7829693333], "owneriq": [160.808619], "adgrx": [163.360128], "tiktokcdn": [252.489428, 245.4845353333, 258.033339, 243.6221383333, 252.8447166667, 256.6994813333, 248.904822, 249.662818, 252.4755676667, 252.510296, 253.13799], "webtoons": [], "cloudinary": [1.3266816667, 1.2139783333], "vidiocdn": [240.880495, 249.925108, 254.0921913333, 247.1136546667, 253.259161], "weather": [165.2727766667], "media": [160.580397, 164.929573], "samsung": [250.5296883333], "tiktokv": [249.279978, 256.205199, 247.112792, 241.7552163333, 242.109532, 239.131899, 251.6208976667, 245.549585, 240.137445, 250.943564, 243.218574, 239.788766, 245.870683, 240.0822483333, 245.3444316667, 245.7812173333, 248.756401, 249.240557], "tiktok": [244.8256693333, 251.4802176667, 245.30231, 252.5790153333, 251.2743796667, 314.384695, 246.6293896667, 251.7129006667, 248.6515763333, 259.897065, 240.9391826667, 236.80334, 252.2722866667, 252.593839, 250.7202963333, 251.7749866667, 256.4104713333, 249.9695333333], "naver": [166.5758783333], "goal": [163.668216, 161.1416073333], "nflximg": [163.6135316667], "innity": [342.7341063333, 162.2699216667], "voanews": [174.2017576667, 168.6562203333], "fuseplatform": [166.479405, 165.3538553333], "outbrain": [160.5190306667], "tobsnssdk": [242.697498, 247.2473203333], "ivideosmart": [164.6024926667, 161.0442043333, 163.534949, 163.2000463333], "outbrainimg": [163.2457603333], "alicdn": [164.5543596667, 158.459959, 163.060275], "alodokter": [163.505318, 164.5520483333], "addthis": [167.7997346667], "connecto": [249.925108, 237.6676903333], "rfihub": [240.8066623333], "jasaview": [12.9065193333], "tokopedia": [166.708893], "fwmrm": [], "liputanslot": [218.7226976667, 219.4896886667, 220.6362526667, 219.460305, 218.687344, 223.1112013333, 217.059355, 219.564081, 217.1728143333, 219.6484866667, 219.033167, 220.2125883333], "byteoversea": [163.284243, 163.7574493333, 248.0966576667, 245.389579, 244.9674423333, 248.180821, 249.925108, 241.0472726667, 252.9210873333, 160.5318913333, 251.5676643333, 163.4250766667, 164.796499, 252.5790153333, 256.542119, 256.583472, 243.506375, 163.1398566667, 252.3893366667, 247.7139456667, 249.488218, 250.87756, 255.797043, 248.888871, 164.9611086667, 161.2887006667, 164.7127596667], "agoda": [161.0074276667], "go-mpulse": [163.12657, 163.5509506667], "capcut": [245.3896363333, 163.284243, 249.9695333333, 162.514028], "ibyteimg": [245.30231, 242.6199646667], "oecstatic": [251.4802176667, 248.888871], "fout": [164.766654], "adpushup": [242.414376, 241.1121046667], "supercounters": [250.9557366667], "kwai": [264.2121523333, 265.3054433333, 1.1113193333, 255.107084, 354.461092], "loginfra": [], "pstatic": [162.5142106667, 163.253133, 160.68061], "livechat": [160.9016693333, 160.626992], "byteintlapi": [161.247454, 160.7256236667], "sascdn": [165.1632853333, 169.1053166667], "postrelease": [], "tiktokcdn-us": [251.031521, 239.950884, 245.5715863333, 247.3407673333, 249.288863, 250.645331, 246.6733606667, 242.222369, 255.6810136667, 249.946028, 238.5267193333, 251.905572, 243.487333, 246.24837, 248.9801846667], "oto": [247.8688506667, 240.8282436667], "insightexpressai": [163.314576], "smartadserver": [323.7180696667, 316.5919633333, 327.0510953333, 329.8362476667, 326.8368996667, 327.9893943333, 314.731821, 327.251084, 315.865691, 331.9509416667, 325.4556393333, 314.625064], "yhgfb-static": [240.8069116667, 255.797043], "pinterest": [273.948478], "pubmatic": [163.1365386667], "mathtag": [161.01366], "site": [164.8473523333, 160.7256236667], "stickyadstv": [251.4802176667, 249.925108], "bluekai": [251.3359453333], "freepik": [162.394353], "everesttech": [], "walmart": [242.0333486667], "vidio": [251.7749866667, 249.9695333333]}