{"cdnpk": [13.1760073333], "teads": [12.8143216667, 12.6580823333, 12.8580713333, 13.2329146667], "clmbtech": [46.1038373333, 45.2825573333], "aniview": [14.248341], "roudoduor": [12.756458, 12.7651456667], "tstatic": [12.6667646667, 12.6791183333], "rubiconproject": [241.107868, 13.4138733333, 13.3267493333, 13.2949816667, 12.697026, 250.0518533333, 12.7975786667, 252.8359066667, 285.914214], "mzstatic": [12.9930396667, 12.6813223333], "appier": [], "addthisedge": [12.8540103333], "bukalapak": [13.3596133333, 13.841076], "akamaized": [12.651693, 13.1849486667, 12.6417736667, 12.850425, 12.9852116667, 13.0082223333, 13.1976243333, 13.244999, 12.7409186667, 13.166467, 13.3160416667, 13.921857, 13.510988, 12.6667646667, 14.8487026667, 12.8409, 13.0963936667], "ppgames": [13.172234, 13.9699153333], "fastclick": [13.5692306667], "sharethis": [13.2584686667, 12.9241046667], "dotomi": [13.1064163333, 13.224163, 13.585617], "adform": [], "ttwstatic": [13.8422343333, 13.5987493333, 13.6196476667], "bing": [13.4091966667, 13.5876666667], "casalemedia": [13.4609113333, 37.044641], "livechatinc": [13.4983536667, 13.0464886667, 13.4330353333, 12.6453113333], "slatic": [1.6809623333, 1.6860443333, 1.5593973333, 1.6348393333, 1.7057856667, 1.6082136667, 1.690769, 1.6096056667], "chimpstatic": [13.0426106667], "licdn": [12.7224243333, 13.6945413333], "pinimg": [12.345551], "im-apps": [12.693227, 12.7302243333, 13.0464886667, 12.8226596667], "soccerway": [13.1583303333], "sportfeeds": [13.0734006667, 12.693177], "typekit": [13.1104126667, 12.6790726667], "spotxchange": [12.809264, 12.8057003333, 12.526272, 12.413992], "bytedapm": [12.7651456667, 12.6856853333], "rbxcdn": [12.398126, 12.4301526667, 12.831475], "netcoresmartech": [13.4356366667, 13.786313], "msn": [12.858004, 12.871797, 13.0853223333], "turn": [47.9593273333], "owneriq": [13.3910613333], "adgrx": [12.686765], "tiktokcdn": [13.4830793333, 13.3968786667, 13.2375493333, 13.213357, 13.5987493333, 13.508043, 13.7776996667, 13.8422343333, 13.6196476667, 13.6878123333], "webtoons": [], "cloudinary": [1.3266816667, 1.2139783333], "vidiocdn": [13.069608, 12.6977603333, 13.3046316667, 13.1955676667, 12.710063], "weather": [13.490703], "media": [13.4353013333, 12.6552806667, 12.8591383333], "samsung": [13.3227686667], "tiktokv": [206.0061266667, 204.4247913333, 204.523946, 205.6203473333, 204.4734496667, 206.351694, 204.7622776667, 206.1561886667, 203.1892233333, 205.295138, 202.9345243333, 205.1314663333, 203.210997, 207.9337333333, 202.986522, 205.5464433333], "tiktok": [12.801564, 13.3311943333, 13.0601203333, 13.1174333333, 12.7911343333, 12.8916926667, 12.8192323333, 12.9097776667, 13.3797523333, 12.8080703333], "naver": [12.6671943333], "goal": [13.0734006667, 12.693177], "nflximg": [13.664889], "innity": [13.486201], "voanews": [13.7619333333], "fuseplatform": [13.0525533333, 13.270873], "outbrain": [13.492691], "tobsnssdk": [13.3311943333, 12.9021933333], "ivideosmart": [13.0525533333, 13.0949433333, 13.244999, 13.270873], "outbrainimg": [13.0319316667], "alicdn": [13.4186463333, 13.2561236667, 12.377818], "alodokter": [13.0500066667, 13.5289276667], "addthis": [12.8540103333], "connecto": [13.6760226667, 13.244999], "rfihub": [193.486411], "jasaview": [12.9065193333], "tokopedia": [12.7023866667], "fwmrm": [], "liputanslot": [218.7226976667, 219.4896886667, 220.6362526667, 217.059355, 219.564081, 223.1112013333, 218.687344, 219.460305, 217.1728143333, 219.6484866667, 219.033167, 220.2125883333], "byteoversea": [13.3311943333, 12.9949536667, 13.6760226667, 13.289176, 13.0540396667, 13.3870153333, 13.786313, 13.3797523333, 13.367574, 13.0963936667, 13.289154, 13.244999, 13.270873, 13.3160416667, 12.9021933333, 13.2154406667, 13.358751, 13.0968086667, 13.364077], "agoda": [13.4614523333], "go-mpulse": [13.1410063333, 13.4650716667], "capcut": [12.675666, 13.367574, 13.08522, 13.364077], "ibyteimg": [12.6791183333, 13.1807896667], "oecstatic": [12.7911156667, 12.710063], "fout": [13.873629], "adpushup": [13.0540396667, 13.0963936667], "supercounters": [250.9557366667], "kwai": [18.718445, 19.3388446667, 1.1958016667, 19.073623, 19.366266], "loginfra": [], "pstatic": [13.6760226667, 12.7726406667, 12.6840383333, 13.0963936667], "livechat": [13.0464886667, 13.4330353333], "byteintlapi": [13.3311943333, 13.3870153333], "sascdn": [13.166467, 12.6971993333], "postrelease": [], "tiktokcdn-us": [273.0590563333, 273.708667, 273.8477996667, 269.2726466667, 274.8754686667, 270.9532313333, 273.829053, 275.855193, 274.428544, 270.655028, 277.3548786667, 273.4068456667, 275.9394676667, 272.988382, 270.6830666667, 271.2191656667, 273.8942553333, 273.1458386667], "oto": [13.6760226667, 13.0525533333], "insightexpressai": [13.1777936667], "smartadserver": [], "yhgfb-static": [13.1719773333, 12.696868], "pinterest": [12.345551], "pubmatic": [12.782649], "mathtag": [13.267655], "site": [13.289176, 13.289154], "stickyadstv": [12.6881146667, 12.780887], "bluekai": [13.1277323333], "freepik": [13.1760073333], "everesttech": [], "walmart": [211.5391446667], "vidio": [12.6856853333, 12.695608]}