{"cdnpk": [344.8180026667], "teads": [339.3830413333], "clmbtech": [359.5990363333, 359.245994], "aniview": [344.5552136667], "roudoduor": [364.1624986667, 363.1537156667], "tstatic": [364.1624986667, 356.7355023333], "rubiconproject": [260.772718, 253.686477, 241.107868, 255.9358893333, 285.8599073333, 287.124693, 345.8585576667, 268.6730906667, 251.6082323333, 250.0518533333, 250.1207303333, 293.0042786667, 259.0263016667, 292.651421, 285.9260363333, 252.8359066667, 291.8443383333, 284.3492203333], "mzstatic": [351.577438, 353.930463], "appier": [], "addthisedge": [351.7564496667], "bukalapak": [354.996244, 357.9131033333, 491.9862183333, 363.1610506667], "akamaized": [354.1797596667, 352.063709, 68.331113, 354.4611066667, 362.7650723333, 356.5762663333, 358.670798, 361.4396343333, 357.7425266667, 359.698685, 357.1036993333, 353.032702, 355.2602276667, 367.1968596667, 353.684179, 357.4049846667], "ppgames": [357.431576, 364.0808946667], "fastclick": [344.753797], "sharethis": [358.7052373333, 363.9684946667], "dotomi": [191.442416, 197.3841456667, 190.4365903333], "adform": [], "ttwstatic": [366.2362076667, 358.4102556667, 353.9209666667, 359.7918946667], "bing": [364.787918, 361.7582923333], "casalemedia": [180.928639, 378.5062113333], "livechatinc": [360.687355, 491.9862183333, 358.0134356667, 363.1099663333], "slatic": [363.4309093333, 363.2630813333, 361.205078], "chimpstatic": [340.334208], "licdn": [355.2180056667, 360.7967943333], "pinimg": [361.9163116667, 368.5557653333], "im-apps": [369.7504163333, 364.2311473333], "soccerway": [347.4056963333], "sportfeeds": [360.8232353333, 357.2441316667], "typekit": [352.9253223333, 354.746947], "spotxchange": [210.677646, 221.057827, 225.825358, 214.5292103333], "bytedapm": [360.8873386667, 357.636071], "rbxcdn": [12.398126, 12.4301526667], "netcoresmartech": [357.2503966667, 361.9305006667], "msn": [349.4500236667, 359.5631266667, 360.8232353333], "turn": [251.9498596667, 239.6553146667], "owneriq": [355.0953883333], "adgrx": [345.2512096667], "tiktokcdn": [360.437402, 366.2362076667, 355.2385276667, 358.2167186667, 359.7821806667, 358.3019636667, 356.2053063333, 365.673763, 352.119576], "webtoons": [], "cloudinary": [361.760489], "vidiocdn": [361.06062, 354.318753, 363.071497, 361.660818, 358.9326506667, 357.636071], "weather": [351.8239766667], "media": [347.6684133333], "samsung": [346.8037466667], "tiktokv": [240.09554, 250.3699853333, 242.263633, 249.8275003333, 242.0787343333, 240.0822483333, 252.0331436667, 245.558673, 239.9291286667, 242.0939643333], "tiktok": [358.7672543333, 360.4948003333, 360.8939883333, 359.3256806667, 356.1252756667, 354.2372846667, 363.125502, 351.3404656667, 355.5070456667, 356.797445, 358.17969], "naver": [345.592072], "goal": [360.8232353333, 357.2441316667], "nflximg": [341.0970243333], "innity": [345.4410066667], "voanews": [349.980755], "fuseplatform": [360.8873386667, 361.9405856667], "outbrain": [346.242731], "tobsnssdk": [361.804562, 366.9516276667], "ivideosmart": [359.698685, 362.2363383333, 360.0349546667, 354.4611066667], "outbrainimg": [346.1073296667], "alicdn": [347.066571, 343.2584866667, 352.7132096667], "alodokter": [355.0025533333, 363.9684946667], "addthis": [351.7564496667], "connecto": [360.5341596667, 358.6442976667], "rfihub": [263.313934], "jasaview": [12.9065193333], "tokopedia": [348.0846316667], "fwmrm": [], "liputanslot": [218.7226976667, 219.4896886667, 220.6362526667, 217.059355, 223.1112013333, 218.687344, 219.564081, 219.460305, 217.1728143333, 220.2125883333, 219.033167, 219.6484866667], "byteoversea": [356.0968026667, 354.1797596667, 359.2120703333, 363.1099663333, 361.9405856667, 360.6423053333, 357.2441316667, 359.245994, 365.5568, 355.0025533333, 360.8873386667, 354.2372846667, 357.431576, 361.8182416667, 366.9516276667, 358.7410196667, 365.0286253333, 363.9684946667, 360.687355, 361.3592563333, 356.5227796667, 357.940712, 367.666835, 361.372359], "agoda": [346.247076], "go-mpulse": [350.713086], "capcut": [358.7052373333, 361.9305006667, 357.917967, 368.5557653333], "ibyteimg": [357.431576, 361.3592563333], "oecstatic": [367.642322, 362.600336], "fout": [344.2217963333], "adpushup": [364.0808946667, 360.6423053333], "supercounters": [250.9557366667], "kwai": [1.1113193333, 258.555965, 244.3149016667, 258.6202093333, 243.663116], "loginfra": [], "pstatic": [354.0406663333, 362.2363383333, 346.8948], "livechat": [360.687355, 358.0134356667], "byteintlapi": [366.9117643333, 357.2441316667], "sascdn": [357.431576, 361.3592563333], "postrelease": [], "tiktokcdn-us": [250.3281603333, 244.361211, 248.6756996667, 242.150879, 249.6146423333, 250.1419986667, 245.5693683333, 245.4218956667, 248.802389, 245.4000463333, 250.2001273333, 249.9209163333, 242.5497503333, 250.4618976667, 249.611747, 246.4141206667, 249.0169943333, 248.3829746667, 245.7671146667, 250.517471], "oto": [360.8873386667, 354.1797596667], "insightexpressai": [386.1266373333], "smartadserver": [255.2379736667, 236.9166813333, 240.9002763333, 256.4210673333, 252.364564, 240.229575], "yhgfb-static": [367.2583056667, 357.636071], "pinterest": [335.0555846667], "pubmatic": [346.18735], "mathtag": [346.8238546667], "site": [361.804562, 357.2441316667], "stickyadstv": [188.0018953333, 188.3008693333], "bluekai": [350.7957526667], "freepik": [344.8180026667], "everesttech": [], "walmart": [172.7398056667], "vidio": [357.431576, 361.3592563333]}