{"pingdom": [], "vidoomy": [252.0303846667, 243.703361, 248.1855863333, 243.4849156667, 270.5941993333, 263.925908, 246.5754826667, 256.5032986667, 264.8638653333, 255.3762013333, 250.6619516667, 250.7102633333, 250.872025], "instiengage": [], "kemkes": [], "netcoresmartech": [], "amazonaws": [254.8800146667, 264.88357, 261.3618066667, 262.0459506667, 257.962045, 251.8055743333, 260.7892986667, 258.113217, 14.2576226667], "w55c": [], "cardlytics": [], "ezjojoy": [], "orami": [], "insticator": [], "adroll": [], "tremorhub": [247.3212016667, 249.341526, 253.9383043333, 256.9299573333, 252.7569716667, 253.382253, 243.2202383333, 249.3800896667, 250.1959613333, 254.7997293333, 250.728262, 257.3185233333, 251.300537, 243.8560783333, 243.9072353333], "herminahospitals": [], "accesstrade": [], "krxd": [223.820933, 225.534935, 227.6954356667, 215.5232276667, 215.201261, 222.3144406667, 218.306901, 223.2334933333], "medkomtek": [], "mamikos": [], "grid": [14.9633013333, 14.459449], "creative-serving": [201.4679883333, 184.667278], "invol": [], "storygize": [], "twibbonize": [], "thebrighttag": [], "avplayer": [], "cognitivlabs": [], "halodoc": [], "klikdokter": [], "agkn": [], "yieldmo": []}