{"pingdom": [], "vidoomy": [252.0303846667, 243.4849156667, 248.1855863333, 260.9654936667, 266.7697996667, 256.5032986667, 264.8638653333, 258.8108313333, 250.6619516667, 255.666816, 246.5754826667], "instiengage": [], "kemkes": [], "netcoresmartech": [], "amazonaws": [257.6846476667, 260.3801333333, 260.0456283333, 14.4588323333, 264.3924293333, 263.3342816667, 262.8975223333, 263.739728, 259.4242206667], "w55c": [], "cardlytics": [], "ezjojoy": [], "orami": [], "insticator": [], "adroll": [], "tremorhub": [246.572898, 250.1741393333, 252.5645206667, 245.1151566667, 247.3212016667, 249.3465823333, 252.7569716667, 249.7080733333, 255.2837216667, 253.3838016667, 250.1959613333, 250.728262, 243.8560783333, 251.742148], "herminahospitals": [], "accesstrade": [], "krxd": [249.488589, 251.431279, 261.381602, 262.3476936667, 264.1276573333, 259.7525656667, 264.7669886667, 262.9210503333], "medkomtek": [], "mamikos": [], "grid": [14.9633013333, 14.459449], "creative-serving": [261.6141453333, 248.113971, 259.1063516667, 260.9100853333, 251.861609], "invol": [], "storygize": [], "twibbonize": [], "thebrighttag": [], "avplayer": [], "cognitivlabs": [], "halodoc": [], "klikdokter": [], "agkn": [], "yieldmo": []}