{"topmongo": [239.71288, 248.8067253333, 239.0843013333, 244.6752063333, 243.5873656667], "afcdn": [241.7445723333, 239.0843013333, 248.5819836667, 255.6015676667, 244.6752063333], "r2b2": [], "exelator": [248.8067253333, 239.0843013333, 248.5819836667, 244.6752063333, 243.5873656667], "exosrv": [238.6679023333, 239.71288, 248.8067253333, 241.7445723333, 239.0843013333, 248.5819836667, 244.6752063333, 243.5873656667], "xnxx-cdn": [249.249102, 244.5414746667, 255.173746], "consentmanager": [253.077892, 239.71288, 248.8067253333, 255.6015676667, 244.6752063333], "intellipopup": [187.328948], "impactify": [253.077892, 239.71288, 248.8067253333, 255.6015676667, 244.6752063333], "insurads": [257.823492], "b-cdn": [12.9643153333], "xvideos-cdn": [249.249102, 244.5414746667, 255.173746], "unibotscdn": [250.963793], "realsrv": [253.077892, 238.6679023333, 239.71288, 241.7445723333, 255.6015676667], "visariomedia": [199.63406], "tiktokcdn": [238.8524303333, 249.3330586667, 254.2691396667, 239.9727206667, 254.263731]}