{"topmongo": [244.0881456667, 262.3723693333], "afcdn": [355.2549993333, 354.4050833333], "r2b2": [352.025414, 355.2549993333], "exelator": [360.8602036667, 354.4050833333], "exosrv": [355.2549993333, 352.025414, 360.8602036667, 354.4050833333], "xnxx-cdn": [354.9270543333, 350.1971006667, 354.789114, 353.7577123333, 352.2913556667, 361.897171, 353.258425, 356.799176], "consentmanager": [251.9160273333, 250.9057086667], "intellipopup": [187.328948], "impactify": [352.025414, 355.2549993333], "insurads": [259.3277553333], "b-cdn": [], "xvideos-cdn": [350.2294516667, 350.002, 354.2987286667, 361.9772843333, 352.8076146667, 350.351712, 360.342057, 353.258425], "unibotscdn": [251.1615433333], "realsrv": [352.025414, 355.2549993333], "visariomedia": [199.63406], "tiktokcdn": [259.298465, 261.5915723333, 247.5948256667, 262.698512]}