{"juicyads": [], "ranksci": [273.7345606667, 287.195012, 276.5176363333, 309.5608136667], "pikiran-rakyat": [233.737258, 86.928306, 225.492919, 227.314961, 88.4469086667, 221.6563513333, 223.5581393333, 87.6673176667, 223.2904206667, 226.5329763333, 87.816886, 234.0345473333], "adsrvr": [], "userreport": [227.299035, 224.120667, 221.910758, 223.6392406667], "mainroll": [], "okezone": [228.4303566667, 226.7639946667, 305.6341426667, 307.097405, 277.2802073333, 285.9712733333, 301.248411, 276.6093803333, 224.3812296667, 306.297737, 224.1119803333, 279.0070983333, 229.5618396667, 220.5949573333, 278.513894, 304.1873813333, 279.472907, 224.0275263333, 278.3923673333, 309.5608136667, 223.877379], "stripe": [92.6562926667, 221.7913473333, 226.3840543333, 226.70925, 224.6846416667], "saasexch": [224.3557576667, 228.3805256667, 227.480283, 225.394344, 226.82334, 228.8826623333, 221.416332, 224.9968826667], "osano": [], "quizizz": [224.0932686667, 221.6260516667, 224.2776606667, 229.297529], "intipseleb": [87.6976143333, 86.19662, 86.500872, 87.9194286667], "autofun": [308.2685613333, 283.087051, 281.08542, 305.7737666667], "tiqcdn": [], "tempo": [275.9645816667, 302.2851116667, 227.8890003333, 301.248411, 227.089439, 224.200994, 277.2371863333, 225.1712503333], "academia-photos": [278.513486, 276.6973646667, 279.9534646667, 280.0134096667], "linktr": [227.1222483333, 223.9100693333, 223.731776, 221.755184], "adsafeprotected": [], "codashop": [305.4949183333, 306.9339743333, 309.5608136667, 306.297737], "instiengage": [222.7613993333, 211.8313266667, 201.0316966667, 208.6655213333, 220.7697636667, 236.4979863333, 212.6181946667, 219.709169], "browsee": [276.0781483333, 279.472907, 304.093465, 275.9645816667], "liadm": [], "suaramerdeka": [15.6422596667, 305.6341426667, 306.9612903333, 285.735359, 303.7685893333], "supercharge-srp": [276.5415893333, 273.683979, 280.3265986667, 278.3923673333], "respond": [301.198702, 306.276205, 308.037224, 281.039138], "mamikos": [217.3829623333, 214.4527086667, 215.7716596667, 203.4402203333], "soundcloud": [13.5505593333, 314.122158, 13.8102863333, 309.5608136667, 279.490833, 13.7837, 14.3657913333, 278.513894], "kompas": [204.2001163333, 216.8552013333, 254.634862, 263.902411, 205.1548796667, 248.614304, 249.9864366667, 217.5851183333], "uidapi": [], "s-onetag": [], "sonora": [14.2604323333, 225.170088, 224.0275263333, 224.678939, 14.1229343333, 222.1374593333], "sndcdn": [223.621111, 229.048901, 225.599872, 221.7913473333, 228.8132573333, 223.9249226667, 226.8794596667, 220.4707456667], "simpkb": [206.0934973333, 206.562846, 208.080654, 200.3050726667], "optad360": [], "coinmarketcap": [204.6857726667, 307.097405, 303.3486186667, 283.574246, 223.7525336667, 221.440699, 223.9386616667, 215.8882883333, 224.0658626667, 221.606033, 204.670429, 224.8091773333, 280.5479646667, 223.6770706667, 224.1150556667, 204.6026003333], "uniconsent": [], "civiccomputing": [205.345011, 212.737611, 210.3972183333, 202.585487], "moengage": [], "idntimes": [], "quantcount": [], "servicewebly": [230.4317246667, 223.7867986667, 229.758791, 224.1124076667], "clevertap": [], "kompasiana": [204.686401, 201.1832733333, 199.139914, 211.513109], "colearn": [304.093465, 276.5415893333, 305.6341426667, 308.98555], "staticflickr": [303.8287593333], "sindonews": [1.3785023333, 1.2528053333], "detik": [227.443649, 223.5938363333, 227.0801276667, 224.783096], "surveygizmo": [209.6369483333, 204.220598, 202.558929, 200.3193016667], "chartbeat": [], "viglink": [], "ivideosmart": [226.625373, 224.5584813333, 222.1908113333, 227.138094], "chatapi": [301.198702, 281.039138, 308.037224, 306.276205], "a2z": [], "gridoto": [224.0932686667, 221.2570586667, 224.120667, 224.9738443333, 223.6150536667, 224.324134, 223.6392406667, 223.6686406667], "inews": [225.413634, 227.2081396667, 222.488864, 223.6669036667], "omappapi": [], "sharethis": [], "amazon-adsystem": [], "durianpay": [281.56908, 305.7737666667, 273.7345606667, 285.9712733333], "adscale": [], "profitwell": [203.2673846667, 202.8559966667, 206.002506, 201.255761], "ivstracker": [], "privacy-center": [204.491256, 206.5118313333, 196.1260266667, 205.8966796667], "motorplus-online": [14.7597006667, 15.0356]}