{"twimg": [175.306738], "shopeemobile": [253.271583, 251.77755], "twitter": [262.372393], "technoratimedia": [173.8697246667], "jwplayer": [169.9506756667], "azureedge": [173.4183936667], "w55c": [170.814721]}