{"twimg": [3.5227046667], "shopeemobile": [6.6917206667], "twitter": [13.695215], "technoratimedia": [3.680805], "jwplayer": [3.717797], "azureedge": [3.0467746667], "w55c": [13.310867]}