{"twimg": [242.668811], "shopeemobile": [356.7355023333, 361.9305006667], "twitter": [243.2439586667], "technoratimedia": [197.153965], "jwplayer": [194.1023303333], "azureedge": [241.0411426667], "w55c": [185.653841]}