{"twimg": [3.5227046667], "shopeemobile": [99.511971, 101.8271266667], "twitter": [13.695215], "technoratimedia": [], "jwplayer": [], "azureedge": [], "w55c": []}