{"cdninstagram": [151.5778543333], "facebook": [151.264184, 164.6808653333, 173.087499, 166.7495723333], "fbcdn": [241.1423273333, 173.087499, 258.798196], "instagram": [152.6234356667], "whatsapp": [152.8671216667], "fbsbx": [173.087499]}