{"cdninstagram": [14.1268463333], "facebook": [1.079472, 1.1021006667, 1.0568523333, 14.7507166667], "fbcdn": [14.7507166667, 258.798196], "instagram": [1.064375], "whatsapp": [1.1078656667], "fbsbx": [14.9006133333, 14.7507166667]}