{"cdninstagram": [287.665289], "facebook": [271.1848723333, 242.9738086667, 277.2998316667, 284.4162876667, 273.584001, 251.025929], "fbcdn": [241.1423273333, 277.2998316667, 258.738219, 258.798196], "instagram": [258.440318], "whatsapp": [272.8593213333, 253.452273], "fbsbx": [277.2998316667]}