{"giphy": [247.385055], "imgur": [247.212846, 192.0132013333], "medallia": [359.277512], "disqus": [235.7157466667, 251.0495796667], "stripe": [242.9783103333, 250.1486523333, 357.7967526667, 250.094835, 245.8467643333], "taboola": [363.014322], "ssl-images-amazon": [253.0339656667], "w-x": [356.5046753333], "krxd": [356.5046753333], "imgix": [240.3392133333], "sentry-cdn": [12.4381356667, 12.350496, 12.7405433333, 12.3987943333], "polyfill": [12.8010153333, 12.3537546667, 12.382936, 365.4530433333, 13.155073], "ads-twitter": [360.4344116667], "revampcdn": [355.9506976667], "linktr": [12.8235126667, 12.3805723333, 12.6978176667, 13.4734346667], "jwpcdn": [365.994784], "github": [352.2324756667], "pinterest": [344.571546], "perfectmarket": [334.5403533333], "cloudinary": [361.760489], "scribd": [12.484247, 12.348823, 12.3680376667, 13.1338846667], "yhgfb-static": [367.2583056667, 357.636071], "cpcdn": [338.912722], "amplitude": [367.703832], "ubembed": [356.731267], "cookpad": [12.7883923333, 13.1634783333, 12.8258666667, 12.3872383333], "twimg": [357.6830853333], "polyfills": [12.3537546667, 13.155073, 12.8010153333, 12.382936], "tiktokcdn-us": [353.7344823333], "anymanager": [12.3631876667, 12.3844933333, 12.7335846667, 12.3937186667], "jwpltx": [365.994784], "everesttech": [361.0535286667], "ravenjs": [12.350496, 12.3987943333, 12.7405433333, 12.4381356667], "focas": [243.210998], "newrelic": [354.4270023333], "outbrain": [367.703832], "slideshare": [12.484247, 12.348823, 12.3680376667, 13.1338846667], "scribdassets": [358.594501], "disquscdn": [237.187086]}