{"giphy": [194.6745996667], "imgur": [186.2134156667, 192.0132013333], "medallia": [48.4084446667], "disqus": [206.910577, 193.892148], "stripe": [239.2340623333, 242.997333, 255.2223923333, 251.949803, 49.961246], "taboola": [45.4173266667], "ssl-images-amazon": [49.183951], "w-x": [49.3698553333], "krxd": [49.3698553333], "imgix": [46.545983], "sentry-cdn": [12.4381356667, 12.350496, 12.7405433333, 12.3987943333], "polyfill": [49.279134, 12.8010153333, 12.382936, 12.3537546667, 13.155073], "ads-twitter": [48.1963923333], "revampcdn": [], "linktr": [13.4734346667, 12.3805723333, 12.6978176667, 12.8235126667], "jwpcdn": [47.4798083333], "github": [13.045628], "pinterest": [], "perfectmarket": [45.4173266667], "cloudinary": [44.85145], "scribd": [12.484247, 12.348823, 12.3680376667, 13.1338846667], "yhgfb-static": [], "cpcdn": [49.904772], "amplitude": [49.904772], "ubembed": [46.1115283333], "cookpad": [12.7883923333, 13.1634783333, 12.8258666667, 12.3872383333], "twimg": [13.1035066667], "polyfills": [12.382936, 13.155073, 12.3537546667, 12.8010153333], "tiktokcdn-us": [50.47415], "anymanager": [12.3937186667, 12.3844933333, 12.3631876667, 12.7335846667], "jwpltx": [47.4798083333], "everesttech": [46.53061], "ravenjs": [12.350496, 12.7405433333, 12.3987943333, 12.4381356667], "focas": [50.325273], "newrelic": [46.897243], "outbrain": [49.904772], "slideshare": [12.484247, 12.348823, 12.3680376667, 13.1338846667], "scribdassets": [49.441253], "disquscdn": [195.6024753333]}