{"sentry": [1.1575], "impact-ad": [1.1553953333], "sirclo": [13.6392976667], "googlesyndication": [12.8241563333, 12.9141956667, 13.272509, 13.2025833333, 13.2170516667, 13.425221, 13.3726666667, 13.125745, 13.262562, 13.5585206667, 13.32461, 13.072133, 12.9255913333, 13.933164, 12.9343373333], "googleapis": [13.479812, 13.1239713333, 13.703801, 12.7348843333, 13.515428, 13.2675313333, 13.3612186667, 12.9728406667, 13.3311643333, 12.8930276667, 13.484171, 12.9447423333], "33across": [1.142619], "media": [1.2014086667], "google": [13.0893123333, 13.4354193333, 13.0878666667, 13.520768, 12.8137336667, 13.3099523333, 13.5709613333, 13.7939323333, 12.789415, 12.6633473333, 13.973762, 12.9779766667, 12.938384, 13.4745306667, 13.486711, 13.1653163333, 13.5821386667, 13.2770563333, 13.4860866667, 13.1126443333, 13.2096543333, 12.8276563333, 12.8337076667, 12.880229, 13.120614, 14.1526416667, 13.9461486667, 12.6630916667, 13.7041903333, 13.2755823333, 13.3612186667, 13.0644036667, 12.6605116667, 13.1397173333, 13.0782013333, 14.3380886667, 320.830633, 12.8928026667, 12.8511366667, 13.518021, 12.9895456667, 13.64234, 13.3767273333, 12.7994886667, 13.3105726667, 13.063788, 13.5533683333, 12.8926013333, 12.9210763333, 13.6623763333, 12.8491846667, 13.067871, 13.6569396667, 13.3803163333, 13.053921, 12.8247563333, 13.6068543333, 13.1124316667, 13.1161633333, 13.1147336667, 12.8535086667, 13.0868716667, 13.5238146667, 13.3787653333, 13.308222, 13.012401, 12.6917706667, 13.2726626667], "rlcdn": [1.1482223333, 1.152655], "openx": [1.164103, 1.1827236667, 1.1617793333, 1.6399853333], "mediago": [232.2634036667], "bidswitch": [83.2199096667, 80.6529753333], "google-analytics": [13.7041903333, 12.9210763333, 13.4331026667, 13.0782013333, 13.3767273333, 12.8491846667, 13.067871], "fimela": [], "simpli": [14.6690153333, 13.9348093333, 13.6174253333], "googleadservices": [13.2170516667, 13.125745, 13.5585206667, 12.9695053333, 13.7782803333, 13.2184663333, 12.9343373333, 13.5360133333], "doubleclick": [14.2194983333, 13.272509, 12.97115, 13.3099523333, 13.5585206667, 12.789415, 13.933164, 13.6446986667, 12.9343373333, 13.120614, 13.0463136667, 13.151793, 12.9255913333, 13.0074286667, 12.9475223333, 13.3668496667, 13.2170516667, 13.125745, 12.86399, 13.065273, 13.0868716667, 13.32461, 13.398379, 13.447862, 12.9642016667, 13.3347553333], "liputan6": [1.2363726667], "kemdikbud": [1.1943256667, 12.8196863333, 1.1380693333, 1.6930253333, 1.6727973333], "livescore": [1.6730933333, 1.639736, 1.1805163333, 1.671844, 1.1382936667], "adlooxtracking": [1.152561], "flashscore": [1.693351, 1.1382936667], "mrtnsvr": [1.7305406667], "linkr": [], "gstatic": [220.0837316667, 13.1628393333, 13.0893123333, 13.0878666667, 12.8137336667, 13.973762, 13.4745306667, 13.1807406667, 13.486711, 13.2770563333, 218.210062, 13.1849243333, 12.8337076667, 14.3380886667, 12.8511366667, 13.138435, 13.7238993333, 13.1555083333, 13.154644, 13.408729, 13.5238146667, 13.2190993333, 13.2726626667], "googleusercontent": [1.147363, 13.2025833333, 13.425221, 13.1470823333], "cnnindonesia": [1.1477696667], "sportal365": [257.2295516667], "googletagmanager": [13.6990606667], "pub": [1.709614, 1.1553666667], "sportradarserving": [81.1939926667], "fwcdn3": [1.6711896667], "ampproject": [13.425221], "brilio": [54.178377, 58.0205433333], "ml314": [], "mypertamina": [1.147179], "4dex": [1.666881], "tgtag": [], "ytimg": [12.911149, 13.3558986667, 13.5709613333, 13.5533683333, 13.3803163333, 12.9129956667, 12.948911, 13.1420923333, 12.944023, 13.5188923333, 13.5468786667, 13.1278323333, 12.9895456667, 12.8276563333, 13.3105726667], "popin": [81.896825], "blogspot": [13.2025833333], "googleoptimize": [12.8337076667, 13.0893123333, 12.8137336667, 14.3380886667, 13.4745306667, 13.2770563333], "kwai": [], "youtube": [13.1628393333, 13.520768, 12.9779766667, 13.1807406667, 13.4860866667, 13.2096543333, 13.1126443333, 13.9461486667, 12.8928026667, 13.518021, 13.7238993333, 13.063788, 13.050897, 13.154644, 13.6623763333, 13.265805, 13.577184, 13.408729, 12.8247563333, 13.6068543333, 12.8535086667, 13.1161633333, 13.3808606667, 13.308222, 13.3787653333, 13.2190993333], "trueid": [13.9008546667], "chess": [1.6697413333], "googletagservices": [], "wixmp": [1.198605, 1.6739526667], "brand-display": [], "portal-islam": [], "tvlk-data": [1.735506], "oto": [1.1815786667], "tpmn": [1.6594803333], "bkgom": [1.183413], "ivitrack": [1.1617023333], "run": [12.6149033333, 12.4128496667, 12.3904153333, 12.9299123333], "openxcdn": [1.7615976667], "googlevideo": [207.4506393333, 208.812096], "icarasia": [], "masdayat": [12.692015, 13.415812, 13.1225086667, 12.713439], "infeed": [], "appier": [], "bola": [14.0525813333], "mintnav": [], "bounceexchange": [1.1889796667], "playground": [], "impactcdn": [1.163367], "creativecdn": [], "ggpht": [13.262562], "linksynergy": [1.1903723333], "kwai-pro": [], "bit": [1.1707813333, 1.655692], "snackvideo": [1.1958016667], "blogger": [13.201366], "vidio": [1.179376], "pinhome": [1.1454466667], "tapad": [1.670736], "trafficguard": [1.705088], "smartclip": [1.1856143333], "blismedia": [1.141907], "cnbcindonesia": [1.6652953333], "hotelmurah": [1.9788163333], "cloudfunctions": [12.3726493333], "mfadsrvr": [193.5042483333], "company-target": [1.184872], "freepik": [1.1555166667], "ruangguru": [1.28859], "ap4r": [1.7177826667], "affinity": [1.175251], "optimise": [], "bpjsketenagakerjaan": [1.717277], "metadsp": [236.607393], "mixpanel": [], "detik": [], "merdeka": [], "mookie1": [1.6491016667], "ctnsnet": [], "stakingsmile": [1.6286926667], "agoda": [13.1225086667], "webtrafficsource": [1.2032863333], "beautynesia": [1.6729863333], "lhmos": [], "tenor": [13.1239713333, 13.703801, 13.515428, 13.3612186667, 12.9728406667, 13.3311643333, 12.8930276667, 13.484171, 12.9447423333], "tiket": [1.660707, 1.6829403333], "pageimprove": [1.7074053333]}