{"sentry": [1.1575], "impact-ad": [1.1553953333], "sirclo": [13.6392976667], "googlesyndication": [75.2168986667, 75.1558046667, 74.426355, 74.2804146667, 75.0612136667, 73.994968], "googleapis": [228.39421, 56.218162, 228.7520843333, 231.1531076667, 73.825162, 230.0603863333, 56.281912, 227.657978, 59.734239, 55.5247353333, 73.8018036667, 225.8213473333, 59.7759996667, 231.171167, 230.895547, 230.748998, 229.731878], "33across": [1.142619], "media": [1.2014086667], "google": [55.6846093333, 12.6630916667, 56.3693023333, 59.7654823333, 60.3905993333, 60.1168563333, 60.4613746667, 12.6917706667, 12.6605116667, 12.6633473333, 59.8646503333, 59.734239, 63.550749, 60.0004343333, 63.3558543333, 59.818743], "rlcdn": [1.1482223333, 1.152655], "openx": [1.164103, 1.1827236667, 1.6399853333, 1.1617793333], "mediago": [232.2634036667], "bidswitch": [83.2199096667, 80.6529753333], "google-analytics": [74.775136, 60.4613746667], "fimela": [1.192742], "simpli": [], "googleadservices": [74.9846506667], "doubleclick": [75.0440963333, 74.426355, 74.9846506667, 75.6626313333, 73.8478663333, 75.0295156667, 72.80321, 73.994968], "liputan6": [1.2363726667, 1.192742], "kemdikbud": [60.4230153333, 1.1943256667, 1.1380693333, 1.6930253333, 1.6727973333], "livescore": [1.6730933333, 1.639736, 1.1805163333, 1.671844, 1.1382936667], "adlooxtracking": [1.152561], "flashscore": [1.693351, 1.1382936667], "mrtnsvr": [1.7305406667], "linkr": [1.171242, 1.164265, 1.1151123333, 1.3009333333, 1.1501346667], "gstatic": [55.6846093333, 75.6626313333, 63.3558543333, 73.466286, 59.522544], "googleusercontent": [59.491577, 64.3521156667, 1.147363, 60.8202116667], "cnnindonesia": [1.1477696667], "sportal365": [257.2295516667], "googletagmanager": [74.775136], "pub": [1.709614, 1.1553666667], "sportradarserving": [81.1939926667], "fwcdn3": [1.6711896667], "ampproject": [73.303707], "brilio": [54.178377, 58.0205433333], "ml314": [1.6835633333], "mypertamina": [1.147179], "4dex": [1.666881], "tgtag": [1.6674513333], "ytimg": [55.6846093333, 59.8247713333, 64.3521156667, 56.3360853333, 56.3384123333], "popin": [81.896825], "blogspot": [60.8202116667], "googleoptimize": [74.6911456667], "kwai": [1.1958016667], "youtube": [55.6846093333, 59.7654823333, 63.5288296667, 59.8646503333, 63.3558543333], "trueid": [13.9008546667], "chess": [223.0820676667, 1.6697413333], "googletagservices": [], "wixmp": [1.198605, 1.6739526667], "brand-display": [1.1497593333], "portal-islam": [12.692015, 13.415812, 13.1225086667, 12.713439], "tvlk-data": [1.735506], "oto": [1.1815786667], "tpmn": [1.6594803333], "bkgom": [1.183413], "ivitrack": [1.1617023333], "run": [12.6149033333, 12.4128496667, 12.3904153333, 12.9299123333], "openxcdn": [1.7615976667], "googlevideo": [207.4506393333, 208.812096], "icarasia": [1.1412953333], "masdayat": [12.692015, 13.415812, 13.1225086667, 12.713439], "infeed": [], "appier": [1.7061936667], "bola": [14.0525813333], "mintnav": [1.666771], "bounceexchange": [1.1889796667], "playground": [1.1690686667], "impactcdn": [1.163367], "creativecdn": [1.235047], "ggpht": [60.8202116667], "linksynergy": [1.1903723333], "kwai-pro": [1.1755586667], "bit": [1.1707813333, 1.655692], "snackvideo": [1.1958016667], "blogger": [59.842824], "vidio": [1.179376], "pinhome": [1.1454466667], "tapad": [1.670736], "trafficguard": [1.705088], "smartclip": [1.1856143333], "blismedia": [1.141907], "cnbcindonesia": [1.6652953333], "hotelmurah": [1.9788163333], "cloudfunctions": [12.3726493333], "mfadsrvr": [193.5042483333], "company-target": [1.184872], "freepik": [1.1555166667], "ruangguru": [1.28859], "ap4r": [1.7177826667], "affinity": [1.175251], "optimise": [1.6506596667], "bpjsketenagakerjaan": [1.717277], "metadsp": [236.607393], "mixpanel": [1.1715266667, 1.1284863333, 1.162906, 1.1658723333], "detik": [1.663945], "merdeka": [13.306003], "mookie1": [1.6491016667], "ctnsnet": [1.6624246667], "stakingsmile": [1.6286926667], "agoda": [13.1225086667], "webtrafficsource": [1.2032863333], "beautynesia": [1.6729863333], "lhmos": [1.7812413333], "tenor": [59.734239, 56.218162, 55.5247353333, 59.7759996667], "tiket": [1.660707, 1.6829403333], "pageimprove": [1.7074053333]}