{"sentry": [1.1575], "impact-ad": [1.1553953333], "sirclo": [13.6392976667], "googlesyndication": [13.2025833333, 13.6390566667, 14.0781656667, 13.2170516667, 13.125745, 13.5585206667, 13.795639, 13.7215183333, 12.9343373333], "googleapis": [13.4034406667, 13.1239713333, 13.703801, 13.515428, 13.090697, 13.3612186667, 12.9728406667, 13.484171, 13.3628563333, 12.9969153333, 13.3669956667, 13.1658073333, 12.8930276667, 13.3311643333, 12.9447423333], "33across": [1.142619], "media": [1.2014086667], "google": [13.1628393333, 13.5709613333, 13.0878666667, 13.520768, 13.3672616667, 12.8309223333, 12.6917706667, 12.6633473333, 13.973762, 12.9779766667, 13.1807406667, 13.486711, 13.185846, 13.4860866667, 13.12651, 12.986865, 12.9695053333, 13.1126443333, 13.2096543333, 12.8276563333, 12.6630916667, 13.0993523333, 13.1994426667, 13.111191, 12.6605116667, 12.8511366667, 13.518021, 12.9895456667, 13.138435, 13.7238993333, 13.3105726667, 13.063788, 13.805793, 13.5533683333, 12.9363733333, 12.974506, 13.154644, 13.2184663333, 13.3311643333, 13.408729, 13.5360133333, 12.984177, 13.3803163333, 12.8247563333, 13.6068543333, 12.8535086667, 13.7782803333, 13.5238146667, 13.308222, 13.3787653333, 12.856065, 13.2190993333, 13.2726626667], "rlcdn": [1.1482223333, 1.152655], "openx": [1.164103, 1.1827236667, 1.6399853333, 1.1617793333], "mediago": [232.2634036667], "bidswitch": [83.2199096667, 80.6529753333], "google-analytics": [13.1682896667, 13.5782373333, 12.8549566667, 13.7966543333, 13.8840036667, 13.2891956667, 13.223801], "fimela": [1.192742], "simpli": [14.6690153333, 13.9348093333, 13.6174253333], "googleadservices": [13.120614, 13.3099523333, 13.7782803333, 13.0868716667, 12.789415, 13.2184663333, 12.9695053333, 13.5360133333], "doubleclick": [12.97115, 13.272509, 13.3099523333, 13.7939323333, 12.789415, 13.1653163333, 13.5821386667, 13.933164, 13.120614, 13.0463136667, 12.7814783333, 12.9255913333, 13.417756, 12.9540733333, 13.1147336667, 13.0868716667, 13.32461, 13.398379, 12.9642016667, 13.3487693333], "liputan6": [1.2363726667, 1.192742], "kemdikbud": [1.1943256667, 1.1380693333, 13.5229963333, 1.6930253333, 1.6727973333], "livescore": [1.671844, 1.6730933333, 1.1382936667, 1.639736], "adlooxtracking": [1.152561], "flashscore": [1.693351, 1.1382936667], "mrtnsvr": [1.7305406667], "linkr": [1.171242, 1.164265, 1.1151123333, 1.3009333333, 1.1501346667], "gstatic": [13.0893123333, 13.4354193333, 12.8137336667, 13.4745306667, 13.2770563333, 13.1126443333, 13.2096543333, 12.8337076667, 13.2954663333, 14.1526416667, 13.0644036667, 13.111191, 14.3380886667, 13.518021, 12.7994886667, 13.1555083333, 346.2138893333, 13.6068543333, 12.8247563333, 12.8535086667, 13.1124316667, 13.012401], "googleusercontent": [13.3558986667, 13.072133, 1.147363], "cnnindonesia": [1.1477696667], "sportal365": [257.2295516667], "googletagmanager": [13.53603], "pub": [1.709614, 1.1553666667], "sportradarserving": [81.1939926667], "fwcdn3": [1.6711896667], "ampproject": [13.425221], "brilio": [54.178377, 58.0205433333], "ml314": [1.6835633333], "mypertamina": [1.147179], "4dex": [1.666881], "tgtag": [1.6674513333], "ytimg": [12.911149, 13.0878666667, 12.9129956667, 12.948911, 13.1420923333, 13.5188923333, 12.944023, 13.973762, 13.5238146667, 13.5468786667, 13.1278323333, 12.8511366667, 13.486711, 13.3558986667, 13.2726626667], "popin": [81.896825], "blogspot": [13.147268], "googleoptimize": [13.1628393333, 13.7238993333, 13.154644, 13.1807406667, 13.408729, 13.2190993333], "kwai": [1.1113193333], "youtube": [13.4354193333, 13.5709613333, 13.6451376667, 13.7365216667, 13.0878666667, 13.973762, 12.83249, 13.486711, 12.865452, 13.4660113333, 12.8276563333, 14.1526416667, 12.9304676667, 12.9908313333, 12.882843, 13.246456, 13.0644036667, 13.5731896667, 13.5358593333, 12.8511366667, 12.9895456667, 14.196439, 13.2300613333, 13.2108533333, 12.7994886667, 13.3105726667, 12.8310993333, 13.5533683333, 13.47475, 13.4776513333, 14.008722, 13.614981, 13.3605326667, 13.508454, 13.1124316667, 12.7494316667, 13.409719, 13.5238146667, 13.2125583333, 13.012401, 13.291894, 13.2726626667], "trueid": [13.9008546667], "chess": [223.0820676667, 1.6697413333], "googletagservices": [], "wixmp": [1.198605, 1.6739526667], "brand-display": [1.1497593333], "portal-islam": [13.415812, 12.692015, 13.1225086667, 12.713439], "tvlk-data": [1.735506], "oto": [1.1815786667], "tpmn": [1.6594803333], "bkgom": [1.183413], "ivitrack": [1.1617023333], "run": [12.6149033333, 12.4128496667, 12.3904153333, 12.9299123333], "openxcdn": [1.7615976667], "googlevideo": [207.4506393333, 208.812096], "icarasia": [1.1412953333], "masdayat": [13.415812, 12.692015, 13.1225086667, 12.713439], "infeed": [], "appier": [1.7061936667], "bola": [14.0525813333], "mintnav": [1.666771], "bounceexchange": [1.1889796667], "playground": [1.1690686667], "impactcdn": [1.163367], "creativecdn": [1.235047], "ggpht": [13.147268], "linksynergy": [1.1903723333], "kwai-pro": [1.1755586667], "bit": [1.1707813333, 1.655692], "snackvideo": [1.1958016667], "blogger": [13.8350683333], "vidio": [1.179376], "pinhome": [1.1454466667], "tapad": [1.670736], "trafficguard": [1.705088], "smartclip": [1.1856143333], "blismedia": [1.141907], "cnbcindonesia": [1.6652953333], "hotelmurah": [1.9788163333], "cloudfunctions": [12.3726493333], "mfadsrvr": [193.5042483333], "company-target": [1.184872], "freepik": [1.1555166667], "ruangguru": [1.28859], "ap4r": [1.7177826667], "affinity": [1.175251], "optimise": [1.6506596667], "bpjsketenagakerjaan": [1.717277], "metadsp": [236.607393], "mixpanel": [1.1715266667, 1.1658723333, 1.1284863333, 1.162906], "detik": [1.663945], "merdeka": [13.306003], "mookie1": [1.6491016667], "ctnsnet": [1.6624246667], "stakingsmile": [1.6286926667], "agoda": [13.1225086667], "webtrafficsource": [1.2032863333], "beautynesia": [1.6729863333], "lhmos": [1.7812413333], "tenor": [13.1239713333, 13.703801, 13.515428, 13.3612186667, 12.9728406667, 13.484171, 12.8930276667, 13.3311643333, 12.9447423333], "tiket": [1.660707, 1.6829403333], "pageimprove": [1.7074053333]}