{"betglstorage": [12.398126, 12.4301526667], "areabermain": [12.398126, 12.4301526667], "duniabermain": [12.398126, 12.4301526667], "nsimg": [183.9906483333, 184.3183946667], "pohonuang168": [12.398126, 12.4301526667], "rbxcdn": [97.8255743333, 12.831475], "harimauterbang": [12.398126, 12.4301526667], "gerobakgambar": [12.398126, 12.4301526667], "congstorage": [12.398126, 12.4301526667], "trafficjunky": [], "recamweek": [12.398126, 12.4301526667], "megawarehouse": [12.398126, 12.4301526667], "andbeyond": [], "tiktakspace": [12.398126, 12.4301526667], "kumpulanfile": [12.398126, 12.4301526667], "avplayer": [], "imgpaito": [12.398126, 12.4301526667], "dolanstorage": [12.398126, 12.4301526667], "omugudang": [12.398126, 12.4301526667], "hokibagus": [12.398126, 12.4301526667]}