{"betglstorage": [12.398126, 12.4301526667], "areabermain": [], "duniabermain": [], "nsimg": [183.9906483333, 184.3183946667], "pohonuang168": [12.398126, 12.4301526667], "rbxcdn": [12.398126, 12.4301526667, 12.831475], "harimauterbang": [], "gerobakgambar": [12.398126, 12.4301526667], "congstorage": [12.398126, 12.4301526667], "trafficjunky": [186.678089, 183.806674], "recamweek": [12.398126, 12.4301526667], "megawarehouse": [12.398126, 12.4301526667], "andbeyond": [], "tiktakspace": [12.398126, 12.4301526667], "kumpulanfile": [12.398126, 12.4301526667], "avplayer": [], "imgpaito": [12.398126, 12.4301526667], "dolanstorage": [12.398126, 12.4301526667], "omugudang": [], "hokibagus": [12.398126, 12.4301526667]}