{"xhcdn": [352.335134, 352.021818, 351.1574586667, 352.4410116667, 350.6121033333, 351.380607, 351.7404333333, 351.650246, 352.3572183333, 351.5381646667], "shopeemobile": [361.9305006667, 356.7355023333], "runative-syndicate": [351.032516, 352.4410116667, 351.5381646667], "tsyndicate": [352.335134, 351.032516, 351.3096036667], "xnxx-cdn": [], "xvideos-cdn": []}