{"xhcdn": [13.986036, 13.884435, 14.021948, 14.0455353333, 14.7489323333, 14.2052403333, 13.7221653333], "shopeemobile": [6.6917206667], "runative-syndicate": [14.1043053333, 13.2359993333, 14.1873823333], "tsyndicate": [13.884435, 14.1873823333], "xnxx-cdn": [], "xvideos-cdn": []}