{"xhcdn": [14.190667, 14.5030803333, 13.9491833333, 13.9443033333, 14.3326693333, 14.6280833333, 14.3303206667, 14.106384, 13.6094333333, 14.393322], "shopeemobile": [12.6781616667, 12.700848], "runative-syndicate": [14.7742193333, 14.6280833333, 14.190667], "tsyndicate": [14.3127686667, 13.469209, 14.5889436667], "xnxx-cdn": [], "xvideos-cdn": []}