{"revcontent": [12.7532673333], "betglstorage": [12.398126, 12.4301526667], "areabermain": [], "duniabermain": [], "nsimg": [183.9906483333, 184.3183946667], "pohonuang168": [12.398126, 12.4301526667], "rbxcdn": [12.398126, 12.4301526667, 12.831475], "harimauterbang": [], "mainollo": [12.7532673333], "gerobakgambar": [12.398126, 12.4301526667], "congstorage": [12.398126, 12.4301526667], "trafficjunky": [186.678089, 183.806674], "recamweek": [12.398126, 12.4301526667], "xn--ciq12m7zj": [], "megawarehouse": [12.398126, 12.4301526667], "andbeyond": [], "tiktakspace": [12.398126, 12.4301526667], "dmca": [], "kumpulanfile": [12.398126, 12.4301526667], "avplayer": [], "deluna4d": [12.7532673333], "imgpaito": [12.398126, 12.4301526667], "dolanstorage": [12.398126, 12.4301526667], "omugudang": [], "hokibagus": [12.398126, 12.4301526667]}