{"pgf-asqb7a": [165.4984513333, 169.1384523333, 170.092408, 168.1765586667, 419.139685, 165.1049803333, 166.914467, 169.5917763333], "bro-transsion": [168.1018706667, 165.385664, 168.5986306667, 170.0974266667, 170.2591773333, 169.6760286667, 169.6068073333, 163.0891793333], "taobao": [96.6839066667], "bstarstatic": [168.1018706667, 165.385664, 168.5986306667, 170.0974266667, 170.2591773333, 169.6760286667, 169.6068073333, 163.0891793333], "lazada": [168.1018706667, 165.385664, 168.5986306667, 170.0974266667, 170.2591773333, 169.6760286667, 169.6068073333, 163.0891793333], "alicdn": [362.6563313333, 336.6895196667], "rctiplus": [168.1018706667, 165.385664, 168.5986306667, 170.0974266667, 170.2591773333, 169.6760286667, 169.6068073333, 163.0891793333]}