{"pgf-asqb7a": [40.3301076667, 45.0721693333, 39.950538, 40.2592166667, 50.2311246667], "bro-transsion": [73.369164], "taobao": [213.0210343333], "bstarstatic": [65.259789], "lazada": [66.8853786667, 64.1561333333, 66.2880063333, 66.9105986667, 66.4867556667, 68.5090536667, 69.3468323333, 67.1515136667], "alicdn": [44.1710253333, 38.8555583333], "rctiplus": [31.5582266667, 68.594786, 45.0721693333, 71.6381143333, 64.987902, 40.2592166667, 65.9301086667, 50.2311246667, 35.896705]}