{"pgf-asqb7a": [380.1650163333], "bro-transsion": [362.013731, 356.963249, 382.117264, 374.296523, 364.3856776667, 367.181566, 375.6615953333, 357.452139], "taobao": [96.6839066667], "bstarstatic": [363.7321813333], "lazada": [364.3382353333, 366.5081846667, 363.8186716667, 366.833073, 359.010676, 362.438643, 360.2010656667, 362.2096073333], "alicdn": [366.6222273333, 364.200042], "rctiplus": [375.0278046667]}