{"yimg": [85.8804663333], "yahoo": [12.985308, 13.012585, 46.1926386667, 46.9004716667]}