{"yimg": [87.0582036667], "yahoo": [313.2720833333, 344.5332973333]}