{"sportradar": [24.7699013333, 24.780671, 24.5994636667], "careerjunction": [6.326224], "outbrain": [7.0388546667], "optimizely": [5.6664066667, 6.2387603333], "tiktok": [7.0524233333, 7.1155106667, 6.944371, 6.9171946667, 7.0064676667, 6.9424326667, 6.9152683333, 26.1798163333, 6.9232813333, 7.14146, 6.9690663333], "yotpo": [169.811051], "ndtv": [6.079381, 5.784247, 7.46908], "adsafrica": [170.4252613333], "go-mpulse": [5.702715, 5.607525, 7.016915], "amplience": [178.6450736667], "tiktokv": [6.953718, 6.9730716667, 27.921652, 6.9551313333, 6.920498, 6.908476, 23.1880536667, 6.9424326667, 23.2123236667], "europacasino": [169.9686573333, 169.9947716667], "teads": [7.0014536667], "kfc": [6.9617743333, 6.5795203333, 6.6675983333, 6.5098713333], "xm-cdn": [7.074005], "yceml": [], "list-manage": [5.5815713333], "pubmatic": [7.0232303333], "agoda": [5.9994546667], "herbalifenutrition": [7.226562], "serving-sys": [5.6284116667, 5.5989886667], "connextra": [6.9914343333], "onelink": [], "hotstarext": [6.3096773333, 6.119277], "licdn": [23.2048266667, 23.2186213333], "alicdn": [6.0083726667, 6.0552013333], "rubiconproject": [182.9933023333, 179.6003903333, 185.463624, 170.5172946667, 185.436583, 183.013676], "goal": [26.200301, 6.9283993333], "anrdoezrs": [], "clmbtech": [6.6023336667, 6.7585953333], "ebay": [7.032133], "sharethis": [26.5758476667, 26.6920173333], "cnbc": [5.6771583333, 6.971813], "haptikapi": [7.005816, 7.0221816667], "cookiebot": [7.3241506667, 26.6211266667, 26.4122596667], "lpsnmedia": [185.369429], "lacoste": [188.6598336667], "sfdcstatic": [], "mayoclinic": [], "bilibili": [326.7190086667, 368.5710333333, 387.6603693333], "ndtvimg": [26.8332166667], "liveperson": [185.74156, 250.812777], "": [], "mookie1": [182.4729296667], "casalemedia": [185.0338086667], "cnbcfm": [5.6079413333], "skysports": [], "sky": [5.667567], "sportfeeds": [26.200301, 6.9283993333], "an1": [176.132545], "addthis": [7.108767], "tripadvisor": [5.6567543333, 6.3748623333, 6.3700783333, 5.582151, 5.5773113333, 6.050617, 6.046073, 5.565008], "rightinthebox": [5.5461846667, 5.6517746667, 6.9730716667, 6.920498], "mythad": [5.6517033333], "xm": [7.074005], "nrk": [6.9152683333, 7.759771, 26.117242, 6.9415576667], "akamaized": [7.0141833333, 6.9171946667], "turn": [182.2175813333], "yieldlab": [175.084535], "adform": [], "tacdn": [5.5760926667, 5.6168513333, 5.816332, 5.618473], "365dm": [6.1591496667, 6.3436356667], "twinkl": [6.948042, 6.9232813333], "soccerway": [7.03183], "office": [7.0141833333, 7.759771], "assets": [169.7245143333], "everesttech": [], "typography": [178.6978343333], "smartadserver": [176.9398063333, 180.6730263333, 180.684573, 177.1127306667, 169.834299, 188.8149683333], "moatads": [12.961337], "media": [7.1130063333], "typekit": [6.948042, 6.944371, 7.0212733333], "muscache": [7.184862, 26.1798163333], "skyassets": [6.965071], "myherbalife": [7.0412046667], "ttwstatic": [5.6746136667, 5.6151683333], "fcp": [6.5795203333, 6.6352783333], "addthisedge": [7.108767], "en25": [6.1114333333], "rbxcdn": [5.6180063333, 5.54842], "weather": [5.6476713333], "raxcdn": [7.006325], "cdn-apple": [178.082195], "monetate": [7.0053213333], "homechoice": [], "toiimg": [5.788905, 5.9266273333, 5.6146143333, 5.626166], "stickyadstv": [6.1971866667, 5.6572116667], "byteoversea": [23.081703, 23.2284446667, 6.95356, 23.0023966667, 23.14842, 24.9315363333, 23.2948773333, 23.177543, 23.2048266667], "pdffiller": [6.9781533333, 6.920498], "sharepointonline": [169.7407846667], "cxense": [170.7641696667], "bing": [6.2388346667, 6.5795203333, 6.6675983333, 7.0836783333, 6.5098713333, 6.6305483333, 6.9617743333, 6.4774863333, 6.6102683333], "bluekai": [5.5806806667], "hotstar": [6.1591496667, 6.3292806667], "office365": [24.7699013333, 6.9692166667], "cricbuzz": [26.1500636667, 6.8985323333], "mathtag": [7.0025316667]}