{"sportradar": [332.8345176667, 333.8162513333, 329.46676, 331.2518506667, 331.1732323333, 332.4518], "careerjunction": [6.326224], "outbrain": [324.0920553333], "optimizely": [332.6883893333, 283.4416556667], "tiktok": [338.6699706667, 325.446182, 290.0715236667, 318.7259826667, 320.2978923333, 333.6419776667, 289.8588716667, 333.971184], "yotpo": [332.835208], "ndtv": [318.1463586667, 270.204582, 319.686766], "adsafrica": [170.4252613333], "go-mpulse": [324.5319436667, 334.5403476667, 320.300395], "amplience": [332.809121], "tiktokv": [320.915544, 333.4532273333, 330.8842433333, 331.0997733333, 319.8655966667, 329.240764, 320.4965346667, 357.3992833333, 330.630047], "europacasino": [156.2509023333, 157.1424076667], "teads": [331.2651343333, 350.4632576667, 283.4280406667, 316.6220636667], "kfc": [328.029581, 322.9134583333], "xm-cdn": [312.6253063333], "yceml": [], "list-manage": [267.775983], "pubmatic": [318.7628336667], "agoda": [317.2347336667, 332.5343456667, 327.6506426667], "herbalifenutrition": [332.7775083333], "serving-sys": [320.2978923333], "connextra": [340.432924], "onelink": [], "hotstarext": [316.917487, 330.2155256667], "licdn": [321.0756986667, 315.3921936667], "alicdn": [301.898564, 319.949579, 334.2755126667, 316.710033, 345.433019, 350.8695103333], "rubiconproject": [317.566763, 325.6350663333], "goal": [332.1726416667, 330.827553], "anrdoezrs": [], "clmbtech": [317.4224286667, 321.269081], "ebay": [332.6046156667], "sharethis": [314.5885176667], "cnbc": [326.342852, 326.687131], "haptikapi": [320.2978923333], "cookiebot": [328.029581, 315.4207556667, 318.2129936667], "lpsnmedia": [336.1615386667], "lacoste": [188.6598336667], "sfdcstatic": [], "mayoclinic": [], "bilibili": [326.7190086667, 368.5710333333, 387.6603693333], "ndtvimg": [319.686766], "liveperson": [299.687252, 340.625789, 250.812777], "": [], "mookie1": [323.6664636667], "casalemedia": [425.2574056667], "cnbcfm": [325.6830816667, 332.2795076667], "skysports": [], "sky": [330.9247113333], "sportfeeds": [347.3967616667, 347.4419896667], "an1": [335.2259063333], "addthis": [326.6852503333], "tripadvisor": [6.3748623333, 5.5773113333, 278.3922376667, 6.046073, 6.050617], "rightinthebox": [322.318458, 299.6823846667, 301.752032, 316.2611523333], "mythad": [5.6517033333], "xm": [332.1813493333], "nrk": [320.2978923333, 318.7259826667], "akamaized": [320.2978923333, 318.7259826667], "turn": [272.07804], "yieldlab": [329.2407473333], "adform": [], "tacdn": [346.4257963333], "365dm": [320.2978923333, 318.7259826667], "twinkl": [320.2978923333, 318.7259826667], "soccerway": [320.927675], "office": [324.9797313333, 321.8445743333], "assets": [249.6933243333], "everesttech": [], "typography": [333.4342973333], "smartadserver": [], "moatads": [360.6794163333], "media": [334.6017223333], "typekit": [320.2978923333, 318.7259826667], "muscache": [332.6780556667, 333.1680203333], "skyassets": [317.6253913333], "myherbalife": [332.3671916667, 331.049704], "ttwstatic": [321.0756986667, 321.612981], "fcp": [329.46676, 319.494136], "addthisedge": [332.0359176667], "en25": [329.737589], "rbxcdn": [318.1818166667, 319.227155], "weather": [334.463124], "raxcdn": [324.569139], "cdn-apple": [336.026917], "monetate": [331.0405956667], "homechoice": [], "toiimg": [350.9054903333, 317.4757913333, 313.2601343333, 313.2607066667], "stickyadstv": [325.2076343333, 319.227155], "byteoversea": [321.9118033333, 318.1279563333, 318.9767403333, 320.001301, 320.133292, 322.378523, 320.3991256667, 325.2278046667, 319.0208933333], "pdffiller": [287.8172003333, 293.380708], "sharepointonline": [317.962386], "cxense": [322.485625], "bing": [335.2915916667, 332.8041996667, 331.4760886667, 332.612822, 331.3488393333, 334.1346003333, 333.2165123333], "bluekai": [333.460457], "hotstar": [320.2978923333, 318.7259826667], "office365": [333.1640396667, 329.4774063333], "cricbuzz": [326.6088866667, 329.015981], "mathtag": [332.7096333333]}