{"sportradar": [156.908145, 157.309812, 155.9792733333, 155.7872033333], "careerjunction": [6.326224], "outbrain": [161.634949], "optimizely": [5.6664066667, 6.2387603333], "tiktok": [6.0094, 6.387944, 6.7624133333, 6.6675983333, 6.5098713333, 6.867631, 6.183435, 6.7838433333, 7.0836783333, 6.8799793333, 155.605866, 6.6023336667, 157.040121, 6.102088, 6.6412003333, 5.6007256667, 6.4616343333, 6.917386, 156.158281, 5.6343413333], "yotpo": [155.8767026667], "ndtv": [6.079381, 154.4941143333, 22.1350393333], "adsafrica": [170.4252613333], "go-mpulse": [5.702715, 5.607525], "amplience": [157.133084], "tiktokv": [22.094405, 20.9899756667, 22.021019, 23.886503, 21.0017193333, 20.9848373333, 21.117129, 22.0008356667, 24.1862733333], "europacasino": [188.131349, 191.4601353333], "teads": [161.6910896667, 157.0583473333], "kfc": [6.5795203333, 6.6305483333, 6.9617743333, 6.867631, 6.545093], "xm-cdn": [6.0273146667], "yceml": [], "list-manage": [5.5815713333], "pubmatic": [161.706171], "agoda": [5.9994546667], "herbalifenutrition": [5.6117196667], "serving-sys": [5.58192, 5.5646396667], "connextra": [161.8028856667], "onelink": [], "hotstarext": [6.1462866667, 5.6397163333], "licdn": [6.527486, 6.448604], "alicdn": [6.0083726667, 6.0552013333], "rubiconproject": [155.0422006667, 317.566763], "goal": [155.9784253333, 156.158281], "anrdoezrs": [], "clmbtech": [6.6023336667, 6.7585953333], "ebay": [6.1431466667], "sharethis": [5.5486956667, 5.6343413333], "cnbc": [169.9347556667, 5.6771583333, 25.0929696667], "haptikapi": [7.0421283333, 6.452504], "cookiebot": [21.0053906667, 155.3959383333, 25.1095023333], "lpsnmedia": [185.369429], "lacoste": [188.6598336667], "sfdcstatic": [], "mayoclinic": [], "bilibili": [326.7190086667, 368.5710333333, 387.6603693333], "ndtvimg": [5.784247], "liveperson": [340.625789, 250.812777], "": [], "mookie1": [157.1665146667], "casalemedia": [185.0338086667], "cnbcfm": [5.6079413333], "skysports": [], "sky": [5.667567], "sportfeeds": [161.679851, 161.7195376667], "an1": [177.999383], "addthis": [156.8354213333], "tripadvisor": [6.3748623333, 5.806312, 5.5773113333, 6.046073, 6.050617], "rightinthebox": [6.254672, 155.6078563333, 6.133573, 156.321202], "mythad": [5.6517033333], "xm": [157.5745583333], "nrk": [6.8799793333, 6.429523, 6.8389803333, 6.466945], "akamaized": [5.5997926667, 5.7521933333], "turn": [255.465974], "yieldlab": [170.6073673333], "adform": [], "tacdn": [5.739958], "365dm": [5.617475, 5.5752313333], "twinkl": [5.6626363333, 5.5534336667], "soccerway": [5.572778], "office": [5.80787, 5.5254793333], "assets": [178.6235286667], "everesttech": [], "typography": [165.166481], "smartadserver": [177.035216, 188.6179793333, 185.0408936667, 176.9095913333, 186.67931, 178.3334186667], "moatads": [169.8926546667], "media": [156.921599], "typekit": [5.659498, 6.1370973333, 5.798822, 5.551441], "muscache": [5.5461846667, 6.2135906667], "skyassets": [22.1395213333], "myherbalife": [5.9088886667], "ttwstatic": [6.4378623333, 6.917386], "fcp": [6.5795203333, 6.6352783333], "addthisedge": [21.0768706667], "en25": [6.1114333333], "rbxcdn": [5.6269963333, 5.5280413333], "weather": [5.6476713333], "raxcdn": [169.966921], "cdn-apple": [157.4346836667], "monetate": [157.5026806667], "homechoice": [], "toiimg": [5.5576296667], "stickyadstv": [5.58192, 5.6746136667], "byteoversea": [6.436538, 6.4244763333, 7.0005266667, 6.8389803333, 6.917386, 6.5348873333, 6.112133, 6.466945, 6.7430323333], "pdffiller": [6.133573, 6.254672], "sharepointonline": [170.641424], "cxense": [157.5405526667], "bing": [6.4900516667, 6.2388346667, 6.4774863333, 6.5795203333, 6.5098713333, 6.867631, 6.6023336667, 6.545093, 6.6102683333], "bluekai": [6.5597883333], "hotstar": [5.569913, 6.1227563333], "office365": [178.128608, 161.6783433333], "cricbuzz": [6.2135906667, 5.600962], "mathtag": [156.9991923333]}