{"sportradar": [], "careerjunction": [], "outbrain": [], "optimizely": [6.2387603333], "tiktok": [21.119281, 21.0053906667, 21.987506, 25.1095023333, 20.8614266667, 21.0017193333, 21.022809, 22.0008356667, 22.176251], "yotpo": [], "ndtv": [6.079381, 172.8931786667, 22.1350393333], "adsafrica": [170.4252613333], "go-mpulse": [5.702715], "amplience": [], "tiktokv": [25.0914516667, 21.232253, 21.1148046667, 20.8614266667, 21.034276, 21.022809, 20.9918293333, 21.003756, 22.176251], "europacasino": [], "teads": [161.6910896667], "kfc": [], "xm-cdn": [23.897911], "yceml": [], "list-manage": [], "pubmatic": [], "agoda": [6.0647043333], "herbalifenutrition": [], "serving-sys": [], "connextra": [169.911062], "onelink": [], "hotstarext": [], "licdn": [], "alicdn": [], "rubiconproject": [170.5172946667], "goal": [], "anrdoezrs": [], "clmbtech": [], "ebay": [185.5240483333], "sharethis": [], "cnbc": [], "haptikapi": [], "cookiebot": [21.0053906667, 25.1095023333], "lpsnmedia": [], "lacoste": [], "sfdcstatic": [], "mayoclinic": [], "bilibili": [], "ndtvimg": [], "liveperson": [], "": [], "mookie1": [], "casalemedia": [], "cnbcfm": [5.6079413333], "skysports": [], "sky": [], "sportfeeds": [], "an1": [], "addthis": [], "tripadvisor": [5.806312], "rightinthebox": [6.4536133333, 6.133573], "mythad": [], "xm": [], "nrk": [], "akamaized": [], "turn": [], "yieldlab": [], "adform": [], "tacdn": [5.739958], "365dm": [], "twinkl": [], "soccerway": [], "office": [], "assets": [], "everesttech": [], "typography": [], "smartadserver": [], "moatads": [183.1386463333], "media": [185.1715193333], "typekit": [], "muscache": [], "skyassets": [], "myherbalife": [169.785527], "ttwstatic": [], "fcp": [], "addthisedge": [], "en25": [], "rbxcdn": [], "weather": [], "raxcdn": [169.8491883333], "cdn-apple": [], "monetate": [], "homechoice": [], "toiimg": [], "stickyadstv": [], "byteoversea": [], "pdffiller": [170.4627126667, 178.5814986667], "sharepointonline": [], "cxense": [], "bing": [], "bluekai": [6.1349966667], "hotstar": [], "office365": [183.1336183333, 178.6767896667], "cricbuzz": [20.846216, 21.089996], "mathtag": []}