{"tiqcdn": [339.9061393333, 320.0339696667, 347.4064646667, 346.018689], "fantech": [336.4453163333, 327.8270086667, 341.70295, 301.347458], "captcha-delivery": [331.3003076667, 299.6322513333, 325.9670866667, 297.9500803333], "pusher": [324.200342], "ensighten": [300.22915, 339.8771963333, 307.5121923333, 313.3600963333], "premierleague": [333.7492, 298.4520616667, 5.6135163333, 21.68118, 316.4322753333, 341.8150076667], "jwpsrv": [332.9472756667, 323.9986813333, 342.018986, 317.341707], "sail-horizon": [314.79182, 307.0161626667, 324.1527986667, 339.9061393333], "mitula": [360.826744, 317.2415403333, 326.359797, 341.6761786667], "amazon-adsystem": [353.6852683333], "pulselive": [298.2035386667, 334.4243386667, 324.4717653333, 297.8526003333], "flowxo": [299.9396603333, 315.3125996667, 305.379308, 315.4595083333], "activebeat": [310.4852966667, 339.4891423333, 298.1396143333, 326.3578756667], "chartbeat": [314.2026503333], "adsafeprotected": [322.4550863333, 306.876971, 333.458492, 301.087639], "site24x7rum": [310.3977633333, 316.334025, 314.1059586667, 316.5348236667], "uniconsent": [5.6489263333, 5.674258], "lottiefiles": [325.071587, 328.0724696667, 331.3472046667, 315.4489606667], "onlyfans": [350.2502803333, 313.6693803333, 339.659159, 317.8510166667], "vic-m": [350.192551, 314.6629786667, 307.5121923333, 317.341707], "dstv": [314.79182, 306.831226, 313.625497, 314.812215], "luckyorange": [333.205886, 317.4757913333, 317.3607613333, 298.2623536667], "webengage": [314.665781, 340.1584223333, 299.92525, 316.4683896667], "dwin1": [], "humanz": [323.3618943333, 309.618113, 353.783237, 340.267571], "uidapi": [306.8680356667], "thecourierguy": [313.3600963333, 315.1324493333, 331.3182413333, 336.2623116667], "trov": [315.4214103333, 340.5137323333, 314.775398, 300.4152593333], "comm100": [323.1351093333, 303.119985, 345.8558293333, 300.046377], "pnp": [], "bazaarvoice": [300.4868246667, 304.8146983333, 314.4554983333, 307.4268886667], "download-za": [348.7901726667, 297.8649853333, 340.847107, 314.4793566667], "toiimg": [350.9054903333, 317.4757913333, 313.2601343333, 313.2607066667], "vtexassets": [300.171925, 306.9753173333, 318.0249166667, 340.5473063333], "bstatic": [318.7019503333, 313.2601343333, 353.9110093333, 314.8055806667], "dotmetrics": [197.815161, 197.824195, 197.8744536667, 197.8472453333], "depict": [306.9848793333, 316.173363, 323.737638, 333.1985123333], "woolworthsstatic": [314.1976693333, 309.9068656667, 300.209686, 307.247316], "oribi": [317.27744, 340.8751896667, 305.5548053333, 314.6244793333], "sharethis": [306.6335403333, 316.7564993333, 315.2312376667, 329.423703, 305.7016823333, 323.1351093333, 331.3472046667, 304.7630246667], "rollbar": [349.603224, 300.4868246667, 314.4113373333, 297.8526003333], "bada": [299.9536553333], "medicalnewstoday": [198.007497, 197.9452973333, 197.82113, 298.3596693333, 350.2502803333, 197.8867173333, 349.5456243333, 330.0901333333], "preply": [197.864555, 197.8882716667, 198.1294163333, 197.866077], "pricecheck": [334.6344233333, 324.1527986667, 300.4152593333, 316.0362566667], "timberland": [319.19252, 315.6674846667, 349.8843196667, 324.704923], "imagekit": [300.282895, 326.6347843333, 300.698185, 339.659159], "tradingview": [341.4178936667, 302.907261, 346.3202653333, 326.2001266667], "mweb": [], "enthusiastgaming": [198.1457246667, 197.8973673333, 197.863479, 197.8406583333], "website-files": [197.8538326667, 197.882095, 198.2193026667, 197.8476813333], "hyperli": [339.4267316667, 324.1291596667, 314.5389886667, 300.4395676667], "tctm": [300.0509306667, 318.399409, 313.3180546667, 350.4989806667], "liadm": [345.3035323333, 326.359797, 306.924062, 322.7434873333], "privateproperty": [316.5047326667, 332.600736, 329.423703, 299.75274], "agkn": [], "makro": [], "comm100vue": [314.513569, 341.7127196667, 312.9039943333, 315.4489606667], "booking": [313.5478883333, 339.7681443333, 347.5992476667, 313.398765], "faithful-to-nature": [303.3084783333, 336.128618, 326.2001266667, 340.8208933333]}