{"shopify": [5.642381], "sterkinekor": [6.1816556667, 5.6708436667, 5.6526196667], "thenews": [5.6316033333, 5.625356], "sitescdn": [], "shopapps": [5.8216153333, 6.1604373333], "casalemedia": [5.6685866667, 6.3486663333], "mangago": [5.7053946667, 5.7304176667, 5.6408586667], "onetrust": [5.924761, 5.657985], "quoracdn": [5.663433, 5.9506913333], "zorores": [5.621198, 5.74584, 5.8909973333], "weconnectu": [6.2114803333, 5.6846786667, 6.378236], "9anime": [183.08099, 183.0582913333], "webengage": [6.3399336667, 6.5258446667], "omnisnippet1": [5.891408, 5.6931083333], "videoplayerhub": [], "providesupport": [5.6109096667, 5.7057233333, 5.6672823333], "leroymerlin": [5.6425886667, 5.6781636667, 5.6100243333], "za": [5.707815, 5.698275], "hollywoodbets": [5.7161636667, 5.6613516667], "fontawesome": [170.1686156667, 5.677992, 5.7151986667, 170.5254926667, 170.1855636667, 178.0361373333], "folderz": [6.1685776667, 5.698017], "powr": [5.6476896667, 5.765672, 5.723127], "asurascans": [5.6445433333, 6.2116096667, 5.6798633333], "npttech": [], "fresherslive": [5.636038, 6.824314, 5.6828723333], "snigelweb": [5.8724203333, 5.6490196667], "odysee": [5.665758, 5.7283816667, 5.7495453333], "permutive": [5.6937363333, 5.6596863333, 6.0188806667, 5.7267616667], "parcelpanel": [5.6527386667, 5.7298753333, 6.157535], "travelstart": [5.8349753333, 6.2766406667], "geo": [6.2668556667, 5.7804016667], "supabets": [5.8688133333, 6.184062], "ltwebstatic": [5.6755616667, 5.69798], "redvelvet": [5.681253, 6.2835123333, 6.4024323333], "preply": [5.67525, 5.642905], "legit": [162.204068], "episerver": [], "ad-delivery": [5.646198, 5.732052, 5.7310916667], "appurse": [5.8367036667, 5.6904633333, 6.3972203333], "cleverwebserver": [5.61206, 5.6346346667], "spursteakranches": [5.6881276667, 5.8670736667], "adskeeper": [5.6455816667, 5.654898], "apkpure": [], "useinsider": [5.6774236667, 5.70148], "connatix": [5.6911183333, 5.673467], "jobsora": [5.621576, 5.9221566667, 6.248782], "horoscope": [5.6917236667, 5.6432736667], "importitall": [5.8022006667, 5.6504093333], "alison-static": [6.1394333333, 6.1586136667], "bootstrapcdn": [5.661598, 5.754182], "4x4community": [5.6472133333, 5.693286, 5.7813853333], "dramacool": [5.6472133333, 5.693286, 5.7813853333], "carmag": [6.1685776667, 5.698017], "goojara": [170.1453253333, 182.995823], "mrphome": [5.7173796667, 5.655193], "wootware": [5.72731, 5.7293813333], "shopifyapps": [5.7170033333], "netflorist": [5.690463, 5.6310116667, 5.67884], "superbalistcdn": [5.814987, 5.7113836667], "hs-scripts": [5.7232766667, 6.103527, 5.6455383333, 5.8499373333, 5.6950283333], "onesignal": [5.5958783333, 5.6528886667], "metropolitan": [5.657728, 5.8995686667], "10bet": [7.468238, 5.6631276667], "xvideos-cdn": [162.0910263333, 170.4811603333], "hsadspixel": [5.6796866667, 6.1050546667, 5.707925, 6.1699706667, 5.6567663333], "flysafair": [5.6915363333, 6.1793903333], "zdassets": [5.655342, 6.0769833333], "safarinow": [5.9044156667, 6.2878773333], "series9": [5.7216683333, 5.858452, 5.76816], "boldapps": [6.1501166667, 5.6881996667], "mediafire": [5.8887723333, 5.8736293333], "whatfix": [5.821737, 5.6622753333], "eskom": [5.6816783333, 5.6378783333], "bunnycdn": [182.8793886667, 162.1496293333], "ap-srv": [5.698017, 6.1685776667], "dailymaverick": [6.2249343333, 5.861264, 5.685922], "fakazahub": [6.1685776667, 5.698017], "up": [], "mp3paw": [5.698017, 6.1685776667], "bannerflow": [6.0335743333, 5.829944, 5.658936, 5.6651613333, 5.6740533333], "nexusmods": [5.935396, 5.629455], "vimeo": [5.6879013333, 5.789302], "hubspot": [5.64461, 5.8310056667, 5.6637833333, 5.7312116667], "za-specials": [5.7209663333, 5.6590516667, 5.6326496667], "chattabotz": [6.1685776667, 5.698017], "izooto": [5.6667233333, 5.6356546667], "xedo": [], "allporncomic": [5.6769813333, 6.3933826667, 5.6404283333], "backinstock": [170.2297786667, 161.9847336667], "appboycdn": [5.6593463333, 6.391466], "redwap-xxx": [170.2642966667, 182.9981523333], "businesstech": [5.7184883333, 5.6591783333, 5.6624483333], "stackq": [], "mp3juices": [5.698017, 6.1685776667], "blackboardcdn": [5.636608, 5.6995566667], "cdn-cookieyes": [5.7296866667, 5.6196566667, 6.1218483333], "poetrystores": [5.698017, 6.1685776667], "strpst": [], "reamaze": [5.7149853333, 6.4522056667, 5.6584066667], "chaturbate": [5.730857, 5.726754], "curalate": [5.7272716667, 5.657207], "mobiletvshows": [5.6428773333, 6.2337616667], "sportskeeda": [251.1008843333], "pogothere": [5.698017, 6.1685776667], "bigcommerce": [5.8553786667, 5.794585], "livesportstv": [5.858827, 5.657243], "trendybeatz": [6.1685776667, 5.698017], "hificorp": [6.3336043333, 6.09506, 5.6605816667], "inqaku": [5.7259583333, 5.6778613333], "netnaija": [5.698017, 6.1685776667], "amung": [6.1205696667, 5.8492273333, 5.7309076667], "topauto": [6.2066696667, 5.661613, 5.71587], "follow": [5.6566166667, 5.7327903333, 5.63848], "wcofun": [6.1685776667, 5.698017], "rarbgtor": [5.6695366667, 5.6386113333], "ambernet": [6.1685776667, 5.698017], "quicket": [5.6753203333, 5.767217], "businessinsider": [5.6693346667, 5.7747466667, 5.688888, 5.7943803333, 5.6926916667], "caxton": [6.0659863333, 5.6978496667, 6.3610396667], "fanfiction": [5.7923523333, 5.7317303333], "moneyweb": [5.7031866667, 6.025735, 5.9067136667], "zando": [5.769852, 6.341496, 6.2456066667], "oldkhaki": [6.1685776667, 5.698017], "lichess1": [5.683453, 5.6459466667, 5.783102], "shappify": [5.641203, 5.6739086667], "forebet": [6.3196923333, 5.6139613333, 6.1784833333], "hs-analytics": [5.6564666667, 5.677371, 6.0273226667, 6.292609, 5.7540216667], "mkklcdnv6temp": [5.7830466667, 6.0909513333, 6.2595256667], "luckyorange": [5.767055, 5.9404226667, 5.6814783333], "yts": [5.7913943333], "hsmdns": [5.805642, 5.662093], "takealot": [6.200644, 5.6655063333], "easy-earn": [6.1685776667, 5.698017], "gomovies": [170.2478516667, 177.9935293333], "adsco": [6.2271296667, 5.6483616667], "chatlayer": [168.1034493333], "hscollectedforms": [5.834057, 5.676355, 5.849224, 5.681665, 5.6104913333], "sarsefiling": [5.7617186667, 6.103088], "capeunionmart": [5.730098, 5.646537, 5.69948, 5.6556236667], "researchgate": [5.810475, 5.6514996667], "naaibuddies": [5.8056216667, 5.6271136667, 6.2675316667, 7.349399, 5.63824], "chess": [5.6206433333], "adscool": [6.0770326667, 5.662885], "careers24": [5.7480566667, 6.1265863333], "supernova": [162.084449, 170.127118], "gbets": [6.09939], "supernutritious": [5.681713, 5.641268], "rentuncle": [5.628185, 5.8022853333], "xlivrdr": [162.1942973333, 176.219299], "loadshed": [6.1685776667, 5.698017], "xlrdr": [162.1942973333, 176.219299], "anicli": [5.69684, 5.6173996667], "fapello": [5.8422493333, 6.0208073333, 5.6724413333], "superbalist": [5.707215, 5.7280336667], "pricecheck": [5.694648, 5.704973, 5.7439813333], "123moviesfree": [6.1996686667, 5.7609236667], "livesports808": [7.725272, 5.6899583333], "sassastatuscheck": [5.899264, 5.6192773333], "betxchange": [5.6308313333, 6.1095086667, 5.6845396667, 5.607095, 5.6967816667], "novelxo": [6.1685776667, 5.698017], "automizely": [5.6921596667, 6.245057], "networkmanag": [5.6323666667, 5.660413, 5.7056383333], "crowd1": [5.7043136667, 5.6796913333], "cosmeticconnection": [162.204068], "scholarlyafrica": [6.1685776667, 5.698017], "addtoany": [5.7029866667, 5.6576466667, 5.720368], "getclicky": [5.7220886667, 5.68759], "nhentai": [6.3741706667, 5.684498], "quantummetric": [5.639748, 5.68504, 5.616253], "vaimo": [6.3372726667, 6.3364253333], "cloudflare": [5.69129, 5.9658326667, 5.6360946667, 6.2663516667], "isabellagarcia": [6.21241, 5.6813083333, 5.668378], "doubleverify": [5.8838086667, 5.7368316667], "sanparks": [6.5258676667, 6.1649066667], "soundestlink": [6.187386, 5.6676173333], "indexww": [5.711557, 5.662612], "caxtondigital": [5.698017, 6.1685776667], "seriesonline": [5.701675, 5.6430303333], "africanbank": [6.3650093333, 5.6926666667], "sofascore": [5.6031033333, 5.794474, 5.8472306667, 5.6902133333, 5.7509266667, 5.658575],