{"tiqcdn": [6.305981, 5.6978526667, 5.7268966667, 5.669405], "fantech": [5.684147, 5.626166, 5.829967, 5.849009], "captcha-delivery": [5.866942, 5.931284, 5.7294333333, 5.7278153333], "pusher": [5.632756], "ensighten": [5.6681213333, 5.7598486667, 5.6998113333, 5.667451], "premierleague": [21.68118, 5.788905, 5.6135163333, 5.7317583333, 5.7002563333, 6.1772556667], "jwpsrv": [5.684965, 10.7623113333, 5.6823833333, 5.6568713333], "sail-horizon": [5.7598486667, 6.305981, 5.6146143333, 5.6547216667], "mitula": [5.9433103333, 5.6311363333, 6.4262776667, 5.7276263333], "amazon-adsystem": [5.6835733333], "pulselive": [5.6498516667, 5.6286883333, 5.6840216667, 6.1790436667], "flowxo": [6.2711306667, 5.6834563333, 5.9076326667, 5.6922786667], "activebeat": [6.0243966667, 5.6480863333, 5.6396623333, 5.665715], "chartbeat": [5.883113], "adsafeprotected": [5.874199, 5.6498516667, 5.7129966667, 6.250205], "site24x7rum": [5.6938736667, 5.8584353333, 5.9302856667, 6.1790436667], "uniconsent": [5.6489263333, 5.674258], "lottiefiles": [5.9433103333, 5.7106016667, 5.6480863333, 5.6818116667], "onlyfans": [5.8011703333, 5.6767966667, 5.6286883333, 6.121503], "vic-m": [6.305981, 5.6978526667, 5.6146143333, 6.0407903333], "dstv": [5.6433646667, 5.684147, 5.616438, 5.65334], "luckyorange": [6.0212713333, 5.9291213333, 5.8408683333, 5.7128663333], "webengage": [5.6823833333, 5.6084013333, 5.663135, 6.0661713333], "dwin1": [], "humanz": [6.3777806667, 6.305981, 5.7276263333, 5.616438], "uidapi": [5.713405], "thecourierguy": [5.9278506667, 5.662665, 6.097526, 5.6930116667], "trov": [6.0600883333, 6.3777806667, 6.0212713333, 6.1790436667], "comm100": [5.866942, 5.8584353333, 6.2674113333, 5.7464033333], "pnp": [], "bazaarvoice": [5.6286883333, 6.305981, 5.6998113333, 5.9022056667], "download-za": [6.3657626667, 5.6286883333, 6.0661713333, 5.7278153333], "toiimg": [5.5576296667], "vtexassets": [5.8036136667, 5.6084013333, 5.663135, 8.2507393333], "bstatic": [5.874199, 5.6480863333, 5.6746, 5.6854083333], "dotmetrics": [162.7060426667, 162.4042203333, 162.520734, 170.9109533333], "depict": [5.8036136667, 5.6998113333, 5.6303293333, 6.2674113333], "woolworthsstatic": [5.7278153333, 5.774135, 5.810809, 5.849009], "oribi": [5.684147, 5.663135, 6.2695656667, 5.667451], "sharethis": [5.9433103333, 6.0243966667, 5.6610513333, 5.6818116667, 5.68991, 5.774135, 5.874199, 5.6938736667], "rollbar": [5.8584353333, 5.7329066667, 6.2531673333, 5.7294333333], "bada": [5.6508326667], "medicalnewstoday": [179.7634133333, 170.814585, 163.4120433333, 5.6303293333, 171.5939863333, 5.6480863333, 6.269504, 5.6762166667], "preply": [170.8459486667, 178.9246063333, 178.8544396667, 170.713633], "pricecheck": [5.6405496667, 5.9302856667, 5.8584353333, 5.7423656667], "timberland": [6.0243966667, 5.7329066667, 5.6498516667, 6.5778783333], "imagekit": [6.2674113333, 5.6722253333, 5.7333956667, 5.6924116667], "tradingview": [5.6936813333, 5.64666, 5.7317583333, 5.7128663333], "mweb": [], "enthusiastgaming": [170.9398163333, 178.1473693333, 169.9698046667, 170.7372113333], "website-files": [170.705845, 170.6679826667, 179.1246373333, 162.3889266667], "hyperli": [5.6840216667, 5.6084013333, 6.5778783333, 5.7294333333], "tctm": [5.6601266667, 5.6767966667, 5.663135, 5.7294333333], "liadm": [6.250205, 5.684147, 5.626166, 5.8011703333], "privateproperty": [5.6601266667, 5.9302856667, 5.6961716667, 5.6146143333], "agkn": [5.673755, 6.0600883333, 5.6498516667, 6.250205], "makro": [], "comm100vue": [5.68991, 5.6601266667, 5.663135, 5.6684266667], "booking": [5.669203, 6.305981, 6.4262776667, 5.616438], "faithful-to-nature": [5.697485, 5.6767966667, 5.626166, 5.7128663333]}