{"tiqcdn": [], "fantech": [], "captcha-delivery": [], "pusher": [21.5292806667], "ensighten": [], "premierleague": [], "jwpsrv": [], "sail-horizon": [5.7598486667, 6.305981, 5.6547216667, 5.6146143333], "mitula": [], "amazon-adsystem": [], "pulselive": [5.6498516667, 5.6286883333, 5.6840216667, 6.1790436667], "flowxo": [], "activebeat": [], "chartbeat": [], "adsafeprotected": [], "site24x7rum": [], "uniconsent": [], "lottiefiles": [], "onlyfans": [], "vic-m": [6.305981, 5.6146143333, 5.6978526667, 6.0407903333], "dstv": [21.603697, 24.37706, 21.6258776667, 24.3207073333], "luckyorange": [], "webengage": [21.5893673333, 21.5832996667, 24.3487296667, 24.336048], "dwin1": [], "humanz": [24.407089, 21.695647, 21.6179276667, 21.6100603333], "uidapi": [5.713405], "thecourierguy": [], "trov": [], "comm100": [], "pnp": [], "bazaarvoice": [5.6286883333, 6.305981, 5.6998113333, 5.9022056667], "download-za": [], "toiimg": [], "vtexassets": [], "bstatic": [], "dotmetrics": [168.4965126667, 170.614746, 170.4467243333, 171.7398666667], "depict": [], "woolworthsstatic": [], "oribi": [], "sharethis": [24.3207073333, 24.3019593333, 5.6818116667, 24.2822486667, 21.6412456667, 5.774135, 5.874199, 5.6938736667], "rollbar": [], "bada": [], "medicalnewstoday": [5.6480863333, 6.269504, 5.6303293333, 5.6762166667], "preply": [169.5951226667, 176.7409423333, 168.6954753333, 169.577654], "pricecheck": [], "timberland": [], "imagekit": [], "tradingview": [], "mweb": [], "enthusiastgaming": [], "website-files": [], "hyperli": [], "tctm": [24.342197, 24.3487296667, 21.693103, 24.3312803333], "liadm": [], "privateproperty": [], "agkn": [21.5905563333, 21.6421196667, 21.6577846667, 21.629526], "makro": [], "comm100vue": [], "booking": [], "faithful-to-nature": [21.6534616667, 21.6421196667, 21.6633433333, 24.386102]}