{"metaffiliation": [5.588622], "paypal": [6.486829, 177.9568723333, 190.6490416667], "azureedge": [5.515281], "msecnd": [5.939253, 5.515281], "jwplayer": [5.7499336667], "jobrapido": [5.8335456667], "twitter": [5.5636523333], "twimg": [5.574054]}