{"local": {"pinterest": [5.5159976667], "sentry-cdn": [5.5737376667, 5.6241516667, 5.5689273333, 5.6670133333], "meredithcorp": [5.5918446667], "tacdn": [5.739958], "klaviyo": [5.5605126667], "prismic": [5.7480566667], "tiendeo": [5.760712, 170.302725], "spotifycdn": [5.6139813333], "fetlife": [5.5263046667, 5.9823163333, 5.5681293333, 5.8479833333, 5.5772833333], "vimeocdn": [6.152879], "paypal": [6.486829], "newrelic": [5.5918446667], "guim": [5.6052233333], "businessinsider": [5.5694166667, 5.5843913333, 6.207317, 262.5712703333, 5.5882026667, 5.706183], "nr-data": [5.9601306667], "insider": [5.574226], "podbean": [5.760712], "istore": [5.592118, 5.5429596667, 5.5915263333, 5.5422426667], "jwpcdn": [5.9258793333], "datas3ntinel": [5.760712], "braze": [5.5759516667], "sassa-status": [5.7677823333], "launchdarkly": [5.574226], "krxd": [5.5605126667], "taboola": [5.568951], "tripadvisor": [6.046073, 5.806312, 6.050617, 5.5773113333, 6.3748623333], "disqus": [179.5681383333], "nytimes": [5.6800863333], "r9cdn": [5.582458], "mparticle": [5.8458973333, 5.5929916667, 5.6214996667, 5.5605126667, 5.597803], "scdn": [5.6458226667], "rsms": [5.652005, 6.0835063333], "speedcurve": [5.574226], "ssl-images-amazon": [5.908904], "swiftypecdn": [5.6290743333], "cheapflights": [5.5910216667, 5.539573, 5.5771013333, 5.639283], "busbud": [5.597803, 5.8458973333, 5.5929916667, 5.6214996667], "jsdelivr": [5.6782266667, 6.3945856667, 6.4208543333, 6.3157756667, 6.045506], "fastly": [5.5541046667], "guimcode": [5.6052233333], "sstatic": [5.5853616667, 5.5855693333, 5.79517, 5.617818], "reddit": [5.8010003333, 6.2308383333, 5.5355476667, 5.571853], "githubassets": [5.5764113333, 5.5415916667, 6.0698943333, 5.5345493333], "github": [5.525126, 5.570258, 5.605571, 5.8758593333, 257.0256523333, 5.8570356667], "blogherads": [170.945641], "guardianapps": [5.6052233333], "imgur": [171.0977253333], "ubembed": [5.7761336667], "nyt": [5.6800863333], "medallia": [5.8847093333], "imgix": [5.7480566667], "pxlecdn": [5.760712], "pixlee": [5.760712], "ads-twitter": [170.628357], "guardianapis": [5.6052233333], "redditstatic": [], "bidorbuy": [5.6533613333], "wikihow": [5.5263046667, 5.9823163333, 5.5681293333, 5.5772833333], "theguardian": [5.6177176667, 6.306909, 6.2731633333, 6.130753]}, "diff_metro": {"pinterest": [5.6699613333, 5.5622076667, 5.9340796667, 5.9224363333, 7.189149], "sentry-cdn": [5.5737376667, 5.6241516667, 5.5689273333, 5.6670133333], "meredithcorp": [5.6255663333, 6.1527166667, 5.5857416667, 5.5536893333], "tacdn": [5.816332, 5.618473, 5.5760926667, 5.6168513333], "klaviyo": [5.597803, 5.8458973333, 5.5929916667, 5.6214996667], "prismic": [178.2475416667], "tiendeo": [5.5906406667, 5.5984, 5.5611176667, 170.302725, 6.2640436667], "spotifycdn": [171.0253086667], "fetlife": [5.5263046667, 5.5772833333, 5.9823163333, 5.5681293333], "vimeocdn": [171.6063726667, 178.2452843333], "paypal": [5.819525], "newrelic": [5.6255663333, 5.5857416667, 5.5536893333, 6.1527166667], "guim": [5.6177176667, 6.306909, 6.2731633333, 6.130753], "businessinsider": [5.5694166667, 5.5806613333, 5.5843913333, 6.207317, 5.6154716667, 177.372995, 5.706183, 6.1639816667, 5.7852666667], "nr-data": [5.9601306667], "insider": [5.6241516667, 5.5737376667, 5.6670133333, 5.5689273333], "podbean": [5.5906406667, 5.5984, 6.2640436667, 5.5611176667], "istore": [5.592118, 5.5429596667, 5.5915263333, 5.5422426667], "jwpcdn": [5.9258793333], "datas3ntinel": [5.5906406667, 5.5984, 6.2640436667, 5.5611176667], "braze": [6.135273, 5.6191616667, 5.977921, 5.585486], "sassa-status": [5.7677823333], "launchdarkly": [5.6241516667, 5.5737376667, 5.6670133333, 5.5689273333], "krxd": [5.8458973333, 5.5929916667, 5.6214996667, 5.5605126667, 5.597803], "taboola": [5.613425, 6.1477933333, 5.568951, 5.814979, 5.9944173333], "tripadvisor": [5.565008, 5.582151, 6.046073, 6.050617, 5.5773113333, 5.6567543333, 6.3700783333, 6.3748623333], "disqus": [177.2431203333, 179.5681383333, 177.2454583333], "nytimes": [5.6346816667, 5.5387393333, 5.6163363333, 5.5769463333], "r9cdn": [5.5910216667, 5.539573, 5.5771013333, 5.639283], "mparticle": [5.597803, 5.8458973333, 5.5929916667, 5.6214996667], "scdn": [5.6458226667], "rsms": [5.652005, 6.0835063333], "speedcurve": [5.5737376667, 5.6241516667, 5.6670133333, 5.574226, 5.5689273333], "ssl-images-amazon": [5.908904], "swiftypecdn": [5.600038, 5.5562796667, 5.6273346667, 5.5517696667], "cheapflights": [5.5910216667, 5.539573, 5.5771013333, 5.639283], "busbud": [5.597803, 5.8458973333, 5.5929916667, 5.6214996667], "jsdelivr": [5.6782266667, 6.3945856667, 6.4208543333, 6.3157756667, 6.045506], "fastly": [5.583661, 5.6729433333, 5.567498, 7.095366], "guimcode": [5.6052233333], "sstatic": [5.5853616667, 5.5855693333, 5.79517, 5.617818], "reddit": [5.8010003333, 6.2308383333, 5.5355476667, 5.571853], "githubassets": [5.5764113333, 5.5415916667, 6.0698943333, 5.5345493333], "github": [5.525126, 5.570258, 5.605571, 5.8758593333, 248.5051793333, 5.8570356667], "blogherads": [170.945641], "guardianapps": [5.6177176667, 6.306909, 6.2731633333, 6.130753], "imgur": [171.0977253333], "ubembed": [5.5753096667, 6.221304, 5.5714566667, 5.554121], "nyt": [5.6800863333], "medallia": [177.2067036667], "imgix": [170.3123556667], "pxlecdn": [5.5906406667, 5.5984, 6.2640436667, 5.5611176667], "pixlee": [5.5906406667, 5.5984, 6.2640436667, 5.5611176667], "ads-twitter": [170.628357], "guardianapis": [5.6177176667, 6.306909, 6.2731633333, 6.130753], "redditstatic": [], "bidorbuy": [5.6533613333], "wikihow": [5.5263046667, 5.5772833333, 5.9823163333, 5.5681293333], "theguardian": [5.6177176667, 6.306909, 6.2731633333, 6.130753]}, "same_region": {"pinterest": [5.5159976667], "sentry-cdn": [5.6241516667, 5.5737376667, 5.6670133333, 5.5689273333], "meredithcorp": [], "tacdn": [5.739958], "klaviyo": [5.5605126667], "prismic": [], "tiendeo": [5.760712], "spotifycdn": [], "fetlife": [], "vimeocdn": [], "paypal": [], "newrelic": [5.5918446667], "guim": [5.6052233333], "businessinsider": [5.5882026667], "nr-data": [5.6957503333], "insider": [], "podbean": [], "istore": [], "jwpcdn": [], "datas3ntinel": [5.760712], "braze": [5.5759516667], "sassa-status": [], "launchdarkly": [5.574226], "krxd": [], "taboola": [], "tripadvisor": [5.806312], "disqus": [], "nytimes": [], "r9cdn": [5.582458], "mparticle": [5.597803, 5.8458973333, 5.5929916667, 5.6214996667], "scdn": [5.6458226667], "rsms": [], "speedcurve": [5.574226], "ssl-images-amazon": [5.908904], "swiftypecdn": [5.6290743333], "cheapflights": [5.5910216667, 5.539573, 5.5771013333, 5.639283], "busbud": [], "jsdelivr": [], "fastly": [], "guimcode": [], "sstatic": [], "reddit": [], "githubassets": [], "github": [5.605571, 5.570258, 5.525126, 5.8758593333], "blogherads": [], "guardianapps": [], "imgur": [], "ubembed": [], "nyt": [], "medallia": [], "imgix": [], "pxlecdn": [], "pixlee": [], "ads-twitter": [], "guardianapis": [], "redditstatic": [], "bidorbuy": [], "wikihow": [5.5263046667, 5.9823163333, 5.5681293333, 5.5772833333], "theguardian": []}, "neighboring_subregion": {"pinterest": [5.9340796667, 5.9224363333, 5.5622076667, 5.6699613333], "sentry-cdn": [5.6241516667, 5.5737376667, 5.6670133333, 5.5689273333], "meredithcorp": [5.6255663333, 5.5857416667, 5.5536893333, 6.1527166667], "tacdn": [5.816332, 5.618473, 5.5760926667, 5.6168513333], "klaviyo": [5.597803, 5.8458973333, 5.5929916667, 5.6214996667], "prismic": [178.1836033333], "tiendeo": [5.5906406667, 5.5984, 5.5611176667, 170.302725, 6.2640436667], "spotifycdn": [177.594656], "fetlife": [5.5263046667, 5.5772833333, 5.9823163333, 5.5681293333], "vimeocdn": [178.0537383333], "paypal": [5.819525], "newrelic": [5.6255663333, 5.5857416667, 5.5536893333, 6.1527166667], "guim": [5.6177176667, 6.306909, 6.2731633333, 6.130753], "businessinsider": [5.5694166667, 5.5806613333, 5.5843913333, 6.207317, 5.6154716667, 5.706183, 6.1639816667, 5.7852666667, 177.1872256667], "nr-data": [5.9601306667],