{"r9cdn": [5.539573, 5.639283, 5.5771013333, 5.5910216667], "vimeocdn": [171.6063726667, 178.2452843333], "sentry-cdn": [5.6670133333, 5.5689273333, 5.6241516667, 5.5737376667], "rsms": [5.652005, 6.0835063333], "klaviyo": [5.5929916667, 5.6214996667, 5.597803, 5.8458973333], "mparticle": [5.5929916667, 5.6214996667, 5.597803, 5.8458973333], "disqus": [177.2431203333, 179.5681383333, 177.2454583333], "imgix": [170.3123556667], "istore": [5.5422426667, 5.592118, 5.5429596667, 5.5915263333], "guardianapis": [6.2731633333, 5.6177176667, 6.306909, 6.130753], "github": [5.8570356667, 5.605571, 248.5051793333, 5.525126, 5.8758593333, 5.570258], "nr-data": [5.9601306667], "businessinsider": [5.5806613333, 5.7852666667, 6.1639816667, 177.372995, 5.5694166667, 5.5843913333, 5.6154716667, 5.706183, 6.207317], "bidorbuy": [5.6533613333], "ssl-images-amazon": [5.908904], "ads-twitter": [170.628357], "speedcurve": [5.5689273333, 5.6241516667, 5.574226, 5.5737376667, 5.6670133333], "spotifycdn": [171.0253086667], "paypal": [5.819525], "theguardian": [6.2731633333, 5.6177176667, 6.306909, 6.130753], "swiftypecdn": [5.5517696667, 5.600038, 5.5562796667, 5.6273346667], "insider": [5.6670133333, 5.5737376667, 5.6241516667, 5.5689273333], "nytimes": [5.5387393333, 5.5769463333, 5.6163363333, 5.6346816667], "krxd": [5.5929916667, 5.597803, 5.5605126667, 5.6214996667, 5.8458973333], "newrelic": [6.1527166667, 5.5536893333, 5.6255663333, 5.5857416667], "pinterest": [5.6699613333, 5.9340796667, 7.189149, 5.9224363333, 5.5622076667], "guim": [6.2731633333, 5.6177176667, 6.306909, 6.130753], "nyt": [5.6800863333], "meredithcorp": [6.1527166667, 5.6255663333, 5.5536893333, 5.5857416667], "busbud": [5.5929916667, 5.6214996667, 5.597803, 5.8458973333], "blogherads": [170.945641], "scdn": [5.6458226667], "jsdelivr": [6.3157756667, 6.3945856667, 5.6782266667, 6.045506, 6.4208543333], "githubassets": [5.5345493333, 5.5415916667, 6.0698943333, 5.5764113333], "guimcode": [5.6052233333], "guardianapps": [6.2731633333, 5.6177176667, 6.306909, 6.130753], "imgur": [171.0977253333], "tiendeo": [6.2640436667, 5.5906406667, 5.5611176667, 5.5984, 170.302725], "fetlife": [5.5263046667, 5.9823163333, 5.5681293333, 5.5772833333], "datas3ntinel": [5.5906406667, 6.2640436667, 5.5611176667, 5.5984], "tripadvisor": [5.6567543333, 6.3748623333, 6.3700783333, 5.582151, 5.5773113333, 6.050617, 6.046073, 5.565008], "braze": [5.977921, 5.6191616667, 5.585486, 6.135273], "taboola": [5.568951, 5.613425, 5.814979, 6.1477933333, 5.9944173333], "redditstatic": [], "medallia": [177.2067036667], "tacdn": [5.5760926667, 5.6168513333, 5.816332, 5.618473], "ubembed": [5.5753096667, 5.5714566667, 6.221304, 5.554121], "fastly": [7.095366, 5.567498, 5.6729433333, 5.583661], "wikihow": [5.5263046667, 5.9823163333, 5.5681293333, 5.5772833333], "pxlecdn": [5.5906406667, 6.2640436667, 5.5611176667, 5.5984], "sstatic": [5.5853616667, 5.79517, 5.5855693333, 5.617818], "podbean": [5.5906406667, 6.2640436667, 5.5611176667, 5.5984], "cheapflights": [5.539573, 5.639283, 5.5771013333, 5.5910216667], "reddit": [5.8010003333, 5.5355476667, 5.571853, 6.2308383333], "jwpcdn": [5.9258793333], "pixlee": [5.5906406667, 6.2640436667, 5.5611176667, 5.5984], "prismic": [178.2475416667], "sassa-status": [5.7677823333], "launchdarkly": [5.6670133333, 5.5737376667, 5.6241516667, 5.5689273333]}