{"r9cdn": [277.888747], "vimeocdn": [345.644721], "sentry-cdn": [5.6670133333, 5.5689273333, 5.6241516667, 5.5737376667], "rsms": [5.652005, 6.0835063333], "klaviyo": [294.104758], "mparticle": [5.5929916667, 5.597803, 175.5737233333, 5.6214996667, 5.8458973333], "disqus": [177.2221673333], "imgix": [331.3865556667], "istore": [5.5422426667, 5.592118, 5.5429596667, 5.5915263333], "guardianapis": [331.816369], "github": [5.605571, 248.5051793333, 5.525126, 5.8758593333, 290.2447043333, 5.570258], "nr-data": [5.9601306667], "businessinsider": [177.1872256667, 5.5694166667, 5.5843913333, 5.706183, 282.7599316667, 6.207317], "bidorbuy": [280.623867], "ssl-images-amazon": [313.8924483333], "ads-twitter": [324.558886], "speedcurve": [281.670392], "spotifycdn": [280.6316776667], "paypal": [237.043601], "theguardian": [6.2731633333, 5.6177176667, 6.306909, 6.130753], "swiftypecdn": [329.2572156667], "insider": [281.670392], "nytimes": [329.8846196667], "krxd": [294.104758], "newrelic": [342.598354], "pinterest": [282.1108786667, 332.4774363333], "guim": [331.816369], "nyt": [329.8846196667], "meredithcorp": [342.598354], "busbud": [5.5929916667, 5.6214996667, 5.597803, 5.8458973333], "blogherads": [177.2741116667], "scdn": [277.7358923333], "jsdelivr": [279.9271836667], "githubassets": [5.5345493333, 5.5415916667, 6.0698943333, 5.5764113333], "guimcode": [331.816369], "guardianapps": [331.816369], "imgur": [181.807367], "tiendeo": [170.302725, 330.6784226667], "fetlife": [5.5263046667, 5.5772833333, 282.3031913333, 5.5681293333, 5.9823163333], "datas3ntinel": [330.6784226667], "tripadvisor": [6.3748623333, 5.5773113333, 278.3922376667, 6.046073, 6.050617], "braze": [280.2119613333], "taboola": [328.095693], "redditstatic": [], "medallia": [179.5460796667], "tacdn": [346.4257963333], "ubembed": [328.1147933333], "fastly": [332.3007216667], "wikihow": [5.5772833333, 5.5263046667, 5.9823163333, 5.5681293333], "pxlecdn": [330.6784226667], "sstatic": [5.5853616667, 5.79517, 5.617818, 5.5855693333], "podbean": [330.6784226667], "cheapflights": [5.539573, 5.639283, 5.5771013333, 5.5910216667], "reddit": [5.8010003333, 5.5355476667, 5.571853, 6.2308383333], "jwpcdn": [320.4263663333], "pixlee": [330.6784226667], "prismic": [331.3865556667], "sassa-status": [5.7677823333], "launchdarkly": [281.670392]}