{"doubleclick": [168.923525, 168.8573926667, 168.871002, 168.1804453333, 168.0926093333, 168.874423], "jobs-bear": [5.6378983333, 5.6730333333, 169.1517616667, 5.65031, 58.1804673333, 5.6326896667], "bounceexchange": [5.5761943333], "eskimi": [5.6583266667], "googlesyndication": [5.5853946667, 5.6062413333], "bidswitch": [255.5702743333], "adjust": [5.674553], "google": [6.4049586667, 168.1001313333, 168.850429, 168.112314, 168.0853233333, 5.801409, 168.1804453333, 168.9361636667, 168.8486066667, 5.6496113333, 168.0906716667, 5.6158963333, 168.285776, 168.848506, 168.8207006667], "perfdrive": [5.6433446667, 5.776354], "youtube": [6.4049586667, 5.6496113333, 168.848506, 5.801409], "rtbhouse": [6.244897], "sayouth": [168.0722693333], "sojern": [5.5834546667], "firebaseio": [6.3561556667], "openx": [5.8492336667, 6.3217823333, 5.749765, 5.8695573333], "instana": [5.655501], "recaptcha": [5.5923733333], "sportradarserving": [255.8342686667], "impactcdn": [6.193142], "livescore": [5.6217863333, 5.7176983333, 5.781525, 5.6691496667, 5.6537476667], "snapchat": [5.8450553333], "spotify": [5.6713313333, 6.1726783333], "openxcdn": [6.2984173333], "googleapis": [168.879026, 5.7189166667, 5.8435673333, 54.6016143333, 58.326762, 54.64952, 54.5493946667], "petametrics": [5.6820863333], "gstatic": [5.6563013333, 244.5345746667, 5.801409, 168.8486066667, 5.6496113333, 244.5843076667, 5.5923733333], "mookie1": [5.6510833333], "optimove": [5.6958646667], "btloader": [5.8254156667], "secretmatchclub": [5.6750483333], "impresee": [5.6178283333], "sentry": [256.4562483333, 6.1954383333], "woesflirts": [5.6750483333], "jobrapido": [6.0807], "withgoogle": [5.6400916667], "2mdn": [168.923525], "chess": [5.6206433333], "pepstores": [6.018363], "rlcdn": [6.17782, 5.937639], "33across": [5.625715], "24": [5.6730333333, 5.6378983333, 5.65031, 5.6326896667], "doubleclickbygoogle": [5.6730333333, 5.6378983333, 5.65031, 5.6326896667], "allbursaries": [175.2457383333], "brand-display": [5.63228], "browser-intake-datadoghq": [6.038327], "chatlayer": [168.1034493333], "px-cloud": [5.8343456667], "soccer24": [5.6285183333], "conditioncrush": [5.6372916667], "googleusercontent": [5.5853946667, 58.077072, 5.68882], "simpli": [171.358828, 172.11329, 172.0108366667], "googletagservices": [], "blogspot": [168.8912543333], "prmutv": [6.3371183333], "verzameldietoestemming": [168.886228], "px-client": [5.8343456667], "pghub": [5.6898126667], "nrk": [5.5956456667], "mythad": [5.6517033333], "bugsnag": [5.6848733333], "mxpnl": [5.7207813333, 5.6145166667], "permutive": [6.4603123333], "flashscore": [5.6663713333, 5.7176983333], "bluecava": [5.8806843333], "mixpanel": [5.6546773333, 5.6082846667, 5.6147966667, 5.6597673333], "seedtag": [5.6651683333], "tradeinn": [6.247557, 5.5517993333], "scorenga": [5.5963576667], "clean": [6.3143523333], "translately": [6.1213696667], "ivitrack": [5.601045], "googleoptimize": [5.6496113333], "ackermans": [5.6977346667], "media": [6.5086236667, 5.6180333333], "cdnware": [5.6638766667], "googleadservices": [5.6158963333], "best-jobs-online": [58.1804673333], "cloudfunctions": [6.3230523333], "bet": [5.6730333333, 5.6378983333, 5.65031, 5.6326896667], "shopifycloud": [256.439895], "luckyorange": [6.0858396667], "ampproject": [168.8912543333], "sportsmanswarehouse": [5.6649026667], "creativecdn": [5.6964673333], "googletagmanager": [168.1863816667], "uber": [6.1956816667]}