{"doubleclick": [253.037495, 251.460166, 168.8734436667, 168.906973, 162.4117103333, 168.9009666667, 169.0661183333], "jobs-bear": [5.6378983333, 5.6730333333, 5.65031, 251.7370563333, 162.3989763333, 5.6326896667], "bounceexchange": [5.5761943333], "eskimi": [5.6583266667], "googlesyndication": [252.728416, 253.037495, 163.1862303333, 163.1810786667, 163.1769246667, 253.9402363333, 162.4976453333, 251.5428013333], "bidswitch": [176.1357646667, 175.361247, 175.713622, 176.3144006667, 176.1573206667, 176.0796096667, 176.0942483333, 175.3955953333], "adjust": [5.674553], "google": [237.845166, 238.533782, 167.557249, 253.1492813333, 252.8297123333, 251.5428013333, 237.5580366667, 163.204743, 237.643902, 251.578245, 253.240973, 239.0382346667, 238.6707926667, 163.2297576667], "perfdrive": [5.6433446667, 5.776354], "youtube": [253.240973, 252.8297123333], "rtbhouse": [6.244897], "sayouth": [168.0722693333], "sojern": [5.5834546667], "firebaseio": [6.3561556667], "openx": [5.8492336667, 6.3217823333, 5.749765, 5.8695573333], "instana": [], "recaptcha": [251.727414], "sportradarserving": [175.9205326667, 175.9907363333, 175.809071, 175.973155, 175.9582713333, 176.0584683333], "impactcdn": [6.193142], "livescore": [5.6217863333, 5.7176983333, 5.781525, 5.6691496667, 5.6537476667], "snapchat": [5.8450553333], "spotify": [5.6713313333, 6.1726783333], "openxcdn": [6.2984173333], "googleapis": [175.4881826667, 176.2148216667, 175.1652503333, 175.1314003333, 175.159462, 175.189652, 175.413061, 174.8984746667, 175.1676533333, 175.4780613333, 174.872006, 175.1852593333, 175.248767, 175.4298603333, 251.8931896667, 175.4978326667, 175.1442326667, 175.4246373333, 175.193522, 174.9142143333, 175.0003783333, 251.8014796667, 175.1662886667], "petametrics": [5.6820863333], "gstatic": [251.727414, 163.212094, 244.8585046667, 251.8931896667, 253.240973, 244.5818806667], "mookie1": [5.6510833333], "optimove": [5.6958646667], "btloader": [5.8254156667], "secretmatchclub": [5.6750483333], "impresee": [], "sentry": [256.4562483333, 6.1954383333], "woesflirts": [], "jobrapido": [6.0807], "withgoogle": [175.419823], "2mdn": [251.460166], "chess": [5.6206433333], "pepstores": [6.018363], "rlcdn": [6.17782, 5.937639], "33across": [5.625715], "24": [], "doubleclickbygoogle": [5.6730333333, 5.6378983333, 5.65031, 5.6326896667], "allbursaries": [175.2457383333], "brand-display": [5.63228], "browser-intake-datadoghq": [6.038327], "chatlayer": [168.1034493333], "px-cloud": [5.8343456667], "soccer24": [5.6285183333], "conditioncrush": [5.6372916667], "googleusercontent": [175.168351, 253.9402363333], "simpli": [171.358828, 172.11329, 172.0108366667], "googletagservices": [], "blogspot": [252.728416], "prmutv": [6.3371183333], "verzameldietoestemming": [168.886228], "px-client": [5.8343456667], "pghub": [5.6898126667], "nrk": [5.5956456667], "mythad": [5.6517033333], "bugsnag": [5.6848733333], "mxpnl": [], "permutive": [6.4603123333], "flashscore": [5.6663713333, 5.7176983333], "bluecava": [5.8806843333], "mixpanel": [], "seedtag": [5.6651683333], "tradeinn": [6.247557, 5.5517993333], "scorenga": [5.5963576667], "clean": [6.3143523333], "translately": [6.1213696667], "ivitrack": [5.601045], "googleoptimize": [252.8297123333], "ackermans": [5.6977346667], "media": [6.5086236667, 5.6180333333], "cdnware": [5.6638766667], "googleadservices": [251.5428013333], "best-jobs-online": [175.231081], "cloudfunctions": [6.3230523333], "bet": [5.6730333333, 5.6378983333, 5.65031, 5.6326896667], "shopifycloud": [256.439895], "luckyorange": [6.0858396667], "ampproject": [252.728416], "sportsmanswarehouse": [5.6649026667], "creativecdn": [5.6964673333], "googletagmanager": [163.2702986667], "uber": [6.1956816667]}