{"doubleclick": [370.8509293333, 379.102734, 384.031384, 372.459678, 384.303912, 347.1333846667, 349.733128, 383.5754983333, 379.795113], "jobs-bear": [5.6378983333, 383.5452653333, 5.6730333333, 5.65031, 5.6326896667], "bounceexchange": [5.5761943333], "eskimi": [5.6583266667], "googlesyndication": [379.036576, 379.0134863333, 384.031384, 384.406189, 379.167343, 384.328045], "bidswitch": [255.5702743333], "adjust": [5.674553], "google": [383.5754293333, 350.1738263333, 382.808519, 383.6513023333, 383.2523973333, 349.0210683333, 380.4599966667, 382.7952096667, 346.8701546667, 382.8799546667, 383.919126, 349.469637, 386.6742023333, 379.1372386667, 372.4504033333, 378.9933053333, 380.5706326667, 379.0384906667, 372.378421, 383.281146], "perfdrive": [5.6433446667, 5.776354], "youtube": [383.919126, 380.9133266667, 386.6742023333, 382.7952096667, 383.281146, 381.3582546667, 384.7123636667, 384.4015636667, 383.2523973333, 383.542603, 378.9933053333, 383.558525, 384.0258273333, 380.5706326667, 380.5245123333, 385.8436116667], "rtbhouse": [6.244897], "sayouth": [168.0722693333], "sojern": [5.5834546667], "firebaseio": [6.3561556667], "openx": [5.8492336667, 6.3217823333, 5.749765, 5.8695573333], "instana": [5.655501], "recaptcha": [383.7170806667], "sportradarserving": [255.8342686667], "impactcdn": [6.193142], "livescore": [5.6217863333, 5.7176983333, 5.781525, 5.6691496667, 5.6537476667], "snapchat": [5.8450553333], "spotify": [5.6713313333, 6.1726783333], "openxcdn": [6.2984173333], "googleapis": [383.9231273333, 385.23594, 383.5875563333, 383.5508716667, 381.0359743333, 383.612849, 380.3625793333, 382.7890786667, 380.1585713333, 380.223681, 383.1728943333, 381.2851036667, 380.172368, 380.174834, 384.595792, 379.905139, 379.8148986667, 381.0081486667, 383.6713643333, 379.8176663333, 386.6451436667, 380.2530153333, 383.5890976667, 380.9203386667, 384.3354503333, 386.8377573333, 383.9510236667, 383.9519546667, 380.4940096667, 383.631474, 383.1531923333, 383.5577596667], "petametrics": [5.6820863333], "gstatic": [383.919126, 251.674862, 252.4799923333, 384.6899513333, 379.0017953333, 384.0258273333, 379.848521], "mookie1": [5.6510833333], "optimove": [5.6958646667], "btloader": [5.8254156667], "secretmatchclub": [5.6750483333], "impresee": [5.6178283333], "sentry": [256.4562483333, 6.1954383333], "woesflirts": [5.6750483333], "jobrapido": [6.0807], "withgoogle": [383.6056223333], "2mdn": [380.614788], "chess": [5.6206433333], "pepstores": [6.018363], "rlcdn": [6.17782, 5.937639], "33across": [5.625715], "24": [5.6730333333, 5.6378983333, 5.65031, 5.6326896667], "doubleclickbygoogle": [5.6730333333, 5.6378983333, 5.65031, 5.6326896667], "allbursaries": [175.2457383333], "brand-display": [5.63228], "browser-intake-datadoghq": [6.038327], "chatlayer": [168.1034493333], "px-cloud": [5.8343456667], "soccer24": [5.6285183333], "conditioncrush": [5.6372916667], "googleusercontent": [383.9052223333, 383.644241, 383.171629], "simpli": [256.8707526667, 256.3969136667, 256.595242], "googletagservices": [], "blogspot": [387.3790223333], "prmutv": [6.3371183333], "verzameldietoestemming": [168.886228], "px-client": [5.8343456667], "pghub": [5.6898126667], "nrk": [5.5956456667], "mythad": [5.6517033333], "bugsnag": [5.6848733333], "mxpnl": [5.7207813333, 5.6145166667], "permutive": [6.4603123333], "flashscore": [5.6663713333, 5.7176983333], "bluecava": [5.8806843333], "mixpanel": [5.6546773333, 5.6082846667, 5.6147966667, 5.6597673333], "seedtag": [5.6651683333], "tradeinn": [6.247557, 5.5517993333], "scorenga": [5.5963576667], "clean": [6.3143523333], "translately": [6.1213696667], "ivitrack": [5.601045], "googleoptimize": [384.7123636667], "ackermans": [5.6977346667], "media": [6.5086236667, 5.6180333333], "cdnware": [5.6638766667], "googleadservices": [380.4599966667], "best-jobs-online": [383.5452653333], "cloudfunctions": [6.3230523333], "bet": [5.6730333333, 5.6378983333, 5.65031, 5.6326896667], "shopifycloud": [256.439895], "luckyorange": [6.0858396667], "ampproject": [384.406189], "sportsmanswarehouse": [5.6649026667], "creativecdn": [5.6964673333], "googletagmanager": [383.9462463333], "uber": []}