{"hgtv": [131.1649163333, 131.117722, 140.8663836667, 141.0433176667, 130.253511, 141.0577803333], "intuit": [131.5740506667, 138.959685, 131.293455], "autotrader": [131.542843], "homedepot": [36.095292], "nortoncdn": [131.002378], "hilton": [], "optimizely": [131.0252056667, 131.3260533333, 130.699421, 131.7908423333, 161.7504666667, 134.4477726667, 0.219416, 132.1940553333], "att": [129.759616, 61.1871726667, 0.219416, 86.9888806667], "ancestrycdn": [34.7549453333, 34.8983016667], "foxnews": [130.8495, 123.5232196667], "rbxcdn": [131.4401373333, 135.8021773333, 131.3908543333, 131.5748346667, 131.0280763333, 134.9145476667, 131.3041683333], "scene7": [131.475961, 131.7132063333, 131.360656], "hrblock": [44.4257123333], "allegiantair": [142.1075543333, 141.2387123333, 141.0046593333, 140.9084386667], "tripadvisor": [34.3358426667, 34.8707646667, 34.5967806667, 35.2635953333], "walgreens": [53.597809, 43.8304376667, 54.3114, 48.3293273333], "bbc": [141.5428026667, 131.9782486667], "serving-sys": [0.219416], "apple-cloudkit": [132.031189], "xfinity": [131.4433403333, 130.9756903333, 139.172895, 131.239994], "oracleinfinity": [131.3775003333, 131.377766], "techlab-cdn": [131.129184, 131.5528406667], "dailymail": [131.2748456667, 0.219416], "royalcaribbean": [131.9864926667, 130.6971416667, 131.6808503333, 131.3218733333], "clmbtech": [0.219416], "nbcnews": [131.1447246667, 161.7256056667], "dotomi": [123.8930553333, 125.0399626667, 125.1657083333, 124.0889233333], "intuitcdn": [131.2738556667, 134.700796, 131.156506], "espn": [131.158352, 131.2383293333, 130.961781, 130.970768, 131.5821866667], "wellsfargo": [130.8955376667, 134.094173, 130.724434, 131.034834, 130.7837003333, 131.668289], "xbox": [131.2122373333, 226.9540386667, 44.3153606667, 131.1406003333, 156.2021583333, 81.840325, 47.0889243333], "arkadiumhosted": [131.3539226667, 130.6156096667, 131.874468, 130.9577556667], "steampowered": [131.3099496667], "guitarcenter": [131.2271596667, 131.4674256667, 131.129184, 161.74109], "yotpo": [130.6533983333, 131.5956076667], "secondlife": [131.4300146667, 131.0833313333, 131.2777066667, 131.13847], "mzstatic": [131.450646], "hsncdn": [130.928376, 131.0224376667], "orientaltrading": [131.0203866667], "cnbc": [131.394488], "go": [163.224043], "zennioptical": [131.5456736667, 45.4770123333], "tiktokcdn": [131.7491643333, 130.908507, 131.2926933333, 130.9020776667, 131.4651136667, 131.513721, 130.971556, 131.0111996667, 131.7068413333, 130.9835266667, 131.5704676667, 131.217185, 131.9756746667, 131.5860526667, 131.3745876667, 137.007423, 130.8805943333, 131.2404573333], "aliexpress": [140.6641036667, 161.3894646667, 45.631587, 131.5386393333, 45.5596116667, 130.0275093333], "vggcdn": [130.728192, 131.4882653333], "ypcdn": [130.9903103333], "draftkings": [131.2896336667, 131.3662913333, 131.1709846667, 130.974593], "liveperson": [0.219416, 131.1841743333], "mcdonalds": [], "turner": [131.122591, 134.5981423333, 131.9814196667], "hulu": [131.4992746667, 131.4882653333], "s-nbcnews": [129.493153], "peacocktv": [131.9864926667, 131.0861003333, 131.3989223333, 131.13847], "id": [130.8805786667, 131.464351, 131.6469876667, 131.1376376667], "rackcdn": [130.8749833333, 131.0971273333], "mwstatic": [131.2807393333], "tidaltv": [], "kargo": [0.219416], "americanexpress": [131.0380583333, 130.562758], "tesla": [131.110697], "cloudinary": [130.960612, 131.087419], "steamstatic": [130.982948, 131.7132063333, 137.4956343333, 131.2777066667, 130.7645066667, 131.13847, 131.360656, 131.1249003333], "espncdn": [131.1721476667, 131.5704163333, 131.2383293333, 131.6349866667, 130.99572, 130.970768, 132.3943883333, 131.3395156667], "dell": [61.5003766667, 131.0575966667, 61.5316756667], "nba": [131.1309743333, 131.4346503333, 131.578661], "michaels": [130.9675226667, 134.1515553333, 131.4674256667], "akamaihd": [131.3829656667, 0.219416, 130.9308396667, 131.0833313333, 131.7837763333, 131.551267, 130.7020676667], "schwab": [131.3424516667, 131.0119693333, 131.1649163333], "addthis": [0.219416], "moatads": [0.219416], "capitalone": [131.3645706667], "pstatic": [130.6950666667, 131.524181, 131.3478763333], "appsflyer": [0.219416], "microsoft": [130.7561066667, 226.9540386667, 44.3153606667, 156.2021583333, 81.840325, 47.0889243333, 131.4882653333, 131.1357416667], "bbci": [132.6639683333, 130.40406, 131.9782486667], "ebay": [131.075126, 130.9750843333, 131.3334916667], "singular": [130.9920973333, 0.219416, 130.9902726667], "smartadserver": [0.219416], "weather": [130.941185], "apple": [141.6092123333, 34.3711216667], "perimeterx": [135.617697], "lijit": [131.2033566667, 131.1376376667], "site": [131.4674256667, 131.3640656667], "mookie1": [0.219416], "amazon": [130.860347], "tiktok": [131.038017, 141.7688823333, 145.302406, 131.441553, 131.2177873333, 131.2089016667, 131.365217, 131.5506876667, 131.154643, 130.9675226667, 129.9465873333, 0.219416], "foxbusiness": [123.7680783333], "oreillyauto": [135.2757703333, 131.1910173333], "rubiconproject": [0.219416], "usajobs": [131.4557466667], "adoberesources": [131.017729], "oraclecloud": [130.4332473333, 162.9134783333], "lpsnmedia": [124.104763, 117.6682793333], "atgsvcs": [0.219416], "walmart": [131.6985523333, 0.219416], "gigya": [131.8708243333], "today": [], "adgrx": [0.219416], "cxense": [0.219416], "anm": [130.724434, 130.856641, 0.219416], "6sc": [130.7502965, 0.219416, 130.8805786667], "moatpixel": [0.219416, 131.565073], "adform": [0.219416], "outbrain": [0.219416], "ninthdecimal": [0.219416], "ldscdn": [141.724693], "appier": [0.219416], "innovid": [0.219416], "edmentum": [131.3357633333, 131.284008, 130.7645066667, 131.1070503333], "sascdn": [131.3218733333, 145.4538736667], "pch": [131.2397186667], "coremetrics": [0.219416], "coxautoinc": [131.1823893333, 130.856641], "irs": [50.337983], "alicdn": [161.3894646667, 130.9853113333, 131.5386393333, 132.4030356667], "casalemedia": [0.219416], "anrdoezrs": [0.219416], "dellcdn": [130.7842433333], "ups": [], "ex": [0.219416], "barclaycardus": [131.341362], "ebayimg": [130.116217], "qualtrics": [131.2062566667], "everesttech": [0.219416], "akstat": [0.219416, 131.0591293333], "cnn": [137.9468356667, 0.219416, 131.9814196667], "samsclub": [0.219416], "saksoff5th": [45.9470173333, 45.8014386667], "citi": [], "npr": [134.2723986667, 131.5360053333, 130.5440163333, 130.5131596667, 141.3380476667], "usbank": [131.5101106667, 131.1291623333, 131.16539], "kay": [131.409707], "rfihub": [0.219416], "insightexpressai": [0.219416], "newegg": [131.3103523333, 132.1589596667, 0.219416, 131.3866506667], "nflximg": [130.969403], "wfinterface": [131.3528796667, 131.4433403333], "concursolutions": [131.214365], "fwmrm": [0.219416], "teacherspayteachers": [34.4507723333, 34.339431, 49.456096], "turn": [0.219416], "adobe": [131.537275], "flightaware": [48.5225526667, 51.1432813333, 59.4917816667, 261.7845863333, 131.6426856667, 84.938151, 64.6937963333], "uline": [130.7561066667, 131.129184, 131.3866506667], "fncstatic": [131.464631], "gap": [131.4729696667], "zdbb": [0.219416], "akamaized": [130.867453, 131.350056, 132.1110006667, 131.0323956667, 131.341814, 131.114199, 131.2261856667, 130.9939646667, 131.0475766667, 0.219416, 131.6211393333], "rightinthebox": [131.0639913333, 133.115661], "heb": [130.7561066667, 131.4882653333], "ostkcdn": [131.513307], "foodnetwork": [131.320417, 130.7492826667, 141.2003513333, 130.0415913333, 131.351411, 141.9353326667], "media": [0.219416], "ebaystatic": [131.2906716667, 131.2904356667], "nike": [130.9756903333, 131.0022383333, 131.0335443333], "fandango": [151.523229], "connextra": [143.4239326667, 161.319438], "ashleyfurniture": [131.5680486667], "bkrtx": [0.219416], "wellsfargomedia": [130.1079593333], "teads": [0.219416, 131.83427], "monetate": [0.219416], "bluekai": [0.219416], "grouponcdn": [130.9589343333, 130.889831], "cnbcfm": [131.3410756667], "mathtag": [0.219416], "typekit": [130.970768, 0.219416, 131.2383293333], "samsung": [],