{"hgtv": [68.701609, 68.5571066667, 125.0535123333, 67.037304, 120.9502996667, 67.867558], "intuit": [116.0185466667, 116.181083, 115.8601783333], "autotrader": [167.5461413333], "homedepot": [36.095292], "nortoncdn": [116.172201], "hilton": [], "optimizely": [117.1637503333, 116.4036273333, 115.8221053333, 119.4754403333], "att": [61.1871726667, 119.1144933333, 119.9010333333, 86.9888806667], "ancestrycdn": [34.7549453333, 34.8983016667], "foxnews": [33.9170456667, 35.0024003333, 34.314045, 34.1297646667, 164.5910823333], "rbxcdn": [34.230438, 126.4357303333, 119.617474, 119.4877476667, 38.1209326667, 120.0980703333], "scene7": [116.3277253333, 119.4335266667, 115.9815326667, 116.165367], "hrblock": [44.4257123333], "allegiantair": [34.7628183333, 34.117575, 34.5383403333, 34.773093], "tripadvisor": [34.3358426667, 34.8707646667, 34.5967806667, 35.2635953333], "walgreens": [43.8304376667, 48.3293273333, 54.3114, 53.597809], "bbc": [115.8803466667], "serving-sys": [120.2953553333, 126.4357303333], "apple-cloudkit": [116.0503193333], "xfinity": [116.1853116667, 116.125767, 115.7979953333], "oracleinfinity": [119.592887], "techlab-cdn": [116.2519583333, 115.915772], "dailymail": [116.012258, 116.5626956667], "royalcaribbean": [120.140375, 120.0980703333, 284.8871323333, 289.3050273333], "clmbtech": [119.4345446667, 125.0535123333], "nbcnews": [116.2244636667, 117.308123], "dotomi": [35.3567286667], "intuitcdn": [119.7289996667, 116.385269, 126.5245513333], "espn": [120.140375, 120.2953553333, 146.301468, 119.5623063333], "wellsfargo": [116.158091, 116.6322343333, 115.9783843333, 161.2687423333, 115.7014093333, 627.375656], "xbox": [226.9540386667, 44.3153606667, 156.2021583333, 81.840325, 119.9526086667, 47.0889243333], "arkadiumhosted": [118.217341, 119.8592196667, 119.882874, 116.405189], "steampowered": [116.0742086667], "guitarcenter": [116.4103106667, 66.0606893333, 115.448689, 115.849507], "yotpo": [115.67677], "secondlife": [116.093325, 120.2953553333, 116.4313996667, 119.5623063333], "mzstatic": [116.1955113333], "hsncdn": [115.6837936667], "orientaltrading": [], "cnbc": [116.40377], "go": [115.6842066667], "zennioptical": [116.143979, 45.670469], "tiktokcdn": [119.1704616667, 119.8877206667, 119.645399, 125.0466433333, 119.5426203333, 120.165553, 120.1744766667, 119.4591583333, 119.8196353333, 120.0282406667, 119.912862, 119.776274, 119.354454, 121.0981153333, 119.7427513333, 119.2931196667, 119.8609526667, 119.375641, 119.5093476667, 120.2142853333], "aliexpress": [140.6641036667, 117.721381, 45.631587, 116.0659823333, 45.5596116667, 130.0275093333], "vggcdn": [116.2519583333, 116.2642263333, 115.635817], "ypcdn": [116.0318], "draftkings": [116.0950463333, 116.3225193333], "liveperson": [247.888961, 34.3109186667, 34.7212213333, 34.3980646667, 34.5147156667], "mcdonalds": [], "turner": [119.1762063333, 116.208302, 119.235445], "hulu": [116.2519583333, 116.405189, 115.635817], "s-nbcnews": [120.1957883333], "peacocktv": [204.5361893333, 116.4452596667, 203.2238283333, 117.403511], "id": [115.9783843333, 116.125767], "rackcdn": [116.4048826667, 120.0664626667], "mwstatic": [65.6466126667], "tidaltv": [], "kargo": [116.4512236667, 115.9375653333], "americanexpress": [131.5052753333, 116.414517], "tesla": [116.319093], "cloudinary": [35.056048, 120.2662, 34.6253043333], "steamstatic": [120.2953553333, 146.301468, 116.6367266667, 120.0980703333, 116.4888026667], "espncdn": [120.2953553333, 119.5623063333, 120.140375, 146.301468, 120.0980703333], "dell": [61.5003766667, 61.5316756667, 119.7481846667], "nba": [115.9629546667, 115.9718836667], "michaels": [116.3865206667, 119.3169123333, 116.520187], "akamaihd": [116.093325, 119.720042, 116.4313996667, 120.3866723333, 116.1744236667, 115.9775133333, 116.2214466667, 138.7995996667], "schwab": [116.2184173333, 116.1238183333, 119.625399], "addthis": [119.904977, 120.9264016667], "moatads": [116.223663], "capitalone": [116.202119], "pstatic": [115.8090956667, 116.3159153333, 116.2442023333], "appsflyer": [116.235183, 116.3933813333], "microsoft": [226.9540386667, 44.3153606667, 115.915772, 156.2021583333, 81.840325, 118.217341, 47.0889243333, 116.4725926667], "bbci": [115.8803466667], "ebay": [119.1009583333, 116.3594653333, 116.6789116667], "singular": [120.140375, 120.2953553333, 120.0980703333, 119.5623063333], "smartadserver": [65.1231016667, 65.993947, 64.8319843333, 64.9395293333, 64.6164026667, 64.9728036667], "weather": [116.2104773333], "apple": [115.813401, 34.3711216667], "perimeterx": [188.2167253333], "lijit": [116.6245176667, 116.062456], "site": [119.3169123333, 116.405189], "mookie1": [179.8527143333], "amazon": [164.686191], "tiktok": [116.2642263333, 117.403511, 116.4313996667, 116.2519583333, 116.3671236667, 157.652158, 146.301468, 120.0980703333, 115.9775133333, 163.9091583333, 116.2502133333, 164.0372743333, 116.317386, 116.4452596667, 138.7995996667, 163.7684623333, 116.3209533333], "foxbusiness": [165.3915373333], "oreillyauto": [116.7339213333, 66.6856433333], "rubiconproject": [119.4096716667, 47.0106443333, 44.7986366667, 115.9816856667, 124.7136493333, 125.027893, 82.718301, 51.9915893333, 47.5731333333, 45.5685276667, 46.0800256667, 45.7320686667, 45.6480223333, 46.086009, 48.5317983333, 45.2873946667, 45.914666, 83.332752, 45.646279, 45.909907], "usajobs": [116.3908666667], "adoberesources": [115.7846463333], "oraclecloud": [120.0668393333], "lpsnmedia": [249.8495816667, 48.4728206667], "atgsvcs": [115.6721033333], "walmart": [65.681104, 115.9616583333], "gigya": [119.790973], "today": [], "adgrx": [48.3813393333, 49.1368923333, 49.0623196667, 119.994908, 48.6017676667, 48.6416823333, 49.0541096667, 48.5056933333, 48.164719], "cxense": [115.7690243333], "anm": [116.1899723333, 120.0907756667, 123.376098], "6sc": [115.9254386667, 119.677701], "moatpixel": [116.293538, 116.3550326667], "adform": [116.3213433333, 116.1859086667], "outbrain": [116.4032133333, 119.570154], "ninthdecimal": [50.219155], "ldscdn": [116.5638646667], "appier": [], "innovid": [116.2399693333], "edmentum": [116.3138373333, 116.6367266667, 124.059157, 119.8195486667], "sascdn": [116.6748066667, 115.8524666667], "pch": [119.5279433333], "coremetrics": [164.185792, 164.04278], "coxautoinc": [116.1656086667, 116.4555156667], "irs": [66.721639], "alicdn": [116.2530943333, 117.721381, 117.9136116667], "casalemedia": [85.121891], "anrdoezrs": [], "dellcdn": [126.000371], "ups": [], "ex": [120.0632886667, 135.23826], "barclaycardus": [120.2167126667], "ebayimg": [35.2702076667, 34.6751993333, 35.054346, 38.693704], "qualtrics": [115.861659], "everesttech": [], "akstat": [116.309072], "cnn": [116.208302], "samsclub": [49.1177926667], "saksoff5th": [45.6980133333, 45.5050106667], "citi": [], "npr": [119.0070126667, 164.6130646667, 164.2598733333, 157.6610633333, 158.6512383333], "usbank": [116.0769016667, 129.8697803333, 115.7014093333], "kay": [116.460026, 119.3330453333], "rfihub": [50.0933676667], "insightexpressai": [118.8149453333], "newegg": [116.2642263333, 123.094193, 116.3872403333, 115.635817], "nflximg": [119.515152], "wfinterface": [116.3225193333, 115.8468476667], "concursolutions": [116.0871876667], "fwmrm": [], "teacherspayteachers": [34.4507723333, 34.339431], "turn": [50.2590476667, 89.8139016667], "adobe": [116.1421106667], "flightaware": [48.5225526667, 51.1432813333, 59.4917816667, 261.7845863333, 131.6426856667, 84.938151, 64.6937963333], "uline": [116.4103106667, 116.2642263333, 115.849507], "fncstatic": [119.3836386667], "gap": [115.9953123333], "zdbb": [116.2184173333, 115.967064], "akamaized": [120.283815, 119.799274, 119.731465, 119.3993993333, 119.386631, 120.029975, 119.6511633333, 120.1369936667, 119.6301603333, 116.4961263333, 120.0121616667, 119.3045286667, 119.6368026667, 119.2824136667, 119.4390153333, 119.693462, 122.9987343333], "rightinthebox": [115.835741, 115.9783843333], "heb": [115.915772, 118.217341], "ostkcdn": [34.9739626667, 35.122538, 34.5572, 34.778953],