{"xvideos-cdn": [169.2434993333, 168.945096, 169.709889, 169.3211106667, 169.2688623333, 169.6338503333, 169.1433623333, 169.453534, 169.3430223333, 169.4512636667], "userway": [63.6014163333, 64.1216646667], "qualaroo": [156.972667], "afcdn": [169.7309663333, 169.376459], "b-cdn": [156.972667], "iubenda": [65.3120876667], "consentmanager": [131.163284, 131.2798786667], "vntsm": [65.3120876667, 156.972667], "lngtdv": [192.5314393333, 169.007271], "cbrimages": [65.3120876667], "creativecdn": [192.5314393333, 169.376459], "literotica": [156.972667], "realsrv": [192.5314393333, 169.007271], "survicate": [156.972667], "aucdn": [169.7309663333, 169.007271], "exelator": [192.5314393333, 169.376459], "relevant-digital": [169.7309663333, 169.376459], "smartlook": [169.7309663333, 169.007271], "ravelrycache": [156.972667], "omappapi": [156.972667], "exosrv": [169.7309663333, 169.376459], "fandomwire": [156.972667], "adsessionserv": [156.972667]}