{"xvideos-cdn": [257.041564, 251.2116373333, 251.4265996667, 260.1357843333, 253.664439, 254.274876, 261.9370283333, 254.3120916667, 256.472141, 256.4291046667, 258.889269, 252.5211286667, 255.927967, 258.8441766667, 256.404747, 251.908782], "userway": [260.66267, 262.298566, 262.0835456667, 251.36396, 260.0154873333, 256.7300653333, 252.9707503333, 253.7056163333], "qualaroo": [294.754207], "afcdn": [260.66267, 262.0835456667, 260.249878, 260.0154873333, 256.4542043333, 256.7300653333, 259.673307, 260.4082846667], "b-cdn": [257.173615], "iubenda": [130.8050973333], "consentmanager": [130.5186906667, 133.1451163333, 130.326423, 130.8579423333, 131.1664786667], "vntsm": [294.754207, 255.7736853333], "lngtdv": [260.66267, 262.0835456667, 262.1311203333, 260.249878, 256.4542043333, 256.7300653333, 259.673307, 254.5614723333], "cbrimages": [254.7860766667], "creativecdn": [262.1311203333, 260.249878, 260.0154873333, 256.4542043333, 256.7300653333, 261.4123246667, 259.673307, 251.396465], "literotica": [294.754207], "realsrv": [262.298566, 251.36396, 260.249878, 260.0154873333, 260.6193553333, 252.9707503333, 260.4082846667, 264.8934113333], "survicate": [254.7860766667], "aucdn": [260.66267, 262.0835456667, 260.249878, 256.4542043333, 256.7300653333, 259.673307, 260.4082846667, 251.396465], "exelator": [262.1311203333, 262.0835456667, 260.249878, 260.0154873333, 256.4542043333, 260.6193553333, 259.673307, 251.396465], "relevant-digital": [260.66267, 262.298566, 262.0835456667, 260.249878, 256.7300653333, 252.9707503333, 260.4082846667, 254.5614723333], "smartlook": [262.1311203333, 262.298566, 260.249878, 256.4542043333, 261.4123246667, 259.673307, 254.5614723333, 264.8934113333], "ravelrycache": [250.5235253333], "omappapi": [251.6368606667], "exosrv": [262.298566, 253.7056163333, 260.6193553333, 252.9707503333, 261.4123246667, 259.673307, 260.4082846667, 254.5614723333], "fandomwire": [254.7860766667], "adsessionserv": [250.220926]}