{"amung": [0.219416], "politico": [34.2948673333, 35.7296193333], "hs-scripts": [36.1670496667, 35.408394, 364.1707273333, 35.3295283333, 34.7285993333], "leafly": [130.8686046667, 131.1137336667, 130.0870173333, 37.0346286667, 130.667288, 130.022086, 36.3198993333], "shopify": [35.6152123333], "ancestrycdn": [34.7549453333, 34.8983016667], "aquamanga": [35.4926063333, 35.314664, 35.5707986667], "casalemedia": [0.219416], "slickdealscdn": [35.5250383333, 36.586921], "mangago": [34.7609303333, 35.336249, 35.5084366667], "poki": [34.647186, 39.9413793333], "twinrdsrv": [0.219416], "imhentai": [34.837981, 37.696292, 35.5152536667], "onetrust": [34.8122823333, 35.3764916667, 34.815696, 35.35828, 0.219416], "petco": [34.801574, 34.853205], "quoracdn": [35.7242066667, 35.624673], "coursehero": [34.7982876667, 34.867717], "cinemark": [34.4579276667, 35.6285363333], "the-ozone-project": [0.219416], "listcrawler": [35.6191463333, 35.3009306667, 35.163697, 35.2360863333, 34.707095], "curseforge": [35.5694683333, 34.8297903333], "dianomi": [66.4532193333, 0.219416, 34.629837], "app-us1": [42.3689293333, 35.2469836667], "spine": [35.0550403333, 35.3889943333], "yourroyals": [34.669735, 35.2525693333], "furaffinity": [0.219416], "id5-sync": [0.219416], "foxnews": [35.418418, 35.5556006667], "gbqofs": [35.5073283333, 62.9276866667], "asurascans": [34.3067096667, 36.433555, 35.369647], "npttech": [0.219416], "4channel": [35.0902496667, 40.7366813333], "fextralife": [35.370934, 34.4630433333], "spankbang": [35.7057173333, 34.8727966667], "permutive": [35.4304903333, 34.834158, 35.3009306667, 35.2360863333, 0.219416], "qualtrics": [0.219416, 35.363014, 35.161151], "borderfree": [34.739425, 34.8381246667], "heavy-r": [35.2360863333, 35.3009306667], "fouanalytics": [0.219416], "grsm": [0.219416], "statcounter": [0.219416], "protectsubrev": [34.8739953333, 34.342504, 34.948866], "ad-delivery": [0.219416], "videoplayerhub": [35.253282, 36.3180193333, 0.219416, 36.553033], "doublelist": [38.380983, 35.23273], "thedevs": [34.7643063333, 34.8387006667], "clarip": [35.1926943333, 35.479114, 35.4109336667], "connatix": [0.219416], "horoscope": [35.3134716667, 34.3577866667], "media6degrees": [0.219416], "readingplus": [34.5826133333, 34.7316246667, 35.3685753333], "torn": [35.3691283333, 34.95627], "hcaptcha": [35.2387773333, 34.8103163333], "faphouse": [34.947726, 34.8661926667], "rent": [34.8919263333, 35.4556103333], "rule34": [35.1518536667, 35.407496, 35.0353063333, 35.369136, 34.814388], "bigideasmath": [35.2360863333, 35.3009306667], "onegamepics": [34.9300026667, 34.6674536667], "therapynotes": [35.2583293333, 34.594294], "ziprecruiter": [35.1770156667, 35.026134, 35.0325816667, 34.6796466667, 34.916994], "onesignal": [0.219416], "iconscout": [34.6919113333, 35.1135893333], "on3": [35.2570363333, 38.676924, 65.5720323333], "indeed": [34.5178686667, 34.611317, 0.219416], "xvideos-cdn": [35.849214, 34.5075686667], "wizardingworld": [], "hdporncomics": [35.2301916667, 35.6894476667, 35.450696], "hsadspixel": [34.7512096667, 37.808385, 35.4038746667, 34.7919296667, 34.7482136667], "mangabuddy": [48.3970816667, 48.763735], "weirdgloop": [35.2084086667, 35.198021, 34.8503673333], "polarcdn-engine": [35.0343113333, 36.1252526667], "webstaurantstore": [34.6336656667, 35.6191343333], "zdassets": [170.4001693333, 34.7561693333], "nearpod": [35.2360863333, 34.3955816667, 36.377745, 35.3009306667], "attn": [130.009956, 141.029682, 34.606437, 143.3833316667, 140.566569, 0.219416, 35.394161], "bunnycdn": [48.594618, 48.5075883333], "clevelandclinic": [35.177706, 35.5454633333], "cloudflareinsights": [0.219416], "dailydot": [34.8159733333, 35.005879], "hsleadflows": [0.219416], "discogs": [34.644079, 35.470148], "ssref": [34.988117, 35.1085123333], "tru": [0.219416], "hentaifox": [35.469269, 35.139548, 69.0461163333], "mindbodyonline": [35.2530656667, 35.4631506667, 35.1115026667, 35.3701013333], "sendinblue": [34.7194476667, 35.3184513333], "hsforms": [37.4621933333, 34.6643043333, 35.6301006667, 35.665176, 35.4681226667, 0.219416], "vimeo": [34.5855103333, 35.5755353333], "nexusmods": [35.3745523333, 34.837002], "spassets": [35.0001846667, 34.819989], "adcovery": [35.5489053333, 35.4259993333], "33across": [63.4963646667, 35.3951976667], "legitscript": [34.2948673333, 35.7296193333], "acsbapp": [35.405543, 0.219416, 35.4533496667, 34.7795276667], "discord": [35.317755, 35.2435483333, 35.3147926667, 35.900871, 35.4960946667], "crazygames": [35.5192306667, 35.466731], "rtbsuperhub": [37.028074, 36.1440336667], "bregato": [34.7978973333, 35.6353476667], "strpst": [35.304691, 34.903778], "afterpay": [35.223048, 34.7720793333], "symbolab": [34.909541, 34.601454], "instaimgs": [35.3708943333, 35.0482723333], "placehold": [34.8946556667, 34.9168], "f95zone": [], "btloader": [34.8868826667, 0.219416, 34.9771756667, 35.465463], "pokemondb": [49.8499526667, 36.4794636667, 41.9622253333], "drome6": [48.3413896667, 48.4546023333], "blackboardcdn": [35.1075913333, 35.377605], "srcdn": [35.308541, 35.6783576667, 34.7465303333], "curalate": [35.1105396667, 35.3465073333], "chaturbate": [34.5361863333, 34.733968], "ancestry": [34.7549453333, 34.8983016667], "pornone": [34.7089726667, 35.3018536667, 35.7544026667], "bangkazza": [48.534612, 48.1164833333], "instant": [0.219416], "yext-pixel": [35.376177, 35.514318], "atomicsearchwidget": [35.4259993333, 35.5489053333], "motherlessmedia": [48.279903, 48.390052], "embed": [35.623912, 35.5891956667], "dropboxstatic": [34.6190316667, 34.826461], "flixdot": [0.219416], "skipthegames": [34.7495183333, 34.9720626667, 34.7832243333], "techtarget": [0.219416], "wcofun": [35.5489053333, 35.4259993333], "highwebmedia": [34.6073726667, 35.5131426667, 34.3397876667, 35.455612], "businessinsider": [34.733382, 34.5667706667, 36.2681536667], "vhlcentral": [35.6515546667, 35.3333806667], "vpsvc": [34.8490143333, 35.0756503333], "fanfiction": [35.246661, 35.6251353333], "cloudinary": [130.960612], "lichess1": [35.3139576667, 34.7731716667, 40.8375083333], "hs-analytics": [0.219416], "mkklcdnv6temp": [35.432562, 35.3399846667, 34.923406], "luckyorange": [0.219416], "resetera": [34.8334686667, 38.1697806667, 34.7713606667], "ashleystewart": [0.219416], "partnerstack": [34.6599203333, 35.581204], "catapultx": [0.219416], "pierlinks": [40.6604256667, 37.0741536667], "theblast": [35.2360863333, 35.3009306667], "hscollectedforms": [0.219416], "funnyjunk": [35.233658, 35.3062563333], "milestoneinternet": [35.593333, 35.5268873333], "researchgate": [0.219416], "kwcdn": [34.8554203333, 34.922472], "wcostream": [40.0134783333, 34.6777946667, 35.4821153333], "teachyourmonster": [34.5246233333, 35.127407, 35.42569], "tribalfusion": [0.219416], "shop": [35.283215], "chess": [34.8913153333], "itsthevibe": [35.0948056667, 34.9719783333], "aryion": [53.057087, 48.3076786667], "hottopic": [34.7093226667, 35.0392913333], "fontawesome": [34.6158206667, 48.644303, 48.708074, 34.9613436667], "sportskeeda": [34.8087516667, 40.7119603333], "xlivrdr": [34.777535, 34.9562156667], "hubspot": [34.7023573333, 0.219416, 37.5285816667], "xlrdr": [34.777535, 34.9562156667], "4chan": [35.1179153333, 35.3170263333], "fapello": [35.3484116667, 34.8408963333, 34.8769586667], "doordash": [35.2848503333, 35.1415213333], "spacebattles": [35.323467, 35.3013026667], "streetmetrics": [48.384844, 48.4892926667], "vidazoo": [0.219416], "networkmanag": [35.0039063333, 0.219416, 35.5663123333, 34.8168183333], "trackcmp": [0.219416], "ultimate-guitar": [122.074179, 35.235994, 34.5083876667], "servicefusion": [], "trustedbanana": [], "radiantmediatechs": [34.8446506667, 35.931521, 34.6061563333], "britannica": [], "nhentai": [39.24467, 35.464581], "cookiepro": [363.9019456667, 34.8984753333, 0.219416], "mlb": [35.3339053333, 35.2559873333], "cloudflare": [34.7358646667, 35.5456623333, 34.94876, 35.682446, 34.8668276667, 34.676946], "jst": [0.219416], "doubleverify": [0.219416],