{"regions": [283.6787943333, 296.1149146667, 314.2481716667, 286.568006], "kmsmep": [310.7820663333, 293.062828, 297.9842246667, 301.533977], "imrworldwide": [290.1864676667, 304.998768, 292.6546203333, 290.8186476667, 290.6421166667, 354.4578196667, 303.9525436667, 295.0056633333, 308.225461, 293.2985336667, 297.1231463333, 309.7993596667], "sndcdn": [290.504959, 303.3080836667, 288.1282366667, 291.1736733333, 306.1269516667, 285.0901783333, 339.890663, 293.0509016667, 340.027267, 292.8062076667, 300.4472143333, 312.7787473333], "toyota": [51.1849266667], "sail-horizon": [281.2399086667, 278.6475686667, 297.1231463333, 284.127997], "membean": [307.2597086667, 442.1340453333, 299.4399083333, 284.972004], "the-sun": [289.1855793333, 295.9830896667, 287.457474, 306.207455], "t-mobile": [287.8682133333, 191.2426693333, 145.243988, 144.7696013333, 293.3941786667, 360.0980183333, 292.612884, 145.1295716667], "pbxai": [295.6718156667, 303.9562023333, 277.7486013333, 288.0639506667], "dwin2": [], "tagstat": [300.081746, 303.4358603333, 279.2671533333, 308.495034], "marinsm": [312.189937, 357.060052, 291.6380976667, 288.8031736667], "wsj": [289.1977076667, 294.714003, 291.164484, 281.2399086667, 293.1021416667, 343.4256273333, 300.0733353333, 303.4783006667, 295.4166116667, 277.9989746667, 308.8099143333, 278.3782456667, 304.3814346667, 290.8186476667, 303.5995043333, 289.3067496667, 289.784702, 293.088506, 302.3188906667], "hudl": [300.0701156667, 297.8009383333, 290.4064073333, 294.5379783333], "sdiapi": [288.8131173333, 306.1587816667, 294.7752093333, 315.628335], "usatoday": [301.3177996667, 291.888017, 284.127997, 287.2905433333], "agkn": [302.3582216667, 291.7800333333, 292.158817, 316.6784326667], "gr-assets": [284.435331, 295.5527203333], "adspsp": [297.411433, 288.4551136667, 292.355192, 468.4541466667], "adsafeprotected": [285.315496, 288.2573846667, 311.4695933333, 301.6558076667], "amplify": [294.7752093333, 275.344593, 283.2847703333, 292.111503, 281.471576, 339.890663, 288.8131173333, 350.119075], "nhlstatic": [286.3393856667, 338.534917, 289.1736503333, 284.127997], "jebbit": [304.8810573333, 300.7390816667, 287.9413393333, 298.7243073333], "gamespot": [289.1585343333, 288.2071773333, 297.5221153333, 290.2054316667], "chegg": [279.6872736667, 308.9494243333, 295.606382, 310.562694], "zulily": [314.7118463333, 285.651185, 290.2054316667, 291.3868316667], "gettyimages": [306.5359333333, 297.6969156667, 300.5059183333, 295.9867656667], "mczbf": [], "pope": [300.2694723333, 298.664679, 299.8582603333, 313.015858], "rul": [289.1486996667, 306.1587816667, 304.3814346667, 296.6241356667, 290.0278193333, 290.5138293333, 293.0977543333, 291.074245], "bazaarvoice": [332.8243566667, 298.0199073333, 277.7796336667, 281.7329213333, 281.351529, 291.7800333333, 326.3082016667, 307.8452803333], "securiti": [125.8707996667, 125.8836406667, 125.5466296667, 280.5249953333, 286.205273, 282.8523933333, 126.065574, 277.5450926667], "mdpcdn": [279.782737, 286.3508823333, 306.698368, 279.6123593333], "coinmarketcap": [305.5863756667, 278.1928326667, 290.1108866667, 295.9867656667, 280.1758546667, 296.282457, 278.745305, 275.750949, 288.5545146667, 297.719495, 290.8186476667, 288.811116, 293.8203946667, 281.045783, 294.2675326667, 282.7186196667, 283.6787943333, 287.922871, 293.4267336667, 319.1350966667, 284.9803373333, 297.4678246667, 288.8131173333, 297.0803353333], "measured": [293.7249106667, 282.8996543333, 289.3977256667, 309.898255], "marketwatch": [278.3782456667, 277.9989746667, 295.4166116667, 290.8186476667], "brightfunnel": [277.7796336667, 279.6872736667, 308.9494243333, 296.946094, 278.06331, 284.3586906667, 283.6620286667, 290.997323], "kissmetrics": [294.8836933333], "intergient": [291.3489033333, 286.3393856667, 280.7907386667, 280.6070333333], "mediatradecraft": [302.8900243333, 295.8181206667, 309.2393416667, 303.788945], "schemaapp": [288.8131173333, 298.149568, 308.495034, 286.1529136667], "churchofjesuschrist": [295.0056633333, 290.8186476667, 350.119075, 299.4614646667], "imagekit": [290.5352323333, 290.4064073333, 303.313093, 300.7544316667], "gaiaonline": [452.5817413333, 290.7970423333, 343.0181733333, 289.8203083333, 295.923994, 307.3352593333, 287.2905433333, 293.1021416667, 296.095151, 285.569233, 280.2339376667, 292.075944], "invocacdn": [126.777065, 169.5362606667, 125.4367546667, 125.9665006667], "vpsvc": [297.628207, 295.4387573333, 295.4478296667, 290.030709], "mansionglobal": [34.4879733333, 34.5525153333, 34.2314606667, 34.3717136667], "cnxcit": [290.030709, 306.135669, 280.1758546667, 339.5666113333], "ayads": [288.39268, 352.3794763333, 285.054216, 293.7648443333, 283.6620286667, 296.945606, 297.6969156667, 306.6493736667], "saasexch": [287.673788, 300.1615766667, 305.5859933333, 308.44395], "aarp": [40.765605, 34.7640943333], "activebeat": [312.189937, 306.1269516667, 297.554316, 299.4698226667], "the-ozone-project": [343.0181733333, 280.7907386667, 309.425953, 290.725358], "bathandbodyworks": [293.0977543333, 332.8243566667, 298.0199073333, 295.6718156667], "texaslottery": [35.200705, 44.395804], "ensighten": [310.411417, 293.4267336667, 307.1367963333, 293.2632096667], "pepperjam": [279.3560793333, 298.303263, 286.6326373333, 300.3557753333], "bc0a": [275.799469, 313.6549823333, 286.1287396667, 292.0885063333], "athenahealth": [319.825757, 292.0691636667, 287.925216, 303.325539, 309.898255, 295.9830896667, 313.6549823333, 341.9245946667], "a79ab95c1589a13f8a4cab612bc71f9f7": [313.7573133333, 342.2308766667, 307.0691093333, 291.80336], "clever": [136.6716196667, 126.065574, 125.676784, 125.838587], "surveygizmo": [277.9989746667, 295.4166116667, 300.6798696667, 313.015858], "iperceptions": [284.3586906667, 289.909729, 303.4358603333, 291.6160826667], "unblockia": [314.9784926667, 312.189937, 292.693769, 279.8312426667], "vibescm": [286.433414, 297.3761956667, 292.693769, 290.6421166667], "abrankings": [296.0400473333, 275.719985, 291.4955396667, 288.7361883333], "newscgp": [297.1283266667, 282.375872, 292.6958506667, 309.534585], "listrakbi": [293.6743443333], "cdn-net": [], "geekdo-static": [306.3463006667, 304.680794, 309.2393416667, 298.7243073333], "covers": [], "minutemedia-prebid": [343.4000146667, 301.9291376667, 279.6872736667, 316.6784326667], "nhl": [276.6546926667, 452.2619566667, 292.0214716667, 299.2704186667], "custora": [], "soundcloud": [341.8769136667, 288.2071773333, 294.6084066667, 288.8966423333, 302.8540273333, 451.112833, 305.7877906667, 301.2778743333], "nearpod": [286.1287396667, 347.6127933333, 275.799469, 295.4407526667], "c81358859121583b7adf2ace89cb39f44": [297.0454713333, 311.4695933333, 304.5636753333, 282.509491], "barrons": [314.9784926667, 277.641206, 278.8041886667, 301.5634926667], "pixilart": [284.3586906667, 284.1603903333, 300.49001, 275.344593], "timeinc": [280.5310963333, 360.0980183333, 291.6380976667, 290.6421166667], "playwire": [430.0823883333, 280.1284883333, 310.1890153333, 297.9842246667], "mpio": [138.7573773333, 138.198518, 137.683775, 138.058008], "tinkercad": [306.698368, 464.2097383333, 292.5670336667, 302.099329], "achieve3000": [276.002665, 283.9091356667, 293.062828, 274.8161226667], "quantcount": [306.1587816667, 302.2436976667, 309.5306913333, 311.749526], "cbssports": [285.569233, 291.888017, 278.8244, 277.148678], "studybreakmedia": [292.493704, 292.0885063333, 306.9325486667, 283.6787943333, 295.5266546667, 292.9993193333, 297.4687423333, 284.556643], "dotmetrics": [144.9851723333, 291.7269606667, 327.7531393333, 146.407899, 155.453098, 276.0487623333, 298.926578, 144.8336446667], "teachtci": [290.522236, 285.8036853333, 294.930953, 303.498891], "truste": [291.227918, 342.2308766667, 281.5593886667, 294.0185203333], "oribi": [307.5080276667, 286.588934, 294.5379783333, 287.0689036667], "now": [294.5571646667, 306.6493736667, 284.849476, 305.2311203333], "collegeboard": [289.1855793333, 278.6844713333, 290.8608073333, 293.378858], "pages02": [],