{"regions": [47.670426, 49.2846903333, 46.8220013333, 47.5115483333], "kmsmep": [34.6426086667, 34.5434286667, 34.606263, 34.8386146667], "imrworldwide": [34.4612706667, 34.7024256667, 35.3693256667, 47.0269306667, 34.850013, 34.4764246667, 34.6742956667, 49.1555703333, 44.044264, 34.6954476667, 34.5526356667, 34.879782, 35.1546163333, 34.5587016667, 34.3052253333, 35.4928926667, 35.6548043333, 35.5839496667, 38.3153176667, 44.119854], "sndcdn": [35.0262416667, 34.785508, 34.993738, 65.7027343333, 35.4436653333, 34.458189, 35.127107, 35.427635], "toyota": [51.1849266667], "sail-horizon": [34.5603406667, 34.801857, 34.4715156667, 34.3111296667], "membean": [35.642172, 34.6501423333, 35.1430026667, 35.278535], "the-sun": [35.2812273333, 35.157491, 35.273709, 34.9605943333], "t-mobile": [35.8852446667, 34.6204093333, 34.843454, 34.622304, 34.4603683333, 34.2002936667, 35.1293163333, 34.6548186667], "pbxai": [35.2307796667, 34.5830726667, 34.7676863333, 34.6993376667], "dwin2": [], "tagstat": [38.2823666667, 34.7820166667, 34.6079593333, 35.1430026667, 34.7819343333, 34.919868, 34.9711803333, 34.6550923333], "marinsm": [35.1177373333, 35.3707466667, 37.024264, 35.216302], "wsj": [35.6008356667, 34.9132923333, 35.423331, 35.1735396667, 36.4827613333, 38.4462263333, 35.161086, 35.9239396667, 34.7392416667, 35.127472, 34.908752, 34.967435, 35.4660433333, 34.836739, 40.3967493333, 34.995665, 34.9818786667, 35.341928, 34.8276306667, 35.355861, 35.162299, 34.8913956667, 34.7850256667, 34.9005276667], "hudl": [35.1007706667, 34.9744156667, 35.14088, 38.8071396667], "sdiapi": [34.460683, 34.659304, 34.6204093333, 34.689738], "usatoday": [34.9552416667, 35.0332473333, 35.2913443333, 35.1076503333], "agkn": [34.3482483333, 35.130689, 51.739246, 35.1916773333, 34.833091, 34.629191, 35.169931, 39.5011556667], "gr-assets": [36.2926073333, 34.9860346667], "adspsp": [34.557261, 34.5360386667, 34.7970076667, 34.953817], "adsafeprotected": [34.6156653333, 34.9400026667, 34.3643943333, 34.4768693333], "amplify": [48.9444076667, 48.2797916667, 54.6537596667, 55.4804523333, 51.723932, 47.9955706667, 50.726458, 48.3701916667], "nhlstatic": [34.6037256667, 34.9070516667, 36.3288003333, 37.3863306667], "jebbit": [34.9978806667, 35.1430026667, 35.3718103333, 34.9711803333], "gamespot": [34.599709, 34.3349206667, 34.6187303333, 35.069543], "chegg": [34.859718, 34.5599953333, 34.8232283333, 34.9637543333], "zulily": [35.181782, 34.8561793333, 35.316197, 35.301663], "gettyimages": [34.886323, 34.0544973333, 35.4924856667, 34.7351066667], "mczbf": [], "pope": [34.8003183333, 35.1907243333, 34.847279, 35.145024], "rul": [35.2601106667, 35.0440576667, 34.9719133333, 50.9405866667], "bazaarvoice": [35.1619776667, 35.1280643333, 35.051933, 34.6560496667, 35.2493943333, 35.0709426667, 34.845472, 35.188738], "securiti": [34.507985, 34.9210076667, 35.4179716667, 34.971193, 34.389709, 34.5967023333, 35.3650113333, 41.81031], "mdpcdn": [48.3893183333, 48.9291596667, 48.1664913333, 48.2383776667], "coinmarketcap": [34.340989, 36.271135, 34.8332986667, 35.780551, 35.5327586667, 34.8194136667, 34.7616596667, 34.3482483333, 35.0743883333, 39.0060176667, 36.531979, 34.697334, 34.536814, 34.6187056667, 34.4551403333, 34.29382, 34.355553, 34.2209603333, 34.9437656667, 34.4604056667, 34.615846, 40.153781, 37.3256203333, 34.390017], "measured": [34.8995423333, 34.5783073333, 45.165531, 34.7925523333], "marketwatch": [34.9132923333, 35.162299, 34.9005276667, 34.9818786667], "brightfunnel": [34.3370406667, 34.607954, 35.7559683333, 36.5659323333], "kissmetrics": [186.9074356667], "intergient": [34.4726393333, 36.883496, 34.8722223333, 34.9431223333], "mediatradecraft": [34.7696696667, 34.701859, 34.8048423333, 34.781289], "schemaapp": [], "churchofjesuschrist": [34.530182, 34.9705546667, 34.538642, 34.3692866667], "imagekit": [34.7370513333, 35.1185023333, 35.2293623333, 35.343377], "gaiaonline": [35.239455, 36.2943446667, 35.0147126667, 42.5777153333, 43.9358776667, 35.303885, 35.2715116667, 34.976882, 44.0357183333, 44.4141586667, 34.681708, 37.024264], "invocacdn": [34.2911546667, 35.5601643333, 34.858532, 34.5783073333], "vpsvc": [34.7690556667, 34.8749223333, 34.8721076667, 34.6920926667], "mansionglobal": [34.4879733333, 34.5525153333, 34.2314606667, 34.3717136667], "cnxcit": [34.4374626667, 35.0715886667, 34.723834, 34.8321556667], "ayads": [35.5340976667, 34.6942396667, 34.444591, 35.144983, 35.1419683333, 35.374589, 34.8687016667, 34.5425876667], "saasexch": [34.6882373333, 34.7242776667, 34.986806], "aarp": [40.765605, 34.7640943333], "activebeat": [], "the-ozone-project": [34.625063, 35.251181, 34.669623, 42.4569623333], "bathandbodyworks": [35.096272, 35.2293623333, 36.305417, 35.2385586667], "texaslottery": [35.200705, 44.395804], "ensighten": [64.2086153333, 35.1619776667, 34.9809193333, 35.4719446667], "pepperjam": [34.7349876667, 34.3052253333, 34.621369, 34.357211], "bc0a": [48.2262546667, 47.6305213333, 47.991454, 77.3684996667], "athenahealth": [35.239455, 39.2826023333, 34.8630046667, 35.151764, 35.4928926667, 34.6876283333, 34.7707416667, 34.677206], "a79ab95c1589a13f8a4cab612bc71f9f7": [34.936772, 53.959995, 35.084104, 34.995665], "clever": [35.642172, 34.7819343333, 34.9569043333, 34.845472], "surveygizmo": [], "iperceptions": [34.8869266667, 34.3349206667, 34.4219546667, 34.4802756667], "unblockia": [35.157968, 35.221531, 35.1514666667, 35.3987253333], "vibescm": [], "abrankings": [35.1844973333, 38.7966743333, 35.296593, 35.1862336667], "newscgp": [34.5409923333, 34.4700723333, 34.575281, 34.661568], "listrakbi": [38.717749], "cdn-net": [], "geekdo-static": [34.936376, 35.2198886667, 35.278535, 35.1819703333], "covers": [], "minutemedia-prebid": [35.169931, 35.029136, 35.3058736667, 35.5340976667], "nhl": [34.73901, 34.7129813333, 34.432845, 34.5907583333], "custora": [], "soundcloud": [34.8112633333, 47.152399, 38.3159333333, 47.8916383333, 47.9460173333, 34.4112503333, 34.6351276667, 34.4528453333, 47.647177, 34.7044813333, 34.9400026667, 34.6187303333], "nearpod": [35.0367023333, 35.2627973333, 35.410523, 35.3058736667], "c81358859121583b7adf2ace89cb39f44": [34.7370513333, 37.0844946667, 34.7644296667, 41.4077946667], "barrons": [35.1943606667, 35.012723, 35.144983, 35.41248], "pixilart": [34.6506183333, 35.8189016667, 34.5665716667, 34.3776196667], "timeinc": [35.003028, 35.142196, 34.7392416667, 34.7415186667], "playwire": [35.2249123333, 34.9505586667, 35.326617, 35.0426363333], "mpio": [38.7966743333, 35.4427353333, 35.1551696667, 34.8127746667], "tinkercad": [47.6188496667, 48.1264116667, 47.817512, 47.7778143333], "achieve3000": [34.978464, 35.1966906667, 34.8379013333, 34.989594], "quantcount": [48.071795, 47.0918686667, 47.227036, 48.1081936667], "cbssports": [34.9705546667, 34.464952, 34.6148466667, 34.393728], "studybreakmedia": [34.553735, 35.2523813333, 34.7839106667, 34.2953253333, 53.959995, 34.8342466667, 35.573558, 34.6446146667], "dotmetrics": [34.6452506667, 34.718885, 34.5935736667, 34.6971843333, 35.7103046667, 35.1862336667, 35.251181, 34.6004556667], "teachtci": [], "truste": [34.993883, 35.3099623333, 35.229773, 35.1650283333], "oribi": [35.464723, 35.291003, 35.4029896667, 35.0505753333], "now": [34.793722, 34.3322806667, 34.8076106667, 34.6982466667], "collegeboard": [35.2076453333, 34.4989953333, 35.169931, 34.995665], "pages02": [], "disney-plus": [34.511814, 34.4455123333, 34.4171903333, 34.8566353333], "medicalnewstoday": [34.3349206667, 34.576706, 34.5632343333, 34.8880826667], "scorecardresearch": [35.0170696667, 34.635845, 34.6183296667, 34.7719606667], "profitwell": [34.442087, 34.6126256667, 34.812513, 34.553802], "dynamicyield": [35.0575356667, 49.060956, 47.920578, 48.664166, 34.541598, 47.391791, 35.0485566667, 35.987459, 35.3998453333, 34.4096136667, 34.7569693333, 35.1668543333], "rvtrader": [], "pbs": [35.3399273333, 34.8324973333, 36.4389436667, 34.5916983333, 34.474433, 34.4275236667, 34.6918386667, 35.1419683333],