{"regions": [130.261268, 130.9195056667, 130.3449416667, 134.01742], "kmsmep": [0.219416], "imrworldwide": [144.9329243333, 130.0544706667, 130.5990683333, 133.8436476667, 0.219416], "sndcdn": [130.2705166667, 130.8086446667, 130.119077, 145.4227266667, 130.005802, 144.7305703333, 130.3009783333, 130.393181, 141.4124443333, 148.13557, 130.3317843333, 130.532647], "toyota": [51.1849266667], "sail-horizon": [0.219416], "membean": [130.1267086667], "the-sun": [144.6810096667, 141.4346133333, 141.7327763333, 130.2226206667], "t-mobile": [130.0386556667, 141.2396533333, 144.5367163333, 131.2310316667, 129.825248, 130.411833, 145.504735, 130.540579], "pbxai": [145.437631, 130.2877313333, 130.055439, 141.3512353333], "dwin2": [0.219416], "tagstat": [130.219232, 141.1102406667, 130.0226633333, 141.1230356667], "marinsm": [0.219416], "wsj": [131.4806603333, 130.748139, 129.974077, 146.473896, 144.9949526667, 129.9842703333, 140.9209116667, 140.529095, 130.7246706667, 130.3250646667, 158.023273, 134.51322, 140.7676106667, 130.2236576667, 141.3257713333, 135.383651, 130.5914933333, 129.866101, 130.0659633333, 130.457811], "hudl": [131.090538, 155.2834716667, 144.335441, 130.3743836667], "sdiapi": [141.73336, 145.645786], "usatoday": [130.2464556667, 141.1960196667, 131.0001353333, 141.1423273333], "agkn": [0.219416], "gr-assets": [141.0342923333, 130.033122], "adspsp": [130.1052383333, 145.037477, 135.639604, 141.9440206667], "adsafeprotected": [0.219416], "amplify": [131.069185, 130.0877403333, 130.7159416667, 130.265391, 144.7305703333, 145.9066293333, 141.087569, 130.2597326667], "nhlstatic": [130.0012786667, 130.3920176667, 140.807477, 130.188995], "jebbit": [145.48431, 130.6041143333, 131.2877193333, 142.3671453333], "gamespot": [140.7553043333, 131.144899, 141.426272, 131.3715233333], "chegg": [130.78595, 129.9740773333, 140.9262396667, 140.3376686667], "zulily": [129.63845, 140.311483, 130.5127463333, 130.458005], "gettyimages": [130.022086, 130.3413863333, 130.3649886667, 141.284212], "mczbf": [0.219416], "pope": [130.4253413333, 145.485217, 130.380684, 130.769577], "rul": [140.7994073333, 135.3985393333, 130.3199503333, 131.585978, 172.3639543333, 130.3009783333, 131.456582, 130.0259226667], "bazaarvoice": [130.414585, 150.534532, 130.441483, 130.1959903333, 0.219416], "securiti": [131.692765, 145.1794906667, 130.7231723333, 151.627711, 130.4921156667, 130.527785, 129.6661046667, 130.3654463333], "mdpcdn": [0.219416], "coinmarketcap": [130.6763493333, 130.136222, 130.4709446667, 141.3844796667, 129.6078133333, 131.01199, 140.8426746667, 130.7785203333, 130.393991, 141.1960196667, 140.7878006667, 140.899115, 140.8385043333, 130.1547626667, 140.282337, 130.3673353333, 130.520889, 130.637013, 130.6296473333, 140.5585846667, 141.640666], "measured": [130.4391143333, 140.7006026667, 130.4160606667, 131.002501], "marketwatch": [144.9949526667, 131.4806603333, 130.3250646667, 134.51322], "brightfunnel": [153.6461426667, 129.9676203333, 130.5254103333, 140.807477, 129.665326, 130.7412856667], "kissmetrics": [0.219416], "intergient": [0.219416], "mediatradecraft": [132.6837803333, 131.525607, 130.265391, 175.3087336667], "schemaapp": [140.1957983333, 130.3861366667, 141.4056266667, 130.2333943333], "churchofjesuschrist": [130.4883613333, 130.802351, 130.7009, 130.634982], "imagekit": [130.732894, 130.8181336667, 130.1225883333, 130.8922463333], "gaiaonline": [144.825687, 131.2949216667, 131.317705, 131.0557273333, 137.2730473333, 131.0240586667, 131.7938536667, 133.6588876667, 130.305771, 141.5142683333, 131.1612623333, 141.8953013333], "invocacdn": [0.219416], "vpsvc": [130.3332886667, 130.137054, 129.782734, 129.775152], "mansionglobal": [131.3218273333], "cnxcit": [130.1259453333, 130.5985926667, 130.3792013333, 141.6369903333], "ayads": [0.219416], "saasexch": [130.5299843333, 130.848032, 130.8207936667, 141.0960843333], "aarp": [40.765605, 34.7640943333], "activebeat": [131.0155116667, 162.4489996667, 130.216475, 130.5687536667], "the-ozone-project": [0.219416], "bathandbodyworks": [130.6673426667, 140.7644066667, 130.924627, 141.1033523333], "texaslottery": [35.200705, 44.395804], "ensighten": [0.219416], "pepperjam": [0.219416], "bc0a": [131.1101733333, 145.8351103333, 145.037477, 130.4158036667], "athenahealth": [130.6412013333, 144.904974, 130.879336, 130.6853793333, 130.9938243333, 130.3382853333, 130.2616736667, 129.8884803333], "a79ab95c1589a13f8a4cab612bc71f9f7": [140.7652366667, 130.9408403333, 131.9253846667, 129.851852], "clever": [141.9222726667, 133.334977, 130.3100806667, 145.659031], "surveygizmo": [130.1267086667, 144.366827, 130.509677], "iperceptions": [0.219416], "unblockia": [130.3320293333, 145.8334066667, 130.8390276667, 130.821352], "vibescm": [0.219416], "abrankings": [145.8239736667, 130.22628, 130.840027, 129.7885626667], "newscgp": [0.219416], "listrakbi": [0.219416], "cdn-net": [0.219416], "geekdo-static": [145.199023, 130.167679, 130.3514336667, 130.3981853333], "covers": [], "minutemedia-prebid": [130.2515383333, 130.8797996667, 130.9202786667, 140.7657023333], "nhl": [129.5550683333, 145.2291483333, 130.3010633333, 129.988315], "custora": [0.219416], "soundcloud": [130.3013926667, 130.664958, 141.440562, 141.286157, 129.9733636667, 130.3813253333, 130.3449416667, 130.0414293333, 145.452149, 130.928902, 140.67004, 129.7606813333], "nearpod": [130.0428036667, 130.815131], "c81358859121583b7adf2ace89cb39f44": [130.3447943333, 130.6043283333, 130.4823673333, 136.1902116667], "barrons": [130.0785213333, 145.6383316667, 140.858601, 141.7527233333], "pixilart": [130.326042, 130.1784116667, 130.9914443333, 131.2090073333], "timeinc": [130.0012786667, 130.07899, 144.827801, 129.8494593333], "playwire": [0.219416], "mpio": [131.364814, 130.022086, 131.080755, 141.284212], "tinkercad": [], "achieve3000": [141.9854573333, 130.970511, 136.4445176667, 140.733791], "quantcount": [0.219416], "cbssports": [144.5042913333, 131.0932163333, 130.0428033333, 130.572346], "studybreakmedia": [141.0084266667, 130.11164, 141.1869143333, 130.307252], "dotmetrics": [140.9521633333, 130.173638, 0.219416, 131.0145463333, 131.091319], "teachtci": [130.5329733333, 133.031665, 141.5616516667, 136.1902116667], "truste": [0.219416], "oribi": [141.201982, 130.383797, 130.473235, 130.3828513333], "now": [130.0384903333, 141.508219, 129.7547503333, 130.0555443333], "collegeboard": [141.5461263333, 130.9082996667, 131.1524956667, 130.4264456667], "pages02": [], "disney-plus": [130.6335786667, 130.173936, 145.5024943333, 144.9294056667], "medicalnewstoday": [140.3657056667, 130.1259453333, 130.5958793333, 141.6369903333], "scorecardresearch": [0.219416], "profitwell": [140.1957983333, 145.003565, 141.8900866667, 130.087095], "dynamicyield": [0.219416], "rvtrader": [], "pbs": [132.876379, 130.997625, 142.186137, 130.180311, 131.7275073333, 130.0967023333, 144.9841246667, 130.501961], "undertone": [0.219416], "stripe": [130.158334, 130.712905, 130.954941, 130.6056383333, 130.9663506667], "bamgrid": [131.120232, 131.294182, 131.000603, 130.6027166667, 129.6386353333, 131.5419393333, 144.929325, 130.7347266667], "poshmark": [131.692765, 130.810405, 133.353963, 130.393181], "pendo": [140.921973, 140.600716, 140.7644066667, 145.176713], "iris": [0.219416], "clubessential": [130.7634133333, 140.9620853333, 131.3645513333, 132.0948423333], "healthline": [131.8194573333, 130.8468893333, 130.7182066667, 145.9699646667, 131.3399703333, 145.9066293333, 142.7474973333, 130.4997863333], "exelator": [0.219416], "amazon-adsystem": [0.219416], "underdog": [0.219416], "pbskids": [144.6005453333, 140.6098916667, 141.20246, 130.229169, 130.444312, 131.066092, 141.347767, 145.1386793333], "newsweek": [134.4706746667, 130.4997153333, 130.5518203333, 129.7509943333], "atp": [140.311483, 130.2273783333, 144.589543, 130.0654946667], "chtbl": [145.7573236667, 130.199347, 130.919247, 130.1959956667], "pcpartpicker": [131.8597006667, 172.3639543333, 132.7267543333, 131.360231],