{"amung": [34.8860673333, 35.4828013333, 35.491004], "politico": [34.2948673333, 35.7296193333], "hs-scripts": [36.1670496667, 35.408394, 364.1707273333, 35.3295283333, 34.7285993333], "leafly": [48.190711, 48.3636226667, 43.0969493333, 37.0346286667, 48.8364846667, 36.3198993333, 48.9267166667], "shopify": [35.6152123333], "ancestrycdn": [34.7549453333, 34.8983016667], "aquamanga": [35.4926063333, 35.314664, 35.5707986667], "casalemedia": [35.6940296667, 35.1949936667], "slickdealscdn": [35.5250383333, 36.586921], "mangago": [34.7609303333, 35.336249, 35.5084366667], "poki": [34.647186, 39.9413793333], "twinrdsrv": [35.407561, 34.538098], "imhentai": [34.837981, 37.696292, 35.5152536667], "onetrust": [34.8122823333, 35.35828, 34.815696, 35.3764916667], "petco": [34.801574, 34.853205], "quoracdn": [35.624673, 35.7242066667], "coursehero": [34.7982876667, 34.867717], "cinemark": [34.4579276667, 35.6285363333], "the-ozone-project": [35.45221, 35.6833323333], "listcrawler": [35.163697, 35.6191463333, 34.707095], "curseforge": [35.5694683333, 34.8297903333], "dianomi": [66.4532193333, 34.629837], "app-us1": [42.3689293333, 35.2469836667], "spine": [35.5969956667], "yourroyals": [34.669735, 35.2525693333], "furaffinity": [36.4456853333, 35.0984903333, 37.5203923333], "id5-sync": [35.2902376667, 34.783369, 34.7779826667], "foxnews": [35.418418, 35.5556006667], "gbqofs": [35.5073283333, 62.9276866667], "asurascans": [34.3067096667, 36.433555, 35.369647], "npttech": [], "4channel": [35.0902496667, 40.7366813333], "fextralife": [35.370934, 34.4630433333], "spankbang": [35.7057173333, 34.8727966667], "permutive": [34.834158, 41.9614333333, 35.4304903333, 35.5301696667], "qualtrics": [35.363014, 35.161151], "borderfree": [34.739425, 34.8381246667], "heavy-r": [34.7638796667, 34.8150453333, 34.7549683333], "fouanalytics": [48.6474156667, 48.546688], "grsm": [48.6449236667, 34.7135736667], "statcounter": [34.6713843333, 34.5511236667], "protectsubrev": [34.948866, 34.342504, 34.8739953333], "ad-delivery": [34.8335793333, 35.3514366667, 35.1418593333], "videoplayerhub": [35.253282, 36.3180193333, 36.553033], "doublelist": [38.380983, 35.23273], "thedevs": [34.7643063333, 34.8387006667], "clarip": [35.1926943333, 35.479114, 35.4109336667], "connatix": [35.051746, 35.1542383333], "horoscope": [35.3134716667, 34.3577866667], "media6degrees": [34.6017936667, 34.4992966667], "readingplus": [34.5826133333, 34.7316246667, 35.3685753333], "torn": [35.3691283333, 34.95627], "hcaptcha": [35.2387773333, 34.8103163333], "faphouse": [34.947726, 34.8661926667], "rent": [34.8919263333, 35.4556103333], "rule34": [35.1518536667, 35.407496, 35.0353063333, 35.369136, 34.814388], "bigideasmath": [35.3714776667, 34.905176], "onegamepics": [35.5969956667], "therapynotes": [35.2583293333, 34.594294], "ziprecruiter": [35.1770156667, 35.026134, 35.0325816667, 34.6796466667, 34.916994], "onesignal": [34.955638, 36.168899], "iconscout": [34.6919113333, 35.1135893333], "on3": [38.676924, 35.2570363333, 65.5720323333], "indeed": [34.5178686667, 35.9403023333, 34.611317, 34.8568653333], "xvideos-cdn": [35.849214, 34.5075686667], "wizardingworld": [], "hdporncomics": [35.2301916667, 35.6894476667, 35.450696], "hsadspixel": [34.7512096667, 37.808385, 35.4038746667, 34.7919296667, 34.7482136667], "mangabuddy": [35.5969956667], "weirdgloop": [35.2084086667, 35.198021, 34.8503673333], "polarcdn-engine": [35.0343113333, 36.1252526667], "webstaurantstore": [34.6336656667, 35.6191343333], "zdassets": [34.7561693333, 170.4001693333], "nearpod": [34.3955816667, 36.377745], "attn": [58.0024813333, 47.9419026667, 61.11768, 34.606437, 48.8680976667, 60.6366806667, 48.0035606667, 35.394161, 48.1027923333, 57.8366526667], "bunnycdn": [48.594618, 48.5075883333], "clevelandclinic": [35.177706, 35.5454633333], "cloudflareinsights": [36.253051, 35.394959], "dailydot": [34.8159733333, 35.005879], "hsleadflows": [34.6101323333, 38.84342, 34.8301093333, 35.442838, 34.9854966667], "discogs": [34.644079, 35.470148], "ssref": [34.988117, 35.1085123333], "tru": [35.5163366667, 35.3858143333, 35.270903], "hentaifox": [35.469269, 35.139548, 69.0461163333], "mindbodyonline": [35.2530656667, 35.4631506667, 35.1115026667, 35.3701013333], "sendinblue": [35.3184513333, 34.7194476667], "hsforms": [34.2912786667, 37.4621933333, 35.6301006667, 34.6643043333, 35.665176, 34.4767593333, 35.3195576667, 35.4681226667, 35.232999, 35.8801833333], "vimeo": [34.5855103333, 35.5755353333], "nexusmods": [35.3745523333, 34.837002], "spassets": [35.0001846667, 34.819989], "adcovery": [35.5969956667], "33across": [63.4963646667, 35.3951976667], "legitscript": [34.2948673333, 35.7296193333], "acsbapp": [35.405543, 35.4533496667, 34.7795276667], "discord": [35.317755, 35.2435483333, 35.3147926667, 35.900871, 35.4960946667], "crazygames": [35.5192306667, 35.466731], "rtbsuperhub": [37.028074, 36.1440336667], "bregato": [35.5969956667], "strpst": [35.304691, 34.903778], "afterpay": [35.223048, 34.7720793333], "symbolab": [34.909541, 34.601454], "instaimgs": [35.3708943333, 35.0482723333], "placehold": [35.5969956667], "f95zone": [], "btloader": [34.8868826667, 34.9771756667, 35.465463], "pokemondb": [49.8499526667, 36.4794636667, 41.9622253333], "drome6": [48.4546023333, 48.3413896667], "blackboardcdn": [35.1075913333, 35.377605], "srcdn": [35.308541, 34.7465303333, 35.6783576667], "curalate": [35.1105396667, 35.3465073333], "chaturbate": [34.5361863333, 34.733968], "ancestry": [34.7549453333, 34.8983016667], "pornone": [35.7544026667, 35.3018536667, 34.7089726667], "bangkazza": [48.534612, 48.1164833333], "instant": [35.2978393333, 34.6977946667], "yext-pixel": [35.376177, 35.514318], "atomicsearchwidget": [35.5969956667], "motherlessmedia": [48.279903, 48.390052], "embed": [35.623912, 35.5891956667], "dropboxstatic": [34.6190316667, 34.826461], "flixdot": [35.483876, 34.7284676667], "skipthegames": [34.7495183333, 34.7832243333, 34.9720626667], "techtarget": [35.4146616667, 34.8743046667], "wcofun": [35.5969956667], "highwebmedia": [34.6073726667, 35.5131426667, 34.3397876667, 35.455612], "businessinsider": [34.733382, 34.5667706667, 36.2681536667], "vhlcentral": [35.6515546667, 35.3333806667], "vpsvc": [34.8490143333, 35.0756503333], "fanfiction": [35.246661, 35.6251353333], "cloudinary": [42.9016936667], "lichess1": [35.3139576667, 34.7731716667, 40.8375083333], "hs-analytics": [38.9809963333, 35.0284823333, 35.641978, 35.5333726667, 41.3783043333], "mkklcdnv6temp": [35.3399846667, 34.923406, 35.432562], "luckyorange": [64.3554186667, 35.8614713333, 37.1018676667], "resetera": [38.1697806667, 34.7713606667, 34.8334686667], "ashleystewart": [34.8307126667, 34.4305416667], "partnerstack": [34.6599203333, 35.581204], "catapultx": [34.9507026667, 35.4947353333], "pierlinks": [35.5969956667], "theblast": [35.3195723333, 34.5066776667, 35.132511], "hscollectedforms": [34.5303836667, 37.4703216667, 35.355376, 35.3923423333, 34.9164803333], "funnyjunk": [35.233658, 35.3062563333], "milestoneinternet": [35.593333, 35.5268873333], "researchgate": [35.4388313333, 35.3533643333], "kwcdn": [34.8554203333, 34.922472], "wcostream": [40.0134783333, 34.6777946667, 35.4821153333], "teachyourmonster": [35.42569, 35.127407, 34.5246233333], "tribalfusion": [35.0101833333, 34.812747], "shop": [35.283215], "chess": [34.8913153333], "itsthevibe": [35.0948056667, 34.9719783333], "aryion": [53.057087, 48.3076786667], "hottopic": [34.7093226667, 35.0392913333], "fontawesome": [34.6158206667, 48.644303, 48.708074, 34.9613436667], "sportskeeda": [34.8087516667, 40.7119603333], "xlivrdr": [34.777535, 34.9562156667], "hubspot": [34.7023573333, 37.5285816667], "xlrdr": [34.777535, 34.9562156667], "4chan": [35.1179153333, 35.3170263333], "fapello": [35.3484116667, 34.8408963333, 34.8769586667], "doordash": [35.2848503333, 35.1415213333], "spacebattles": [35.5969956667], "streetmetrics": [48.4892926667, 48.384844], "vidazoo": [34.8234, 35.621206],