{"regions": [164.458384, 164.6267583333, 164.1302566667, 164.3765846667], "kmsmep": [], "imrworldwide": [165.3317026667, 164.1416943333, 164.7356246667, 163.680954, 163.3461016667, 164.0977866667, 164.2423263333, 164.494305, 163.8709486667, 165.7678163333, 163.6581976667, 164.5901543333], "sndcdn": [164.2124966667, 164.124583, 164.2348603333, 164.2313226667, 165.003979, 164.2840043333, 163.93372, 158.309119, 166.5981403333, 163.583467, 164.6226936667, 163.742917], "toyota": [51.1849266667], "sail-horizon": [164.7811556667, 164.6987543333, 165.2308926667, 164.459178], "membean": [163.623804, 164.78363, 157.3652363333, 164.9756716667], "the-sun": [165.6327986667, 163.933926, 163.5181353333, 157.6533796667], "t-mobile": [163.4854506667, 48.6199926667, 48.392558, 48.8485466667, 48.6058456667, 158.512363, 163.7492153333, 163.7803243333], "pbxai": [159.8263756667, 157.1137293333, 158.1156166667, 164.8399486667], "dwin2": [], "tagstat": [157.0301746667, 157.4689736667, 158.12958, 164.7986803333], "marinsm": [163.2796663333, 164.2124966667, 164.105852, 164.8747703333], "wsj": [164.8560696667, 164.0816476667, 164.6180316667, 163.5777266667, 157.707862, 163.7192106667, 164.1617883333, 164.291233, 163.6431753333, 164.7069283333, 163.680954, 164.500441, 164.68692, 163.539308, 164.5384203333, 157.0301746667, 164.0372743333, 164.180591, 163.7846206667], "hudl": [163.5745813333, 164.3765846667, 159.5042003333], "sdiapi": [158.1644643333, 158.8174523333, 156.9233436667, 163.4058986667], "usatoday": [157.878948, 163.0718176667, 164.3355026667, 163.518166], "agkn": [163.7403753333, 164.0816476667, 159.595542, 163.7803943333, 157.6533796667, 158.7472793333, 156.17909, 164.0866063333], "gr-assets": [164.3836513333, 164.703888], "adspsp": [163.882628, 164.6226936667, 163.583467, 163.3283256667], "adsafeprotected": [330.6146683333, 165.9130746667, 157.4689736667, 165.123252], "amplify": [164.6897783333, 157.232238, 165.0615686667, 157.8729913333, 158.87265, 164.1639096667, 165.303037, 157.7181563333], "nhlstatic": [163.5316763333, 158.7836936667, 157.4565996667, 164.4325006667], "jebbit": [164.4209223333, 163.77582, 164.5960156667, 163.939482], "gamespot": [164.8516663333, 164.63421, 164.8747703333, 164.607904], "chegg": [164.707953, 164.9756716667, 158.427553, 163.6998696667], "zulily": [159.452809, 158.8945963333, 164.1617883333, 373.1145896667], "gettyimages": [164.0365595, 157.5169066667, 159.262557, 164.78363], "mczbf": [], "pope": [163.7821113333, 164.7652833333, 164.268603, 164.2272626667], "rul": [164.7612796667, 164.6141976667, 163.2748813333, 157.74126, 155.7858473333, 163.854109, 156.4000673333, 157.6667016667], "bazaarvoice": [165.5575923333, 187.558618, 165.5878613333, 163.8565796667, 164.8670796667, 167.226962, 157.6440113333, 164.7652833333], "securiti": [49.049864, 165.905291, 157.225504, 48.598079, 49.0848713333, 157.2865086667, 48.652279, 165.2011973333], "mdpcdn": [164.500441, 168.4056126667, 164.0334223333, 164.752769], "coinmarketcap": [163.100539, 163.7508626667, 158.87265, 163.9114983333, 158.2051826667, 164.5637343333, 164.825554, 163.5316763333, 158.0616616667, 164.66313, 164.6968383333, 158.361358, 164.1981946667, 164.4448056667, 163.8457846667, 163.2542833333, 163.581172, 165.1244736667, 163.6581976667, 165.1569936667, 156.5327533333, 165.7530933333, 164.8927806667, 163.7846206667], "measured": [164.3090173333, 374.299585, 165.5508386667, 393.9809513333], "marketwatch": [163.7846206667, 163.680954, 164.7069283333, 164.8560696667], "brightfunnel": [164.2869973333, 164.841782, 165.15835, 157.83756, 164.437272, 163.2136926667, 164.212975, 158.1607463333], "kissmetrics": [163.2680143333], "intergient": [163.3544916667, 157.4780246667, 163.888846, 165.031226], "mediatradecraft": [164.5870986667, 157.572927, 156.7499106667, 156.4148106667], "schemaapp": [165.8084376667, 158.512363, 164.4209223333, 164.7560053333], "churchofjesuschrist": [372.3642943333, 157.594937, 157.232238, 163.393352], "imagekit": [164.634578, 164.707953, 157.3652363333, 165.3260316667], "gaiaonline": [163.3544916667, 157.9676183333, 163.763003, 165.2115406667, 159.262557, 163.933926, 157.4342676667, 165.2897536667, 163.8381886667, 165.2955676667, 158.182446, 165.193862], "invocacdn": [49.0568253333, 48.3970796667, 49.03942, 49.0723866667], "vpsvc": [164.7340543333, 165.401264, 165.108881, 165.1304325], "mansionglobal": [34.4879733333, 34.5525153333, 34.2314606667, 34.3717136667], "cnxcit": [48.7408476667, 48.4394483333, 48.798733, 48.6199926667], "ayads": [158.1343656667, 157.8143913333, 156.7001633333, 166.2634426667, 158.2062553333, 157.5366053333, 156.765264, 157.2494093333], "saasexch": [164.2182986667, 163.7555586667, 157.9676183333, 156.942984], "aarp": [40.765605, 34.7640943333], "activebeat": [164.1617883333, 157.6740493333, 157.6667016667, 157.707862], "the-ozone-project": [163.6998696667, 165.2897536667, 163.8750913333, 157.725618], "bathandbodyworks": [165.8518463333, 165.0677453333, 164.901289, 163.681093], "texaslottery": [35.200705, 44.395804], "ensighten": [164.505261, 187.558618, 164.8927806667, 157.933093], "pepperjam": [165.2115406667, 157.005471, 166.5613673333, 163.842473], "bc0a": [163.7492153333, 157.5932773333, 157.0649826667, 164.269391], "athenahealth": [166.5240606667, 157.5169066667, 157.184265, 157.1200503333, 156.577846, 163.3083176667, 163.6998696667, 155.9206476667], "a79ab95c1589a13f8a4cab612bc71f9f7": [164.489391, 165.0021866667, 158.6342106667, 157.3704906667], "clever": [48.7001396667, 49.049864, 48.652279, 48.214655], "surveygizmo": [164.3090173333, 165.401264, 165.5853943333, 164.908889], "iperceptions": [156.2263383333, 157.6749423333, 164.458384, 164.8414736667], "unblockia": [165.0624336667, 163.507462, 164.080057, 163.7508626667], "vibescm": [169.039071, 165.6327986667, 164.8670796667, 158.772713], "abrankings": [163.539308, 157.2952506667, 163.128662, 156.861113], "newscgp": [165.2526703333, 166.6228153333, 164.987061], "listrakbi": [158.7237823333], "cdn-net": [], "geekdo-static": [163.6431753333, 164.2869973333, 163.6569826667, 165.0405706667], "covers": [], "minutemedia-prebid": [166.6228153333, 164.3466383333, 166.1770523333, 164.6471086667], "nhl": [164.802731, 164.6829666667, 164.2840043333, 167.1655256667], "custora": [], "soundcloud": [163.8038586667, 164.511006, 156.6781446667, 163.2217996667, 164.5149093333, 163.693466, 164.5838183333, 164.190403, 163.8228596667, 165.0052646667, 164.58165], "nearpod": [164.9603123333, 165.6096626667, 163.6433863333, 163.6871793333], "c81358859121583b7adf2ace89cb39f44": [156.4325183333, 165.211627, 165.8716356667, 166.1239416667], "barrons": [163.8565796667, 164.4374345, 163.9174513333, 164.4832243333], "pixilart": [164.214985, 164.521547, 393.9809513333, 166.3129006667], "timeinc": [163.6581976667, 166.1118445, 420.5136813333, 164.779441], "playwire": [163.723705, 163.6254853333, 165.1569936667], "mpio": [66.9348373333, 66.6133316667, 67.7274763333, 67.648579], "tinkercad": [156.7272193333, 164.837522, 157.005471, 163.8105536667], "achieve3000": [164.189372, 159.3560433333, 163.5777266667, 163.7135926667], "quantcount": [164.4822976667, 165.1204466667, 163.928729, 164.612002], "cbssports": [157.9362563333, 164.0747656667, 164.845804, 157.1539066667], "studybreakmedia": [159.4926246667, 157.465471, 156.424368, 163.951723, 156.087261, 164.2772393333, 155.8985633333, 372.3642943333], "dotmetrics": [158.632281, 48.9135153333, 49.1065553333, 165.008633, 164.297457, 48.7243496667, 165.2115406667, 48.855895], "teachtci": [164.077798, 164.950157, 165.0463403333, 163.529199], "truste": [164.6829666667, 164.9142976667, 163.80344, 164.036829], "oribi": [164.500984, 163.9375093333, 164.537647, 163.529199], "now": [164.612002, 163.9545466667, 164.537647, 165.7678163333], "collegeboard": [158.12958, 157.593157, 157.0013806667, 158.7836936667], "pages02": [], "disney-plus": [156.5475563333, 163.0108726667, 164.165478, 163.182008], "medicalnewstoday": [164.500984, 163.722106, 165.0463403333, 163.529199],