{"brainpop": [233.8956106667, 34.3919426667], "verizon": [239.886725], "paypal": [35.1765563333, 52.4439963333, 37.8295126667, 52.6768493333, 35.1628313333, 34.7569393333], "oath": [243.7608873333], "jwplayer": [80.466757], "twimg": [234.1495473333, 233.5644516667, 288.801205], "verizonwireless": [235.4688013333], "yahoo": [243.5129603333, 245.0815273333], "bizibly": [80.1499493333], "aolcdn": [234.1574786667], "ebayimg": [278.7855083333], "w3schools": [34.6609836667, 38.1656583333], "linkedin": [288.5044026667, 274.293927], "bizible": [80.1499493333], "gamesrv1": [80.5329923333], "vzw": [234.165224], "bac-assets": [243.7220353333, 233.863764, 234.086723], "usps": [80.461701], "licdn": [288.5044026667, 274.293927], "mocospace": [80.0698216667], "twitter": [311.640714], "azureedge": [233.332699], "office": [270.1209076667, 274.8281316667], "paypalobjects": [52.7616143333, 52.7492133333], "w55c": [234.5913496667], "msecnd": [233.332699], "iaai": [233.7734356667]}