{"brainpop": [34.3919426667], "verizon": [34.6109813333], "paypal": [35.1765563333, 52.6768493333, 34.5282103333, 52.4439963333], "oath": [35.3512303333], "jwplayer": [34.615194], "twimg": [34.345698, 34.044561, 34.0257296667], "verizonwireless": [35.5394653333], "yahoo": [34.205107, 34.5345086667], "bizibly": [34.1831026667], "aolcdn": [34.473458], "ebayimg": [34.3441246667], "w3schools": [34.6609836667, 38.1656583333], "linkedin": [48.9124226667, 46.99806, 46.4145003333, 52.6265926667], "bizible": [34.1831026667], "gamesrv1": [34.393236], "vzw": [34.1950693333], "bac-assets": [34.6058973333, 34.2094966667, 34.3653423333], "usps": [34.4880703333], "licdn": [51.8419626667, 48.9124226667, 48.8686453333, 52.6265926667, 50.328542, 46.99806, 46.679103], "mocospace": [34.483288], "twitter": [34.4934133333], "azureedge": [34.1097373333], "office": [34.2378266667], "paypalobjects": [52.7616143333, 52.7492133333], "w55c": [34.2289843333], "msecnd": [34.1097373333], "iaai": [34.3394883333]}