{"brainpop": [133.402772, 34.3919426667], "verizon": [131.070853], "paypal": [37.8295126667, 52.6768493333, 52.4439963333], "oath": [128.2612083333], "jwplayer": [0.219416], "twimg": [128.2739536667, 138.899621], "verizonwireless": [0.219416, 128.197551], "yahoo": [133.638224, 0.219416], "bizibly": [128.3572326667], "aolcdn": [147.9694323333], "ebayimg": [130.116217], "w3schools": [34.6609836667, 38.1656583333], "linkedin": [128.234362], "bizible": [0.219416], "gamesrv1": [128.380937], "vzw": [128.2261596667], "bac-assets": [133.812231, 133.562382, 133.538247], "usps": [130.652369], "licdn": [35.4397246667, 35.6549326667], "mocospace": [133.5470226667], "twitter": [130.275538], "azureedge": [133.3755243333], "office": [134.29443, 130.9649636667], "paypalobjects": [52.7616143333, 52.7492133333], "w55c": [0.219416], "msecnd": [133.3755243333], "iaai": [128.3035523333]}