{"homedepot": [34.505982, 36.095292], "equablekettle": [34.5266156667], "doubleclick": [295.9639263333, 435.449378, 296.1875233333, 304.009142, 294.4250676667, 295.0933893333, 296.4677773333], "simpli": [425.2833023333], "instana": [34.4792743333], "chilis": [34.73885], "googlesyndication": [296.9670203333, 295.861879, 296.9213576667, 294.660921], "the-sun": [34.5504416667, 39.9909146667, 34.621928, 34.4903136667, 34.499889], "prmutv": [34.5128056667], "impactradius-event": [36.0890483333], "quantummetric": [], "px-cloud": [39.8451166667], "withgoogle": [294.7418393333], "sentry": [44.324063, 35.7967316667, 130.3482856667], "gstatic": [298.671647, 295.99948, 56.337706, 294.6085033333, 296.2955576667, 56.1781396667], "blooket": [34.5504416667, 39.9909146667, 34.620413, 34.3123093333, 34.621928, 34.8163396667, 34.499889], "zerohedge": [54.9304863333, 34.6526896667], "boardgamegeek": [34.8070213333], "aswpsdkus": [38.5912366667], "nypost": [34.5504416667, 39.9909146667, 34.8558793333, 34.621928, 34.499889], "tapad": [34.675905, 34.5656643333, 34.9335586667, 34.828795], "rmtag": [39.2552843333], "appspot": [294.740241, 297.2360673333], "google": [295.1732133333, 293.412047, 295.8876486667, 298.6330376667, 299.409548, 294.0928096667, 296.360102, 299.0672256667, 296.789232, 296.86807, 294.7916603333, 300.8927416667, 298.560624, 296.7052593333, 295.3258556667, 297.0069476667, 296.4202736667, 435.449378, 296.741946, 296.2009033333, 297.6025363333], "tpmn": [40.732063], "brand-display": [34.7232333333], "exitbee": [123.8165163333], "perfdrive": [40.9405726667, 34.8265993333], "cnet": [34.8423166667], "steadfastseat": [34.3460226667], "googletagservices": [], "stiffgame": [34.7234456667], "pub": [34.58054], "ml314": [34.472639, 35.8504356667], "nervoussummer": [34.7835986667], "pagesix": [39.9909146667, 34.5504416667, 34.621928, 34.499889], "skimresources": [34.5577866667, 35.129689, 34.519397], "bugsnag": [34.694597], "googleapis": [297.4838476667, 296.0356063333, 296.322959, 292.9235536667, 295.866204, 295.8342356667, 296.3277793333, 295.8826763333, 296.245393, 297.1349113333, 296.9542876667, 296.496, 295.141724, 297.502194, 297.118128, 297.816965, 324.561129, 296.2527586667, 295.9808936667, 294.0865426667, 296.2984323333, 296.3680026667, 296.147783, 297.942422, 296.950033, 296.4799976667, 296.7743883333, 294.0749233333, 295.5207583333, 299.0672256667, 295.4009396667, 293.8071523333, 293.928915, 296.8878323333, 296.748232, 299.1117386667, 296.8609303333, 296.758641, 298.777019, 467.8607843333, 295.967304, 295.2163946667, 294.192997, 295.552316, 296.399032, 294.3939383333, 301.964156, 296.1967076667, 295.7978986667, 296.8689433333, 296.622623], "rlcdn": [34.495065, 34.725237], "businessinsider": [34.6490876667], "happynumbers": [], "clean": [34.8260363333], "srcspot": [34.5957036667], "pippio": [34.3581226667], "acsbapp": [35.405543, 35.4533496667, 34.7795276667], "t13": [34.8081983333], "evitecdn": [34.1990206667, 34.4589616667], "tangycover": [34.3460226667], "stakingsmile": [34.3460226667], "exponea": [34.6501016667], "optable": [36.5319786667, 36.0012233333], "crewfire": [84.0273136667], "fqtag": [34.559, 34.7835443333], "openx": [34.8495113333, 34.8220056667, 34.563832, 34.6324016667, 34.565237, 34.7216613333], "33across": [34.7428933333, 34.4534773333], "tappx": [44.6056573333, 45.0144206667, 45.3227936667, 45.30626], "gobranded": [34.7361566667], "decide": [34.8176613333], "playground": [34.958711], "b0e8": [34.473398], "concert": [34.9293673333], "fullstory": [34.499276, 34.52193], "wknd": [34.609089], "urbandictionary": [294.955184, 43.215788], "cloudfunctions": [34.6888106667], "alphonso": [56.2547706667], "aptrinsic": [56.340943, 34.758753], "belk": [57.1646276667], "chess": [34.8913153333], "loopme": [127.8124736667], "doubleverify": [34.9016253333, 34.8427716667], "eventticketscenter": [39.9909146667, 34.5504416667, 34.621928, 34.499889], "rubyblu": [34.8417453333], "px-client": [39.8451166667], "newscgp": [36.1861356667], "spotify": [34.8283963333], "mrtnsvr": [34.445907], "gimkit": [39.9909146667, 34.5504416667, 34.621928, 34.499889], "squarecloudservices": [34.6694383333], "nytimes": [34.6158343333], "mixpanel": [34.5240176667, 34.650529, 35.744134, 37.356912], "pro-market": [35.3898163333], "googleadservices": [294.4407846667, 299.327604], "udimg": [34.87405], "techtarget": [34.6001013333], "vindicosuite": [34.417254], "pendo": [68.2132456667], "4dex": [34.9098463333], "slgnt": [124.3763463333], "bounceexchange": [34.609089], "youtube": [295.266591, 296.789232, 294.9554293333, 293.2677753333, 295.1732133333, 296.4202736667, 294.0928096667, 295.8376286667, 293.412047, 296.7052593333, 295.6313303333, 296.6397906667, 296.2955576667, 295.3258556667, 294.398788, 294.5423786667, 297.6025363333], "google-analytics": [293.1433403333, 293.872871], "ampproject": [296.8741086667], "brightcove": [34.4903836667], "marketwatch": [39.9909146667, 34.5504416667, 34.621928, 34.499889], "btloader": [34.696715], "urbanairship": [38.5912366667], "mfadsrvr": [128.931743, 131.931395, 141.088425, 135.0685086667, 129.284611, 130.9114323333, 130.3939393333, 149.7809536667], "adventurousamount": [34.7836663333], "assemblyexchange": [34.6741823333], "yieldoptimizer": [57.3977176667], "nondescriptnote": [34.7234456667], "googleusercontent": [58.7097043333, 293.6137813333, 295.8860523333, 295.9564796667], "media": [34.720585, 34.7652026667, 34.7061483333], "fwpub1": [34.7422556667], "seoab": [35.1830763333], "adingo": [34.543348], "upsellit": [39.5387816667], "bc0a": [34.9154206667], "creativecdn": [34.615822, 36.2777383333], "chromeexperiments": [294.4795883333], "fg8dgt": [89.1572263333], "newegg": [39.9909146667, 34.5504416667, 34.621928, 34.499889], "googleoptimize": [294.9554293333], "worldstar": [34.724488], "catschickens": [34.3460226667], "pluckypocket": [34.8174493333], "youtube-nocookie": [298.560624], "koddi": [], "geekdo": [34.8070213333], "metadsp": [131.9106016667], "lura": [34.5519613333], "scaredsnakes": [67.2965906667], "pmc": [34.7071293333, 34.3364676667, 34.455666, 34.9216543333], "plotrabbit": [34.684277], "prepareplanes": [67.2965906667], "stretchsquirrel": [36.929322], "sojern": [36.8903296667], "wixmp": [34.6002496667], "adstk": [56.2547706667], "evite": [], "floors": [34.7759616667], "secondlife": [39.9909146667, 34.5504416667, 34.621928, 34.499889], "kochava": [34.6884483333], "scribblestring": [34.684277], "zeronaught": [50.9939486667], "parastorage": [34.6561416667], "flashscore": [34.6303873333], "homedepot-static": [35.0264343333], "breitbart": [34.5602296667], "dialogflow": [295.3924326667], "ggpht": [293.6137813333], "ncaudienceexchange": [294.955184], "company-target": [34.512062], "apps": [295.5213036667], "vimeocdn": [34.7112166667], "abtasty": [34.663758], "solvvy": [34.707283], "mxpnl": [35.10541, 34.818516], "fireworktv": [34.776303], "game8": [34.7689076667], "mookie1": [34.6759853333], "coherentpath": [35.4343643333], "ytimg": [296.8716746667, 296.0082476667, 295.9564796667, 296.4961483333, 294.7611823333, 295.956517, 296.621958, 298.2493113333, 296.2005846667, 294.7614946667, 296.7668206667, 296.3983826667, 297.561305, 295.9478173333, 294.5797273333, 295.3498453333], "nih": [57.625299], "ctnsnet": [34.7160576667], "propel": [34.7670323333], "bidswitch": [189.5504106667], "ojrq": [], "shop": [34.8514093333], "invitemedia": [295.8876486667], "farmergoldfish": [34.881901], "sift": [34.640003], "digitaleast": [34.4870976667], "embedsocial": [35.7211516667], "worldstarhiphop": [34.794698], "linksynergy": [34.588133]}