{"homedepot": [34.505982, 36.095292], "equablekettle": [34.5266156667], "doubleclick": [130.9407603333, 0.219416, 134.0748776667, 133.9574136667], "simpli": [0.219416], "instana": [0.219416], "chilis": [34.73885], "googlesyndication": [129.679715, 134.211416, 133.8354673333, 133.341619, 0.219416], "the-sun": [34.5504416667, 39.9909146667, 34.621928, 34.4903136667, 34.499889], "prmutv": [34.5128056667], "impactradius-event": [0.219416], "quantummetric": [], "px-cloud": [0.219416, 39.8451166667], "withgoogle": [134.2364833333], "sentry": [44.324063, 35.7967316667, 130.3482856667], "gstatic": [134.178786, 133.711234, 130.0514156667, 134.005367, 0.219416], "blooket": [34.5504416667, 39.9909146667, 34.620413, 34.3123093333, 34.621928, 34.8163396667, 34.499889], "zerohedge": [54.9304863333, 34.6526896667], "boardgamegeek": [34.8070213333], "aswpsdkus": [0.219416], "nypost": [34.5504416667, 39.9909146667, 34.8558793333, 34.621928, 34.499889], "tapad": [34.675905, 0.219416, 34.9335586667], "rmtag": [0.219416], "appspot": [133.9033193333, 133.3796313333], "google": [134.6157613333, 134.178786, 129.5901223333, 129.7388283333, 140.7816666667, 133.8232243333, 129.919671, 133.3037663333, 133.8942296667, 0.219416, 133.9249106667, 133.8678943333], "tpmn": [40.732063], "brand-display": [0.219416], "exitbee": [123.8165163333], "perfdrive": [40.9405726667, 34.8265993333], "cnet": [34.8423166667], "steadfastseat": [0.219416], "googletagservices": [0.219416], "stiffgame": [0.219416], "pub": [0.219416], "ml314": [34.472639, 0.219416], "nervoussummer": [0.219416], "pagesix": [39.9909146667, 34.5504416667, 34.621928, 34.499889], "skimresources": [0.219416], "bugsnag": [0.219416], "googleapis": [133.9301813333, 134.6157613333, 133.6494663333, 133.5614306667, 133.650555, 136.4233493333, 129.638304], "rlcdn": [0.219416], "businessinsider": [34.6490876667], "happynumbers": [], "clean": [0.219416], "srcspot": [34.5957036667], "pippio": [0.219416], "acsbapp": [0.219416], "t13": [0.219416], "evitecdn": [34.1990206667, 34.4589616667], "tangycover": [34.3460226667], "stakingsmile": [0.219416], "exponea": [34.6501016667], "optable": [36.5319786667, 36.0012233333], "crewfire": [84.0273136667], "fqtag": [0.219416], "openx": [34.8495113333, 34.563832, 34.6324016667, 34.565237, 0.219416], "33across": [34.7428933333, 34.4534773333], "tappx": [0.219416], "gobranded": [34.7361566667], "decide": [0.219416], "playground": [0.219416], "b0e8": [34.473398], "concert": [0.219416], "fullstory": [34.499276, 34.52193], "wknd": [0.219416], "urbandictionary": [133.687886, 43.215788], "cloudfunctions": [34.6888106667], "alphonso": [0.219416], "aptrinsic": [56.340943, 34.758753], "belk": [57.1646276667], "chess": [34.8913153333], "loopme": [0.219416], "doubleverify": [0.219416, 34.8427716667], "eventticketscenter": [39.9909146667, 34.5504416667, 34.621928, 34.499889], "rubyblu": [34.8417453333], "px-client": [39.8451166667], "newscgp": [0.219416], "spotify": [34.8283963333, 0.219416], "mrtnsvr": [0.219416], "gimkit": [39.9909146667, 34.5504416667, 34.621928, 34.499889], "squarecloudservices": [34.6694383333], "nytimes": [34.6158343333], "mixpanel": [0.219416], "pro-market": [0.219416], "googleadservices": [0.219416], "udimg": [0.219416], "techtarget": [34.6001013333], "vindicosuite": [0.219416], "pendo": [68.2132456667], "4dex": [0.219416], "slgnt": [0.219416], "bounceexchange": [0.219416], "youtube": [159.8808366667, 129.6417603333, 130.1512076667, 138.1347423333, 129.5901223333, 130.831749, 129.5318646667, 130.0122483333, 129.893713, 130.0238633333, 129.919671, 130.0893313333, 133.8232243333, 129.5347403333, 129.9208213333, 130.187688, 129.5854353333], "google-analytics": [0.219416], "ampproject": [133.4113816667], "brightcove": [0.219416], "marketwatch": [39.9909146667, 34.5504416667, 34.621928, 34.499889], "btloader": [0.219416], "urbanairship": [0.219416], "mfadsrvr": [0.219416], "adventurousamount": [34.7836663333], "assemblyexchange": [34.6741823333], "yieldoptimizer": [0.219416], "nondescriptnote": [0.219416], "googleusercontent": [58.7097043333, 131.977136, 133.341619, 134.436963], "media": [34.7061483333, 34.7652026667, 0.219416], "fwpub1": [34.7422556667], "seoab": [0.219416], "adingo": [0.219416], "upsellit": [0.219416], "bc0a": [34.9154206667], "creativecdn": [34.615822, 36.2777383333], "chromeexperiments": [133.574995], "fg8dgt": [56.8614143333], "newegg": [0.219416], "googleoptimize": [0.219416], "worldstar": [34.724488], "catschickens": [0.219416], "pluckypocket": [0.219416], "youtube-nocookie": [133.8942296667], "koddi": [126.0519356667], "geekdo": [34.8070213333], "metadsp": [131.9106016667], "lura": [34.5519613333], "scaredsnakes": [0.219416], "pmc": [0.219416], "plotrabbit": [0.219416], "prepareplanes": [0.219416], "stretchsquirrel": [0.219416], "sojern": [0.219416], "wixmp": [34.6002496667], "adstk": [56.2547706667], "evite": [], "floors": [34.7759616667], "secondlife": [39.9909146667, 34.5504416667, 34.621928, 34.499889], "kochava": [0.219416], "scribblestring": [0.219416], "zeronaught": [50.9939486667], "parastorage": [34.6561416667], "flashscore": [34.6303873333], "homedepot-static": [35.0264343333], "breitbart": [34.5602296667], "dialogflow": [137.8351426667], "ggpht": [132.6205823333], "ncaudienceexchange": [0.219416], "company-target": [34.512062], "apps": [129.769181], "vimeocdn": [0.219416], "abtasty": [0.219416], "solvvy": [34.707283], "mxpnl": [0.219416], "fireworktv": [34.776303], "game8": [34.7689076667], "mookie1": [0.219416], "coherentpath": [0.219416], "ytimg": [134.130792, 134.2920726667, 140.4881876667, 134.436963], "nih": [57.625299], "ctnsnet": [34.7160576667], "propel": [34.7670323333], "bidswitch": [0.219416], "ojrq": [0.219416], "shop": [34.8514093333], "invitemedia": [0.219416], "farmergoldfish": [0.219416], "sift": [34.640003], "digitaleast": [34.4870976667], "embedsocial": [35.7211516667], "worldstarhiphop": [34.794698], "linksynergy": [34.588133]}