{"homedepot": [34.505982, 36.095292], "equablekettle": [34.5266156667], "doubleclick": [44.446314, 44.6786176667, 48.424765, 43.9371496667, 44.2535673333, 34.6563003333, 34.620197, 37.1451096667, 44.294385, 44.347229, 34.8322723333, 44.585794, 44.7307553333, 36.2964373333, 36.481829, 34.9233313333, 34.6605836667, 45.0394496667, 43.856269, 44.9033506667, 34.7827436667], "simpli": [44.5137123333, 45.4511946667, 45.009533], "instana": [34.4792743333], "chilis": [34.73885], "googlesyndication": [34.9198063333, 34.638885, 44.3515706667, 34.5434146667, 44.3558206667, 34.5342043333, 44.0443626667, 45.0582133333, 44.053861, 34.514083], "the-sun": [34.5504416667, 39.9909146667, 34.621928, 34.4903136667, 34.499889], "prmutv": [34.5128056667], "impactradius-event": [36.0890483333], "quantummetric": [], "px-cloud": [39.8451166667], "withgoogle": [34.6301633333], "sentry": [44.324063, 35.7967316667, 130.3482856667], "gstatic": [44.3328586667, 44.3995106667, 44.6165256667, 175.5599493333, 44.1816063333, 34.5948513333, 44.21625, 44.5485566667, 44.6290966667, 45.568777, 34.652609], "blooket": [34.5504416667, 39.9909146667, 34.620413, 34.3123093333, 34.621928, 34.8163396667, 34.499889], "zerohedge": [54.9304863333, 34.6526896667], "boardgamegeek": [34.8070213333], "aswpsdkus": [38.5912366667], "nypost": [34.5504416667, 39.9909146667, 34.8558793333, 34.621928, 34.499889], "tapad": [34.675905, 34.5656643333, 34.9335586667, 34.828795], "rmtag": [39.2552843333], "appspot": [34.8520773333, 44.2947213333], "google": [44.3156016667, 51.6761773333, 44.4648306667, 45.3448523333, 44.2305436667, 45.5410003333, 44.506574, 43.999073, 44.3388443333, 44.21625, 44.032507, 44.1052296667, 44.3300646667, 44.362296, 47.7266413333, 61.899857, 44.1021926667, 47.0565953333, 44.2256406667, 34.664597, 44.3380786667, 44.4910083333, 44.6245556667, 44.4152403333, 44.6748626667, 45.568777, 44.6290966667, 44.88637, 34.4771613333, 48.4613636667, 44.4967066667, 44.1220683333, 49.1347373333, 34.399802, 34.7703003333, 44.0291996667, 44.6165256667, 35.7008683333, 44.3642106667, 44.265708, 44.2380043333, 44.2677543333, 34.56813, 44.634638, 44.585794, 34.4896276667, 44.1758286667, 44.556549, 36.481829, 45.5751853333, 34.716658, 48.6883796667, 44.3328586667, 44.129823, 43.9467536667, 45.4467733333, 34.7946516667, 34.502577, 44.0217996667, 44.2764836667, 44.3957773333, 43.856269, 44.1177346667, 44.1816063333, 34.700833, 44.2637193333, 44.1099563333, 45.062038, 44.3376093333, 44.318239, 34.7858326667], "tpmn": [40.732063], "brand-display": [34.7232333333], "exitbee": [123.8165163333], "perfdrive": [40.9405726667, 34.8265993333], "cnet": [34.8423166667], "steadfastseat": [34.3460226667], "googletagservices": [], "stiffgame": [34.7234456667], "pub": [34.58054], "ml314": [34.472639, 35.8504356667], "nervoussummer": [34.7835986667], "pagesix": [39.9909146667, 34.5504416667, 34.621928, 34.499889], "skimresources": [34.5577866667, 35.129689, 34.519397], "bugsnag": [34.694597], "googleapis": [44.3145656667, 44.398164, 34.6402566667, 44.171835, 34.8760176667, 44.2253803333, 76.5542476667, 44.255015, 44.4149996667, 34.746151, 34.689063, 44.1063223333, 43.8372793333, 44.137944, 44.3617653333, 43.7917026667, 34.7685486667, 34.5710663333, 44.2380043333, 44.3613133333, 44.2901383333, 34.416363, 44.7315786667, 44.307192, 44.7949403333, 34.425703, 34.6700883333, 44.5811563333, 34.4739473333, 34.8864363333, 34.5883043333, 34.7192433333, 44.363574, 44.4338386667, 35.0089233333, 34.4369406667, 44.1554276667, 35.4418023333], "rlcdn": [34.495065, 34.725237], "businessinsider": [34.6490876667], "happynumbers": [], "clean": [34.8260363333], "srcspot": [34.5957036667], "pippio": [34.3581226667], "acsbapp": [35.405543, 35.4533496667, 34.7795276667], "t13": [34.8081983333], "evitecdn": [34.1990206667, 34.4589616667], "tangycover": [34.3460226667], "stakingsmile": [34.3460226667], "exponea": [34.6501016667], "optable": [36.5319786667, 36.0012233333], "crewfire": [84.0273136667], "fqtag": [34.559, 34.7835443333], "openx": [34.8495113333, 34.8220056667, 34.563832, 34.6324016667, 34.565237, 34.7216613333], "33across": [34.7428933333, 34.4534773333], "tappx": [44.7466133333, 47.147771, 44.673573, 45.280635, 44.477813, 44.2499776667], "gobranded": [34.7361566667], "decide": [34.8176613333], "playground": [34.958711], "b0e8": [34.473398], "concert": [34.9293673333], "fullstory": [34.499276, 34.52193], "wknd": [34.609089], "urbandictionary": [36.5153973333, 43.215788], "cloudfunctions": [34.6888106667], "alphonso": [56.2547706667], "aptrinsic": [56.340943, 34.758753], "belk": [57.1646276667], "chess": [34.8913153333], "loopme": [127.8124736667], "doubleverify": [34.8427716667], "eventticketscenter": [39.9909146667, 34.5504416667, 34.621928, 34.499889], "rubyblu": [34.8417453333], "px-client": [39.8451166667], "newscgp": [36.1861356667], "spotify": [34.8283963333], "mrtnsvr": [34.445907], "gimkit": [39.9909146667, 34.5504416667, 34.621928, 34.499889], "squarecloudservices": [34.6694383333], "nytimes": [34.6158343333], "mixpanel": [37.356912, 34.5240176667, 35.744134, 34.650529], "pro-market": [35.3898163333], "googleadservices": [53.1067163333, 44.053861, 44.2542933333, 44.3515706667], "udimg": [34.87405], "techtarget": [34.6001013333], "vindicosuite": [34.417254], "pendo": [68.2132456667], "4dex": [34.9098463333], "slgnt": [124.3763463333], "bounceexchange": [34.609089], "youtube": [44.3156016667, 44.129823, 47.7266413333, 44.4648306667, 44.2305436667, 45.5410003333, 44.3957773333, 44.1052296667, 44.3388443333, 44.032507, 44.4910083333, 44.6245556667, 44.2637193333, 44.1220683333, 44.3376093333, 44.362296, 34.95619], "google-analytics": [34.7606043333, 34.6332486667], "ampproject": [34.7462623333], "brightcove": [34.4903836667], "marketwatch": [39.9909146667, 34.5504416667, 34.621928, 34.499889], "btloader": [34.696715], "urbanairship": [38.5912366667], "mfadsrvr": [57.0309583333], "adventurousamount": [34.7836663333], "assemblyexchange": [34.6741823333], "yieldoptimizer": [35.9412246667], "nondescriptnote": [34.7234456667], "googleusercontent": [45.0582133333, 58.7097043333, 44.3558206667, 44.160232], "media": [34.720585, 34.7652026667, 34.7061483333], "fwpub1": [34.7422556667], "seoab": [35.1830763333], "adingo": [34.543348], "upsellit": [39.5387816667], "bc0a": [34.9154206667], "creativecdn": [34.615822, 36.2777383333], "chromeexperiments": [44.3874966667], "fg8dgt": [56.8614143333], "newegg": [39.9909146667, 34.5504416667, 34.621928, 34.499889], "googleoptimize": [34.600557], "worldstar": [34.724488], "catschickens": [34.3460226667], "pluckypocket": [34.8174493333], "youtube-nocookie": [42.9090923333], "koddi": [], "geekdo": [34.8070213333], "metadsp": [131.9106016667], "lura": [34.5519613333], "scaredsnakes": [67.2965906667], "pmc": [45.6619016667], "plotrabbit": [34.684277], "prepareplanes": [67.2965906667], "stretchsquirrel": [36.929322], "sojern": [36.8903296667], "wixmp": [34.6002496667], "adstk": [56.2547706667], "evite": [], "floors": [34.7759616667], "secondlife": [39.9909146667, 34.5504416667, 34.621928, 34.499889], "kochava": [34.6884483333], "scribblestring": [34.684277], "zeronaught": [50.9939486667], "parastorage": [34.6561416667], "flashscore": [34.6303873333], "homedepot-static": [35.0264343333], "breitbart": [34.5602296667], "dialogflow": [35.3366603333], "ggpht": [44.4188376667], "ncaudienceexchange": [36.5153973333], "company-target": [34.512062], "apps": [35.159946], "vimeocdn": [34.7112166667], "abtasty": [34.663758], "solvvy": [34.707283], "mxpnl": [35.10541, 34.818516], "fireworktv": [34.776303], "game8": [34.7689076667], "mookie1": [34.6759853333], "coherentpath": [35.4343643333], "ytimg": [44.5173016667, 44.4709876667, 44.6167473333, 45.148055, 44.312575, 44.370555], "nih": [57.625299], "ctnsnet": [34.7160576667], "propel": [34.7670323333], "bidswitch": [56.503984], "ojrq": [], "shop": [34.8514093333], "invitemedia": [48.6883796667, 61.899857, 44.1177346667, 44.6748626667, 44.4152403333, 44.3300646667],