{"homedepot": [34.505982, 36.095292], "equablekettle": [34.5266156667], "doubleclick": [163.307132, 163.5865413333, 163.263487, 163.6313596667, 163.7620806667, 163.7733853333, 163.8478013333, 163.6619023333, 162.8931656667, 166.3219563333], "simpli": [45.191331, 44.5628746667, 44.8340806667], "instana": [34.4792743333], "chilis": [34.73885], "googlesyndication": [163.8687033333, 163.7161736667, 165.585912, 163.5897396667, 163.6234776667], "the-sun": [34.5504416667, 39.9909146667, 34.621928, 34.4903136667, 34.499889], "prmutv": [34.5128056667], "impactradius-event": [36.0890483333], "quantummetric": [], "px-cloud": [39.8451166667], "withgoogle": [163.048045], "sentry": [44.324063, 35.7967316667, 130.3482856667], "gstatic": [34.6057623333, 163.6334843333, 163.791296, 162.4990383333, 163.7637333333], "blooket": [34.5504416667, 39.9909146667, 34.620413, 34.3123093333, 34.621928, 34.8163396667, 34.499889], "zerohedge": [54.9304863333, 34.6526896667], "boardgamegeek": [34.8070213333], "aswpsdkus": [38.5912366667], "nypost": [34.5504416667, 39.9909146667, 34.8558793333, 34.621928, 34.499889], "tapad": [34.675905, 34.5656643333, 34.9335586667, 34.828795], "rmtag": [39.2552843333], "appspot": [163.9762776667, 166.476157], "google": [163.0295526667, 164.0900323333, 162.963123, 163.5234943333, 163.7450626667, 163.1424056667, 163.765786, 163.4927113333, 162.6453333333, 162.9865073333, 180.838459, 34.7703003333, 163.8250223333, 162.9356973333, 163.627484, 163.151304, 34.56813, 164.4153336667, 163.64735, 163.733727, 164.9165376667, 34.502577, 34.700833, 164.871184], "tpmn": [40.732063], "brand-display": [34.7232333333], "exitbee": [123.8165163333], "perfdrive": [40.9405726667, 34.8265993333], "cnet": [34.8423166667], "steadfastseat": [34.3460226667], "googletagservices": [], "stiffgame": [34.7234456667], "pub": [34.58054], "ml314": [34.472639, 35.8504356667], "nervoussummer": [34.7835986667], "pagesix": [39.9909146667, 34.5504416667, 34.621928, 34.499889], "skimresources": [34.5577866667, 35.129689, 34.519397], "bugsnag": [34.694597], "googleapis": [163.963923, 162.7692556667, 164.2154126667, 163.8167223333, 162.9560756667, 169.4678206667, 163.1862566667, 163.499977, 162.4539213333, 163.1424056667, 163.9557606667, 163.652599, 162.7293883333, 163.3252883333, 163.877191, 163.5825073333, 162.761528, 195.1343956667, 163.833839, 163.462419, 165.106643, 163.6840713333, 163.887514, 164.777994, 164.1669453333, 173.31604, 164.7718663333, 163.1369373333, 165.3612623333, 164.0101496667, 163.747976, 162.8113353333, 163.7972613333, 162.745088, 164.2076493333, 163.696386, 163.815885, 164.1776293333, 163.509952, 163.1745536667, 163.835567, 163.5591706667, 163.7524516667, 163.8211646667, 162.7594033333, 163.907333, 166.2345326667, 164.2035076667, 163.6966246667, 162.6022646667], "rlcdn": [34.495065, 34.725237], "businessinsider": [34.6490876667], "happynumbers": [], "clean": [34.8260363333], "srcspot": [34.5957036667], "pippio": [34.3581226667], "acsbapp": [35.405543, 35.4533496667, 34.7795276667], "t13": [34.8081983333], "evitecdn": [34.1990206667, 34.4589616667], "tangycover": [34.3460226667], "stakingsmile": [34.3460226667], "exponea": [34.6501016667], "optable": [36.5319786667, 36.0012233333], "crewfire": [84.0273136667], "fqtag": [34.559, 34.7835443333], "openx": [34.8495113333, 34.8220056667, 34.563832, 34.6324016667, 34.565237, 34.7216613333], "33across": [34.7428933333, 34.4534773333], "tappx": [44.6056573333, 45.30626, 45.0144206667, 45.3227936667], "gobranded": [34.7361566667], "decide": [34.8176613333], "playground": [34.958711], "b0e8": [34.473398], "concert": [34.9293673333], "fullstory": [34.499276, 34.52193], "wknd": [34.609089], "urbandictionary": [163.756147, 43.215788], "cloudfunctions": [34.6888106667], "alphonso": [56.2547706667], "aptrinsic": [56.340943, 34.758753], "belk": [57.1646276667], "chess": [34.8913153333], "loopme": [127.8124736667], "doubleverify": [34.8427716667], "eventticketscenter": [39.9909146667, 34.5504416667, 34.621928, 34.499889], "rubyblu": [34.8417453333], "px-client": [39.8451166667], "newscgp": [36.1861356667], "spotify": [34.8283963333], "mrtnsvr": [34.445907], "gimkit": [39.9909146667, 34.5504416667, 34.621928, 34.499889], "squarecloudservices": [34.6694383333], "nytimes": [34.6158343333], "mixpanel": [34.5240176667, 34.650529, 35.744134, 37.356912], "pro-market": [35.3898163333], "googleadservices": [163.9410893333, 163.5897396667], "udimg": [34.87405], "techtarget": [34.6001013333], "vindicosuite": [34.417254], "pendo": [68.2132456667], "4dex": [34.9098463333], "slgnt": [124.3763463333], "bounceexchange": [34.609089], "youtube": [164.9165376667, 164.3980033333, 162.826117, 163.215778, 163.5620013333, 162.573191, 164.3504143333, 164.0900323333, 162.963123, 163.627484, 163.7450626667, 162.6453333333, 164.4153336667, 165.3068576667, 164.7806833333, 163.5723893333], "google-analytics": [165.023487, 163.5491196667], "ampproject": [163.063891], "brightcove": [34.4903836667], "marketwatch": [39.9909146667, 34.5504416667, 34.621928, 34.499889], "btloader": [34.696715], "urbanairship": [38.5912366667], "mfadsrvr": [57.0309583333], "adventurousamount": [34.7836663333], "assemblyexchange": [34.6741823333], "yieldoptimizer": [34.8269796667], "nondescriptnote": [34.7234456667], "googleusercontent": [58.7097043333, 163.5948036667, 164.101122, 162.9714706667], "media": [34.720585, 34.7652026667, 34.7061483333], "fwpub1": [34.7422556667], "seoab": [35.1830763333], "adingo": [34.543348], "upsellit": [39.5387816667], "bc0a": [34.9154206667], "creativecdn": [34.615822, 36.2777383333], "chromeexperiments": [163.6693033333], "fg8dgt": [56.8614143333], "newegg": [39.9909146667, 34.5504416667, 34.621928, 34.499889], "googleoptimize": [164.3980033333], "worldstar": [34.724488], "catschickens": [34.3460226667], "pluckypocket": [34.8174493333], "youtube-nocookie": [164.871184], "koddi": [], "geekdo": [34.8070213333], "metadsp": [131.9106016667], "lura": [34.5519613333], "scaredsnakes": [67.2965906667], "pmc": [34.7071293333, 34.3364676667, 34.455666, 34.9216543333], "plotrabbit": [34.684277], "prepareplanes": [67.2965906667], "stretchsquirrel": [36.929322], "sojern": [36.8903296667], "wixmp": [34.6002496667], "adstk": [56.2547706667], "evite": [], "floors": [34.7759616667], "secondlife": [39.9909146667, 34.5504416667, 34.621928, 34.499889], "kochava": [34.6884483333], "scribblestring": [34.684277], "zeronaught": [50.9939486667], "parastorage": [34.6561416667], "flashscore": [34.6303873333], "homedepot-static": [35.0264343333], "breitbart": [34.5602296667], "dialogflow": [163.791296], "ggpht": [163.6201603333], "ncaudienceexchange": [163.756147], "company-target": [34.512062], "apps": [163.756147], "vimeocdn": [34.7112166667], "abtasty": [34.663758], "solvvy": [34.707283], "mxpnl": [35.10541, 34.818516], "fireworktv": [34.776303], "game8": [34.7689076667], "mookie1": [34.6759853333], "coherentpath": [35.4343643333], "ytimg": [162.5682856667, 163.3592126667, 165.1650986667, 164.0729686667, 163.1553366667, 163.3022943333, 163.5850886667, 189.7367123333, 163.5067003333, 163.0911743333, 162.7765146667, 163.6442753333, 163.2167623333, 164.039978, 163.8817293333, 163.6935413333], "nih": [57.625299], "ctnsnet": [34.7160576667], "propel": [34.7670323333], "bidswitch": [56.503984], "ojrq": [], "shop": [34.8514093333], "invitemedia": [164.9165376667], "farmergoldfish": [34.881901], "sift": [34.640003], "digitaleast": [34.4870976667], "embedsocial": [35.7211516667], "worldstarhiphop": [34.794698], "linksynergy": [34.588133]}