{"rbxcdn": [45.574068, 45.6635816667], "moviefap": [38.1209326667, 34.230438], "phncdn": [34.2933043333], "tnaflix": [38.1209326667, 34.230438], "bttrack": [34.571541, 34.9304346667], "jquery": [34.571541, 34.9304346667], "tnastatic": [38.1209326667, 34.230438], "rdtcdn": [38.1209326667, 34.230438], "neopets": [38.1209326667, 34.230438], "juicyads": [34.571541, 34.9304346667], "trafficjunky": [34.612723], "imglnke": [], "minute": [38.1209326667, 34.230438], "exdynsrv": [38.1209326667, 34.230438], "wpnsrv": [38.1209326667, 34.230438], "goasrv": [34.571541, 34.9304346667], "gettopple": [38.1209326667, 34.230438], "adtng": [34.707394]}