{"metrobyt-mobile": [36.4476753333], "bigbadtoystore": [40.8712853333, 34.6052933333], "iaai": [34.4636533333], "uhc": [34.3702106667, 34.68088], "brainpop": [34.3416703333, 34.3919426667], "thinkcentral": [34.545575], "aarp": [40.765605, 34.7640943333], "familysearch": [], "cox": [34.619929, 48.645332], "kmsmep": [34.4620486667], "comenity": [34.4620486667], "heb": [34.3298836667, 42.9431713333], "proxibid": [34.114974, 40.6777843333]}