{"metrobyt-mobile": [36.4476753333], "bigbadtoystore": [34.6052933333, 40.8712853333], "iaai": [34.4636533333], "uhc": [42.6404353333, 40.8567476667], "brainpop": [34.3919426667, 43.1304836667], "thinkcentral": [43.301998], "aarp": [40.765605, 34.7640943333], "familysearch": [], "cox": [34.619929, 48.645332], "kmsmep": [46.376225], "comenity": [46.376225], "heb": [34.3298836667, 42.9431713333], "proxibid": [34.114974, 40.6777843333]}