{"metrobyt-mobile": [36.4476753333], "bigbadtoystore": [40.8712853333, 34.6052933333], "iaai": [80.0991376667], "uhc": [79.803251, 157.173527], "brainpop": [34.3919426667, 80.281817], "thinkcentral": [80.5607906667], "aarp": [34.7640943333, 40.765605], "familysearch": [], "cox": [34.619929, 48.645332], "kmsmep": [], "comenity": [], "heb": [34.3298836667, 42.9431713333], "proxibid": [34.114974, 40.6777843333]}