{"metrobyt-mobile": [36.4476753333], "bigbadtoystore": [34.6052933333, 40.8712853333], "iaai": [48.441354], "uhc": [116.155802, 71.3477806667], "brainpop": [34.3919426667, 47.3683113333], "thinkcentral": [47.043008], "aarp": [34.7640943333, 40.765605], "familysearch": [], "cox": [34.619929, 48.645332], "kmsmep": [0.219416], "comenity": [46.7967503333], "heb": [34.3298836667, 42.9431713333], "proxibid": [34.114974, 40.6777843333]}