{"metrobyt-mobile": [36.4476753333], "bigbadtoystore": [40.8712853333, 34.6052933333], "iaai": [48.713427], "uhc": [174.4919343333, 47.1754463333], "brainpop": [34.3919426667, 47.4396016667], "thinkcentral": [47.1358286667], "aarp": [40.765605, 34.7640943333], "familysearch": [], "cox": [34.619929, 48.645332], "kmsmep": [47.2367506667], "comenity": [47.2367506667], "heb": [34.3298836667, 42.9431713333], "proxibid": [34.114974, 40.6777843333]}