{"xvideos-cdn": [], "futurecdn": [67.0272143333, 66.983475, 67.045898], "xhcdn": [162.427841, 162.024063, 162.9055793333, 162.3681823333, 162.5375546667, 162.3600176667, 157.123309, 167.210878, 165.892946, 378.9926233333, 161.763129, 157.3816886667, 162.4735726667, 162.9426443333, 162.001728], "mxptint": [], "runative-syndicate": [256.1047196667, 161.763129, 161.900741], "flixcdn": [161.769699, 162.3600176667, 157.123309, 162.03232, 157.233454, 162.001728], "tsyndicate": [161.900741, 162.3600176667, 167.210878, 162.6577513333, 157.233454, 156.987767, 157.5185853333], "stripcash": [67.0272143333, 66.964754], "run-syndicate": [163.0004516667, 162.1135826667, 162.1460166667], "fullxhcdn": [161.2685053333, 157.0467583333, 157.123309, 156.984718, 162.001728], "paycomonline": [65.121515]}