{"xvideos-cdn": [], "futurecdn": [45.4065756667, 58.7913056667], "xhcdn": [45.2437546667, 44.9638796667, 45.465493, 45.3148656667, 77.0299393333], "mxptint": [], "runative-syndicate": [74.9518383333], "flixcdn": [45.0725696667, 45.3148656667], "tsyndicate": [45.0725696667, 95.6389476667, 44.7238186667, 45.3148656667], "stripcash": [], "run-syndicate": [44.943586], "fullxhcdn": [], "paycomonline": [59.5463303333]}