{"xvideos-cdn": [], "futurecdn": [130.807796, 132.443666], "xhcdn": [131.245849, 130.9745613333, 132.9855613333, 131.9980723333, 131.7953393333, 132.443666, 131.26628, 132.4218653333, 131.315651, 131.1100383333], "mxptint": [], "runative-syndicate": [], "flixcdn": [], "tsyndicate": [0.219416], "stripcash": [], "run-syndicate": [0.219416], "fullxhcdn": [131.4048903333, 132.4218653333, 131.1100383333], "paycomonline": [63.2616383333]}