{"xvideos-cdn": [], "futurecdn": [240.9654946667, 240.664527, 240.8956413333, 242.1350166667, 240.3199223333, 240.762156], "xhcdn": [240.2921723333, 240.4736726667, 240.6343026667, 241.6879006667, 241.7840253333, 242.6753626667, 240.2795453333, 240.5405766667, 240.9989813333, 239.9116303333, 239.9271293333, 240.762156, 240.6292326667, 240.5192243333, 241.0009506667], "mxptint": [], "runative-syndicate": [241.6879006667, 240.2842946667, 240.954658], "flixcdn": [241.1050916667, 241.6879006667, 241.7840253333, 239.9271293333, 240.9312733333, 239.556245], "tsyndicate": [239.8739056667, 240.615111, 241.1050916667, 241.6879006667, 240.2411203333, 239.9116303333, 239.9271293333, 240.9312733333], "stripcash": [133.324664, 133.1091313333], "run-syndicate": [240.487522, 240.954658, 240.9076263333], "fullxhcdn": [240.615111, 239.9909773333, 240.9989813333, 240.9312733333, 243.5568106667], "paycomonline": [63.2616383333]}