{"azureedge": [37.5073306667, 35.6549326667, 35.691876, 35.4397246667, 133.3755243333], "gfx": [37.5073306667, 35.691876], "xboxservices": [35.4397246667, 35.6549326667], "openai": [37.5073306667, 35.691876], "msauth": [35.4397246667, 35.6549326667, 35.691876, 37.5073306667], "truyo": [37.5073306667, 35.691876], "azure": [35.4397246667, 35.6549326667], "aspnetcdn": [133.3517323333], "nuance": [35.8528843333, 36.116031]}