{"azureedge": [34.1097373333, 35.8035623333, 38.2316096667, 34.9425006667, 35.8172173333], "gfx": [38.2316096667, 35.8172173333], "xboxservices": [34.9425006667, 35.8035623333], "openai": [38.2316096667, 35.8172173333], "msauth": [35.5138536667, 34.9425006667, 36.002402, 35.8035623333], "truyo": [38.2316096667, 35.8172173333], "azure": [36.002402, 35.5138536667], "aspnetcdn": [34.303794], "nuance": [35.5627236667, 35.6070663333]}