{"yahoo": [66.1149903333, 45.7811806667, 46.2939096667, 49.78749, 61.40426, 61.7175216667, 61.4992586667, 66.0660343333, 62.0448786667, 87.4510043333, 48.7765913333, 62.2783353333, 64.5031663333, 87.4642753333, 57.899994, 57.706041, 61.9330236667], "yahoodns": [48.759444, 217.8143446667, 131.4917196667, 58.3590256667, 45.686037, 220.7326346667, 149.0293833333, 54.483027, 48.9502813333], "aol": [45.7811806667, 49.78749, 64.5031663333], "yahoosandbox": [45.7811806667, 49.78749]}