{"yahoo": [66.1149903333, 46.2939096667, 66.1131176667, 61.40426, 61.7175216667, 61.4794486667, 61.4992586667, 66.0660343333, 62.0448786667, 87.4510043333, 48.7765913333, 62.2783353333, 64.5031663333, 87.4642753333, 57.899994, 65.3105976667, 57.706041, 61.9330236667, 61.785542], "yahoodns": [222.0158486667, 155.0416573333, 66.270453, 294.0295883333, 130.9920083333, 195.2294833333, 67.3150936667, 217.3397606667, 140.5328343333], "aol": [61.4794486667, 64.5031663333, 65.3105976667, 57.706041, 66.1131176667, 61.40426, 61.785542], "yahoosandbox": [61.4794486667, 65.3105976667, 57.706041, 66.1131176667, 61.40426, 61.785542]}