{"yahoo": [46.2939096667, 57.1494856667, 48.6240686667, 61.40426, 61.7175216667, 61.4992586667, 56.0407723333, 66.0660343333, 87.4510043333, 58.3372686667, 48.7765913333, 58.203597, 62.2783353333, 48.537747, 64.5031663333, 87.4642753333, 57.899994, 57.706041, 61.9330236667, 58.658071], "yahoodns": [155.0416573333, 294.0295883333, 253.3884433333, 184.3898596667, 54.4905716667, 220.7326346667, 53.3756983333, 217.3397606667], "aol": [48.6240686667, 64.5031663333], "yahoosandbox": []}