{"goindigo": [], "nike": [18.5096696667, 18.4099436667, 20.6216156667, 29.7609743333, 26.6576293333, 17.1444013333], "axisbank": [1.1178873333], "bankbazaar": [18.117359, 18.887103, 1.098528], "clmbtech": [19.849431, 25.2727346667, 22.625933, 18.3859723333], "voot": [18.3047656667, 18.4935103333, 1.4655626667, 22.700189, 22.625933, 22.719568, 22.7166396667, 18.406407, 18.493657, 18.453821, 18.1243016667, 18.1743723333, 18.5497826667, 18.4099436667, 16.9156186667, 18.4032853333, 18.3976563333, 22.8289073333, 18.5582666667, 15.359288, 56.5190626667, 1.7508386667, 22.1780233333, 18.5858726667], "airtel": [20.0798656667, 17.1487166667], "indianexpress": [18.4310743333, 22.784925], "singular": [29.8895363333, 20.620562, 24.2914143333, 20.445184], "99acres": [308.0664193333, 283.9852486667], "mzstatic": [1.532536, 18.3999756667, 36.1415843333, 4.4423723333], "rubiconproject": [129.0018286667, 129.1475583333, 21.320378, 129.1224923333, 21.841261, 1.1011156667, 55.3326423333, 61.586161], "addthisedge": [1.730575], "lemnisk": [19.9184746667, 38.4995893333, 2.082971], "flixcart": [1.6311726667, 19.8952483333, 2.4016666667], "optimizely": [25.9092143333, 18.564533, 18.4605886667], "akamaized": [4.2497016667, 20.7137423333, 20.1890973333, 20.445184, 22.7564936667, 36.292833, 33.512583, 32.1627703333, 20.74207, 4.3150036667], "dinamalar": [1.5659063333, 17.2467243333], "drivespark": [0.7722316667, 0.730107], "jagranjosh": [2.0667893333, 1.8386556667], "serving-sys": [24.5163156667, 37.115976], "akstat": [17.873275], "appsflyer": [21.4943976667, 25.579837], "livehindustan": [18.417007, 33.0533236667], "tiktok": [22.743186, 20.138575], "agoda": [17.9412883333, 12.4377596667, 19.7895386667], "growthrx": [29.447643, 15.6156376667, 21.3479846667], "fastclick": [16.8427573333], "akamaihd": [20.7137423333, 20.74207], "sharethis": [17.6902076667, 17.8975823333], "uacdn": [20.7137423333, 20.74207], "tcsion": [20.6971913333, 25.3021916667], "magicbricks": [18.428825], "adobedtm": [29.8150006667], "cxense": [20.999952], "moatads": [34.2867796667], "outbrain": [1.6291956667, 1.8327773333, 26.4451363333], "netcoresmartech": [16.8784276667, 25.2150343333, 25.026395, 18.1689943333], "onelink": [0.9693393333, 0.9984656667, 0.7627396667, 1.0415173333], "oneindia": [0.827209, 0.812801], "cricbuzz": [16.795715, 1.492894, 20.0885743333], "tripadvisor": [1.2253713333, 1.0163633333, 0.755188, 0.9706503333], "abplive": [20.7137423333, 29.814668, 15.4592046667, 25.1455003333, 17.1300376667, 20.74207, 17.1487166667, 29.814764], "naukri": [19.6305246667], "zee5": [16.642748, 15.4795513333, 29.7760156667, 16.5369173333], "ndtvimg": [16.815382], "adform": [18.3847983333, 18.289078], "bing": [19.826235, 24.6657453333, 19.669264, 25.0995143333, 25.270233, 29.7920693333, 20.4010876667, 20.0272923333, 25.3021916667], "shiksha": [146.7533003333, 144.284396], "prokerala": [0.7490316667, 0.803512, 19.669264, 26.6576293333, 0.752757], "hindustantimes": [21.5192803333, 15.343728, 20.8367486667, 20.5806823333, 29.814764], "paisabazaar": [24.5514096667], "media": [20.491068, 21.8064626667], "news18": [33.3259623333, 28.0583436667, 2.4481, 18.1689943333], "nikecdn": [31.7451806667, 16.9293106667], "justdial": [18.0137203333], "indiatimes": [33.584113, 21.3585273333, 21.3479846667, 22.1861836667, 20.037471, 21.642122, 21.3621686667, 21.5073963333, 15.6156376667, 18.064096, 18.558335, 20.680546], "kuikr": [32.9705193333, 28.089054, 36.4374666667], "casalemedia": [116.8219033333], "yotpo": [49.4544373333], "myherbalife": [17.1855846667, 25.588818], "hansel": [22.9850886667, 31.777431], "6sc": [17.918803, 23.8399946667], "livemint": [44.406449, 22.3788643333, 16.9526683333], "licdn": [33.3259623333, 34.3931533333], "rediff": [33.2700843333, 4.1602963333, 17.222256, 19.6704963333, 24.3655353333, 4.789323], "typekit": [20.7137423333, 33.5512576667, 20.74207, 17.2203876667], "spotxchange": [48.5240556667, 50.4609393333], "jiocinema": [4.3242806667, 4.080706], "turn": [203.0619033333], "nta": [33.240249, 24.6867303333], "ambitionbox": [171.5610423333, 165.7864963333], "bbci": [1.8357293333, 34.2031063333, 33.5794, 25.753117], "cloudinary": [20.6584316667], "quikr": [48.4270293333], "bbc": [1.8357293333, 33.5794], "sonyliv": [18.6023316667, 22.7619763333], "reliancedigital": [], "jansatta": [17.862931], "gaanacdn": [15.343728, 35.9414076667, 20.582711, 20.3141983333, 29.814764], "addons": [230.8853403333], "weather": [1.9635556667], "leadsquared": [22.743186, 23.97967], "fnp": [29.465146, 17.1673076667, 18.294001], "samsung": [22.7118963333], "incometax": [21.85117, 16.9599233333], "gadgetsnow": [13.7250166667], "pharmeasy": [1.471351, 1.716959, 1.6803543333, 23.97967, 33.5316786667], "paytm": [20.7137423333, 17.9372786667, 22.846804, 21.5013326667, 20.74207], "nxstatic": [4.0918633333, 4.0929163333], "gizbot": [0.7971346667, 0.7674566667], "teads": [17.7697836667, 16.6308876667], "goodreturns": [0.7944663333, 0.772096], "mayoclinic": [4.0918633333, 5.828747], "fcglcdn": [16.795715, 21.244191], "loksatta": [24.9880796667, 22.784925], "cardekho": [20.7137423333, 20.74207], "amazon": [121.5017823333, 19.669264, 16.63774, 119.2147663333, 120.474334], "apple": [49.1418535, 17.4006983333], "addthis": [19.6671316667, 18.5633626667, 12.669132], "connecto": [18.2161723333, 17.9901186667], "icicibank": [3.877557], "dailyhunt": [16.9694823333, 20.7137423333, 17.0655283333, 21.8229193333, 12.3530953333, 12.369329, 17.1522376667, 20.74207, 17.289193, 17.2140526667, 11.9563633333], "croma": [17.9808126667, 19.189812, 21.1786926667], "doubleverify": [1.3515246667], "norton": [20.3107803333], "bluekai": [18.177342, 18.619787], "zeenews": [16.60491, 19.7852513333], "bikedekho": [], "go-mpulse": [17.4202773333, 31.7725496667], "tatadigital": [16.820241, 42.3739966667, 35.9414076667, 21.542987], "bilibili": [119.7493966667, 50.246597, 79.5130506667], "zupee": [20.0973306667, 24.5209756667], "oneplus": [2.382942], "5paisa": [58.8963603333, 48.0622966667], "adpushup": [20.7137423333, 20.74207], "toiimg": [19.0812613333, 24.458431], "sportz": [19.10953, 17.9386593333], "herzindagi": [1.8386556667], "unacademy": [32.92421, 19.828015, 29.814764, 44.406449], "gaadicdn": [20.7137423333, 20.74207], "gst": [24.1376676667], "etsy": [0.7965623333, 1.25009, 1.0058566667, 0.975409], "opstatics": [18.589787, 21.706436, 18.62947, 25.9162936667], "herbalifenutrition": [20.4205656667], "digialm": [20.4010876667, 24.5206], "pinimg": [16.6483973333], "nativeplanet": [0.8267583333, 0.7763206667], "jagran": [1.313792], "vivo": [26.9165303333, 31.7364393333], "jagranimages": [], "langimg": [15.6156376667], "intoday": [20.7137423333, 20.74207], "haptikapi": [31.7364393333, 15.4664986667], "geeksforgeeks": [], "site": [19.849431, 19.9266293333], "s3waas": [22.8637196667, 22.1148003333], "cbse": [], "htmedia": [21.338783], "tvid": [19.09957], "etsystatic": [20.7137423333, 20.74207], "azureedge": [31.744332, 21.5023333333], "yodasoft": [1.2461593333, 1.1850506667], "godaddy": [281.9376053333], "mxradon": [20.6971913333, 36.8565703333], "mathtag": [19.9218053333], "smartadserver": [], "pubmatic": [24.511251], "moatpixel": [12.197981], "stickyadstv": [20.7137423333, 20.74207], "mca": [], "haryanakranti": [5.468579, 4.1845593333], "pinterest": [16.6483973333], "everesttech": [], "naukimg": [17.190582], "dmcdn": [15.7326086667, 34.8707436667], "economictimes": [33.584113]}