{"goindigo": [], "nike": [124.4802796667, 124.1506753333, 124.2946253333, 124.049953, 124.3773566667, 124.4455243333, 124.420404, 124.290698, 124.3480606667], "axisbank": [307.6993863333], "bankbazaar": [124.1360886667, 125.3890433333], "clmbtech": [0.1071303333], "voot": [124.4302093333, 130.6380443333, 124.1698096667, 124.142831, 124.3812193333, 124.0987366667, 124.3895213333, 124.38233, 124.107425, 124.1008656667, 124.1334846667, 124.3560863333, 124.4226623333, 124.1334143333, 124.0882773333, 124.4051143333, 124.319505, 124.1256413333, 124.4158956667, 124.3881003333, 124.1880093333, 124.323986], "airtel": [], "indianexpress": [124.102651, 124.1185583333], "singular": [124.08868, 0.1071303333, 124.1349216667], "99acres": [124.1857643333, 124.3711393333], "mzstatic": [124.462538], "rubiconproject": [0.1071303333], "addthisedge": [124.3944973333], "lemnisk": [124.4299496667], "flixcart": [124.0987683333, 124.3538836667], "optimizely": [0.1071303333, 124.4866643333], "akamaized": [124.102501, 124.1590133333, 124.373215, 124.395394, 124.1857643333, 124.38428, 124.3711393333, 124.3459833333, 124.3618273333, 124.4428713333, 124.146699], "dinamalar": [124.122276, 124.4018776667], "drivespark": [0.7722316667, 0.730107], "jagranjosh": [1.8386556667, 124.097828], "serving-sys": [0.1071303333], "akstat": [124.3941916667], "appsflyer": [0.1071303333], "livehindustan": [124.410893, 124.1028393333], "tiktok": [0.1071303333], "agoda": [124.3130726667], "growthrx": [124.3730696667, 124.083924, 124.377203], "fastclick": [132.4434753333], "akamaihd": [0.1071303333], "sharethis": [0.1071303333], "uacdn": [124.5208203333, 124.1140833333], "tcsion": [124.1130203333, 124.119432], "magicbricks": [124.416696], "adobedtm": [0.1071303333], "cxense": [0.1071303333], "moatads": [0.1071303333], "outbrain": [0.1071303333], "netcoresmartech": [124.952281, 130.5628493333, 124.1349216667, 124.364969], "onelink": [129.2490486667, 129.2152356667, 128.9970646667, 128.9746246667], "oneindia": [0.827209, 0.812801], "cricbuzz": [1.492894, 124.1130203333, 124.1282216667], "tripadvisor": [1.2253713333, 1.0163633333, 0.755188, 0.9706503333], "abplive": [124.41649, 124.402696, 130.661733, 124.9920706667, 124.1656893333, 124.988908, 124.1603503333, 124.364969], "naukri": [0.1071303333], "zee5": [124.364857, 124.423826, 124.417837, 124.457665], "ndtvimg": [125.019213], "adform": [0.1071303333], "bing": [130.6038766667, 124.389999, 124.3895213333], "shiksha": [124.4254146667, 124.318224], "prokerala": [0.7490316667, 124.3052383333, 0.803512, 0.752757, 124.119432], "hindustantimes": [125.012902, 124.410893, 124.355449, 124.3508496667, 124.501546], "paisabazaar": [124.489979], "media": [0.1071303333], "news18": [124.992021, 124.406083, 124.1339326667, 124.1266373333, 124.4657506667], "nikecdn": [124.079537, 124.3618683333], "justdial": [124.036434], "indiatimes": [124.135977, 124.5410136667, 125.424376, 124.1361586667, 124.3719026667, 124.416696, 124.1339513333, 124.3751736667, 124.3730696667, 124.404468, 124.4673756667], "kuikr": [238.90649, 124.1575926667], "casalemedia": [0.1071303333], "yotpo": [124.3519426667], "myherbalife": [124.41655, 124.1195636667], "hansel": [0.1071303333], "6sc": [0.1071303333], "livemint": [124.3508496667, 124.410893, 124.355449], "licdn": [0.1071303333], "rediff": [124.4059833333, 124.333303], "typekit": [124.1457563333, 0.1071303333, 124.3919893333], "spotxchange": [0.1071303333], "jiocinema": [124.112399, 124.119432], "turn": [0.1071303333], "nta": [124.107534, 124.1857643333], "ambitionbox": [236.696672, 246.5470526667], "bbci": [0.1071303333, 124.80497, 124.1640783333], "cloudinary": [0.7252696667, 0.7600576667], "quikr": [114.679086], "bbc": [124.80497, 124.1640783333], "sonyliv": [124.428982, 125.0050226667], "reliancedigital": [], "jansatta": [124.102651], "gaanacdn": [124.1423703333, 124.355053, 124.4229786667, 124.1539996667, 124.3732956667], "addons": [230.8853403333], "weather": [124.4051973333], "leadsquared": [124.435689, 125.0092973333], "fnp": [124.364834, 124.0793613333], "samsung": [130.6300733333], "incometax": [1.122386, 0.8479746667], "gadgetsnow": [124.3732956667], "pharmeasy": [124.3660733333, 124.378704, 124.333303, 124.1296133333], "paytm": [124.3903033333, 124.1069226667, 124.398475, 124.3858283333, 124.237555], "nxstatic": [124.3052383333, 124.119432], "gizbot": [0.7971346667, 0.7674566667], "teads": [124.4346936667, 0.1071303333], "goodreturns": [0.7944663333, 0.772096], "mayoclinic": [124.0456646667, 124.9227663333], "fcglcdn": [124.111306, 124.134137], "loksatta": [124.102651, 124.1569113333], "cardekho": [124.1345566667, 124.0457533333], "amazon": [121.5017823333, 124.1167236667, 119.2147663333, 120.474334, 124.0456646667], "apple": [131.2035036667, 49.1418535], "addthis": [0.1071303333], "connecto": [0.1071303333], "icicibank": [3.877557], "dailyhunt": [124.5208203333, 124.3881003333, 124.290698, 124.1140833333], "croma": [124.1352696667, 124.3645333333], "doubleverify": [0.1071303333], "norton": [124.411909], "bluekai": [0.1071303333], "zeenews": [124.350164, 124.4237853333], "bikedekho": [], "go-mpulse": [0.1071303333], "tatadigital": [124.333303, 124.329799], "bilibili": [119.7493966667, 50.246597, 79.5130506667], "zupee": [124.364932, 124.0805486667], "oneplus": [2.382942], "5paisa": [124.3522456667, 124.2425123333], "adpushup": [0.1071303333], "toiimg": [124.083924, 124.377203], "sportz": [124.1245763333, 124.290698], "herzindagi": [1.8386556667], "unacademy": [124.08868, 124.1672653333, 124.1190973333], "gaadicdn": [124.355449, 124.1656893333], "gst": [124.3220326667], "etsy": [0.7965623333, 1.25009, 1.0058566667, 0.975409], "opstatics": [125.0091096667, 130.665849], "herbalifenutrition": [124.4054756667], "digialm": [124.112399, 124.3799603333], "pinimg": [124.9913556667], "nativeplanet": [0.8267583333, 0.7763206667], "jagran": [1.313792], "vivo": [124.9999736667, 124.1450673333], "jagranimages": [], "langimg": [124.5008886667], "intoday": [124.319265, 124.39954], "haptikapi": [124.268771, 124.3764636667], "geeksforgeeks": [], "site": [124.3366153333, 124.9227663333], "s3waas": [124.268771, 124.0504986667], "cbse": [], "htmedia": [0.1071303333], "tvid": [124.416696], "etsystatic": [124.5208203333, 124.3711393333], "azureedge": [124.5162233333, 124.775934], "yodasoft": [1.1850506667, 1.2461593333], "godaddy": [0.1071303333], "mxradon": [124.3618683333, 124.1766746667], "mathtag": [0.1071303333], "smartadserver": [0.1071303333], "pubmatic": [0.1071303333], "moatpixel": [0.1071303333], "stickyadstv": [0.1071303333], "mca": [], "haryanakranti": [124.4571696667, 124.0844656667], "pinterest": [124.9913556667], "everesttech": [0.1071303333], "naukimg": [124.144207], "dmcdn": [124.1196623333, 124.9512486667], "economictimes": [124.1339513333]}