{"cdn77": [56.776495, 55.2178616667, 60.9707283333, 51.3177903333, 55.6401353333, 55.2860096667, 56.927046, 50.7325536667], "xnxx-cdn": [48.885058, 54.277368, 58.1627003333, 51.3677873333, 56.1775353333, 54.6919556667, 57.75843, 51.3809106667, 54.0842943333, 50.8054273333, 58.475056, 48.464907, 55.7773366667], "b-cdn": [1.617038, 83.2976103333, 58.5032036667], "unibots": [78.1980826667], "displayvertising": [126.8544843333], "xadsmart": [126.666095], "plausible": [1.6002206667], "cn77nd": [25.8559153333], "xvideos-cdn": [48.5820226667, 80.6310383333, 58.1627003333, 51.3677873333, 54.6919556667, 56.1775353333, 51.3809106667, 48.464907, 58.475056, 54.176444, 51.3590583333, 51.0358603333, 55.7773366667], "realsrv": [63.0662243333, 55.2178616667, 51.2306253333, 63.07029, 54.3742053333, 55.3143666667, 60.6392796667, 50.7325536667], "goodporn": [78.1980826667], "mydesi2": [51.627816], "sb-cd": [60.290989], "aj2550": [63.0662243333, 85.4061106667, 51.2306253333, 63.07029, 60.9707283333, 55.3143666667, 60.6392796667, 50.7325536667], "unibotscdn": [55.170141], "exosrv": [85.4061106667, 51.6207406667, 60.9707283333, 63.07029, 55.6401353333, 55.2860096667, 54.3742053333, 56.927046, 55.3143666667, 60.6392796667, 50.7325536667], "ibcstack": [55.2178616667, 51.2306253333, 63.07029, 51.3177903333, 55.2860096667, 54.3742053333, 60.6392796667, 50.7325536667], "tmdb": [51.8580213333]}