{"cdn77": [56.776495, 85.4061106667, 60.9707283333, 51.2306253333, 51.3177903333, 55.6401353333, 55.2860096667, 50.7325536667], "xnxx-cdn": [48.5820226667, 106.532812, 54.277368, 51.3677873333, 54.6919556667, 57.75843, 57.4227376667, 51.1667506667, 57.4977913333, 54.0842943333, 50.8054273333, 48.464907, 63.079773], "b-cdn": [1.617038, 57.358706, 58.0819173333], "unibots": [57.005691], "displayvertising": [126.8544843333], "xadsmart": [126.666095], "plausible": [1.6002206667], "cn77nd": [25.8559153333], "xvideos-cdn": [48.5820226667, 80.6310383333, 58.1627003333, 51.3677873333, 56.1775353333, 57.4227376667, 57.75843, 83.6250676667, 58.475056, 50.8054273333, 51.3590583333, 63.079773, 77.7314093333], "realsrv": [63.0662243333, 55.2178616667, 60.9707283333, 63.07029, 51.2306253333, 55.3143666667, 60.6392796667, 50.7325536667], "goodporn": [58.6088336667], "mydesi2": [52.2109863333], "sb-cd": [57.5375993333], "aj2550": [63.0662243333, 55.2178616667, 51.6207406667, 63.07029, 54.3742053333, 56.927046, 55.3143666667, 60.6392796667], "unibotscdn": [83.2976103333], "exosrv": [63.0662243333, 85.4061106667, 51.6207406667, 63.07029, 60.9707283333, 55.6401353333, 54.3742053333, 56.927046, 55.3143666667, 60.6392796667, 50.7325536667], "ibcstack": [85.4061106667, 51.6207406667, 51.3177903333, 55.6401353333, 55.2860096667, 54.3742053333, 56.927046, 60.6392796667], "tmdb": [128.434904, 128.4739853333, 128.4564783333, 128.431368]}