{"cdn77": [63.0662243333, 55.2178616667, 60.9707283333, 55.6401353333, 56.927046, 55.3143666667, 60.6392796667, 50.7325536667], "xnxx-cdn": [0.1071303333, 119.2509633333, 121.3513603333, 146.574163, 128.7727223333, 128.628025, 120.3475463333, 119.7937896667, 116.3565363333], "b-cdn": [54.955896, 61.400306, 117.5408523333], "unibots": [0.1071303333], "displayvertising": [0.1071303333], "xadsmart": [0.1071303333], "plausible": [0.1071303333], "cn77nd": [122.0241396667, 119.762528, 123.8961506667, 124.1233036667], "xvideos-cdn": [0.1071303333, 124.7964983333, 128.8334686667, 125.9482023333, 128.7727223333, 128.628025, 119.7937896667, 121.9226133333, 116.3565363333], "realsrv": [0.1071303333], "goodporn": [83.7649136667], "mydesi2": [0.1071303333], "sb-cd": [134.3366606667], "aj2550": [0.1071303333], "unibotscdn": [0.1071303333], "exosrv": [0.1071303333], "ibcstack": [119.762528, 119.3892286667, 119.40233, 122.0241396667], "tmdb": [51.8639303333]}