{"cdn77": [55.2178616667, 55.6401353333, 55.2860096667, 54.3742053333, 56.927046, 55.3143666667, 60.6392796667, 50.7325536667], "xnxx-cdn": [], "b-cdn": [51.8639303333, 58.0819173333, 42.7756043333], "unibots": [53.7566936667], "displayvertising": [126.8544843333], "xadsmart": [126.666095], "plausible": [42.7756043333], "cn77nd": [], "xvideos-cdn": [], "realsrv": [63.0662243333, 85.4061106667, 51.2306253333, 60.9707283333, 63.07029, 55.3143666667, 60.6392796667, 50.7325536667], "goodporn": [51.3271676667], "mydesi2": [60.6915266667], "sb-cd": [57.1940906667], "aj2550": [55.2178616667, 51.2306253333, 51.6207406667, 55.6401353333, 55.2860096667, 54.3742053333, 55.3143666667, 60.6392796667], "unibotscdn": [61.400306], "exosrv": [63.0662243333, 56.776495, 55.2178616667, 51.6207406667, 60.9707283333, 51.3177903333, 55.6401353333, 54.3742053333, 56.927046, 55.3143666667, 60.6392796667, 50.7325536667], "ibcstack": [85.4061106667, 51.2306253333, 60.9707283333, 51.6207406667, 55.6401353333, 55.2860096667, 55.3143666667, 60.6392796667], "tmdb": [52.2681933333]}