{"bseindia": [92.6982053333, 1.8338226667], "twimg": [124.7770723333, 0.723657], "tutorialspoint": [147.126169], "linkedin": [1.8181273333], "twitter": [34.3456643333], "licdn": [2.7734203333]}