{"bseindia": [92.6982053333, 1.8338226667], "twimg": [1.3355553333, 0.723657], "tutorialspoint": [147.126169], "linkedin": [0.1071303333], "twitter": [34.3456643333], "licdn": [119.9918743333, 125.483589]}