{"bseindia": [92.6982053333], "twimg": [56.159006, 92.76033], "tutorialspoint": [147.126169], "linkedin": [58.2371086667, 59.552493], "twitter": [92.555394], "licdn": [59.552493, 58.6147393333]}