{"medallia": [179.4926323333], "slidesharecdn": [0.984307], "taboola": [0.7517856667], "nytimes": [1.255211], "sentry-cdn": [1.2278323333, 0.7610456667, 1.266506, 0.982626], "tripadvisor": [0.755188, 1.2253713333, 0.986408, 1.0163633333, 0.9706503333], "prismic": [0.995452], "truecaller": [], "vimeocdn": [1.007413], "scribdassets": [0.984307], "bbc": [1.0054083333, 1.2523896667, 0.717041, 0.7430783333], "github": [213.9019853333], "redditmedia": [0.971727, 0.9655586667, 0.9557183333, 0.995813, 0.970015], "redd": [0.9557183333], "newrelic": [1.2358656667, 0.960702], "dinamalar": [0.7425633333], "nr-data": [0.843342], "lenskart": [1.2555983333, 1.252256], "revampcdn": [0.7619946667], "gumlet": [0.7425633333], "disqus": [92.667436, 171.3159566667], "mparticle": [0.993181, 1.0207813333, 0.7023586667, 124.6600793333, 1.0143803333], "91wheels": [0.7425633333], "nyt": [1.255211], "jwpltx": [1.2342943333], "hubvisor": [0.9498193333], "stripe": [1.2488683333, 0.7078116667, 1.2334, 0.9876143333, 1.0027153333, 0.7536636667, 1.229506, 1.2290123333], "slideshare": [1.0369636667, 0.984307, 1.212288, 0.787888, 1.357722], "firebaseapp": [1.254908], "reddit": [0.971727, 0.9655586667, 0.9557183333, 0.995813, 0.970015], "nike": [1.2112826667], "zencdn": [0.7494536667], "polyfill": [0.987863, 1.2397286667, 0.744994, 0.9547663333, 0.978944], "clovia": [0.7425633333], "redditstatic": [], "tacdn": [0.987775], "speedcurve": [0.7494536667], "scribd": [0.984307], "etsy": [0.7965623333, 1.0058566667, 1.25009, 0.975409], "imgix": [0.995452], "jscache": [], "placed": [0.9498193333], "githubassets": [0.8079466667, 0.9857753333, 0.980962, 0.980327], "twimg": [124.7770723333, 124.693259], "perfectmarket": [0.7517856667], "braze": [0.982807], "ispot": [0.9498193333], "chartbeat": [0.6851003333], "boltdns": [1.2163073333], "ravenjs": [1.2278323333, 0.7610456667, 1.266506, 0.982626], "pinterest": [0.7022253333], "croma": [0.7025436667], "datas3ntinel": [0.9498193333], "sstatic": [1.3955103333, 0.747003, 0.9679636667, 0.9995853333]}