{"medallia": [170.2152393333], "slidesharecdn": [170.8867233333], "taboola": [0.1071303333], "nytimes": [170.097741], "sentry-cdn": [0.7610456667, 1.266506, 1.2278323333, 0.982626], "tripadvisor": [169.9675936667, 0.755188, 1.2253713333, 1.0163633333, 0.9706503333], "prismic": [169.8904513333], "truecaller": [], "vimeocdn": [167.201589], "scribdassets": [170.8867233333], "bbc": [1.0054083333, 1.2523896667, 0.717041, 0.7430783333], "github": [0.1071303333], "redditmedia": [0.971727, 0.9655586667, 168.4223963333, 0.995813, 0.970015], "redd": [168.4223963333], "newrelic": [0.1071303333], "dinamalar": [167.5309623333], "nr-data": [0.1071303333], "lenskart": [1.2555983333, 1.252256], "revampcdn": [169.8825066667], "gumlet": [167.5309623333], "disqus": [0.1071303333, 175.488794], "mparticle": [0.1071303333], "91wheels": [167.5309623333], "nyt": [170.097741], "jwpltx": [0.1071303333], "hubvisor": [167.6776756667], "stripe": [167.2876403333], "slideshare": [1.0369636667, 1.212288, 0.787888, 1.357722, 170.8867233333], "firebaseapp": [1.254908], "reddit": [0.971727, 0.1071303333, 0.9655586667, 168.4223963333, 0.995813, 0.970015], "nike": [169.421069], "zencdn": [170.8328243333], "polyfill": [171.9864233333, 0.987863, 1.2397286667, 0.744994, 0.978944], "clovia": [167.5309623333], "redditstatic": [], "tacdn": [170.050859], "speedcurve": [0.1071303333], "scribd": [170.8867233333], "etsy": [0.7965623333, 1.25009, 1.0058566667, 0.975409], "imgix": [169.8904513333], "jscache": [], "placed": [0.1071303333], "githubassets": [0.8079466667, 0.9857753333, 0.980962, 0.980327], "twimg": [92.6883713333, 170.1793706667], "perfectmarket": [0.1071303333], "braze": [0.1071303333], "ispot": [0.1071303333], "chartbeat": [0.1071303333], "boltdns": [176.050516], "ravenjs": [1.2278323333, 0.7610456667, 1.266506, 0.982626], "pinterest": [124.9913556667], "croma": [167.7196293333], "datas3ntinel": [167.6776756667], "sstatic": [1.3955103333, 0.747003, 0.9679636667, 0.9995853333]}