{"medallia": [338.4473746667], "slidesharecdn": [346.5752136667], "taboola": [332.3289], "nytimes": [341.1765663333], "sentry-cdn": [0.7610456667, 1.266506, 1.2278323333, 0.982626], "tripadvisor": [351.7773146667, 0.755188, 1.2253713333, 1.0163633333, 0.9706503333], "prismic": [211.5973416667], "truecaller": [], "vimeocdn": [334.9176896667], "scribdassets": [346.5752136667], "bbc": [1.0054083333, 1.2523896667, 0.717041, 0.7430783333], "github": [211.671872], "redditmedia": [0.971727, 0.9655586667, 346.6219143333, 0.995813, 0.970015], "redd": [346.6219143333], "newrelic": [348.1524736667, 0.7942503333], "dinamalar": [349.9544486667], "nr-data": [1.2388773333], "lenskart": [1.2555983333, 1.252256], "revampcdn": [], "gumlet": [349.9544486667], "disqus": [211.7436083333], "mparticle": [0.993181, 356.843976, 1.0207813333, 0.7023586667, 1.0143803333], "91wheels": [349.9544486667], "nyt": [341.1765663333], "jwpltx": [], "hubvisor": [361.9180033333], "stripe": [183.6641546667, 336.5295563333, 183.5026616667, 183.541816, 183.5194156667], "slideshare": [1.0369636667, 1.212288, 346.5752136667, 0.787888, 1.357722], "firebaseapp": [1.254908], "reddit": [0.971727, 0.9655586667, 346.6219143333, 0.995813, 0.970015], "nike": [328.1808916667], "zencdn": [341.153631], "polyfill": [0.987863, 1.2397286667, 0.744994, 0.978944], "clovia": [349.9544486667], "redditstatic": [], "tacdn": [336.5523933333], "speedcurve": [341.153631], "scribd": [346.5752136667], "etsy": [], "imgix": [211.5973416667], "jscache": [], "placed": [361.9180033333], "githubassets": [0.8079466667, 0.9857753333, 0.980962, 0.980327], "twimg": [331.9962663333, 361.1312625], "perfectmarket": [332.3289], "braze": [361.2899593333], "ispot": [344.2143736667], "chartbeat": [357.6973206667], "boltdns": [335.5587383333], "ravenjs": [0.982626, 0.7610456667, 1.266506, 1.2278323333], "pinterest": [357.1353616667], "croma": [330.454524, 332.0504576667], "datas3ntinel": [361.9180033333], "sstatic": [1.3955103333, 0.747003, 0.9679636667, 0.9995853333]}