{"googlesyndication": [0.1071303333, 247.1732653333, 240.5645453333, 243.402063, 242.6347966667], "rlcdn": [0.1071303333], "google": [239.983883, 242.0453616667, 242.9784026667, 243.2255943333, 242.5034046667, 242.5395326667, 243.3944953333, 242.8449223333, 239.4436796667, 243.368289, 242.4717546667, 243.9576233333, 0.1071303333, 242.343295, 246.6056043333, 246.1779733333, 242.126865, 246.7331373333, 242.040102, 239.7097453333, 246.6898023333], "keralalotterytoday": [1.3188023333, 1.3098146667, 1.719032, 1.787003], "simpli": [0.1071303333], "33across": [1.363408], "blogspot": [242.181187, 247.1732653333, 240.5645453333], "sentry": [0.1071303333, 0.9437263333], "impactradius-event": [0.1071303333], "linksynergy": [1.3136116667], "smart": [1.3330593333], "googleapis": [242.498742, 243.3944953333, 246.569518, 240.367548, 240.036823, 242.5723806667, 239.6674426667, 242.8426646667, 242.058049, 243.4496576667, 242.5779616667, 244.09762, 245.8547466667, 239.8716163333, 242.3836983333, 243.291678, 246.3722676667, 242.2726226667, 242.537878, 241.968856, 243.4357706667, 246.5561766667, 240.8827333333, 239.9488066667, 242.224647, 242.7353926667, 246.684319, 246.4625563333, 240.9500333333, 239.986878, 242.5554923333, 240.021937, 243.0419673333, 243.040614, 242.9484836667, 246.59952, 242.5268526667, 242.6756206667, 241.988635], "jiomart": [1.355947], "keralalotteries": [1.3188023333, 1.3098146667, 1.719032, 1.787003], "doubleclick": [0.1071303333, 242.702557, 240.7690836667, 246.2263726667, 242.823923], "doubtnut": [1.7420026667, 1.790316], "getrushapp": [1.3219693333, 0.9506393333, 1.3862336667], "railyatri": [1.394462], "cloudfunctions": [0.1071303333, 1.330024], "px-client": [0.9534033333], "affinity": [249.6466866667], "nobroker": [1.3463273333, 1.7306413333], "px-cloud": [0.9534033333], "mxpnl": [0.1071303333], "sharechat": [1.29205, 1.321101], "gsecondscreen": [1.719032], "techtarget": [1.786504], "gstatic": [0.1071303333, 243.273227, 246.0902946667, 242.1543473333, 240.2744996667], "rdpnt": [1.3566633333], "googleadservices": [0.1071303333], "2mdn": [0.1071303333], "googleusercontent": [246.8430886667, 240.5497456667, 246.2289826667, 1.328873], "myshowpm": [1.3188023333, 1.3098146667, 1.719032, 1.787003], "uber": [], "nih": [1.614177], "trainman": [1.3586853333], "verloop": [1.3263173333, 1.3329433333], "bidswitch": [0.1071303333], "trackcourier": [1.3188023333, 1.3098146667, 1.719032, 1.787003], "openx": [1.3626016667, 0.1071303333, 1.699404], "fullstory": [1.3387626667, 0.9654276667], "imimg": [1.3355876667, 1.274472, 1.2940236667], "cricbuzz": [1.492894], "ipinfo": [0.1071303333], "rakuten": [0.1071303333], "trafficguard": [1.3121806667], "swayam": [1.3188023333, 1.3098146667, 1.719032, 1.787003], "ampproject": [239.9022133333, 246.2289826667], "rtbhouse": [1.3030713333], "youtube": [239.693826, 239.4436796667, 239.9216556667, 240.4613166667, 239.9949506667, 239.7097453333, 240.0307533333, 240.9009313333, 241.902574], "google-analytics": [0.1071303333], "openxcdn": [0.1071303333], "tapad": [0.1071303333], "mookie1": [0.1071303333], "youtube-nocookie": [242.343295], "flashscore": [0.932816], "snapchat": [0.1071303333], "googletagservices": [0.1071303333], "tgtag": [0.1071303333], "pdst": [1.3202576667], "herzindagi": [1.8386556667], "testbook": [0.7193923333, 0.8101666667, 0.8089716667], "googleoptimize": [0.1071303333], "nptel": [242.4189326667], "scorenga": [0.9247313333], "mixpanel": [0.1071303333], "fout": [0.1071303333], "blogger": [241.853717], "impactcdn": [1.70634], "visualwebsiteoptimizer": [0.1071303333], "indiamart": [1.3006566667], "btloader": [0.1071303333], "sojern": [0.1071303333], "doubleverify": [0.1071303333], "eagllwin": [0.1071303333], "instana": [0.1071303333, 1.26674], "ahagamecenter": [1.3500976667], "chess": [1.3620016667], "solvvy": [1.2994946667], "adjetter": [223.3259626667], "jagranjosh": [1.8386556667], "vodafone": [1.3655476667], "4dex": [0.9564386667], "0wp0usgn": [1.360353], "apxor": [0.95921], "googletagmanager": [0.1071303333], "fwcdn3": [1.3428193333], "jagran": [1.313792], "kampyle": [0.1071303333], "assamcareer": [1.3188023333, 1.3098146667, 1.719032, 1.787003], "ml314": [0.1071303333], "withgoogle": [245.7025533333], "translate": [242.2318923333], "creativecdn": [1.30132], "media": [0.1071303333, 1.3998383333, 1.3151906667], "cleartrip": [1.2899316667], "getinpix": [0.9387506667], "ytimg": [246.8430886667, 250.901009, 246.57205, 246.15894], "blismedia": [0.1071303333], "dailymotion": [137.740885], "drikpanchang": [1.6705266667], "blogblog": [246.8136663333], "agoda": [1.787003], "quantummetric": [], "juspay": [1.3447356667], "recaptcha": [240.899893], "adsinnov": [130.252781, 131.0216253333], "mojapp": [1.3460056667], "fwpub1": [1.3579243333], "pix": [1.3218593333]}