{"doubleclick": [242.702557, 242.823923, 0.1071303333, 240.7690836667, 246.2263726667], "openx": [1.699404, 1.3626016667, 0.1071303333], "myshowpm": [1.787003, 1.3188023333, 1.719032, 1.3098146667], "rlcdn": [0.1071303333], "indiamart": [1.3006566667], "googleapis": [243.291678, 243.0419673333, 246.684319, 239.8716163333, 239.6674426667, 242.224647, 242.7353926667, 246.569518, 240.8827333333, 242.058049, 243.4357706667, 243.040614, 246.59952, 242.8426646667, 246.5561766667, 242.5779616667, 243.3944953333, 242.2726226667, 242.498742, 240.036823, 242.5268526667, 242.3836983333, 242.5723806667, 243.4496576667, 242.537878, 240.021937, 239.986878, 240.367548, 241.988635, 242.6756206667, 245.8547466667, 241.968856, 242.9484836667, 244.09762, 246.4625563333, 240.9500333333, 239.9488066667, 242.5554923333, 246.3722676667], "quantummetric": [], "google": [242.5034046667, 239.4436796667, 246.6056043333, 239.983883, 243.3944953333, 242.5395326667, 242.8449223333, 243.9576233333, 242.040102, 242.4717546667, 242.9784026667, 239.7097453333, 0.1071303333, 243.368289, 242.126865, 246.1779733333, 246.6898023333, 246.7331373333, 242.0453616667, 243.2255943333, 242.343295], "cricbuzz": [1.492894], "btloader": [0.1071303333], "googlesyndication": [240.5645453333, 247.1732653333, 243.402063, 0.1071303333, 242.6347966667], "apxor": [0.95921], "openxcdn": [0.1071303333], "creativecdn": [1.30132], "googleadservices": [0.1071303333], "bidswitch": [0.1071303333], "jagranjosh": [1.8386556667], "sentry": [0.9437263333, 0.1071303333], "cloudfunctions": [1.330024, 0.1071303333], "blogspot": [242.181187, 240.5645453333, 247.1732653333], "sharechat": [1.321101, 1.29205], "mxpnl": [0.1071303333], "mookie1": [0.1071303333], "uber": [], "gstatic": [240.2744996667, 243.273227, 242.1543473333, 246.0902946667, 0.1071303333], "33across": [1.363408], "vodafone": [1.3655476667], "smart": [1.3330593333], "imimg": [1.274472, 1.2940236667, 1.3355876667], "blogger": [241.853717], "media": [1.3998383333, 1.3151906667, 0.1071303333], "recaptcha": [240.899893], "juspay": [1.3447356667], "googleusercontent": [240.5497456667, 1.328873, 246.8430886667, 246.2289826667], "fwpub1": [1.3579243333], "testbook": [0.8089716667, 0.7193923333, 0.8101666667], "4dex": [0.9564386667], "jiomart": [1.355947], "simpli": [0.1071303333], "affinity": [249.6466866667], "ml314": [0.1071303333], "ahagamecenter": [1.3500976667], "googletagservices": [0.1071303333], "2mdn": [0.1071303333], "mixpanel": [0.1071303333], "adjetter": [223.3259626667], "0wp0usgn": [1.360353], "doubtnut": [1.7420026667, 1.790316], "impactcdn": [1.70634], "tapad": [0.1071303333], "adsinnov": [131.0216253333, 130.252781], "visualwebsiteoptimizer": [0.1071303333], "tgtag": [0.1071303333], "chess": [1.3620016667], "keralalotteries": [1.3188023333, 1.3098146667, 1.787003, 1.719032], "keralalotterytoday": [1.3188023333, 1.787003, 1.719032, 1.3098146667], "herzindagi": [1.8386556667], "dailymotion": [137.740885], "ampproject": [239.9022133333, 246.2289826667], "px-cloud": [0.9534033333], "google-analytics": [0.1071303333], "agoda": [1.787003], "nptel": [242.4189326667], "fwcdn3": [1.3428193333], "linksynergy": [1.3136116667], "getinpix": [0.9387506667], "youtube": [240.4613166667, 239.9949506667, 239.9216556667, 239.4436796667, 240.9009313333, 239.693826, 241.902574, 239.7097453333, 240.0307533333], "youtube-nocookie": [242.343295], "solvvy": [1.2994946667], "verloop": [1.3329433333, 1.3263173333], "mojapp": [1.3460056667], "pix": [1.3218593333], "getrushapp": [1.3219693333, 1.3862336667, 0.9506393333], "rtbhouse": [1.3030713333], "nobroker": [1.3463273333, 1.7306413333], "impactradius-event": [0.1071303333], "assamcareer": [1.3098146667, 1.3188023333, 1.719032, 1.787003], "drikpanchang": [1.6705266667], "flashscore": [0.932816], "googleoptimize": [0.1071303333], "techtarget": [1.786504], "eagllwin": [0.1071303333], "swayam": [1.3188023333, 1.3098146667, 1.787003, 1.719032], "fullstory": [0.9654276667, 1.3387626667], "px-client": [0.9534033333], "rakuten": [0.1071303333], "trackcourier": [1.3188023333, 1.3098146667, 1.787003, 1.719032], "jagran": [1.313792], "doubleverify": [0.1071303333], "fout": [0.1071303333], "googletagmanager": [0.1071303333], "instana": [1.26674, 0.1071303333], "translate": [242.2318923333], "snapchat": [0.1071303333], "nih": [1.614177], "cleartrip": [1.2899316667], "sojern": [0.1071303333], "trafficguard": [1.3121806667], "gsecondscreen": [1.719032], "blismedia": [0.1071303333], "railyatri": [1.394462], "withgoogle": [245.7025533333], "rdpnt": [1.3566633333], "blogblog": [246.8136663333], "scorenga": [0.9247313333], "pdst": [1.3202576667], "trainman": [1.3586853333], "kampyle": [0.1071303333], "ytimg": [250.901009, 246.57205, 246.15894, 246.8430886667], "ipinfo": [0.1071303333]}