{"doubleclick": [243.083919, 241.4670813333, 241.4139896667, 241.5084166667, 241.4703303333, 250.0376, 243.5663056667, 242.556325, 241.1703986667, 241.7316433333, 244.071701], "openx": [1.699404, 1.3626016667, 1.3755186667, 1.3694073333], "myshowpm": [1.787003, 1.3188023333, 1.719032, 1.3098146667], "rlcdn": [1.3214313333, 1.336793], "indiamart": [1.3006566667], "googleapis": [243.760637, 243.4392063333, 243.5889656667, 242.5037063333, 241.0728906667, 243.5843626667, 241.1581623333, 241.3913476667, 243.6031416667, 243.5060636667, 241.3637886667, 241.1893843333, 240.7471866667, 241.8780326667], "quantummetric": [], "google": [243.5655356667, 243.368289, 246.5268096667, 241.0013106667, 243.7505656667, 237.3765206667, 244.464882, 241.1653846667, 243.5994263333, 241.3637886667, 241.1261893333, 241.226229, 241.4614606667, 241.3004013333], "cricbuzz": [1.492894], "btloader": [1.345786], "googlesyndication": [241.3245863333, 243.5704853333, 241.662498, 242.1423326667], "apxor": [0.95921], "openxcdn": [1.265578], "creativecdn": [1.30132], "googleadservices": [241.4703303333, 241.1703986667], "bidswitch": [122.123812], "jagranjosh": [1.8386556667], "sentry": [0.9437263333, 235.1866456667], "cloudfunctions": [1.330024], "blogspot": [243.1250106667, 243.5704853333], "sharechat": [1.321101, 1.29205], "mxpnl": [1.2673376667, 1.3372213333], "mookie1": [1.7352723333], "uber": [0.9226786667], "gstatic": [254.1840636667, 241.249441, 244.361807, 241.3180166667, 240.5574286667], "33across": [1.363408], "vodafone": [1.3655476667], "smart": [1.3330593333], "imimg": [1.274472, 1.2940236667, 1.3355876667], "blogger": [240.466156], "media": [1.3998383333, 1.3151906667, 1.3008923333], "recaptcha": [243.0160426667], "juspay": [1.3447356667], "googleusercontent": [243.1250106667, 1.328873, 241.0905613333], "fwpub1": [1.3579243333], "testbook": [0.8089716667, 0.7193923333, 0.8101666667], "4dex": [0.9564386667], "jiomart": [1.355947], "simpli": [55.9402153333, 58.477852, 55.2309373333], "affinity": [1.2814463333, 1.3645156667], "ml314": [0.963628], "ahagamecenter": [1.3500976667], "googletagservices": [], "2mdn": [241.4139896667], "mixpanel": [1.76949, 0.9667126667, 1.432482, 1.698555], "adjetter": [223.3259626667], "0wp0usgn": [1.360353], "doubtnut": [1.7420026667, 1.790316], "impactcdn": [1.70634], "tapad": [1.3375063333], "adsinnov": [58.954287], "visualwebsiteoptimizer": [1.759839], "tgtag": [1.3169163333], "chess": [1.3620016667], "keralalotteries": [1.787003, 1.3188023333, 1.719032, 1.3098146667], "keralalotterytoday": [1.3098146667, 1.3188023333, 1.719032, 1.787003], "herzindagi": [1.8386556667], "dailymotion": [1.8113313333], "ampproject": [243.5704853333, 241.3286236667], "px-cloud": [0.9534033333], "google-analytics": [243.2939186667, 241.82399], "agoda": [1.787003], "nptel": [243.7512866667], "fwcdn3": [1.3428193333], "linksynergy": [1.3136116667], "getinpix": [0.9387506667], "youtube": [246.5268096667, 241.0013106667, 244.464882, 241.1653846667, 244.1947126667, 243.5994263333, 241.4614606667], "youtube-nocookie": [241.4614606667], "solvvy": [1.2994946667], "verloop": [1.3329433333, 1.3263173333], "mojapp": [1.3460056667], "pix": [1.3218593333], "getrushapp": [1.3219693333, 1.3862336667, 0.9506393333], "rtbhouse": [1.3030713333], "nobroker": [1.3463273333, 1.7306413333], "impactradius-event": [1.70634], "assamcareer": [1.3188023333, 1.787003, 1.719032, 1.3098146667], "drikpanchang": [1.6705266667], "flashscore": [0.932816], "googleoptimize": [244.464882], "techtarget": [1.786504], "eagllwin": [1.6672203333], "swayam": [1.787003, 1.3188023333, 1.719032, 1.3098146667], "fullstory": [0.9654276667, 1.3387626667], "px-client": [0.9534033333], "rakuten": [0.9270873333], "trackcourier": [1.787003, 1.3188023333, 1.719032, 1.3098146667], "jagran": [1.313792], "doubleverify": [1.3515246667], "fout": [0.93772], "googletagmanager": [241.57803], "instana": [1.26674, 1.3661786667], "translate": [241.3245863333], "snapchat": [1.6807263333], "nih": [1.614177], "cleartrip": [1.2899316667], "sojern": [1.304312], "trafficguard": [1.3121806667], "gsecondscreen": [1.3098146667], "blismedia": [1.3480806667], "railyatri": [1.394462], "withgoogle": [243.770641], "rdpnt": [1.3566633333], "blogblog": [240.466156], "scorenga": [0.9247313333], "pdst": [1.3202576667], "trainman": [1.3586853333], "kampyle": [1.3436833333], "ytimg": [242.598222, 243.048834, 241.0905613333], "ipinfo": [1.4090296667]}