{"googlesyndication": [241.662498, 242.1423326667, 243.5704853333, 241.3245863333], "rlcdn": [1.336793, 1.3214313333], "google": [237.3765206667, 243.7505656667, 243.5655356667, 241.1653846667, 241.226229, 243.5994263333, 241.1261893333, 241.0013106667, 243.368289, 241.4614606667, 246.5268096667, 241.3637886667, 244.464882, 241.3004013333], "keralalotterytoday": [1.3188023333, 1.3098146667, 1.719032, 1.787003], "simpli": [55.2309373333, 58.477852, 55.9402153333], "33across": [1.363408], "blogspot": [243.1250106667, 243.5704853333], "sentry": [0.9437263333, 235.1866456667], "impactradius-event": [1.70634], "linksynergy": [1.3136116667], "smart": [1.3330593333], "googleapis": [241.1581623333, 243.4392063333, 240.7471866667, 241.1893843333, 243.760637, 241.0728906667, 243.6031416667, 243.5889656667, 243.5060636667, 241.3913476667, 241.8780326667, 241.3637886667, 242.5037063333, 243.5843626667], "jiomart": [1.355947], "keralalotteries": [1.3188023333, 1.3098146667, 1.719032, 1.787003], "doubleclick": [243.5663056667, 241.7316433333, 241.5084166667, 243.083919, 241.4670813333, 242.556325, 244.071701, 250.0376, 241.1703986667, 241.4139896667, 241.4703303333], "doubtnut": [1.7420026667, 1.790316], "getrushapp": [1.3219693333, 0.9506393333, 1.3862336667], "railyatri": [1.394462], "cloudfunctions": [1.330024], "px-client": [0.9534033333], "affinity": [1.3645156667, 1.2814463333], "nobroker": [1.3463273333, 1.7306413333], "px-cloud": [0.9534033333], "mxpnl": [1.2673376667, 1.3372213333], "sharechat": [1.29205, 1.321101], "gsecondscreen": [1.3098146667], "techtarget": [1.786504], "gstatic": [244.361807, 241.3180166667, 240.5574286667, 241.249441, 254.1840636667], "rdpnt": [1.3566633333], "googleadservices": [241.1703986667, 241.4703303333], "2mdn": [241.4139896667], "googleusercontent": [243.1250106667, 241.0905613333, 1.328873], "myshowpm": [1.3188023333, 1.3098146667, 1.719032, 1.787003], "uber": [0.9226786667], "nih": [1.614177], "trainman": [1.3586853333], "verloop": [1.3263173333, 1.3329433333], "bidswitch": [122.123812], "trackcourier": [1.3188023333, 1.3098146667, 1.719032, 1.787003], "openx": [1.3755186667, 1.3626016667, 1.699404, 1.3694073333], "fullstory": [1.3387626667, 0.9654276667], "imimg": [1.3355876667, 1.274472, 1.2940236667], "cricbuzz": [1.492894], "ipinfo": [1.4090296667], "rakuten": [0.9270873333], "trafficguard": [1.3121806667], "swayam": [1.3188023333, 1.3098146667, 1.719032, 1.787003], "ampproject": [241.3286236667, 243.5704853333], "rtbhouse": [1.3030713333], "youtube": [241.1653846667, 244.1947126667, 243.5994263333, 241.0013106667, 241.4614606667, 246.5268096667, 244.464882], "google-analytics": [241.82399, 243.2939186667], "openxcdn": [1.265578], "tapad": [1.3375063333], "mookie1": [1.7352723333], "youtube-nocookie": [241.4614606667], "flashscore": [0.932816], "snapchat": [1.6807263333], "googletagservices": [], "tgtag": [1.3169163333], "pdst": [1.3202576667], "herzindagi": [1.8386556667], "testbook": [0.7193923333, 0.8101666667, 0.8089716667], "googleoptimize": [244.464882], "nptel": [243.7512866667], "scorenga": [0.9247313333], "mixpanel": [1.432482, 0.9667126667, 1.76949, 1.698555], "fout": [0.93772], "blogger": [240.466156], "impactcdn": [1.70634], "visualwebsiteoptimizer": [1.759839], "indiamart": [1.3006566667], "btloader": [1.345786], "sojern": [1.304312], "doubleverify": [1.3515246667], "eagllwin": [1.6672203333], "instana": [1.26674, 1.3661786667], "ahagamecenter": [1.3500976667], "chess": [1.3620016667], "solvvy": [1.2994946667], "adjetter": [223.3259626667], "jagranjosh": [1.8386556667], "vodafone": [1.3655476667], "4dex": [0.9564386667], "0wp0usgn": [1.360353], "apxor": [0.95921], "googletagmanager": [241.57803], "fwcdn3": [1.3428193333], "jagran": [1.313792], "kampyle": [1.3436833333], "assamcareer": [1.3188023333, 1.3098146667, 1.719032, 1.787003], "ml314": [0.963628], "withgoogle": [243.770641], "translate": [241.3245863333], "creativecdn": [1.30132], "media": [1.3151906667, 1.3998383333, 1.3008923333], "cleartrip": [1.2899316667], "getinpix": [0.9387506667], "ytimg": [241.0905613333, 242.598222, 243.048834], "blismedia": [1.3480806667], "dailymotion": [1.8113313333], "drikpanchang": [1.6705266667], "blogblog": [240.466156], "agoda": [1.787003], "quantummetric": [], "juspay": [1.3447356667], "recaptcha": [243.0160426667], "adsinnov": [58.954287], "mojapp": [1.3460056667], "fwpub1": [1.3579243333], "pix": [1.3218593333]}