{"doubleclick": [0.1071303333], "openx": [1.699404, 1.3626016667, 0.1071303333], "myshowpm": [1.787003, 1.3188023333, 1.719032, 1.3098146667], "rlcdn": [0.1071303333], "indiamart": [1.3006566667], "googleapis": [128.615823, 126.4111443333, 126.0342343333, 126.6349306667, 126.520198, 136.0987166667, 152.2807116667, 126.1294136667, 126.2704276667, 125.4319436667, 126.124467, 129.854457, 128.921412, 126.3102466667, 126.8785056667, 125.8817326667, 125.664096, 126.870014, 129.2823936667, 133.7818466667, 126.6401986667, 126.0380103333, 152.9453176667, 125.2271743333, 125.72812, 127.0679176667, 130.089598, 126.4673463333, 127.5351453333, 129.136466, 126.860524, 126.6577566667, 126.2801536667, 151.799251, 129.5152293333, 129.0045453333, 125.8350826667, 126.2849753333, 125.902684, 128.616505, 127.5834783333], "quantummetric": [], "google": [125.9389486667, 152.2807116667, 126.630017, 126.427684, 127.0477226667, 126.624022, 125.82029, 126.8278366667, 152.6041656667, 125.916595, 0.1071303333, 126.0966596667, 133.546386, 126.6577566667, 152.664252, 157.754155, 126.1543323333, 126.8826256667, 152.895], "cricbuzz": [1.492894], "btloader": [0.1071303333], "googlesyndication": [0.1071303333], "apxor": [0.95921], "openxcdn": [0.1071303333], "creativecdn": [0.1071303333], "googleadservices": [0.1071303333], "bidswitch": [0.1071303333], "jagranjosh": [1.8386556667], "sentry": [0.9437263333, 235.1866456667], "cloudfunctions": [1.330024, 0.1071303333], "blogspot": [126.9669226667], "sharechat": [1.321101, 1.29205], "mxpnl": [0.1071303333], "mookie1": [0.1071303333], "uber": [0.9226786667], "gstatic": [126.57355, 152.665871, 126.3997483333, 261.076712, 126.423031], "33across": [0.1071303333], "vodafone": [1.3655476667], "smart": [1.3330593333], "imimg": [1.274472, 1.2940236667, 1.3355876667], "blogger": [129.0332276667], "media": [0.1071303333], "recaptcha": [126.57355], "juspay": [0.1071303333], "googleusercontent": [126.3549136667, 1.328873, 127.758867], "fwpub1": [1.3579243333], "testbook": [0.7193923333, 0.8101666667, 0.8089716667], "4dex": [0.1071303333], "jiomart": [1.355947], "simpli": [0.1071303333], "affinity": [1.3645156667, 0.1071303333], "ml314": [0.1071303333], "ahagamecenter": [1.3500976667], "googletagservices": [0.1071303333], "2mdn": [0.1071303333], "mixpanel": [0.1071303333], "adjetter": [0.1071303333], "0wp0usgn": [1.360353], "doubtnut": [1.7420026667, 1.790316], "impactcdn": [0.1071303333], "tapad": [0.1071303333], "adsinnov": [58.954287], "visualwebsiteoptimizer": [0.1071303333], "tgtag": [0.1071303333], "chess": [1.3620016667], "keralalotteries": [1.3188023333, 1.787003, 1.719032, 1.3098146667], "keralalotterytoday": [1.3188023333, 1.3098146667, 1.787003, 1.719032], "herzindagi": [1.8386556667], "dailymotion": [126.4337663333], "ampproject": [125.2280866667], "px-cloud": [0.9534033333, 0.1071303333], "google-analytics": [136.068091, 0.1071303333], "agoda": [1.787003], "nptel": [125.9888273333], "fwcdn3": [1.3428193333], "linksynergy": [0.1071303333], "getinpix": [0.9387506667], "youtube": [125.9389486667, 126.4709443333, 126.5417563333, 131.5345583333, 125.82029, 152.6041656667, 126.638896, 126.2987313333, 126.4919596667, 126.2805646667, 126.9709466667, 126.0966596667, 133.546386, 126.192962, 152.664252, 126.1543323333, 126.078488, 126.8826256667, 126.0787903333, 126.2597053333], "youtube-nocookie": [126.8826256667], "solvvy": [1.2994946667], "verloop": [1.3329433333, 1.3263173333], "mojapp": [1.3460056667], "pix": [1.3218593333], "getrushapp": [1.3219693333, 1.3862336667, 0.9506393333], "rtbhouse": [1.3030713333], "nobroker": [1.3463273333, 1.7306413333], "impactradius-event": [0.1071303333], "assamcareer": [1.3188023333, 1.787003, 1.719032, 1.3098146667], "drikpanchang": [1.6705266667], "flashscore": [0.932816], "googleoptimize": [0.1071303333], "techtarget": [1.786504], "eagllwin": [0.1071303333], "swayam": [1.3188023333, 1.3098146667, 1.787003, 1.719032], "fullstory": [0.1071303333], "px-client": [0.9534033333], "rakuten": [0.1071303333], "trackcourier": [1.3188023333, 1.3098146667, 1.787003, 1.719032], "jagran": [1.313792], "doubleverify": [0.1071303333], "fout": [0.1071303333], "googletagmanager": [0.1071303333], "instana": [1.26674, 0.1071303333], "translate": [126.8149006667], "snapchat": [0.1071303333], "nih": [1.614177], "cleartrip": [1.2899316667], "sojern": [0.1071303333], "trafficguard": [0.1071303333], "gsecondscreen": [0.1071303333], "blismedia": [0.1071303333], "railyatri": [1.394462], "withgoogle": [126.5724466667], "rdpnt": [1.3566633333], "blogblog": [126.2838223333], "scorenga": [0.9247313333], "pdst": [1.3202576667], "trainman": [1.3586853333], "kampyle": [0.1071303333], "ytimg": [127.0945433333, 126.3549136667, 130.1971296667, 126.319632, 126.8985766667, 133.122494, 125.6856776667, 146.4936126667, 126.1620643333, 134.1758823333, 134.036667, 126.709929, 125.7917963333, 129.456247, 127.5146396667, 133.1642573333], "ipinfo": [1.4090296667]}