{"doubleclick": [353.689424, 353.6984043333, 353.9047293333, 353.940122, 358.8299346667, 352.9358513333, 353.2301123333, 358.462941, 358.3538386667, 360.049161, 354.4879713333], "openx": [1.699404, 1.3626016667, 1.3755186667, 1.3694073333], "myshowpm": [1.3188023333, 1.787003, 1.719032, 1.3098146667], "rlcdn": [1.3214313333, 1.336793], "indiamart": [1.3006566667], "googleapis": [359.694664, 357.4388493333, 359.631725, 353.332142, 354.377621, 353.989366, 354.5364576667, 353.0240403333, 354.3264066667, 359.549063, 357.9865733333, 357.4449963333, 353.4018303333, 354.79765, 358.93044, 359.119089, 354.4668643333, 358.163329, 353.7920516667, 355.5254193333, 354.196597, 354.7458973333, 355.3649926667, 355.2754723333, 358.2620813333, 354.3013586667, 353.5231186667, 354.2818223333, 359.0896713333, 354.853783, 359.0654283333, 354.1932903333, 359.6596956667], "quantummetric": [], "google": [354.11992, 359.2537616667, 355.526307, 359.154279, 358.044457, 359.134682, 357.832617, 358.8299346667, 354.016403, 353.616613, 354.2539116667, 358.308682, 357.6969336667, 354.79765, 358.6318206667, 361.373118], "cricbuzz": [1.492894], "btloader": [1.345786], "googlesyndication": [358.627401, 358.4879696667, 353.9047293333, 354.7278976667], "apxor": [0.95921], "openxcdn": [1.265578], "creativecdn": [1.30132], "googleadservices": [353.517545, 353.9047293333], "bidswitch": [233.7102143333], "jagranjosh": [1.8386556667], "sentry": [0.9437263333, 235.1866456667], "cloudfunctions": [1.330024], "blogspot": [359.3985456667], "sharechat": [1.321101, 1.29205], "mxpnl": [1.3372213333, 1.2673376667], "mookie1": [1.7352723333], "uber": [0.9226786667], "gstatic": [260.5050416667, 354.1231443333, 358.09928, 359.2429696667, 357.832617], "33across": [1.363408], "vodafone": [1.3655476667], "smart": [1.3330593333], "imimg": [1.274472, 1.2940236667, 1.3355876667], "blogger": [354.3337513333], "media": [1.3998383333, 1.3151906667, 1.3008923333], "recaptcha": [354.0539], "juspay": [1.3447356667], "googleusercontent": [359.0287996667, 354.2364983333, 358.4879696667, 1.328873], "fwpub1": [1.3579243333], "testbook": [0.8089716667, 0.7193923333, 0.8101666667], "4dex": [0.9564386667], "jiomart": [1.355947], "simpli": [], "affinity": [1.3645156667, 249.6466866667], "ml314": [0.963628], "ahagamecenter": [1.3500976667], "googletagservices": [], "2mdn": [354.3516896667], "mixpanel": [1.76949, 0.9667126667, 1.432482, 1.698555], "adjetter": [223.3259626667], "0wp0usgn": [1.360353], "doubtnut": [1.7420026667, 1.790316], "impactcdn": [1.70634], "tapad": [1.3375063333], "adsinnov": [], "visualwebsiteoptimizer": [1.759839], "tgtag": [1.3169163333], "chess": [1.3620016667], "keralalotteries": [1.3188023333, 1.787003, 1.719032, 1.3098146667], "keralalotterytoday": [1.3188023333, 1.787003, 1.719032, 1.3098146667], "herzindagi": [1.8386556667], "dailymotion": [323.226025], "ampproject": [354.7278976667], "px-cloud": [0.9534033333], "google-analytics": [354.565653, 354.6142923333], "agoda": [1.787003], "nptel": [354.515696], "fwcdn3": [1.3428193333], "linksynergy": [1.3136116667], "getinpix": [0.9387506667], "youtube": [354.11992, 359.2537616667, 354.4759746667, 353.9525313333, 359.134682, 358.4603393333, 358.9171253333, 358.6318206667, 353.6365286667, 354.016403, 359.0240466667, 354.2539116667, 358.493822, 357.6969336667, 359.0098096667], "youtube-nocookie": [358.4603393333], "solvvy": [1.2994946667], "verloop": [1.3329433333, 1.3263173333], "mojapp": [1.3460056667], "pix": [1.3218593333], "getrushapp": [1.3219693333, 1.3862336667, 0.9506393333], "rtbhouse": [1.3030713333], "nobroker": [1.3463273333, 1.7306413333], "impactradius-event": [1.70634], "assamcareer": [1.3188023333, 1.3098146667, 1.787003, 1.719032], "drikpanchang": [1.6705266667], "flashscore": [0.932816], "googleoptimize": [358.4603393333], "techtarget": [1.786504], "eagllwin": [1.6672203333], "swayam": [1.787003, 1.3188023333, 1.719032, 1.3098146667], "fullstory": [0.9654276667, 1.3387626667], "px-client": [0.9534033333], "rakuten": [0.9270873333], "trackcourier": [1.787003, 1.3188023333, 1.719032, 1.3098146667], "jagran": [1.313792], "doubleverify": [1.7564323333], "fout": [0.93772], "googletagmanager": [355.1808843333], "instana": [1.26674, 1.3661786667], "translate": [358.8806896667], "snapchat": [1.6807263333], "nih": [1.614177], "cleartrip": [1.2899316667], "sojern": [1.304312], "trafficguard": [1.3121806667], "gsecondscreen": [1.3098146667], "blismedia": [], "railyatri": [1.394462], "withgoogle": [355.3493196667], "rdpnt": [1.3566633333], "blogblog": [353.9071413333], "scorenga": [0.9247313333], "pdst": [1.3202576667], "trainman": [1.3586853333], "kampyle": [1.3436833333], "ytimg": [355.0921106667, 353.5212663333, 358.420438, 358.0233306667, 354.8142506667, 354.840543, 354.779096, 353.22059, 353.4299856667, 357.7573813333, 354.1718346667, 354.2364983333, 359.660023, 354.2781316667], "ipinfo": [1.4090296667]}