{"googlesyndication": [22.0021756667, 27.927146, 20.277441], "rlcdn": [1.336793, 1.3214313333], "google": [23.5039496667, 20.6866313333, 22.5947926667, 43.313176, 21.0722883333, 19.671875, 19.6693003333, 24.549359, 44.139913, 22.801872, 22.9161453333, 26.957677, 1.325064, 19.9025216667, 54.4128203333, 22.9700953333, 1.2683206667, 1.363938, 20.305441, 20.2772973333, 20.7686856667, 1.3472823333, 20.2620093333, 27.642743, 24.832088, 52.1124153333], "keralalotterytoday": [1.3188023333, 1.3098146667, 1.719032, 1.787003], "simpli": [58.477852, 55.2309373333, 55.9402153333], "33across": [1.363408], "blogspot": [22.0021756667, 48.5210076667], "sentry": [0.9437263333, 235.1866456667], "impactradius-event": [1.70634], "linksynergy": [1.3136116667], "smart": [1.3330593333], "googleapis": [48.2816913333, 44.1996683333, 26.9950213333, 22.4080673333, 19.563218, 46.6545436667, 21.0243083333, 36.061873, 43.313176, 22.0160726667, 27.3302226667, 46.9483626667, 24.4849813333, 24.4502196667, 19.824793, 19.9537656667, 23.0355726667, 23.0352016667, 20.041212, 24.464311, 22.810843, 20.2931456667, 24.065501, 24.6508403333, 24.6011303333, 27.9486816667, 48.1290856667, 29.2886443333, 22.5731946667, 19.8822753333, 22.133038, 24.6968273333, 45.9064263333, 20.2411096667, 46.4304026667, 23.305509, 25.21828, 19.7326543333, 19.9351886667, 19.2174563333, 26.7655523333, 24.290935, 22.5357263333, 20.2941833333, 20.4782556667, 48.2159326667], "jiomart": [1.355947], "keralalotteries": [1.3188023333, 1.3098146667, 1.719032, 1.787003], "doubleclick": [54.738113, 33.293729, 23.7908543333, 31.8562666667, 27.2477363333, 57.7164593333, 20.1320046667, 20.2057083333, 43.4818983333, 19.1295606667, 57.7954473333, 61.3407503333], "doubtnut": [1.7420026667, 1.790316], "getrushapp": [1.3219693333, 0.9506393333, 1.3862336667], "railyatri": [1.394462], "cloudfunctions": [1.330024], "px-client": [0.9534033333], "affinity": [1.3645156667, 1.2814463333], "nobroker": [1.3463273333, 1.7306413333], "px-cloud": [0.9534033333], "mxpnl": [1.2673376667, 1.3372213333], "sharechat": [1.29205, 1.321101], "gsecondscreen": [1.719032], "techtarget": [1.786504], "gstatic": [20.312372, 267.6185723333, 28.530947, 22.4277456667, 19.9886266667], "rdpnt": [1.3566633333], "googleadservices": [26.372394, 20.2620096667], "2mdn": [48.4665416667], "googleusercontent": [19.8597006667, 20.2521996667, 1.328873], "myshowpm": [1.3188023333, 1.3098146667, 1.719032, 1.787003], "uber": [0.9226786667], "nih": [1.614177], "trainman": [1.3586853333], "verloop": [1.3263173333, 1.3329433333], "bidswitch": [122.123812], "trackcourier": [1.3188023333, 1.3098146667, 1.719032, 1.787003], "openx": [1.3755186667, 1.3626016667, 1.699404, 1.3694073333], "fullstory": [1.3387626667, 0.9654276667], "imimg": [1.3355876667, 1.274472, 1.2940236667], "cricbuzz": [1.492894], "ipinfo": [1.4090296667], "rakuten": [0.9270873333], "trafficguard": [1.3121806667], "swayam": [1.3188023333, 1.3098146667, 1.719032, 1.787003], "ampproject": [28.290529], "rtbhouse": [1.3030713333], "youtube": [23.5039496667, 20.6866313333, 22.5947926667, 29.241817, 34.119667, 26.6932063333, 19.671875, 24.549359, 44.139913, 21.5766236667, 22.9117133333, 22.508329, 28.3587106667, 27.8875136667, 19.8596423333, 19.9025216667, 19.9632746667, 20.305441, 20.2772973333, 20.3612476667, 20.7686856667, 24.5580463333, 22.740304, 24.832088, 52.1124153333], "google-analytics": [24.065501, 24.6383463333], "openxcdn": [1.265578], "tapad": [1.3375063333], "mookie1": [1.7352723333], "youtube-nocookie": [19.7078586667], "flashscore": [0.932816], "snapchat": [1.6807263333], "googletagservices": [], "tgtag": [1.3169163333], "pdst": [1.3202576667], "herzindagi": [1.8386556667], "testbook": [0.7193923333, 0.8101666667, 0.8089716667], "googleoptimize": [23.5039496667], "nptel": [50.5693466667], "scorenga": [0.9247313333], "mixpanel": [1.698555, 1.432482, 1.76949, 0.9667126667], "fout": [0.93772], "blogger": [32.234327], "impactcdn": [1.70634], "visualwebsiteoptimizer": [1.759839], "indiamart": [1.3006566667], "btloader": [1.345786], "sojern": [1.304312], "doubleverify": [1.3515246667], "eagllwin": [1.6672203333], "instana": [1.26674, 1.3661786667], "ahagamecenter": [1.3500976667], "chess": [1.3620016667], "solvvy": [1.2994946667], "adjetter": [223.3259626667], "jagranjosh": [1.8386556667], "vodafone": [1.3655476667], "4dex": [0.9564386667], "0wp0usgn": [1.360353], "apxor": [0.95921], "googletagmanager": [24.042231], "fwcdn3": [1.3428193333], "jagran": [1.313792], "kampyle": [1.3436833333], "assamcareer": [1.3188023333, 1.3098146667, 1.719032, 1.787003], "ml314": [0.963628], "withgoogle": [24.7838263333], "translate": [22.544641], "creativecdn": [1.30132], "media": [1.3151906667, 1.3998383333, 1.3008923333], "cleartrip": [1.2899316667], "getinpix": [0.9387506667], "ytimg": [52.5135556667, 24.683339, 24.6768706667, 24.8540123333, 20.175024, 20.6424756667, 20.2472756667, 20.2539796667, 19.9825836667, 22.7652503333, 23.464312, 22.5694413333, 19.669039, 19.8597006667, 28.4417273333, 27.2111263333], "blismedia": [1.3480806667], "dailymotion": [1.8113313333], "drikpanchang": [1.6705266667], "blogblog": [30.5675656667], "agoda": [1.787003], "quantummetric": [], "juspay": [1.3447356667], "recaptcha": [21.86778], "adsinnov": [54.832899, 55.029463], "mojapp": [1.3460056667], "fwpub1": [1.3579243333], "pix": [1.3218593333]}