{"ctrip": [11.2729306667, 10.788458, 11.078778], "alicdn": [18.4004026667, 8.6324163333, 19.5369033333, 9.2717223333, 8.187375, 8.0606943333, 11.457111], "feishu": [9.610028, 5.7616526667, 6.1462776667, 9.5944443333, 3.5960553333, 30.9997223333, 11.5194443333, 9.0620276667, 9.4560553333, 6.979139, 6.2110136667, 11.3904723333, 3.638778, 5.9599166667, 6.6589166667, 6.7910973333, 3.6152776667, 11.3752916667, 9.5485696667, 8.196639, 12.4397366667, 9.059486, 11.2653193333, 9.476208, 6.0681946667, 11.1834996667, 5.5354306667, 9.187861, 27.648917, 9.328722, 6.9444583333, 9.1099303333, 5.5128333333, 7.1147226667, 9.3845973333, 13.1236806667], "clmbtech": [58.7235276667, 57.4158193333], "appsflyer": [143.7449443333, 182.0048333333], "alibaba": [41.722611, 30.821611], "go-mpulse": [], "huawei": [29.893347, 15.9993473333, 19.5461666667], "jd": [41.499889, 12.4674586667], "6sc": [59.050167, 183.7429863333, 37.2199166667, 894.4858965, 57.2172776667, 41.1554726667], "ibytedtos": [133.5939163333, 163.7757223333, 141.605514, 135.9911113333], "teads": [76.9451526667, 54.293708, 136.2603193333], "bbc": [199.6865696667], "tripcdn": [53.800917], "accesstrade": [37.8894026667], "qualtrics": [37.613083], "avmoo": [], "udn": [41.898639], "casalemedia": [136.348833], "pstatic": [168.4735003333, 163.8684723333, 162.5653746667], "rfi": [77.067556, 485.9491946667], "bangumi": [292.3540136667], "playstation": [38.4253746667, 154.9810413333, 8.366375], "ieee": [129.3721663333, 251.0298473333], "steamcommunity": [], "pubmatic": [37.331514], "bbci": [199.6865696667, 60.828236], "rubiconproject": [296.9314306667, 132.290139, 600.3309723333], "akamaized": [134.7088333333, 293.8217083333, 157.287542, 55.294771, 136.0987776667, 39.465625, 60.731625, 148.5633193333, 149.0688893333, 140.4762496667, 67.7408955], "xhscdn": [19.6020416667, 16.980347, 16.170625, 16.7028616667, 17.115847, 22.5638473333, 18.443028, 21.3267223333], "serving-sys": [138.1828886667, 136.95832], "marketo": [148.4748056667], "astrill": [], "ttwstatic": [149.0688893333, 139.044917, 152.7838193333, 150.055792], "amazon": [70.8978606667, 90.659146, 75.8882776667, 60.0087776667, 190.2436803333, 174.6974446667, 179.9084863333], "360buyimg": [7.7999443333, 18.62325], "hscicdn": [41.1411523333, 54.7661383333], "naver": [38.1606943333, 56.5403476667], "licdn": [134.7088333333, 148.132736], "tesla": [9.1574726667, 31.4692223333, 13.1033336667, 26.7773196667, 5.4136526667], "exchangerate-api": [144.046542, 155.810278], "espncricinfo": [], "byteoversea": [62.7311665, 39.3216246667, 38.4177496667, 42.5199723333, 133.5939163333, 147.3615416667, 40.654528, 58.7235276667, 148.1032916667, 67.947097, 137.8300696667, 135.9911113333, 141.605514, 34.912611, 56.878861, 58.041278, 79.720875], "adobedtm": [75.531667], "c-ctrip": [11.078778, 7.7955276667, 10.714139, 11.4708606667, 12.3706526667], "coupang": [73.6861803333, 58.6371946667], "etsy": [140.3484165, 80.7560835], "voanews": [], "ebay": [37.3945556667], "kfpromax": [151.3571253333], "edgekey": [137.0103886667, 191.4536806667], "mzstatic": [9.4992636667, 12.734014, 11.8555416667, 10.4759306667, 12.5929863333, 10.0211663333, 11.7798056667, 15.5901666667, 11.158278, 12.859236, 12.8533053333, 15.4854166667, 6.908875, 11.0692223333, 11.7454726667, 10.300472], "bahamut": [134.7088333333, 133.1660556667, 134.753597, 148.132736, 148.5633193333], "im-apps": [143.866667, 39.378569, 36.6647705, 150.6534023333], "apple": [34.1693193333, 10.0211663333, 9.4921806667, 11.7454726667], "appier": [], "gree": [147.0859306667], "everesttech": [], "udnfunlife": [37.6786806667], "cctvpic": [11.4708606667, 12.3706526667], "addthis": [55.256563, 65.836723], "qq": [31.0597916667, 11.367542, 13.718403], "qpic": [9.1769583333, 9.1408193333, 9.205347, 10.9402913333, 9.10125, 9.49175, 7.3670413333, 7.448278], "optimizely": [56.6070696667], "voachinese": [], "weather": [201.006], "akamaihd": [134.01175, 136.4032493333, 178.474431, 72.8498056667, 130.1830696667, 136.8909166667, 140.4762496667, 137.786153], "akstat": [], "shein": [], "addthiscdn": [65.836723], "cctv": [31.410528, 11.4708606667, 12.3706526667], "cdnpk": [135.4325136667], "fmm": [59.9482503333], "adnxs": [61.2591523333], "cntv": [11.4708606667, 13.296958, 12.3706526667], "dw": [], "wenku8": [287.5963473333], "office": [176.5073613333], "line-scdn": [], "tiktokv": [57.3348753333, 56.878861, 77.951139, 57.494389, 39.6945415, 40.3017913333, 64.4980833333, 40.654528, 53.7858616667], "walmart": [212.128861, 36.375417], "microsoft": [42.5199723333, 154.7141946667, 60.471611, 250.4175416667], "thron": [9.638], "tellme": [], "moatads": [182.6877916667], "microad": [76.6894306667], "spotxchange": [94.6055276667, 83.4940973333], "typography": [129.281889], "s-microsoft": [160.107986], "etsystatic": [54.1526113333, 55.6530416667], "smartadserver": [], "bluekai": [59.992125], "netease": [9.551375, 11.5061526667, 9.3981113333, 11.765736, 12.3052776667, 11.1080556667, 9.5671943333, 9.4929723333], "media": [63.0235973333], "pinterest": [], "tiktok": [], "innity": [170.4842086667], "mobage": [58.574472], "addthisedge": [65.836723], "tiktokcdn": [176.8417086667], "gtimg": [7.3670413333, 9.10125, 7.448278], "pinimg": [], "aliexpress": [31.1736943333], "cdn-apple": [6.2991946667, 3.9280833333, 3.6863333333, 6.4370416667, 5.8727223333, 6.1874446667, 6.046681, 6.322153, 4.7675416667, 6.303236, 6.3719446667, 3.6579163333, 6.4789306667, 6.5667776667, 3.818542, 4.6142643333], "52poke": [235.9480416667], "nwxs8": [], "walmartimages": [37.2863746667], "mlstatic": [70.452625, 142.519111], "fastclick": [151.217167], "steamstatic": [136.0987776667, 167.204042], "goofy-cdn": [133.5879166667, 153.2128606667], "hc-cdn": [12.1156523333, 6.697014, 12.7901246667, 7.1192636667], "office365": [150.82725, 129.3259306667], "btsow": [], "cricbuzz": [64.4980833333, 54.7661383333], "wal": [33.5641946667]}