{"ctrip": [302.0826806667, 396.0813613333, 404.7025136667], "alicdn": [385.4584173333, 318.6878473333, 249.7722916667, 275.1895696667], "feishu": [654.4068753333, 329.694917, 272.0795276667, 322.0574446667, 279.440889, 350.7460276667], "clmbtech": [269.0555833333, 408.6786533333, 363.6261533333, 258.2940696667, 263.1121526667, 269.5366393333, 405.5624443333], "appsflyer": [131.5761386667, 149.529153], "alibaba": [318.4424583333, 214.355875, 219.9009583333, 294.4539866667, 401.365417], "go-mpulse": [271.194236], "huawei": [337.5518056667, 32.7416806667], "jd": [34.8094443333, 264.571334, 297.1071666667, 277.6224443333, 314.8911113333], "6sc": [321.2543125, 268.549889, 259.8081806667, 294.0489723333], "ibytedtos": [277.6224443333, 297.1071666667], "teads": [242.5352363333, 331.1517503333, 386.5207083333], "bbc": [], "tripcdn": [404.7385003333], "accesstrade": [281.585056], "qualtrics": [170.945125, 160.2144996667], "avmoo": [], "udn": [379.103306, 402.3843753333], "casalemedia": [136.348833], "pstatic": [263.260403, 302.1192086667, 260.3185, 256.7735553333, 296.0137223333, 331.3362085], "rfi": [], "bangumi": [292.3540136667], "playstation": [398.8354446667, 405.767056], "ieee": [251.0298473333, 311.836625], "steamcommunity": [], "pubmatic": [291.1165556667], "bbci": [], "rubiconproject": [296.9314306667, 400.400139, 361.9641666667, 600.3309723333], "akamaized": [267.570972, 329.694917, 297.1071666667, 242.3001246667, 277.6224443333, 266.0554446667], "xhscdn": [277.6224443333, 297.1071666667], "serving-sys": [297.1071666667, 277.6224443333], "marketo": [396.9026946667], "astrill": [], "ttwstatic": [257.2046943333, 265.136889, 332.524139, 292.2579033333], "amazon": [281.5299863333], "360buyimg": [], "hscicdn": [286.8235696667, 262.217389], "naver": [381.335514, 256.7735553333, 301.4910556667, 324.147931], "licdn": [300.1887226667, 269.6163336667], "tesla": [9.1574726667, 31.4692223333, 386.441875, 13.1033336667, 26.7773196667], "exchangerate-api": [144.046542, 155.810278], "espncricinfo": [], "byteoversea": [271.3009996667, 252.1269583333, 256.1745, 346.2942086667, 268.4897503333, 253.100708, 257.2046943333, 274.851264, 301.8431116667, 261.8206253333, 274.5176253333, 285.7997083333, 254.3094166667, 327.4308886667, 267.3002083333, 297.6667636667, 272.1801253333, 250.9176526667], "adobedtm": [273.4201946667], "c-ctrip": [363.6729726667, 271.698208, 389.8517083333, 399.5968753333], "coupang": [260.837972, 368.501528, 844.0497363333], "etsy": [], "voanews": [], "ebay": [], "kfpromax": [151.3571253333], "edgekey": [272.463139], "mzstatic": [254.3834026667, 409.8373193333, 271.548125, 319.3521666667], "bahamut": [256.1745, 297.1071666667, 257.2046943333, 274.851264, 277.6224443333, 267.3002083333], "im-apps": [274.332, 261.0157916667, 442.935556, 412.6435146667], "apple": [271.548125, 34.1693193333, 382.974417], "appier": [], "gree": [321.0563886667], "everesttech": [], "udnfunlife": [284.9171803333, 262.4689726667], "cctvpic": [287.2619583333, 324.0755976667, 300.8220416667, 257.2581806667, 262.661528], "addthis": [321.5837223333], "qq": [266.744903, 266.175389], "qpic": [], "optimizely": [404.147917], "voachinese": [], "weather": [267.2540423333], "akamaihd": [264.733889, 254.3094166667, 277.6224443333, 297.1071666667], "akstat": [261.6055973333], "shein": [], "addthiscdn": [256.667056], "cctv": [31.410528, 267.9186666667, 261.526153], "cdnpk": [], "fmm": [251.4402643333], "adnxs": [249.906861], "cntv": [329.3598056667, 352.5696526667, 294.9891946667], "dw": [], "wenku8": [287.5963473333], "office": [274.7893613333], "line-scdn": [], "tiktokv": [], "walmart": [385.236014], "microsoft": [154.7141946667, 250.4175416667, 291.888014], "thron": [351.3584583333], "tellme": [559.668917, 279.2534586667, 307.4295973333], "moatads": [304.6372226667], "microad": [266.5630696667], "spotxchange": [], "typography": [306.1236806667], "s-microsoft": [307.0478613333], "etsystatic": [277.6224443333, 297.1071666667], "smartadserver": [], "bluekai": [441.5606803333], "netease": [304.9869446667], "media": [254.5438756667], "pinterest": [], "tiktok": [], "innity": [326.8133473333], "mobage": [], "addthisedge": [], "tiktokcdn": [], "gtimg": [287.806292], "pinimg": [274.4480696667], "aliexpress": [441.56482], "cdn-apple": [301.397639], "52poke": [235.9480416667], "nwxs8": [], "walmartimages": [262.2028476667], "mlstatic": [277.6224443333, 297.1071666667], "fastclick": [300.6131666667], "steamstatic": [277.6224443333, 297.1071666667], "goofy-cdn": [277.6224443333, 297.1071666667], "hc-cdn": [390.9132916667, 400.4540836667], "office365": [279.7052503333, 278.3021393333, 280.6556946667, 294.3119723333, 278.4009306667, 312.265667, 291.1589173333], "btsow": [], "cricbuzz": [327.8213753333, 256.1337223333], "wal": []}