{"ctrip": [305.4783056667, 295.624979], "alicdn": [295.3694166667, 291.0983333333, 306.1989446667, 353.827729, 312.97407], "feishu": [286.4892643333, 27.648917, 30.9997223333, 300.3957086667, 316.684903, 287.478639], "clmbtech": [347.821292, 296.8632783333, 361.9929446667, 300.3957086667], "appsflyer": [131.5761386667, 149.529153], "alibaba": [289.987583, 281.4744306667, 214.355875, 219.9009583333], "go-mpulse": [264.172139, 288.467167], "huawei": [279.0507085, 32.7416806667], "jd": [297.9389303333, 34.8094443333, 286.575084], "6sc": [365.24382, 316.684903, 314.3062086667, 363.279542], "ibytedtos": [305.285514, 294.6109375, 304.040417, 312.368167], "teads": [287.7802503333], "bbc": [], "tripcdn": [291.967403], "accesstrade": [314.623459], "qualtrics": [170.945125, 160.2144996667], "avmoo": [], "udn": [315.4314166667, 345.8605833333], "casalemedia": [146.7633053333], "pstatic": [290.489431, 262.6617363333, 688.7879866667], "rfi": [], "bangumi": [292.3540136667], "playstation": [267.062417, 302.5582083333, 266.5613056667], "ieee": [251.0298473333, 265.6784166667], "steamcommunity": [], "pubmatic": [640.510959], "bbci": [], "rubiconproject": [190.6488196667, 248.1770416667, 288.6131946667, 216.9418753333, 203.758917, 186.439264, 296.9314306667, 199.8338056667, 196.23257, 249.423736, 360.4685276667, 196.029153, 237.8141806667, 194.0315693333, 215.244736, 207.67075, 203.3589795, 207.2093613333], "akamaized": [319.4497086667, 308.186403, 305.4182363333, 319.4236946667, 303.5317916667, 277.887889, 279.5890416667, 277.8137086667, 320.8079586667, 276.7132363333], "xhscdn": [300.5511666667, 300.8115], "serving-sys": [319.4497086667, 300.8115], "marketo": [268.0174166667], "astrill": [], "ttwstatic": [313.8443753333, 277.8596253333, 284.5769726667], "amazon": [246.64007, 545.817125, 204.0260416667, 243.069556, 221.8952916667], "360buyimg": [297.9389303333, 286.575084], "hscicdn": [309.1399726667, 300.3957086667], "naver": [262.6617363333, 304.2105], "licdn": [292.7927226667, 281.0829026667], "tesla": [9.1574726667, 31.4692223333, 13.1033336667, 406.0252643333, 26.7773196667], "exchangerate-api": [144.046542, 155.810278], "espncricinfo": [], "byteoversea": [318.4101526667, 300.8115, 326.2692223333, 289.277556, 292.5635413333, 299.0497503333, 588.6053193333, 293.4111113333, 303.8323753333, 281.871986, 318.0803893333, 282.4457916667, 287.9711253333, 303.5493056667, 280.9264585, 284.3599446667, 306.619903, 286.1132776667], "adobedtm": [267.2123196667], "c-ctrip": [357.2871673333, 263.7763613333], "coupang": [263.7813753333, 282.932792, 268.131472], "etsy": [], "voanews": [], "ebay": [265.0437363333], "kfpromax": [151.3571253333], "edgekey": [263.906028], "mzstatic": [267.748639, 294.7794026667, 263.4450693333], "bahamut": [289.9768886667, 603.0626806667, 303.7869033333, 294.4262083333, 280.057, 283.9586393333], "im-apps": [326.2692223333, 313.3670003333, 323.7523336667, 303.8323753333], "apple": [297.9515416667, 34.1693193333, 263.4450693333], "appier": [], "gree": [290.8543613333], "everesttech": [], "udnfunlife": [341.1828753333], "cctvpic": [317.163667, 304.1752643333, 298.9769726667, 280.6171806667], "addthis": [267.474889], "qq": [270.5553753333, 288.03007], "qpic": [291.8394726667, 289.249653], "optimizely": [729.4026116667], "voachinese": [], "weather": [363.137153], "akamaihd": [316.836903, 305.775986, 298.4485835, 296.239889, 303.361778], "akstat": [], "shein": [], "addthiscdn": [266.797125], "cctv": [31.410528, 298.9769726667, 280.6171806667], "cdnpk": [292.881792], "fmm": [338.1759306667], "adnxs": [], "cntv": [381.7445836667, 299.0497503333, 284.3599446667], "dw": [], "wenku8": [287.5963473333], "office": [263.4465556667], "line-scdn": [], "tiktokv": [], "walmart": [572.2058196667], "microsoft": [289.3634583333, 154.7141946667, 293.8563196667, 284.3599446667, 250.4175416667], "thron": [382.664625], "tellme": [559.668917, 279.2534586667, 307.4295973333], "moatads": [264.0125973333], "microad": [], "spotxchange": [159.1127916667, 163.337264], "typography": [261.9647363333], "s-microsoft": [261.532903], "etsystatic": [282.4457916667, 297.9389303333], "smartadserver": [216.3443193333, 586.8968476667, 234.3066666667, 239.191611, 237.3346666667, 218.2528056667], "bluekai": [289.9185], "netease": [294.0282503333], "media": [265.94032], "pinterest": [], "tiktok": [], "innity": [266.6748333333], "mobage": [264.161361], "addthisedge": [266.797125], "tiktokcdn": [300.8115, 293.4111113333], "gtimg": [270.5553753333], "pinimg": [281.8713613333], "aliexpress": [306.1989446667], "cdn-apple": [297.748306], "52poke": [235.9480416667], "nwxs8": [], "walmartimages": [], "mlstatic": [], "fastclick": [352.0339863333], "steamstatic": [280.544222, 313.8443753333], "goofy-cdn": [287.9711253333, 281.871986], "hc-cdn": [284.3599446667, 281.9655143333], "office365": [296.7848193333, 314.1138056667], "btsow": [], "cricbuzz": [316.311389, 281.9313336667], "wal": []}