{"ctrip": [10.8340696667, 16.8867916667, 12.9557086667], "alicdn": [240.1188955, 290.768458, 186.476111, 295.8907916667], "feishu": [27.648917, 188.7964446667, 30.9997223333, 330.5200003333, 338.4035693333, 270.099333, 297.3368053333], "clmbtech": [100.902653, 358.466667, 339.2305693333, 167.008875, 339.2922295], "appsflyer": [293.6517916667, 294.3675553333], "alibaba": [214.355875, 293.0070416667, 219.9009583333, 625.7947226667], "go-mpulse": [322.1601806667, 229.954736], "huawei": [291.4969583333, 32.7416806667], "jd": [34.8094443333, 389.344542, 284.891563], "6sc": [295.8130556667, 309.699014, 360.3929726667, 295.3231806667], "ibytedtos": [294.3675553333], "teads": [186.109264, 310.3177226667], "bbc": [], "tripcdn": [300.171958], "accesstrade": [324.1289726667], "qualtrics": [481.7842783333], "avmoo": [], "udn": [343.927542, 289.747625], "casalemedia": [136.348833], "pstatic": [290.979028, 306.5335696667, 309.863792, 286.044458], "rfi": [], "bangumi": [292.3540136667], "playstation": [194.3554166667], "ieee": [251.0298473333, 309.2520696667], "steamcommunity": [], "pubmatic": [], "bbci": [], "rubiconproject": [296.9314306667, 600.3309723333, 338.833292, 341.8114585], "akamaized": [161.5741526667, 294.3675553333, 295.3747643333, 104.211083, 168.6341526667, 168.5084306667, 198.013625, 291.508847, 327.2809586667], "xhscdn": [316.6789863333], "serving-sys": [355.001153, 392.7307503333], "marketo": [283.5660003333], "astrill": [], "ttwstatic": [238.518396, 294.4630836667, 311.1705693333, 198.013625], "amazon": [342.1363473333], "360buyimg": [195.469792, 262.870375], "hscicdn": [300.6420976667, 334.7846526667], "naver": [356.930167, 334.5242223333, 285.2419996667], "licdn": [168.2346253333, 102.587646], "tesla": [9.1574726667, 31.4692223333, 326.07525, 13.1033336667, 26.7773196667], "exchangerate-api": [144.046542, 155.810278], "espncricinfo": [], "byteoversea": [661.116181, 238.7405003333, 237.1363196667, 300.05882, 198.444042, 355.001153, 195.465069, 291.863195, 308.283417, 290.1940693333, 324.5827916667, 244.7536523333, 183.5687226667, 335.1618476667, 352.066639, 184.8035973333], "adobedtm": [393.9673056667], "c-ctrip": [14.690208, 26.8137776667, 12.6721386667, 19.0590136667, 19.5873886667], "coupang": [296.703875, 334.6069166667], "etsy": [], "voanews": [], "ebay": [312.552278], "kfpromax": [151.3571253333], "edgekey": [287.8003756667, 297.7740696667], "mzstatic": [276.482375, 290.9853746667, 290.97275], "bahamut": [161.5741526667, 295.7497776667, 104.211083, 166.2612916667, 298.4735973333, 111.3642643333], "im-apps": [333.357237, 283.7429583333], "apple": [290.9853746667, 335.492736, 34.1693193333], "appier": [], "gree": [285.8107083333], "everesttech": [], "udnfunlife": [285.6712223333, 296.6947083333], "cctvpic": [294.4805553333, 358.4493545, 334.345896, 340.6258753333, 304.2384306667, 225.8092776667, 338.629625], "addthis": [299.1290556667], "qq": [294.4445556667, 34.4554026667, 306.6173333333], "qpic": [33.4282916667], "optimizely": [292.5755973333], "voachinese": [], "weather": [88.7061393333], "akamaihd": [349.4255415, 340.334396, 304.793889, 300.696264, 289.6869446667, 627.9334726667, 327.2809586667], "akstat": [290.1554583333], "shein": [], "addthiscdn": [184.401847], "cctv": [334.345896, 294.4805553333, 31.410528], "cdnpk": [236.7963125], "fmm": [189.4556253333], "adnxs": [301.394653], "cntv": [642.3148613333, 310.2288056667, 211.1188056667], "dw": [], "wenku8": [287.5963473333], "office": [348.4216946667], "line-scdn": [], "tiktokv": [], "walmart": [315.4063056667, 212.128861], "microsoft": [244.467695, 187.6330143333, 154.7141946667, 294.52975, 250.4175416667], "thron": [327.190167], "tellme": [], "moatads": [298.2497776667], "microad": [296.6780696667], "spotxchange": [94.6055276667, 83.4940973333], "typography": [334.0586806667], "s-microsoft": [], "etsystatic": [302.838458, 324.525236], "smartadserver": [], "bluekai": [337.3190553333], "netease": [223.605375], "media": [], "pinterest": [], "tiktok": [], "innity": [240.2644443333], "mobage": [293.4143476667], "addthisedge": [299.1290556667], "tiktokcdn": [334.283479, 314.8447636667], "gtimg": [39.5103053333, 22.6653753333, 20.359111, 29.9116526667, 36.7949303333, 35.9486253333, 45.5255, 40.5245973333], "pinimg": [288.066042], "aliexpress": [295.8907916667], "cdn-apple": [381.6780625], "52poke": [235.9480416667], "nwxs8": [], "walmartimages": [97.415264], "mlstatic": [84.400653], "fastclick": [330.207403], "steamstatic": [295.7497776667, 289.7072776667], "goofy-cdn": [], "hc-cdn": [336.6741253333], "office365": [385.150729, 339.3811113333], "btsow": [], "cricbuzz": [], "wal": [230.882056]}