{"xvideos-cdn": [278.7795625, 186.5617083333, 273.3232363333, 184.3231393333, 198.6925, 181.1219026667, 213.16482, 209.392736], "usestoryteller": [375.1069586667, 680.821278], "xnxx-cdn": [203.3972086667, 182.4216386667, 241.2148616667, 238.8656806667, 184.3231393333, 198.6925, 192.6692503333, 223.7990693333], "javhd": [], "afcdn": [213.551403, 187.789139, 187.1065136667, 209.0530205, 223.7251113333], "javhdhello": [202.561445, 213.551403, 187.1065136667, 243.5217223333, 209.0530205], "kukuc": [341.0426943333], "sex": [], "adxadserv": [186.693528, 202.561445, 188.8253476667, 209.0530205], "realsrv": [187.1065136667, 188.8253476667, 209.1157776667, 209.0530205, 223.7251113333], "aucdn": [188.8253476667, 187.1065136667, 243.5217223333, 209.1157776667, 223.7251113333], "cdnjav": [202.561445, 213.551403, 187.1065136667, 243.5217223333], "j-cdn": [361.651625], "exosrv": [], "adsessionserv": [361.651625], "displayvertising": [140.8643473333], "yingshengyl": [213.551403, 187.1065136667, 209.1157776667, 209.0530205, 223.7251113333]}