{"xvideos-cdn": [139.5114306667, 140.8971806667, 136.235917, 134.0705, 142.105917, 66.0422916667, 72.1525625, 66.299389, 1.2691393333], "usestoryteller": [153.9473336667, 138.2772363333, 62.670736, 138.153083], "xnxx-cdn": [176.8624443333, 139.5114306667, 136.235917, 142.105917, 134.5812366667, 72.1525625, 196.017, 71.4949306667, 1.2691393333], "javhd": [], "afcdn": [1.2691393333], "javhdhello": [71.6175556667, 138.153083, 62.670736], "kukuc": [], "sex": [], "adxadserv": [1.2691393333], "realsrv": [1.2691393333], "aucdn": [139.9214583333, 71.6175556667, 62.670736], "cdnjav": [1.2691393333], "j-cdn": [135.663403], "exosrv": [1.2691393333], "adsessionserv": [1.2691393333], "displayvertising": [1.2691393333], "yingshengyl": [153.9473336667, 139.9214583333, 138.2772363333]}