{"xvideos-cdn": [218.2840276667, 235.1295563333, 214.6567916667, 233.5665416667], "usestoryteller": [218.3514166667, 217.9708886667, 237.2373613333, 231.9484026667, 178.4972363333, 266.189111, 266.1302363333, 196.3665003333, 199.6762083333], "xnxx-cdn": [218.2840276667, 235.1295563333, 199.527389, 224.920528], "javhd": [], "afcdn": [1.2691393333], "javhdhello": [218.3514166667, 237.2373613333, 231.9484026667, 220.9519166667, 199.6762083333], "kukuc": [341.0426943333], "sex": [], "adxadserv": [218.3514166667, 217.9708886667, 266.189111, 266.1302363333, 196.3665003333], "realsrv": [218.3514166667, 237.2373613333, 266.1302363333, 196.3665003333, 199.6762083333], "aucdn": [218.3514166667, 237.2373613333, 220.9519166667, 231.9484026667, 266.189111], "cdnjav": [218.3514166667, 237.2373613333, 231.9484026667, 220.9519166667, 199.6762083333], "j-cdn": [217.317986], "exosrv": [1.2691393333], "adsessionserv": [1.2691393333], "displayvertising": [1.2691393333], "yingshengyl": [237.2373613333, 231.9484026667, 220.9519166667, 178.4972363333, 199.6762083333]}