{"xvideos-cdn": [292.2045693333, 280.8092363333, 323.148181, 288.7465836667], "usestoryteller": [418.6431946667, 282.8064163333, 284.8671386667, 302.1158333333], "xnxx-cdn": [275.9602223333, 323.148181, 275.5486943333, 292.4176946667], "javhd": [], "afcdn": [418.6431946667, 282.8064163333], "javhdhello": [202.561445, 213.551403, 187.1065136667, 209.1157776667, 209.0530205], "kukuc": [341.0426943333], "sex": [], "adxadserv": [418.6431946667, 284.8671386667], "realsrv": [418.6431946667, 282.8064163333], "aucdn": [418.6431946667, 284.8671386667], "cdnjav": [418.6431946667, 284.8671386667], "j-cdn": [156.0309723333], "exosrv": [418.6431946667, 282.8064163333], "adsessionserv": [292.5776113333], "displayvertising": [140.8643473333], "yingshengyl": [284.8671386667, 302.1158333333]}