{"tiqcdn": [1.2691393333], "ctfassets": [230.061778, 195.878986, 240.2077916667, 179.051681], "coinmarketcap": [], "mozilla": [287.049542, 259.8750973333], "binance": [], "atl-paas": [206.4603473333, 228.8058196667, 213.2039166667, 233.3272916667, 217.6226666667, 194.0732083333, 233.0071806667, 197.0497083333], "mercadolibre": [233.028903, 210.8966113333, 208.808917, 197.150264, 210.0844446667, 208.7345215, 232.5490833333, 207.114833], "intercomassets": [230.2830833333, 231.151028, 235.379875, 199.7405], "amazon-adsystem": [1.2691393333], "segment": [1.2691393333], "i-mobile": [181.3337783333, 202.4623333333, 234.3579166667, 221.5368613333, 1.2691393333], "limestart": [236.7550973333, 196.536486, 235.014208, 233.868014], "pbgrd": [211.0148333333, 235.7348613333, 185.254028, 211.4563473333], "stripe": [506.9935416667, 234.846986, 212.925875, 232.8731943333, 214.7264033333], "adsafeprotected": [1.2691393333], "kaltura": [], "trackingplan": [188.8848193333, 208.989875, 211.8064166667, 213.4475413333], "intercomcdn": [235.751903, 213.771347, 214.2171666667, 207.4955003333], "dc-tag": [1.2691393333], "auth0": [208.3947913333], "arxiv": [234.32857, 216.5005556667, 220.2281256667, 215.831972], "dwin1": [1.2691393333], "driftt": [1.2691393333], "bnbstatic": [194.0732083333, 206.1996666667, 202.159667], "ladsp": [1.2691393333], "istockphoto": [], "chatplus": [202.845986, 213.351792, 212.480514, 218.6439723333], "juicyads": [], "tradingview": [], "adsrvr": [1.2691393333], "juicer": [205.9767503333, 214.4794306667, 211.6434726667, 207.9801526667], "cloudimg": [210.9263893333, 214.4645136667, 200.7089583333, 228.8058196667], "microad": [1.2691393333], "builder": [205.0685283333, 208.055306, 211.296764, 238.584264], "dotmetrics": [1.2691393333], "bttimg": [207.525514, 217.135375, 182.604264], "oribi": [556.721639, 231.9832223333, 205.8349173333, 195.859306], "scupio": [209.9652083333, 213.2919863333, 214.1842085, 236.083875], "geoedge": [1.2691393333], "intergient": [1.2691393333], "profitwell": [211.2880276667, 233.0449306667, 231.8336666667, 182.174333], "intergi": [1.2691393333], "enthusiastgaming": [198.1683333333, 234.36825, 225.287056, 208.4564583333], "geetest": [179.9336806667, 213.2998336667, 220.4121806667, 210.315292], "nyu": [], "yjtag": [1.2691393333], "saasexch": [230.5234586667, 229.5075836667, 202.7243613333, 225.782125]}