{"yhdmz": [203.3447223333, 191.925167], "kisscos": [], "diyibanzhu": [], "v2ex": [], "8se": [], "myhaitang": [166.3055556667, 194.2784306667, 149.2355836667, 205.8568476667, 136.603514], "dintong": [146.5172223333, 174.2886946667, 154.6884446667], "deepl": [174.3085556667, 175.9782503333, 1.2691393333, 131.4505556667], "netflav": [], "casalemedia": [1.2691393333], "twinrdsrv": [1.2691393333], "imhentai": [1.2691393333], "quoracdn": [145.0383333333, 152.1054863333], "xsijishe": [], "4550": [174.2891113333, 195.300292], "g64w": [], "papalah": [], "curseforge": [], "videoplayerhub": [1.2691393333], "boundhub": [], "yydstxt": [153.0615, 156.3796113333, 140.5297773333], "javbus": [], "fontawesome": [132.1313193333, 160.223111, 146.8009996667, 185.124625], "bscscan": [145.7270693333, 167.5169446667, 140.5798196667], "hellocdn2": [160.643681, 152.8060833333], "furaffinity": [147.7248613333, 1.2691393333, 168.2500833333, 137.555625], "id5-sync": [1.2691393333], "moyu": [195.1489996667, 203.3843333333], "patreon": [], "midjourney": [170.4885833333, 157.077167], "xszav": [223.975459, 200.385389], "52poke": [205.8471663333, 201.8548473333], "spankbang": [], "made-in-china": [163.1983753333, 152.6917636667], "utlove02": [1.2691393333], "xxxivjmp": [1.2691393333], "amntx1": [1.2691393333], "hiccears": [], "yatv": [176.211153, 147.6055415, 149.214028, 148.9660276667, 141.412, 173.3217363333, 166.2694726667, 159.9606113333, 150.3658196667, 133.2963193333], "hk01": [], "1231218": [203.909028, 197.7589723333], "grsm": [1.2691393333], "bttzyw23": [201.8646253333, 176.274042], "statcounter": [1.2691393333], "jdbstatic": [205.100028, 201.0168053333], "ltwebstatic": [147.674042, 159.9455], "ad-delivery": [1.2691393333], "stboy": [], "loli": [137.3321526667, 151.676264, 138.786014], "imyyds": [], "qy0": [146.5450416667, 130.964319, 177.784903], "xiaohongshu": [149.5032776667], "mengzhan24": [138.874333, 158.7464443333, 152.7455696667], "golden88": [198.883514, 224.3273613333], "bootstrapcdn": [163.2264026667, 149.7867916667], "sjsss": [180.3656533333, 202.5667913333], "exponential": [1.2691393333], "ggsfq": [197.4274446667, 221.1404026667], "hanime1": [], "arival": [200.371292, 198.028917], "mgid": [1.2691393333], "moeli-desu": [], "wallhaven": [138.327361, 160.56225, 152.5964306667], "onegamepics": [], "truoptik": [1.2691393333], "8yydstxt178": [], "aabook": [], "zozozo": [202.057917, 221.9395696667], "moxing": [197.488945, 546.7894586667], "usestoryteller": [158.2921116667, 166.903611, 152.6529723333], "xvideos-cdn": [131.582736, 150.309708], "xszcdn": [218.8191946667, 201.199056], "moegirl": [], "xhscdn": [163.014903], "shubaow": [154.1738886667, 166.9536946667, 147.1686803333], "javhdporn": [164.892542, 1.2691393333, 157.6747776667], "sms-activate": [131.4804586667, 142.923146], "taimadou": [], "lengmen": [173.9985276667, 224.797431], "leetcode": [159.4731943333, 175.57525], "cloudflareinsights": [1.2691393333], "discogs": [159.755097, 171.975431], "researchgate": [1.2691393333], "ccgg50": [], "wuxiafm": [207.5123336667, 199.7762916667], "cococut": [197.0575556667, 222.8322223333], "lrxs": [221.3745136667, 222.291472], "arbiscan": [160.143125, 149.5158886667, 166.5827223333], "agemys": [139.266375, 136.7971943333], "vimeo": [], "nexusmods": [171.1805556667, 130.476653], "gamer": [], "shenyekanshu": [], "mini4k": [145.8995833333, 134.467889, 168.0526946667], "jmcomic1": [], "hmoe12": [221.0668056667, 222.6327223333], "187aav": [200.6253606667, 203.8239723333], "7778877": [149.0270835, 140.5558473333, 178.2562916667], "hxcy": [194.6935416667, 198.0413746667], "rmdown": [175.1741113333, 180.205208], "hsforms": [146.4930973333, 149.489306, 167.109764, 149.519722, 153.3000693333, 150.357542, 155.8834306667, 139.3862363333, 170.235806], "asmr": [169.1767916667], "betproexch": [137.110486, 149.9630973333, 148.2873053333], "discord": [], "sockboom": [200.5970836667, 204.0113056667], "strpst": [1.2691393333], "happymh": [631.4787646667, 166.961306, 186.5926806667], "tapioni": [], "xinyushuwu": [174.3203476667, 219.7073473333], "sosadbooks": [], "f95zone": [], "blackboardcdn": [152.8369166667, 155.4564856667], "dtscout": [1.2691393333], "xxxvjmp": [1.2691393333], "chaturbate": [], "javday": [], "proxyrarbg": [], "tokyo-motion": [157.4744306667, 130.4605556667], "apkmirror": [], "yhdmp": [], "bt-tt": [173.723222, 197.5168336667], "91porn": [], "tasexy": [], "missav888": [], "wnacg": [], "jav": [], "micstatic": [175.693417, 149.351986, 156.042042, 171.1665693333], "faloo": [154.0005973333, 1.2691393333, 163.725653], "sehuatang": [], "aralego": [1.2691393333], "wiley": [149.1422223333, 136.0185556667], "rawgit": [], "ccavbox": [], "snmovie": [157.0482366667, 170.734903], "etherscan": [1.2691393333], "lengmenbook": [198.5405556667, 178.6076526667], "right": [], "south-plus": [], "planetix": [176.052139, 200.899542], "japaneseasmr": [179.569875, 488.830486], "urlimage": [153.0225833333, 154.3020693333], "hyys": [], "adsco": [], "yazhouse8": [], "coingecko": [], "theporndude": [], "xlviiirdr": [1.2691393333], "jbkcdn": [225.1200553333, 223.9906526667], "walletlink": [], "rule34": [], "ttsp": [], "tribalfusion": [1.2691393333], "chess": [32.191528], "mm-cg": [201.291653, 219.0166673333], "superad": [1.2691393333], "aryion": [166.4517086667, 146.0699026667], "steamdb": [150.8069166667, 538.2536666667, 147.5138753333], "sijishea": [], "3dtuman": [156.3129306667, 150.5752085], "arca": [139.9971113333, 146.5563053333], "manwa7": [172.4269866667, 148.2635836667, 161.608708], "18comic": [], "avgle": [], "xlivrdr": [1.2691393333], "bijibaba": [], "fmkorea": [129.267792, 136.5134856667, 136.6322083333], "medium": [], "xlviirdr": [1.2691393333], "xlrdr": [1.2691393333], "adserve": [], "oreno3d": [181.0284583333, 222.6779026667], "fapello": [1.2691393333], "zodgame": [], "streetmetrics": [1.2691393333], "pornfind": [201.5928473333, 201.604361], "1point3acres": [166.615403, 169.341264, 158.0261806667], "mvnrepository": [149.8190973333, 147.5803193333, 147.4690556667], "gelbooru": [1.2691393333], "crowd1": [], "addtoany": [1.2691393333], "fuw4": [171.5365276667, 154.7779443333, 178.6412776667], "getclicky": [1.2691393333], "xxxnnn": [221.7773056667, 202.322889], "theporn": [], "cloudflare": [149.460792, 179.113417, 131.38325, 157.2809306667, 173.707945, 166.021292, 180.5394723333, 154.5416393333], "xbookcn": [], "hjd2048": [], "xchina": [195.9677916667, 200.583611, 194.9345696667], "51cg1": [], "wenku8": [287.5963473333], "ssm": [1.2691393333], "javdb007": [], "zztt45": [], "fenglougo": [], "sou-tong": [], "qinav": [], "crazyegg": [1.2691393333], "toolmm": [179.1788616667, 220.8516666667], "u9a9": [203.0813196667, 224.5069586667], "jieav": [], "sex": [], "ad287": [1.2691393333], "rouman5": [], "njav": [], "fkxl": [136.7699375, 149.3285973333], "crisp": [154.5657223333, 170.029875], "jianpian": [1.2691393333], "pssy": [], "onetrust": [134.8070553333, 1.2691393333, 155.4349856667], "mitecdn": [137.2478886667, 162.8511946667, 164.864514], "langrenxiaoshuo": [], "ghtv666": [222.5178196667, 221.8518056667], "monsnode": [178.972459, 226.5493336667], "avbebe": [], "tapimg": [139.7003053333, 177.8273053333, 156.777792, 146.8394726667], "dididi": [], "javdb36": [], "e621": [1.2691393333], "haitu": [158.4385, 153.1579306667, 137.7464446667], "pixiv": [], "fqbook": [223.638375, 224.2900833333], "e-hentai": [], "yadongkorea": [], "ozon": [131.589639, 140.2325553333], "xnnn": [177.522736, 223.698167], "yandanshe": [152.9095283333, 174.585403, 148.3384023333], "premint": [143.787861, 153.1770833333, 189.3490973333], "fusionist": [160.2663056667, 170.2027083333, 170.0935276667], "seselah": [], "bdys01": [197.6865], "ad": [1.2691393333], "javdb": [], "weeabo0": [152.5509026667, 160.6820836667], "xnxx": [180.950097], "pttsex": [201.0865143333, 197.889667], "hellocdn1": [223.6903193333, 199.2193333333], "rawgithub": [175.1432086667, 180.1719863333],