{"yhdmz": [203.3447223333, 191.925167], "kisscos": [], "diyibanzhu": [], "v2ex": [149.065986, 143.1212223333, 131.889139], "8se": [], "myhaitang": [205.8568476667, 194.2784306667], "dintong": [146.5172223333, 174.2886946667, 154.6884446667], "deepl": [174.3085556667, 175.9782503333, 131.4505556667], "netflav": [], "casalemedia": [151.788389, 137.5194166667], "twinrdsrv": [151.531264, 156.1999723333], "imhentai": [149.16525, 141.2067915, 177.077847], "quoracdn": [152.1054863333, 145.0383333333], "xsijishe": [], "4550": [], "g64w": [224.4905556667, 200.3168753333], "papalah": [], "curseforge": [158.3076113333, 164.7484306667], "videoplayerhub": [131.8028053333, 134.646403, 158.677875], "boundhub": [], "yydstxt": [153.0615, 156.3796113333, 140.5297773333], "javbus": [], "fontawesome": [140.9932226667, 146.8009996667, 149.8301393333, 185.124625, 132.1313193333, 160.223111], "bscscan": [140.5798196667, 145.7270693333, 167.5169446667], "hellocdn2": [160.643681, 152.8060833333], "furaffinity": [147.7248613333, 168.2500833333, 137.555625], "id5-sync": [172.2480416667, 157.044681, 152.3332083333], "moyu": [195.1489996667, 203.3843333333], "patreon": [], "midjourney": [170.4885833333, 157.077167], "xszav": [223.975459, 200.385389], "52poke": [205.8471663333, 201.8548473333], "spankbang": [], "made-in-china": [6.3981253333, 9.8286943333, 5.5198473333], "utlove02": [197.5604166667, 220.8891946667], "xxxivjmp": [149.195833, 145.1336386667], "amntx1": [181.1495003333, 222.8502636667], "hiccears": [], "yatv": [173.3217363333, 176.211153, 147.6055415, 149.214028, 148.9660276667, 150.3658196667, 166.2694726667, 141.412, 159.9606113333, 133.2963193333], "hk01": [], "1231218": [203.909028, 197.7589723333], "grsm": [169.927639, 147.727875], "bttzyw23": [201.8646253333, 176.274042], "statcounter": [135.0270143333, 166.6505696667], "jdbstatic": [205.100028, 201.0168053333], "ltwebstatic": [147.674042, 159.9455], "ad-delivery": [175.8926113333, 149.8142643333, 153.5601246667], "stboy": [], "loli": [137.3321526667, 151.676264, 58.762625, 138.786014], "imyyds": [], "qy0": [146.5450416667, 130.964319, 177.784903], "xiaohongshu": [12.4674586667], "mengzhan24": [138.874333, 158.7464443333, 152.7455696667], "golden88": [198.883514, 224.3273613333], "bootstrapcdn": [163.2264026667, 149.7867916667], "sjsss": [180.3656533333, 202.5667913333], "exponential": [176.8363616667, 169.6889726667], "ggsfq": [197.4274446667, 224.3773196667, 177.7749443333, 221.1404026667], "hanime1": [], "arival": [200.371292, 198.028917], "mgid": [142.1622223333, 162.3103336667, 140.9658473333, 152.809889, 156.258389], "moeli-desu": [], "wallhaven": [152.5964306667, 160.56225, 138.327361], "onegamepics": [202.7714996667, 200.0852083333], "truoptik": [149.4341803333, 150.1539723333, 162.6893196667, 142.5318196667, 138.8589586667], "8yydstxt178": [195.1864996667, 227.9168333333], "aabook": [220.3719166667, 195.6817913333], "zozozo": [202.057917, 221.9395696667], "moxing": [546.7894586667, 197.488945], "usestoryteller": [158.2921116667, 166.903611, 152.6529723333], "xvideos-cdn": [131.582736, 150.309708], "xszcdn": [218.8191946667, 201.199056], "moegirl": [9.772986], "xhscdn": [12.9920276667, 9.0596946667, 11.2891803333, 9.628222, 13.3200973333, 9.0725, 11.0304443333, 7.2754306667, 9.066778, 12.3704026667, 7.597653, 13.4740693333, 9.736722], "shubaow": [154.1738886667, 166.9536946667, 147.1686803333], "javhdporn": [164.892542, 157.6747776667], "sms-activate": [142.923146, 131.4804586667], "taimadou": [], "lengmen": [173.9985276667, 224.797431], "leetcode": [9.4605973333, 13.0142083333, 10.3254583333, 10.556083, 10.016903, 9.8425973333, 8.4406663333, 12.8894583333, 6.660806, 8.257167, 5.6034306667, 10.403861, 5.4412216667, 8.980111], "cloudflareinsights": [159.530139, 150.4355003333], "discogs": [159.755097, 171.975431], "researchgate": [146.882375, 153.4913333333], "ccgg50": [198.099889, 176.4442083333], "wuxiafm": [207.5123336667, 199.7762916667], "cococut": [197.0575556667, 222.8322223333], "lrxs": [221.3745136667, 222.291472], "arbiscan": [160.143125, 149.5158886667, 166.5827223333], "agemys": [139.266375, 136.7971943333], "vimeo": [], "nexusmods": [171.1805556667, 130.476653], "gamer": [], "shenyekanshu": [], "mini4k": [145.8995833333, 134.467889, 168.0526946667], "jmcomic1": [], "hmoe12": [221.0668056667, 222.6327223333], "187aav": [200.6253606667, 203.8239723333], "7778877": [149.0270835, 140.5558473333, 178.2562916667], "hxcy": [194.6935416667, 198.0413746667], "rmdown": [180.205208, 175.1741113333], "hsforms": [146.4930973333, 149.489306, 167.109764, 149.519722, 153.3000693333, 150.357542, 155.8834306667, 139.3862363333, 170.235806], "asmr": [35.201778], "betproexch": [137.110486, 149.9630973333, 148.2873053333], "discord": [131.1117503333, 151.2397083333, 131.8385693333, 129.1477223333, 148.8384306667], "sockboom": [196.773667, 200.5970836667, 204.0113056667, 178.2206533333], "strpst": [149.4291666667, 141.9976666667], "happymh": [631.4787646667, 166.961306, 186.5926806667], "tapioni": [140.9391113333, 154.4663473333, 150.7557913333], "xinyushuwu": [174.3203476667, 219.7073473333], "sosadbooks": [], "f95zone": [], "blackboardcdn": [152.8369166667, 155.4564856667], "dtscout": [164.5171806667, 138.9789163333], "xxxvjmp": [149.195833, 145.1336386667], "chaturbate": [], "javday": [], "proxyrarbg": [144.223222, 176.8784163333], "tokyo-motion": [157.4744306667, 130.4605556667], "apkmirror": [], "yhdmp": [], "bt-tt": [173.723222, 197.5168336667], "91porn": [170.5812776667, 139.719042, 154.3515693333], "tasexy": [], "missav888": [], "wnacg": [], "jav": [], "micstatic": [6.3981253333, 9.8286943333, 5.5198473333], "faloo": [13.9740136667, 34.1666806667, 37.5610276667, 13.551278, 37.4459583333, 18.3818333333, 10.5543056667, 12.971194, 42.460639, 9.639889, 57.1195416667, 9.603028, 19.8965833333, 35.291236, 12.2258753333, 42.661917, 43.82], "sehuatang": [], "aralego": [154.3847223333, 150.4777083333, 162.2555276667], "wiley": [149.1422223333, 136.0185556667], "rawgit": [], "ccavbox": [156.9812913333, 151.6096806667], "snmovie": [157.0482366667, 170.734903], "etherscan": [142.7257776667, 149.211153, 176.723083], "lengmenbook": [198.5405556667, 178.6076526667], "right": [11.882778, 10.1405276667], "south-plus": [], "planetix": [176.052139, 200.899542], "japaneseasmr": [179.569875, 488.830486], "urlimage": [153.0225833333, 154.3020693333], "hyys": [], "adsco": [132.2182643333, 311.3709863333], "yazhouse8": [], "coingecko": [], "theporndude": [], "xlviiirdr": [149.195833, 145.1336386667], "jbkcdn": [225.1200553333, 223.9906526667], "walletlink": [156.146819, 134.3432913333], "rule34": [], "ttsp": [], "tribalfusion": [150.0097083333, 132.509889, 169.7918756667, 166.570514], "chess": [32.191528], "mm-cg": [201.291653, 219.0166673333], "superad": [200.3549166667, 219.640847], "aryion": [168.251028, 129.1833193333], "steamdb": [150.8069166667, 538.2536666667, 147.5138753333], "sijishea": [], "3dtuman": [156.3129306667, 150.5752085], "arca": [139.9971113333, 146.5563053333], "manwa7": [172.4269866667, 148.2635836667, 161.608708], "18comic": [], "avgle": [], "xlivrdr": [149.195833, 145.1336386667], "bijibaba": [], "fmkorea": [129.267792, 136.5134856667, 136.6322083333], "medium": [], "xlviirdr": [149.195833, 145.1336386667], "xlrdr": [149.195833, 145.1336386667], "adserve": [200.8355, 197.1783196667], "oreno3d": [181.0284583333, 222.6779026667], "fapello": [137.4020973333, 148.2694723333, 154.1380136667], "zodgame": [], "streetmetrics": [175.8491116667, 154.109611], "pornfind": [201.5928473333, 201.604361], "1point3acres": [166.615403, 169.341264, 158.0261806667], "mvnrepository": [149.8190973333, 147.5803193333, 147.4690556667], "gelbooru": [204.1416666667], "crowd1": [155.520042, 137.436472], "addtoany": [146.2083053333, 154.06125, 158.3579173333], "fuw4": [171.5365276667, 154.7779443333, 178.6412776667], "getclicky": [166.8352083333, 166.9516946667], "xxxnnn": [221.7773056667, 202.322889], "theporn": [],