{"tiqcdn": [185.371847, 172.172486, 158.620139, 158.9360693333], "ctfassets": [158.6452223333, 150.0794026667, 167.256111, 155.673778], "coinmarketcap": [135.1286526667, 151.62025, 130.5574723333, 167.8925833333, 168.5357916667, 165.1732363333, 179.3298753333, 169.1150416667], "mozilla": [168.343084, 169.1150416667, 167.8677363333, 162.7141253333], "binance": [1.2691393333], "atl-paas": [131.6547083333, 152.5414723333, 173.3292295, 132.1744443333, 163.8520556667, 162.482139, 754.4121673333, 134.479861], "mercadolibre": [169.205778, 138.5995556667, 162.2226803333, 135.3411533333, 150.8834726667, 150.281944, 159.85575, 159.7821806667], "intercomassets": [171.0034583333, 149.2027636667, 129.9559583333, 153.8366386667], "amazon-adsystem": [166.702931], "segment": [152.547236], "i-mobile": [160.1090693333, 153.475014, 160.738486, 135.2539583333, 164.422139, 159.682764, 134.4474866667, 170.4364723333, 147.3955973333, 165.509861, 143.5279163333, 130.8250556667, 153.0330696667, 157.3905276667, 138.5995556667, 495.6975553333, 135.9736946667, 168.2330696667, 167.256111, 153.798361], "limestart": [12.7537503333], "pbgrd": [131.420278, 150.250875, 139.7954863333, 168.9487226667], "stripe": [185.722014, 175.096264, 155.068597, 499.2898056667, 59.4105003333], "adsafeprotected": [167.3456666667, 149.5624586667, 166.893028, 148.6698473333, 151.8895835, 155.934722, 174.0631806667, 129.4560693333], "kaltura": [137.5140696667], "trackingplan": [137.451611, 133.5139723333, 143.2732643333, 166.2024443333], "intercomcdn": [131.6706806667, 153.128028, 167.1098056667, 153.1970416667], "dc-tag": [134.4609726667, 151.618861, 128.595764, 167.1098056667], "auth0": [153.11975], "arxiv": [167.5327776667, 141.017348, 133.2643746667, 135.729542], "dwin1": [], "driftt": [188.9101806667, 153.0424586667, 146.6454446667, 154.673903], "bnbstatic": [171.905611, 164.422139, 175.632521, 1.2691393333, 170.4897503333], "ladsp": [146.3643336667], "istockphoto": [], "chatplus": [143.0309586667, 138.8367776667, 147.581778], "juicyads": [135.187014, 153.1408893333, 151.618861, 165.761625], "tradingview": [], "adsrvr": [153.1525556667], "juicer": [130.320639, 149.5624586667, 139.656903, 151.284917], "cloudimg": [144.668236, 163.560833, 155.4339306667, 187.678875], "microad": [495.6975553333, 132.2821946667, 171.829139], "builder": [160.738486, 165.8289583333, 150.434278, 164.7228473333], "dotmetrics": [160.261889, 155.934722, 154.0434586667, 164.7228473333], "bttimg": [179.2474163333, 154.3211946667, 153.2902086667, 157.8549723333], "oribi": [138.057653, 139.0161946667, 165.7773193333, 138.6266526667], "scupio": [134.5119723333, 164.422139, 157.9783196667, 128.526097], "geoedge": [137.451611, 170.1688333333, 174.0631806667, 155.673778], "intergient": [175.632521, 150.8834726667, 176.4168893333, 148.6698473333], "profitwell": [150.4517356667, 155.2426526667, 144.716542, 143.0480976667], "intergi": [151.4898056667, 145.9860276667, 169.786514, 129.9081533333], "enthusiastgaming": [136.3639306667, 155.260278, 153.128028, 152.826764], "geetest": [11.946389, 11.4510836667, 10.4032643333, 12.499972, 11.871653, 10.8090693333, 12.0324583333, 11.5400836667], "nyu": [], "yjtag": [135.3411533333, 168.5357916667, 165.1732363333, 172.8352366667], "saasexch": [1.2691393333]}