{"yhdmz": [221.152972, 180.009528], "kisscos": [], "diyibanzhu": [], "v2ex": [], "8se": [], "myhaitang": [166.3055556667, 194.2784306667, 149.2355836667, 205.8568476667, 136.603514], "dintong": [146.5172223333, 174.2886946667, 154.6884446667], "deepl": [174.3085556667, 175.9782503333, 1.2691393333, 131.4505556667], "netflav": [], "casalemedia": [1.2691393333], "twinrdsrv": [1.2691393333, 151.531264, 156.1999723333], "imhentai": [149.16525, 141.2067915, 177.077847], "quoracdn": [152.1054863333, 145.0383333333], "xsijishe": [45.1000696667], "4550": [180.009528, 221.152972], "g64w": [224.4905556667, 200.3168753333], "papalah": [], "curseforge": [158.3076113333, 164.7484306667], "videoplayerhub": [131.8028053333, 134.646403, 1.2691393333, 158.677875], "boundhub": [], "yydstxt": [153.0615, 156.3796113333, 140.5297773333], "javbus": [], "fontawesome": [140.9932226667, 146.8009996667, 149.8301393333, 185.124625, 132.1313193333, 160.223111], "bscscan": [140.5798196667, 145.7270693333, 167.5169446667], "hellocdn2": [160.643681, 152.8060833333], "furaffinity": [147.7248613333, 1.2691393333, 168.2500833333, 137.555625], "id5-sync": [1.2691393333], "moyu": [180.009528, 221.152972], "patreon": [], "midjourney": [170.4885833333, 157.077167], "xszav": [223.975459, 200.385389], "52poke": [180.009528, 221.152972], "spankbang": [], "made-in-china": [163.1983753333, 189.6950556667, 152.6917636667], "utlove02": [197.5604166667, 220.8891946667], "xxxivjmp": [149.195833, 145.1336386667], "amntx1": [221.152972, 180.009528], "hiccears": [], "yatv": [173.3217363333, 176.211153, 147.6055415, 149.214028, 148.9660276667, 141.412, 166.2694726667, 159.9606113333, 150.3658196667, 133.2963193333], "hk01": [], "1231218": [180.009528, 221.152972], "grsm": [1.2691393333], "bttzyw23": [201.8646253333, 176.274042], "statcounter": [1.2691393333], "jdbstatic": [221.152972, 180.009528], "ltwebstatic": [266.4817083333], "ad-delivery": [1.2691393333], "stboy": [], "loli": [137.3321526667, 1.2691393333, 151.676264, 138.786014], "imyyds": [], "qy0": [146.5450416667, 130.964319, 177.784903], "xiaohongshu": [41.808014], "mengzhan24": [152.7455696667, 158.7464443333, 138.874333], "golden88": [221.152972, 180.009528], "bootstrapcdn": [163.2264026667, 149.7867916667], "sjsss": [180.3656533333, 202.5667913333], "exponential": [1.2691393333], "ggsfq": [197.4274446667, 1.2691393333, 221.1404026667], "hanime1": [], "arival": [200.371292, 198.028917], "mgid": [1.2691393333], "moeli-desu": [], "wallhaven": [152.5964306667, 160.56225, 138.327361], "onegamepics": [200.0852083333, 202.7714996667], "truoptik": [1.2691393333], "8yydstxt178": [195.1864996667, 227.9168333333], "aabook": [], "zozozo": [202.057917, 221.9395696667], "moxing": [197.488945, 546.7894586667], "usestoryteller": [158.2921116667, 166.903611, 152.6529723333], "xvideos-cdn": [131.582736, 150.309708], "xszcdn": [180.009528, 221.152972], "moegirl": [510.9384026667, 196.0372083333], "xhscdn": [32.9109586667], "shubaow": [154.1738886667, 166.9536946667, 147.1686803333], "javhdporn": [164.892542, 157.6747776667], "sms-activate": [131.4804586667, 142.923146], "taimadou": [], "lengmen": [221.152972, 180.009528], "leetcode": [159.4731943333, 175.57525], "cloudflareinsights": [1.2691393333], "discogs": [159.755097, 171.975431], "researchgate": [146.882375, 153.4913333333, 1.2691393333], "ccgg50": [221.152972, 180.009528], "wuxiafm": [207.5123336667, 199.7762916667], "cococut": [180.009528, 221.152972], "lrxs": [221.3745136667, 222.291472], "arbiscan": [160.143125, 149.5158886667, 166.5827223333], "agemys": [139.266375, 136.7971943333], "vimeo": [], "nexusmods": [171.1805556667, 130.476653], "gamer": [], "shenyekanshu": [156.6825003333, 147.201063, 149.8776666667], "mini4k": [145.8995833333, 134.467889, 168.0526946667], "jmcomic1": [], "hmoe12": [221.0668056667, 222.6327223333], "187aav": [221.152972, 180.009528], "7778877": [149.0270835, 140.5558473333, 178.2562916667], "hxcy": [221.152972, 180.009528], "rmdown": [175.1741113333, 180.205208], "hsforms": [146.4930973333, 149.489306, 167.109764, 149.519722, 153.3000693333, 150.357542, 155.8834306667, 139.3862363333, 170.235806], "asmr": [169.1767916667], "betproexch": [148.2873053333, 149.9630973333, 137.110486], "discord": [], "sockboom": [200.5970836667, 204.0113056667], "strpst": [149.4291666667, 141.9976666667], "happymh": [631.4787646667, 166.961306, 186.5926806667], "tapioni": [140.9391113333, 154.4663473333, 150.7557913333], "xinyushuwu": [180.009528, 221.152972], "sosadbooks": [], "f95zone": [], "blackboardcdn": [152.8369166667, 155.4564856667], "dtscout": [1.2691393333], "xxxvjmp": [149.195833, 145.1336386667], "chaturbate": [], "javday": [], "proxyrarbg": [144.223222, 176.8784163333], "tokyo-motion": [157.4744306667, 130.4605556667], "apkmirror": [], "yhdmp": [], "bt-tt": [221.152972, 180.009528], "91porn": [], "tasexy": [], "missav888": [], "wnacg": [], "jav": [], "micstatic": [175.693417, 149.351986, 156.042042, 171.1665693333], "faloo": [132.1786806667, 154.0005973333, 147.905639, 163.725653], "sehuatang": [], "aralego": [1.2691393333], "wiley": [149.1422223333, 136.0185556667], "rawgit": [], "ccavbox": [156.9812913333, 151.6096806667], "snmovie": [157.0482366667, 170.734903], "etherscan": [], "lengmenbook": [198.5405556667, 178.6076526667], "right": [], "south-plus": [], "planetix": [180.009528, 221.152972], "japaneseasmr": [179.569875, 488.830486], "urlimage": [153.0225833333, 154.3020693333], "hyys": [], "adsco": [1.2691393333], "yazhouse8": [], "coingecko": [], "theporndude": [], "xlviiirdr": [149.195833, 145.1336386667], "jbkcdn": [221.152972, 180.009528], "walletlink": [156.146819, 134.3432913333], "rule34": [], "ttsp": [], "tribalfusion": [132.509889, 1.2691393333, 150.0097083333], "chess": [32.191528], "mm-cg": [201.291653, 219.0166673333], "superad": [180.009528, 221.152972], "aryion": [168.251028, 166.4517086667, 146.0699026667, 129.1833193333], "steamdb": [150.8069166667, 538.2536666667, 147.5138753333], "sijishea": [], "3dtuman": [156.3129306667, 150.5752085], "arca": [139.9971113333, 146.5563053333], "manwa7": [172.4269866667, 148.2635836667, 161.608708], "18comic": [], "avgle": [], "xlivrdr": [149.195833, 145.1336386667], "bijibaba": [], "fmkorea": [129.267792, 136.5134856667, 136.6322083333], "medium": [], "xlviirdr": [149.195833, 145.1336386667], "xlrdr": [149.195833, 145.1336386667], "adserve": [1.2691393333], "oreno3d": [181.0284583333, 222.6779026667], "fapello": [137.4020973333, 148.2694723333, 154.1380136667], "zodgame": [], "streetmetrics": [203.618896, 200.7364446667], "pornfind": [221.152972, 180.009528], "1point3acres": [166.615403, 169.341264, 158.0261806667], "mvnrepository": [149.8190973333, 147.5803193333, 147.4690556667], "gelbooru": [204.1416666667], "crowd1": [1.2691393333], "addtoany": [1.2691393333], "fuw4": [171.5365276667, 154.7779443333, 178.6412776667], "getclicky": [1.2691393333], "xxxnnn": [221.7773056667, 202.322889], "theporn": [], "cloudflare": [149.460792, 179.113417, 131.38325, 157.2809306667, 173.707945, 132.266014, 142.1532916667, 166.021292, 180.5394723333, 154.5416393333], "xbookcn": [], "hjd2048": [], "xchina": [180.009528, 221.152972], "51cg1": [], "wenku8": [287.5963473333], "ssm": [1.2691393333, 166.903486, 160.794139, 148.505389], "javdb007": [], "zztt45": [], "fenglougo": [], "sou-tong": [], "qinav": [], "crazyegg": [1.2691393333], "toolmm": [221.152972, 180.009528], "u9a9": [203.0813196667, 224.5069586667], "jieav": [], "sex": [], "ad287": [221.152972, 180.009528], "rouman5": [], "njav": [], "fkxl": [200.266292, 199.7369586667], "crisp": [154.5657223333, 170.029875], "jianpian": [], "pssy": [176.6494446667, 221.1295553333], "onetrust": [134.8070553333, 1.2691393333, 155.4349856667], "mitecdn": [137.2478886667, 162.8511946667, 164.864514], "langrenxiaoshuo": [], "ghtv666": [180.009528, 221.152972], "monsnode": [221.152972, 180.009528], "avbebe": [], "tapimg": [139.7003053333, 177.8273053333, 156.777792, 146.8394726667],