{"tiqcdn": [72.972264, 158.7461663333, 148.112389, 154.0474583333], "ctfassets": [140.6932083333, 141.7182916667, 69.2503545, 149.7190696667], "coinmarketcap": [], "mozilla": [71.3713613333, 71.481861, 72.3175276667, 69.716292], "binance": [], "atl-paas": [143.803431, 418.767681, 154.2357916667, 161.2389163333], "mercadolibre": [166.4540836667, 186.4961393333, 164.5378333333, 172.296111, 185.7005833333, 142.2153886667, 104.9525003333], "intercomassets": [155.469875, 186.4961393333, 146.7641465, 172.296111], "amazon-adsystem": [66.6496386667], "segment": [163.500361], "i-mobile": [67.8114446667, 71.282597, 68.980736, 67.764875, 67.862528, 76.4277085, 73.4643196667, 70.044417, 71.25625, 77.2171665, 69.6588333333, 74.8173886667, 180.6662916667, 170.433521, 69.003847, 184.0131253333, 69.7780556667, 171.811111, 73.4436523333], "limestart": [74.1547086667, 74.5279723333, 70.078847, 69.8249306667], "pbgrd": [157.3354303333, 632.822626, 160.599097, 912.3461253333], "stripe": [69.187903, 179.841861, 71.606208, 65.8401113333, 159.8411523333, 81.7031246667, 70.266514], "adsafeprotected": [87.8931455, 149.6397503333, 154.1105693333, 155.6862223333, 135.8631946667, 151.379, 160.911688, 149.1508613333], "kaltura": [140.5668746667], "trackingplan": [74.5279723333, 68.980736, 68.1264026667, 69.334445], "intercomcdn": [69.8773193333, 146.1856806667], "dc-tag": [140.2395556667, 161.878431, 172.048194, 190.23625], "auth0": [164.6962783333], "arxiv": [168.3744586667, 148.9301253333, 58.3493473333], "dwin1": [], "driftt": [180.6662916667, 178.7691943333, 157.456667, 165.7239795], "bnbstatic": [164.400014, 161.4468753333, 140.6932083333, 71.324438, 165.0903196667, 139.137792, 158.1233193333], "ladsp": [138.2080836667], "istockphoto": [], "chatplus": [158.2686806667, 156.8580416667, 156.725625], "juicyads": [71.0676806667, 64.4534303333, 73.1999723333, 65.914347], "tradingview": [], "adsrvr": [90.1041875], "juicer": [142.0881803333, 150.5626253333, 141.1968616667, 153.731764], "cloudimg": [132.0459375, 160.9195556667, 136.1612776667, 139.988708], "microad": [69.4284306667, 68.5515276667, 69.9588886667, 80.1922363333], "builder": [418.767681, 151.6888193333], "dotmetrics": [210.7105693333, 233.3008753333, 233.0113613333, 211.126944], "bttimg": [164.8269306667, 159.932667, 146.710986, 148.7297776667], "oribi": [143.0936393333, 156.3902496667, 73.801778, 185.8248893333], "scupio": [60.9119303333, 154.5569166667, 157.365028], "geoedge": [70.2148193333, 469.8428613333, 71.860861, 153.409347], "intergient": [139.137792, 135.3259166667, 61.3878473333, 146.7766113333], "profitwell": [152.174722, 309.6305836667, 140.4962223333], "intergi": [168.3744586667, 147.8943336667, 81.8004026667], "enthusiastgaming": [162.6768056667, 167.6639866667, 132.6799306667, 132.1533196667], "geetest": [70.908472, 69.4429166667, 70.8759443333, 68.6862776667], "nyu": [], "yjtag": [77.042403, 67.6727496667, 71.2509583333, 73.8580973333], "saasexch": [71.8563056667, 469.8428613333, 159.5837363333, 71.4377783333]}