{"hkjc": [293.1389446667], "dribbble": [128.624528, 262.4419723333], "zaobao": [], "udn": [268.4218893333], "bizible": [1.2691393333], "msecnd": [270.7333336667], "securedataimages": [292.3646946667], "paypal": [242.6781943333, 223.445153], "twitter": [], "bizibly": [266.3264163333], "paypal-mktg": [207.6204306667, 200.0085833333], "twimg": [269.7009586667]}