{"hkjc": [334.5913545], "dribbble": [345.7426253333], "zaobao": [], "udn": [339.7059446667], "bizible": [1.2691393333], "msecnd": [369.748917], "securedataimages": [344.33932], "paypal": [242.6781943333, 223.445153], "twitter": [], "bizibly": [168.344611], "paypal-mktg": [207.6204306667, 200.0085833333], "twimg": [330.7748125]}