{"hkjc": [289.643653], "dribbble": [128.624528, 262.4419723333], "zaobao": [], "udn": [148.825], "bizible": [], "msecnd": [], "securedataimages": [144.8325833333], "paypal": [242.6781943333, 223.445153], "twitter": [], "bizibly": [134.5401806667], "paypal-mktg": [207.6204306667, 200.0085833333], "twimg": [277.557347]}