{"vimeocdn": [100.524236], "etsy": [], "pantheonsite": [76.9136665], "pinterest": [], "adnxs": [301.394653], "theguardian": [], "swiftypecdn": [186.7420696667], "reddit": [], "contentful": [189.2402226667], "stackoverflow": [67.8520416667, 138.7229446667, 184.1143473333], "twimg": [41.4619023333], "polyfill": [103.649028], "githubusercontent": [67.2063746667, 140.5748333333, 48.1826386667, 139.0215693333], "sstatic": [138.7229446667, 67.8520416667, 184.1143473333], "imgix": [182.5430136667], "taboola": [187.7688883333], "github": [134.2272496667, 67.9079026667, 189.7952773333, 145.4170833333], "newrelic": [239.4385836667], "ispot": [227.0028053333], "w-x": [99.0219166667], "weatherfx": [239.4385836667], "stripe": [69.187903, 179.841861, 71.606208, 65.8401113333, 159.8411523333, 81.7031246667, 70.266514], "pinimg": [288.066042], "redditmedia": [], "pytorch": [67.9079026667, 145.4170833333, 134.2272496667], "gitlab-static": [137.7656946667, 67.7510276667, 135.9577226667, 142.857931], "walmartimages": [97.415264], "guim": [291.0308056667], "mercari": [], "guardianapis": [291.0308056667], "chartbeat": [97.5897223333], "everesttech": [189.2402226667], "redd": [], "etsystatic": [302.838458, 324.525236], "jsdelivr": [187.496861], "githubassets": [52.3456666667, 68.4856803333, 60.8733613333, 55.4108333333], "ketchjs": [239.4385836667], "guimcode": [291.0308056667], "gitlab": [137.7656946667, 67.7510276667, 135.9577226667, 142.857931], "webcontentassessor": [192.6324306667], "guardianapps": [291.0308056667], "bbc": [], "mercdn": [], "imgur": [], "ads-twitter": [91.0267083333], "ketchcdn": [227.0028053333], "focas": [182.012139]}