{"vimeocdn": [], "etsy": [], "pantheonsite": [76.9136665], "pinterest": [], "adnxs": [1.2691393333], "theguardian": [], "swiftypecdn": [140.8323886667], "reddit": [], "contentful": [179.5416393333], "stackoverflow": [67.8520416667, 138.7229446667, 184.1143473333], "twimg": [41.4619023333], "polyfill": [139.0128196667], "githubusercontent": [67.2063746667, 140.5748333333, 48.1826386667, 139.0215693333], "sstatic": [138.7229446667, 67.8520416667, 184.1143473333], "imgix": [136.153014], "taboola": [1.2691393333], "github": [134.2272496667, 67.9079026667, 83.7378613333, 1.2691393333, 145.4170833333], "newrelic": [1.2691393333], "ispot": [1.2691393333], "w-x": [397.425042], "weatherfx": [], "stripe": [143.998229], "pinimg": [68.1688056667], "redditmedia": [], "pytorch": [67.9079026667, 145.4170833333, 134.2272496667], "gitlab-static": [137.7656946667, 67.7510276667, 135.9577226667, 142.857931], "walmartimages": [173.968639], "guim": [], "mercari": [], "guardianapis": [1.2691393333], "chartbeat": [1.2691393333], "everesttech": [1.2691393333], "redd": [], "etsystatic": [], "jsdelivr": [147.806375], "githubassets": [52.3456666667, 68.4856803333, 60.8733613333, 55.4108333333], "ketchjs": [165.6407083333], "guimcode": [], "gitlab": [137.7656946667, 67.7510276667, 135.9577226667, 142.857931], "webcontentassessor": [1.2691393333], "guardianapps": [1.2691393333], "bbc": [], "mercdn": [], "imgur": [], "ads-twitter": [1.2691393333], "ketchcdn": [1.2691393333], "focas": [1.2691393333]}