{"vimeocdn": [67.312514], "etsy": [140.3484165, 80.7560835], "pantheonsite": [76.9136665], "pinterest": [], "adnxs": [61.2591523333], "theguardian": [71.304229, 142.9354863333], "swiftypecdn": [140.8323886667], "reddit": [54.286778, 74.1839723333], "contentful": [179.5416393333], "stackoverflow": [138.7229446667, 184.1143473333, 67.8520416667], "twimg": [41.4619023333], "polyfill": [139.0128196667], "githubusercontent": [48.1826386667, 67.2063746667, 140.5748333333, 1.2691393333, 139.0215693333], "sstatic": [67.8520416667, 138.7229446667, 184.1143473333], "imgix": [160.8342086667, 136.153014], "taboola": [134.407986], "github": [134.2272496667, 67.9079026667, 189.7952773333, 145.4170833333], "newrelic": [165.6407083333], "ispot": [67.019375], "w-x": [397.425042], "weatherfx": [165.6407083333], "stripe": [185.722014, 175.096264, 155.068597, 499.2898056667, 59.4105003333], "pinimg": [], "redditmedia": [54.286778], "pytorch": [67.9079026667, 145.4170833333, 134.2272496667], "gitlab-static": [137.7656946667, 67.7510276667, 135.9577226667, 142.857931], "walmartimages": [37.2863746667], "guim": [179.9166803333], "mercari": [178.7574583333], "guardianapis": [], "chartbeat": [42.916097], "everesttech": [137.505889], "redd": [54.286778], "etsystatic": [54.1526113333, 55.6530416667], "jsdelivr": [190.442403], "githubassets": [52.3456666667, 68.4856803333, 60.8733613333, 55.4108333333], "ketchjs": [], "guimcode": [179.9166803333], "gitlab": [137.7656946667, 67.7510276667, 135.9577226667, 142.857931], "webcontentassessor": [52.6197363333], "guardianapps": [], "bbc": [], "mercdn": [68.2934723333], "imgur": [190.534], "ads-twitter": [135.4227363333], "ketchcdn": [67.019375], "focas": [136.841764]}