{"overleaf": [35.2815, 31.283514], "playground": [1.2691393333], "openx": [35.4883056667, 1.2691393333, 33.769833], "google": [1.2691393333], "doubleclick": [1.2691393333], "rtbhouse": [33.0971666667], "perfdrive": [1.2691393333], "youtube": [], "google-analytics": [1.2691393333], "instana": [1.2691393333], "recaptcha": [], "googlesyndication": [1.2691393333], "chinatimes": [35.5951806667, 33.190528], "openxcdn": [1.2691393333], "googleapis": [79.9516253333, 91.219097, 59.1949306667, 82.0844446667, 108.8228056667, 86.6634306667, 60.1962913333, 78.5620556667, 100.0506806667, 87.2230836667, 61.7769863333, 77.7033886667, 90.490292, 111.3115136667, 79.0877916667], "impactradius-event": [1.2691393333], "xiaohongshu": [32.9109586667], "btloader": [1.2691393333], "gstatic": [], "dmm": [69.568639, 34.373611, 68.0732083333], "sentry": [213.576653, 33.1882916667], "pub": [36.4876806667], "yumenosora": [109.3390276667], "kuaishou": [72.2910836667], "2mdn": [1.2691393333], "nature": [1.2691393333, 40.0726806667], "chess": [32.191528], "fantia": [31.7060416667], "rlcdn": [1.2691393333], "limestart": [129.678514], "brand-display": [], "appier": [1.2691393333], "doubleverify": [1.2691393333], "parastorage": [268.8748616667, 241.2020143333, 299.6132503333, 522.1514166667], "impact-ad": [1.2691393333], "spotify": [40.4269026667], "googleusercontent": [32.824333], "dialogflow": [], "ggpht": [], "springernature": [40.0726806667], "googletagservices": [1.2691393333], "springer": [34.373611, 69.568639, 40.0726806667, 68.0732083333], "bit": [69.1053893333, 31.2716806667], "px-cloud": [32.321153], "media": [1.2691393333], "company-target": [1.2691393333], "vimeocdn": [1.2691393333], "pghub": [1.2691393333], "eagle-insight": [1.2691393333], "bugsnag": [1.2691393333], "tapad": [], "4dex": [1.2691393333], "creativecdn": [1.2691393333], "googleadservices": [1.2691393333], "ytimg": [], "sanity": [35.5626806667], "googleoptimize": [], "nih": [33.142028], "ctnsnet": [1.2691393333], "tangycover": [33.0550553333], "freepik": [33.2508473333], "ml314": [1.2691393333], "sift": [1.2691393333], "googletagmanager": [1.2691393333]}