{"overleaf": [35.2815, 31.283514], "playground": [35.3843333333], "openx": [35.4883056667, 33.769833, 35.0190693333], "google": [8.758486, 11.9949306667], "doubleclick": [9.688208, 13.3718056667, 8.758486, 9.157736, 12.8336803333, 11.659375, 6.895278], "rtbhouse": [33.0971666667], "perfdrive": [], "youtube": [], "google-analytics": [7.1995], "instana": [37.249028], "recaptcha": [11.9949306667], "googlesyndication": [8.758486, 11.8548056667, 9.4988613333, 6.7181666667, 9.4847086667], "chinatimes": [35.5951806667, 37.6208613333, 33.190528], "openxcdn": [32.397389], "googleapis": [10.2225553333, 9.917361, 48.868972, 47.2325973333, 84.2843333333, 47.730014], "impactradius-event": [35.797403], "xiaohongshu": [7.754597, 13.0142083333, 8.8024166667, 9.0389443333, 10.3254583333, 9.8425973333, 8.257167, 11.2923333333, 5.6034306667, 10.403861, 10.556083, 11.2008886667, 5.4412216667], "btloader": [36.38175], "gstatic": [12.897, 10.618083], "dmm": [69.568639, 34.373611, 68.0732083333], "sentry": [213.576653, 33.1882916667], "pub": [36.4876806667], "yumenosora": [51.7179446667], "kuaishou": [29.2856806667, 23.9009726667], "2mdn": [12.8336803333], "nature": [34.373611, 69.568639, 136.1157636667, 68.0732083333], "chess": [32.191528], "fantia": [31.7060416667], "rlcdn": [34.922639], "limestart": [12.7537503333], "brand-display": [32.3540693333], "appier": [32.9376526667], "doubleverify": [40.004889], "parastorage": [33.3702363333], "impact-ad": [], "spotify": [40.4269026667], "googleusercontent": [32.824333], "dialogflow": [], "ggpht": [], "springernature": [136.1157636667], "googletagservices": [], "springer": [34.373611, 69.568639, 136.1157636667, 35.0280833333, 68.0732083333], "bit": [69.1053893333, 31.2716806667], "px-cloud": [32.321153], "media": [30.410639], "company-target": [32.7258196667], "vimeocdn": [29.3202223333], "pghub": [37.0670696667], "eagle-insight": [69.568639, 34.373611, 68.0732083333], "bugsnag": [34.1781806667], "tapad": [40.5742776667], "4dex": [30.008347], "creativecdn": [33.7351806667], "googleadservices": [12.541778, 8.758486], "ytimg": [], "sanity": [35.5626806667], "googleoptimize": [9.6919166667], "nih": [33.142028], "ctnsnet": [34.6610276667], "tangycover": [33.0550553333], "freepik": [33.2508473333], "ml314": [29.5339863333], "sift": [33.7126533333], "googletagmanager": [9.446625]}