{"overleaf": [35.2815, 31.283514], "playground": [35.3843333333], "openx": [35.4883056667, 33.769833, 35.0190693333], "google": [8.3554863333, 14.1045836667, 22.5114583333], "doubleclick": [16.4394723333, 14.1045836667, 12.000264, 16.033417, 8.720014], "rtbhouse": [33.0971666667], "perfdrive": [], "youtube": [], "google-analytics": [14.9870276667], "instana": [37.249028], "recaptcha": [8.7156526667], "googlesyndication": [17.566153, 9.314042, 10.3005556667], "chinatimes": [35.5951806667, 37.6208613333, 33.190528], "openxcdn": [32.397389], "googleapis": [50.631722, 47.2325973333, 48.868972, 11.0487776667, 84.2843333333, 47.730014, 14.503069], "impactradius-event": [35.797403], "xiaohongshu": [32.9109586667], "btloader": [36.38175], "gstatic": [10.0523466667, 10.618083], "dmm": [69.568639, 34.373611, 68.0732083333], "sentry": [213.576653, 33.1882916667], "pub": [36.4876806667], "yumenosora": [45.2173613333], "kuaishou": [72.2910836667], "2mdn": [12.000264], "nature": [34.373611, 69.568639, 35.0280833333, 68.0732083333], "chess": [32.191528], "fantia": [31.7060416667], "rlcdn": [34.922639], "limestart": [129.678514], "brand-display": [32.3540693333], "appier": [32.9376526667], "doubleverify": [40.004889], "parastorage": [33.3702363333], "impact-ad": [], "spotify": [40.4269026667], "googleusercontent": [32.824333], "dialogflow": [], "ggpht": [], "springernature": [35.0280833333], "googletagservices": [], "springer": [34.373611, 69.568639, 35.0280833333, 68.0732083333], "bit": [69.1053893333, 31.2716806667], "px-cloud": [32.321153], "media": [30.410639], "company-target": [32.7258196667], "vimeocdn": [29.3202223333], "pghub": [37.0670696667], "eagle-insight": [69.568639, 34.373611, 68.0732083333], "bugsnag": [34.1781806667], "tapad": [40.5742776667], "4dex": [30.008347], "creativecdn": [33.7351806667], "googleadservices": [14.1045836667, 8.720014], "ytimg": [], "sanity": [35.5626806667], "googleoptimize": [14.982778], "nih": [33.142028], "ctnsnet": [34.6610276667], "tangycover": [33.0550553333], "freepik": [33.2508473333], "ml314": [29.5339863333], "sift": [33.7126533333], "googletagmanager": [18.4640276667]}