{"cloudinary": [4.2938326667, 4.5088076667, 4.4944446667, 36.3860986667, 3.986395], "rubiconproject": [16.060415, 17.825625, 11.1960326667, 16.6716303333, 11.5058546667, 33.5633113333, 11.784293, 18.0660706667, 11.2865163333], "hscicdn": [], "dmgmediaprivacy": [33.5202453333], "hollandandbarrett": [33.231893, 32.930844, 35.7031606667, 36.3465473333], "optimizely": [36.650805, 33.4052303333, 33.8294933333, 33.7808226667, 36.3038786667], "indiatimes": [35.8002843333, 36.4217163333, 32.608391, 32.7243853333], "rackcdn": [32.8807686667], "thenorthface": [32.517934, 30.538972], "omnitagjs": [36.1786036667, 36.7228446667], "bankofscotland": [23.5470363333], "media": [36.0897246667], "akamaihd": [33.826448, 32.7917936667, 33.6940676667, 32.5793746667, 33.535043, 33.7676576667, 33.7797666667, 33.6337286667], "everestjs": [], "list-manage": [32.556296], "howdens": [], "casalemedia": [9.2676953333], "timesofindia": [35.9889893333, 36.013132, 36.408777, 36.2579143333], "yotpo": [33.20224], "anm": [33.182129, 32.432521], "ebay": [36.373646, 36.445528, 32.6777043333, 36.3424333333, 33.60516], "gigya": [], "livechatinc": [32.3210286667, 31.895155, 33.3265433333, 32.7519426667], "akamaized": [36.3047333333, 32.555937, 36.2161096667, 31.9414136667, 36.4331643333, 32.6900456667, 33.0998743333, 36.4176363333], "pinimg": [36.3027326667, 35.5362176667, 36.0431126667], "nowtv": [33.6594186667], "sportfeeds": [], "aliexpress": [17.7164293333, 36.242498, 18.0208803333], "jdsports-client-resources": [36.071053], "royalmail": [], "turn": [10.608209], "cdn-apple": [33.4455703333], "alicdn": [36.242498, 36.174855], "tripadvisor": [4.1946746667, 4.5260453333, 4.0744846667, 4.2746303333], "rightinthebox": [32.4454403333, 36.1602913333, 36.27932, 31.659162], "monetate": [35.7456583333, 36.404243], "screwfix": [], "lloydsbank": [5.2363176667, 23.5470363333], "teads": [36.2805383333, 33.0357843333], "channel4": [36.346872], "fwmrm": [], "amplience": [4.705866, 5.0200453333], "apple": [33.6072276667], "skyvegas": [], "scene7": [33.5734806667, 36.1819743333, 32.845714, 36.3063956667, 32.8711096667, 33.6380276667], "aldi": [], "byteoversea": [33.823776, 32.766867, 33.267846, 32.3812316667, 32.4533276667, 33.6305833333, 35.9895543333, 33.0144506667, 36.028309, 36.3855173333, 36.3693606667, 31.9993963333, 36.0090273333, 36.23219, 33.3847806667, 33.127649, 33.359397, 34.0548073333, 32.0385443333, 33.143342, 33.7212626667, 36.0686076667, 36.285889, 36.3027326667, 33.23772, 31.9782163333, 33.6380276667], "rbxcdn": [4.31805, 32.960579, 4.3314816667, 33.5832433333], "sbgcdn": [32.740674], "asda": [33.6759646667], "game": [], "assets": [24.171221, 33.604161], "parcelforce": [], "nike": [36.5885806667, 36.412092, 36.6686666667, 35.8665826667], "etsy": [4.4219426667, 4.446693, 4.2869606667, 4.2005153333], "cookiebot": [32.751241, 32.561783, 36.525289], "microsoft": [31.6461893333, 78.9755756667, 35.8689583333, 32.325534, 32.6777043333], "thcdn": [33.624159, 32.6545863333], "mzstatic": [36.2558883333], "ign": [32.6751866667, 32.724791], "sascdn": [33.7275996667, 33.7186006667], "hobbycraft": [], "nbcuni": [32.9612473333], "worldsnookerdata": [36.0134246667], "brightcove": [35.983562], "tiktok": [39.2866076667, 33.662113, 31.635542, 37.9966496667, 33.6929706667, 33.8548196667, 32.6501346667, 35.7516303333, 32.5597216667], "s-microsoft": [32.6016093333], "santander": [], "office365": [32.6937436667, 32.6729836667], "jdplc": [36.578127], "moatads": [33.507628], "groupondata": [33.1743513333], "espncricinfo": [30.4957876667, 33.994654], "sky": [32.054448, 33.7797666667, 36.0052443333, 33.2485413333], "bigcontent": [4.6976833333, 4.7584523333], "smartadserver": [32.7864323333, 11.0917536667, 11.309623, 10.8746726667, 10.9270853333, 11.0310506667, 11.117039, 32.6454783333], "metro": [32.460059], "stickyadstv": [], "everesttech": [], "shein": [32.7903393333, 32.335051], "akstat": [36.3787603333], "dailymail": [32.4508636667, 35.8637046667], "gooutdoors": [78.3632686667], "costco": [], "ui-portal": [36.043548], "newlookassets": [32.5360563333], "fastclick": [36.500802], "millets": [], "uniqlo": [], "adis": [32.767268], "growthrx": [33.4475703333, 33.1823996667], "rottentomatoes": [22.0865143333], "licdn": [33.3526496667, 32.7283796667], "weather": [33.47588, 36.103238], "en25": [], "tiktokcdn": [], "tiqcdn": [36.2723573333], "inews": [32.3837536667, 31.73064], "newlook": [9.5677843333], "111": [23.9703853333, 31.9808396667, 32.4454403333, 23.8898763333], "primark": [4.705866, 5.0200453333], "office": [32.6937436667, 32.6729836667], "samsung": [32.663265], "ilius": [11.6150586667], "sbgservices": [32.7312513333], "footasylum": [], "": [], "bbc": [33.206493], "convertexperiments": [33.2108686667], "outbrain": [33.0134013333, 33.33513, 35.7897083333], "ibeat-analytics": [33.6200326667, 33.782977], "hoseasons": [], "next": [33.0830073333, 9.6649056667, 32.875762], "ikea": [36.101627], "xbox": [36.474349], "lightinthebox": [32.751241, 32.6491166667], "telegraph": [38.783611, 36.1172, 35.2822513333, 35.2979196667, 35.3007093333], "tacdn": [], "aviva": [], "evidon": [36.2092296667], "theplatform": [36.2466126667], "vggcdn": [33.60516, 31.6461893333], "halifax-online": [], "toiimg": [35.248877, 33.1823996667, 33.4475703333, 35.4119546667, 38.776208, 34.8750106667], "transfermarkt": [], "travel-assets": [31.676382, 33.7430733333], "condatis": [], "idealworld": [36.305112, 36.4034846667], "three": [], "clarks": [9.5677843333], "tiktokv": [], "certona": [32.7903393333, 32.6281043333], "365dm": [32.7175193333, 33.5832433333], "flashtalking": [4.31805, 4.3314816667, 35.9372103333], "msn": [], "totaljobs": [], "skysports": [36.1807293333, 36.34944], "pubmatic": [32.9816563333], "service": [32.6853443333], "3gateway": [], "ucarecdn": [36.1109473333, 36.224823], "im-apps": [33.939412, 34.030643, 33.4951676667, 32.7903393333], "addthis": [36.643565], "hm": [36.242161], "boohoo": [4.705866, 5.0200453333], "clmbtech": [33.627699, 32.8936116667, 32.7398173333, 33.5682156667], "groupon": [13.5008753333], "premierinn": [36.3586016667], "serving-sys": [], "dotomi": [9.38984, 9.1835123333], "dfs": [], "olapic-cdn": [36.3047333333, 36.03886], "wizzair": [36.3295726667], "sainsburys": [36.3784176667], "halifax": [5.2363176667], "amazon": [15.8704086667, 14.4605813333, 15.3375143333], "lovehoney": [32.8991456667], "dell": [116.2034633333, 116.399068, 32.641408, 36.3148666667], "chimpstatic": [32.7838026667], "iceland": [], "squarespace-cdn": [4.3507723333, 4.2059516667, 4.3500913333, 4.2358566667], "monu": [4.693597], "coremetrics": [32.8120823333], "gadgetsnow": [32.7243853333], "techlab-cdn": [32.6545863333, 32.6777043333], "marksandspencer": [32.7279476667, 32.660351], "live": [5.0457906667], "turner": [32.054448, 32.7200603333], "px-cloud": [36.515696, 36.180704], "bbci": [32.918099, 33.206493], "ibytedtos": [33.7676576667, 33.701321], "disneyplus": [], "vpsvc": [4.502724, 4.147726, 4.5019916667, 4.2468826667], "go-mpulse": [35.9561036667, 33.5418613333], "45tu1c0": [36.1936986667], "liveperson": [6.1501566667], "bkrtx": [35.8802676667], "moatpixel": [32.5531703333], "americanexpress": [36.050549, 33.5989883333], "jobs": [], "c4assets": [], "postrelease": [], "skybet": [36.2090216667, 33.6674866667], "spotxchange": [9.710194, 9.405602], "adobedtm": [35.9586386667], "argos": [], "ebaystatic": [36.445528], "pinterest": [36.0431126667], "mcdonalds": [], "metoffice": [14.8372223333], "papajohns": [10.573829, 10.341524], "partslink24": [4.7834403333, 4.799526, 4.4965553333], "jdsports": [78.3632686667], "fcp": [33.5385206667, 33.359174], "barclays": [32.3688576667], "addthisedge": [36.643565], "zmags": [32.513625], "appsflyer": [36.4331643333, 36.7523533333], "adnxs": [4.310641, 4.305122, 4.1595596667, 4.306236], "sharepointonline": [32.5490313333], "cricbuzz": [32.720669, 33.665005], "icloud": [5.4392976667], "adform": [], "paysafe": [], "skybetservices": [36.262214], "twinkl": [4.502724, 4.147726, 4.5019916667, 4.2468826667],