{"cloudinary": [4.2938326667, 4.5088076667, 4.4944446667, 4.9357206667, 3.986395, 4.552679, 4.785559], "rubiconproject": [10.7754873333, 11.1960326667, 140.851464, 140.896253, 12.216421, 11.5058546667, 5.7262683333, 11.784293, 18.0660706667, 11.2865163333], "hscicdn": [4.5879346667, 4.697506, 4.6564563333, 4.7768743333], "dmgmediaprivacy": [4.4888553333], "hollandandbarrett": [4.350994, 4.2952053333, 4.492984, 4.5683433333], "optimizely": [5.4572216667, 5.089257, 4.6391766667, 4.5117016667, 5.435014, 5.0249003333, 5.872045, 4.6007223333], "indiatimes": [5.1538913333, 4.4080656667, 5.391627, 4.1765293333, 4.468316, 4.6540983333, 4.7018613333, 4.3909646667], "rackcdn": [4.65529, 4.2885533333], "thenorthface": [4.2961456667, 10.401909], "omnitagjs": [4.4395726667, 4.5994646667], "bankofscotland": [4.7322756667, 4.3800646667], "media": [4.5797053333], "akamaihd": [5.275825, 5.5422846667, 5.279995, 4.374976, 5.228221, 5.2029393333, 5.3301826667, 5.22878, 5.363826, 4.5988576667, 5.734047, 4.6596916667, 5.1302283333, 4.5665853333], "everestjs": [133.5260636667], "list-manage": [4.5601116667], "howdens": [], "casalemedia": [9.2676953333], "timesofindia": [4.6604343333, 4.606628, 4.2415083333, 4.484712, 4.601033], "yotpo": [4.4770913333], "anm": [4.539566, 4.5903253333], "ebay": [4.6555656667, 4.2791986667, 4.341445, 4.2952053333, 4.464708], "gigya": [4.4302863333], "livechatinc": [4.3692293333, 4.4598346667, 4.4159483333, 4.435942, 4.2634486667, 4.4431513333, 4.4012286667], "akamaized": [5.2306266667, 4.888819, 5.2029393333, 5.22878, 5.3951233333, 4.9851276667, 5.099154, 5.2694163333, 5.26158, 5.327973, 5.4557596667, 5.3417106667], "pinimg": [4.2718536667], "nowtv": [4.544344], "sportfeeds": [5.1096996667, 4.54992], "aliexpress": [4.4622286667, 17.7164293333, 4.711591, 18.0208803333], "jdsports-client-resources": [4.440225], "royalmail": [], "turn": [10.608209], "cdn-apple": [5.4745803333], "alicdn": [4.4622286667, 4.711591], "tripadvisor": [4.1946746667, 4.5260453333, 4.0744846667, 4.2746303333], "rightinthebox": [4.3509036667, 4.470583], "monetate": [5.6155806667, 4.568809], "screwfix": [4.4372196667, 4.4462623333], "lloydsbank": [4.7322756667, 5.2363176667, 4.3800646667], "teads": [4.1928046667, 4.6167323333], "channel4": [4.574806], "fwmrm": [10.503069, 10.274185, 10.8108343333, 10.564596, 10.86458, 10.675427, 10.5769446667, 10.424068, 10.6076856667], "amplience": [4.9278633333, 4.3872173333, 5.0360643333, 4.6967716667, 4.8304686667, 4.710314], "apple": [4.259078, 4.6040066667, 5.4392976667], "skyvegas": [4.5190056667], "scene7": [4.648872, 4.6546313333, 4.0621893333, 4.2973383333], "aldi": [], "byteoversea": [4.6016883333, 4.7800333333, 4.625867, 4.618741, 4.6959476667, 4.6690456667, 4.882335, 4.3843753333, 4.7316976667, 4.4521983333, 4.54992, 4.4253473333, 4.8256733333, 4.5988576667, 4.5595486667, 4.6596916667, 4.080399, 4.452064, 4.7581006667, 4.5233996667, 4.64569, 4.5985253333, 5.1096996667, 4.252527, 14.64574, 4.9141706667, 4.610601], "rbxcdn": [4.31805, 4.374976, 4.3314816667, 4.6610093333], "sbgcdn": [5.3959526667], "asda": [4.5105513333], "game": [4.16051, 4.528691], "assets": [4.5875183333, 5.6533033333], "parcelforce": [], "nike": [4.4121946667, 5.1267003333, 5.2606966667, 4.3627436667, 4.4896613333, 4.4391246667], "etsy": [4.4219426667, 4.446693, 4.2869606667, 4.2005153333], "cookiebot": [4.2952053333, 4.5056673333, 4.2480423333], "microsoft": [4.5015133333, 78.9755756667, 4.4169183333, 4.1723786667, 4.3911903333], "thcdn": [4.479589, 4.2480423333], "mzstatic": [4.5128816667], "ign": [4.5747493333, 4.5483913333], "sascdn": [4.5104623333, 4.7376753333, 4.4833186667], "hobbycraft": [4.2485216667, 4.4357406667], "nbcuni": [4.4156516667], "worldsnookerdata": [4.608765], "brightcove": [4.4772446667], "tiktok": [4.29851, 4.2890033333, 4.5444246667, 5.2578373333, 4.6784813333, 4.63019, 4.3563803333, 4.7376753333, 4.1418016667, 4.297177, 4.6032976667, 4.3114016667, 4.5299253333, 4.565551, 4.221621, 4.374976, 4.54832, 4.412877, 4.602881, 4.4140746667, 4.630178, 4.586494, 4.2167693333, 4.4210383333, 5.2273933333, 4.3878393333, 6.1141046667, 4.3183903333, 4.6036546667], "s-microsoft": [4.244505], "santander": [], "office365": [4.6076543333, 4.4570753333], "jdplc": [4.4712016667], "moatads": [4.5386106667], "groupondata": [4.2736923333], "espncricinfo": [4.4142323333, 4.488936], "sky": [4.5117083333, 4.6596916667, 4.4274346667, 4.545377], "bigcontent": [4.6976833333, 4.7584523333], "smartadserver": [5.279995, 11.0917536667, 10.8746726667, 11.309623, 10.9270853333, 11.0310506667, 5.352594, 11.117039], "metro": [4.4668493333, 4.5022266667, 4.360694, 4.5105846667, 4.5104076667, 4.2925636667, 4.5467436667, 4.6225183333, 3.879096, 4.388264], "stickyadstv": [10.4769256667, 10.8643873333], "everesttech": [], "shein": [4.444513, 4.518978, 4.5638513333, 4.1894913333, 4.4431513333, 4.4706543333, 4.6465943333, 4.580497, 4.5168523333, 4.4928713333, 4.4411313333, 4.4409376667], "akstat": [4.315355, 4.1602656667], "dailymail": [4.6105346667, 4.4354813333, 4.4686783333], "gooutdoors": [78.3632686667], "costco": [], "ui-portal": [4.5673676667], "newlookassets": [5.1462036667], "fastclick": [5.9044146667], "millets": [], "uniqlo": [4.368234], "adis": [5.1462036667], "growthrx": [4.472096, 4.306162], "rottentomatoes": [19.3018483333], "licdn": [5.28762, 5.3951233333], "weather": [4.4084693333, 5.1805166667], "en25": [5.0103163333], "tiktokcdn": [4.5756106667, 4.6596916667], "tiqcdn": [4.1629813333], "inews": [4.2917253333, 4.6346226667, 4.5105846667, 4.488936], "newlook": [9.5677843333], "111": [4.333726, 4.3801166667, 4.262365, 4.5105516667], "primark": [15.6088686667, 4.5289256667], "office": [5.15885, 4.6076543333, 4.4570753333], "samsung": [4.3574286667], "ilius": [11.6150586667], "sbgservices": [4.3427916667], "footasylum": [], "": [], "bbc": [5.3116253333], "convertexperiments": [4.191532], "outbrain": [4.577926, 4.6952366667], "ibeat-analytics": [4.362093, 4.2763036667], "hoseasons": [], "next": [4.38096, 9.6649056667, 5.1597546667], "ikea": [4.69615], "xbox": [4.546467], "lightinthebox": [4.244689, 4.486176, 4.539566, 4.4022943333], "telegraph": [10.276869, 9.6256636667, 9.6755403333, 9.781534, 4.4951256667], "tacdn": [4.4370446667, 4.6231483333, 4.05965, 4.614825], "aviva": [4.5685943333, 5.0984616667], "evidon": [5.2371153333], "theplatform": [5.5929936667], "vggcdn": [4.203603, 4.3818], "halifax-online": [4.3800646667], "toiimg": [4.40476, 4.4413323333, 5.247299, 4.298494, 4.2826706667, 5.2986146667], "transfermarkt": [4.825589, 5.155272], "travel-assets": [4.284745, 4.485078], "condatis": [4.500962], "idealworld": [4.6439576667, 4.492984], "three": [11.6587383333], "clarks": [9.5677843333], "tiktokv": [4.1486003333, 4.6690456667, 4.5840186667, 4.6128606667, 4.5683433333, 4.330986, 4.612009, 4.6909233333, 5.1096996667], "certona": [4.6590623333, 4.4898906667], "365dm": [4.2404233333, 4.451021], "flashtalking": [4.31805, 5.2026066667, 4.3314816667], "msn": [3.8580323333, 4.32717, 4.5454523333, 4.387556, 4.5805246667, 4.13069, 4.3608226667, 4.493429, 4.486088], "totaljobs": [], "skysports": [5.729681, 5.825082], "pubmatic": [4.2673083333], "service": [9.933937], "3gateway": [4.514045, 4.24402], "ucarecdn": [5.165786, 5.2879513333], "im-apps": [4.4012286667, 4.195822, 4.592586, 4.6644823333, 4.493429, 4.5009733333], "addthis": [4.5106303333], "hm": [4.1798763333], "boohoo": [4.705866, 5.0200453333], "clmbtech": [4.5285073333, 4.539566, 3.9763996667, 4.4966683333], "groupon": [6.0020286667], "premierinn": [5.119811], "serving-sys": [], "dotomi": [9.36815, 9.38984, 10.3898353333], "dfs": [4.705866, 5.0200453333], "olapic-cdn": [5.0405813333, 5.1874283333], "wizzair": [5.2145943333], "sainsburys": [5.3240176667], "halifax": [5.2363176667], "amazon": [15.8704086667, 14.4605813333, 15.3375143333], "lovehoney": [4.5148336667], "dell": [116.2034633333, 116.399068, 4.2813196667, 5.2880423333], "chimpstatic": [4.4635863333], "iceland": [9.3953246667, 11.07039],