{"qualaroo": [15.5458086667, 14.9731936667], "b-cdn": [14.840768, 14.9397393333, 14.919108], "optnmstr": [0.0770086667], "getsitecontrol": [14.8712733333, 14.9213656667, 14.840768, 14.7531996667], "smartlook": [14.5471766667, 14.8904363333, 14.7489616667, 14.7007176667, 14.8602713333], "cookiefirst": [14.8712733333, 14.6885083333], "vntsm": [0.0770086667], "xnxx-cdn": [15.022738], "snack-media": [14.6885083333], "snack-projects": [14.8399203333], "plausible": [0.0770086667], "ometria": [14.7859783333, 14.5471766667, 14.8904363333, 14.7489616667, 14.8602713333], "insurads": [0.0770086667], "usestoryteller": [14.7859783333, 14.925647, 14.5471766667, 14.8904363333, 14.8602713333], "realsrv": [14.9461036667, 14.7859783333, 14.925647, 14.8461053333, 15.0630253333], "sex": [15.021293], "tiktokcdn": [14.797021, 15.211079, 14.866915, 14.9644623333, 14.980064], "followfollow": [15.0353146667], "afcdn": [0.0770086667], "survicate": [14.7531996667], "omappapi": [0.0770086667], "iubenda": [0.0770086667, 15.021293], "adsessionserv": [0.0770086667], "xvideos-cdn": [14.802088], "tagdeliver": [14.7859783333, 14.5471766667, 14.8904363333, 14.7489616667, 15.0630253333], "lngtdv": [14.7859783333, 14.5471766667, 14.8904363333, 14.7489616667, 14.8602713333], "simpleanalyticscdn": [0.0770086667], "literotica": [14.919108], "icons8": [14.9461036667, 14.7859783333, 14.925647, 14.5471766667, 15.0630253333], "usefathom": [0.0770086667], "network-n": [14.924825]}