{"qualaroo": [15.879613], "b-cdn": [18.0219046667, 15.879613], "optnmstr": [15.879613], "getsitecontrol": [17.8816596667, 15.879613, 18.1078383333], "smartlook": [16.3732443333, 16.2997986667], "cookiefirst": [15.879613], "vntsm": [15.879613], "xnxx-cdn": [19.4842613333], "snack-media": [15.879613], "snack-projects": [15.879613], "plausible": [15.879613], "ometria": [16.3732443333, 15.997601], "insurads": [15.879613], "usestoryteller": [19.4030966667, 16.32592], "realsrv": [19.4032086667, 16.3870736667], "sex": [18.2648866667], "tiktokcdn": [19.30238, 16.4373556667], "followfollow": [15.879613], "afcdn": [15.029108, 15.119584], "survicate": [15.879613], "omappapi": [15.879613], "iubenda": [15.879613], "adsessionserv": [15.879613], "xvideos-cdn": [19.4842613333], "tagdeliver": [16.3732443333, 15.8156626667], "lngtdv": [19.4030966667, 16.088166], "simpleanalyticscdn": [15.879613], "literotica": [15.879613], "icons8": [15.119584, 14.840468], "usefathom": [15.879613], "network-n": [15.879613]}