{"qualaroo": [15.879613], "b-cdn": [15.879613, 18.160956], "optnmstr": [15.879613], "getsitecontrol": [17.8816596667, 15.879613, 18.2648866667], "smartlook": [16.4287053333, 19.4032086667], "cookiefirst": [15.879613], "vntsm": [15.879613], "xnxx-cdn": [19.4402453333], "snack-media": [15.879613], "snack-projects": [15.879613], "plausible": [15.879613], "ometria": [16.4287053333, 19.4032086667], "insurads": [15.879613], "usestoryteller": [16.3631206667, 16.2997986667], "realsrv": [19.160294, 16.375087], "sex": [17.8816596667], "tiktokcdn": [19.391762, 16.347812], "followfollow": [15.879613], "afcdn": [19.160294, 15.997601], "survicate": [15.879613], "omappapi": [15.879613], "iubenda": [15.879613], "adsessionserv": [15.879613], "xvideos-cdn": [19.4402453333], "tagdeliver": [19.4222066667, 15.997601], "lngtdv": [16.088166, 19.4222066667], "simpleanalyticscdn": [15.879613], "literotica": [15.879613], "icons8": [16.3631206667, 16.375087], "usefathom": [15.879613], "network-n": [15.879613]}