{"qualaroo": [205.7613856667], "b-cdn": [97.626425, 205.7613856667], "optnmstr": [205.7613856667], "getsitecontrol": [98.0547586667, 97.4462836667, 205.7613856667, 97.53932], "smartlook": [190.743315, 190.6028866667], "cookiefirst": [205.7613856667], "vntsm": [205.7613856667], "xnxx-cdn": [190.691598, 192.4163366667], "snack-media": [205.7613856667], "snack-projects": [205.7613856667], "plausible": [205.7613856667], "ometria": [72.4157273333, 72.5283646667], "insurads": [98.0547586667], "usestoryteller": [205.5666873333], "realsrv": [191.277805, 190.743315], "sex": [97.856968], "tiktokcdn": [97.571534, 97.7473183333, 97.7262906667, 97.8711056667, 97.756232, 97.5137583333, 97.720659, 97.7825303333], "followfollow": [205.7613856667], "afcdn": [191.277805, 191.445845], "survicate": [205.7613856667], "omappapi": [205.7613856667], "iubenda": [98.0547586667, 205.7613856667], "adsessionserv": [205.7613856667], "xvideos-cdn": [190.691598, 191.0348086667], "tagdeliver": [190.743315, 190.6028866667], "lngtdv": [191.277805, 190.743315], "simpleanalyticscdn": [205.7613856667], "literotica": [205.7613856667], "icons8": [97.7983813333, 97.600692], "usefathom": [205.7613856667], "network-n": [205.7613856667]}