{"tattle": [4.9850486667, 5.07694, 4.7644986667], "report-uri": [5.1609493333, 4.9820263333, 4.4880916667, 4.8719853333, 4.6646676667], "onesignal": [4.9583363333, 4.986615], "pornhat": [4.9812556667, 4.7027726667, 4.7889843333], "babestation": [4.453682, 4.7426096667, 4.8868773333], "thestudentroom": [4.953426, 9.5656153333, 10.5726753333], "coral": [4.727396, 27.614074, 4.673279, 5.1329386667, 4.789461, 26.6950343333], "physicsandmathstutor": [4.9547316667, 4.6569386667], "cookielaw": [4.950403, 4.7516776667], "tinypass": [4.8437613333, 5.001781, 4.8954116667, 5.0317986667, 4.6839076667], "roman": [4.486453, 5.0389463333, 4.9106463333], "bidgear": [4.7963873333, 5.014046, 5.018028], "wowcher": [5.156322, 4.897383], "rte": [4.816843, 4.9151343333], "live-footballontv": [4.8006256667, 5.028641, 4.9906743333], "orchdds": [4.903248, 4.9612533333, 4.8004596667], "quora": [], "btttag": [9.7072213333, 9.6227603333, 4.9176196667], "cloudflareinsights": [4.6873703333, 5.0250123333], "iivt": [4.951009, 4.4201596667], "chapmanganato": [9.8536866667, 5.0635996667, 9.7824483333], "doppiocdn": [4.878547, 5.116499], "spankbang": [4.899712, 4.6761586667], "fontawesome": [4.7926696667, 4.9649016667, 5.043953, 4.90201], "specsavers": [], "amung": [9.7016643333, 5.1335923333, 9.7014256667], "jamieoliver": [4.8758536667, 4.8689776667], "notonthehighstreet": [5.038979, 5.313403, 5.2900236667, 4.4754513333, 5.3379366667, 5.2728483333, 5.9454463333, 4.7786166667, 5.2903596667, 5.087999], "ttrockstars": [4.7860333333, 4.9677893333, 4.8666066667], "advfn": [4.631239, 4.4387233333, 4.563351, 4.8378533333], "getclicky": [5.050726, 4.736254], "babestationcams": [5.0076793333, 4.845061, 5.003162], "sofifa": [4.8047583333, 4.7588096667, 4.8476243333], "bauerradio": [5.0622666667, 4.8600256667], "standard": [4.740427, 4.8941953333, 4.981678], "onetrust": [5.0058773333, 4.8440926667, 4.734656, 5.005937], "dorothyperkins": [4.611814, 5.3683873333], "trackedlink": [4.7372103333, 4.817736, 4.8497306667, 4.7710526667, 4.7055476667], "ucl": [5.0730206667, 4.937863], "bustimes": [5.2813573333, 4.9185066667], "cloudflare": [4.778024, 4.7131953333, 5.1593746667, 5.0300176667, 4.484264, 4.7768593333], "galabingo": [4.6609226667, 4.8057256667, 26.6950343333, 27.614074], "gbqofs": [4.7870336667, 4.677918], "strpst": [4.943585, 4.4284853333], "ad-delivery": [4.9782443333, 5.00506, 4.8653513333], "permutive": [4.851701, 4.8562546667], "fortnitetracker": [4.977357, 5.0036243333, 4.9503586667], "id5-sync": [4.5655256667, 10.810594, 9.5336003333], "webmd": [4.90218, 4.6957576667], "hentaigold": [4.4491213333, 4.7042206667], "ionicframework": [4.6912573333, 4.858428, 4.9117066667], "cdkeys": [4.9628893333, 4.9349873333, 9.092272], "ladbrokes": [4.9299183333, 27.614074, 4.892656, 26.6950343333, 4.8835203333, 4.974916], "rule34": [4.829755, 5.0136746667, 5.0658243333, 4.656337, 5.0800713333], "fiverr": [4.919237, 4.7377433333], "privacypolicies": [4.9972463333, 4.974879, 4.939666], "autotrader": [4.589071, 4.9109896667], "connatix": [4.7344526667, 4.651219], "brandmetrics": [4.9766983333, 4.787965, 4.6698973333], "thenews": [4.992077, 4.900355], "srcdn": [10.9571593333, 4.7186906667, 9.7411796667], "footballwebpages": [8.2469586667], "faster-trk": [4.918736, 5.07105], "freedating": [4.5773073333, 4.508618, 5.9894493333], "investing": [4.648067, 5.034294], "indeed": [4.8784716667, 4.587019], "word": [4.365361, 4.789751], "milestoneinternet": [5.0300333333, 5.0069776667], "reed": [4.7686156667, 4.887595], "carandclassic": [9.530993, 4.8091336667, 9.865449], "avforums": [9.6530856667, 4.8400373333, 9.7223346667], "4chan": [4.9190106667, 4.5245013333], "currys": [5.0034326667], "dayoutwiththekids": [4.8768813333, 4.726657, 4.952076], "r2r": [4.942311, 4.6322326667, 5.092964], "mhtr": [4.9074383333, 4.9545373333], "missav": [4.843788, 4.9028166667], "sageone": [4.8975336667, 4.7985253333], "belfasttelegraph": [4.9925476667, 5.033817], "hubspot": [4.9201776667, 5.0111256667, 4.838483], "fresherslive": [9.4946243333, 9.5342453333, 4.7095306667], "soap2day": [4.8267653333, 4.940197], "fextralife": [4.8003596667, 4.8647226667], "skokka": [4.863958, 4.7634863333], "usestoryteller": [9.8580723333, 9.9047016667, 5.0570506667], "atgtickets": [9.8438703333, 4.8373193333, 9.6730706667], "brandalley": [4.811184, 4.7679706667], "moneysavingexpert": [4.9573396667, 4.955345, 4.897525, 4.7432196667], "videoplayerhub": [4.9761666667, 4.992686, 5.0015723333], "attn": [4.873918, 4.8336033333, 4.9907183333, 4.8327103333, 4.2101163333, 4.19103], "debenhams": [], "fool": [4.811762, 5.0989776667], "upday": [4.7545193333, 5.226944], "7amz": [4.8495573333, 4.9321203333], "locanto": [4.7950453333, 4.859331], "mrf": [4.5931326667, 4.9222913333], "buzzfond": [4.797685, 4.9255016667], "feefo": [4.823329, 5.066979], "change": [5.1303823333, 4.5923323333], "striveme": [4.959574, 5.0065316667, 4.4806226667], "rac": [7.633262, 5.0122063333], "funeraltimes": [5.241584], "woosmap": [4.8492213333, 9.6794326667, 9.755378], "wuazu": [4.739558, 4.686902], "acsbapp": [9.9097616667, 4.9724053333, 9.9230193333], "zendesk": [5.0343013333, 4.6020586667, 4.720056, 4.9457313333], "flip-pay": [4.843004, 4.928813], "yell": [5.005828, 4.7876316667], "flightradar24": [4.8436263333, 4.5114386667, 4.5533863333, 4.696768, 4.8562386667], "hsforms": [4.870043, 4.5274003333, 4.8744146667, 5.0908336667, 4.8765223333, 4.772124, 5.218633, 4.6734663333, 4.7141476667, 4.702319], "proper": [5.045645, 4.9446366667], "nitropay": [5.0364356667, 4.6473716667], "hotukdeals": [5.0111933333, 4.9196476667], "paddypower": [4.878107, 4.8318936667], "propertypal": [9.7935043333, 4.835633, 10.9900566667], "yps": [5.041025, 5.087545], "torn": [5.069885, 4.8208573333], "horoscope": [4.714977, 4.3028416667], "vntsm": [9.736271, 9.799344, 4.680299], "zorores": [5.0932903333, 4.5975436667, 4.603744], "tamildhool": [4.615511, 5.1241826667], "mumsnet": [4.846506, 9.6314873333, 9.757773], "homebargains": [4.9084456667, 5.065285], "rasset": [4.4384976667, 4.8696583333], "motherlessmedia": [4.6509206667, 4.8226846667], "itsfogo": [4.576839, 4.845168], "oddschecker": [5.0519213333], "drinkprime": [4.8596773333], "boohoo": [], "pandora": [], "ravelin": [5.0026063333, 5.6537536667], "kooora": [5.1033873333, 4.772029], "thefappeningblog": [4.599494, 4.6536216667, 4.4399716667], "ao": [5.0990666667, 4.9213276667, 4.7999466667, 4.706268, 4.857408], "quizlet": [5.0192666667, 5.090555], "seondf": [4.357301, 4.819829], "32red": [4.9213923333, 4.936342], "pbstck": [9.626746, 9.387163, 5.030245], "vpsvc": [5.3327616667, 4.7398203333], "allfreenovel": [4.5581773333, 4.8406586667], "daily-story": [4.8302183333, 4.73256, 4.798672], "quidco": [4.81662, 4.8067916667], "deliveroo": [5.0250773333, 4.4425323333, 4.862148, 4.9638913333], "clearpay": [4.9496536667, 4.768551, 5.0256163333, 5.0140733333, 4.8631813333], "nationalrail": [4.7175813333, 5.165011], "gogoanime": [4.937971, 4.770303, 4.5780146667, 4.8236273333, 4.7614553333, 4.9377263333], "rubiconredirect": [4.768876, 4.689253], "zdassets": [4.720056, 4.9457313333], "imhentai": [4.506703, 4.993622, 4.864848], "wisepops": [4.753859, 4.7913323333, 4.792033], "onthebeach": [5.0083763333, 5.4120736667], "ok": [4.6753853333, 5.1010726667, 4.942877], "thetrackernetwork": [4.4114566667, 5.0516683333, 6.0420863333], "allthingsworn": [4.8443246667, 4.82412, 4.972735], "blackboardcdn": [4.98831, 5.037787], "quotemedia": [4.7445963333, 8.2603596667], "yoursclothing": [4.9719793333, 4.8577526667], "foxybingo": [26.6950343333, 27.614074], "twinrdsrv": [5.0384726667, 4.8289043333], "pubperf": [4.9676183333, 4.6269016667], "nitrocdn": [4.8199076667, 4.997427], "zoom": [4.7730216667], "motherlesslive": [5.0712373333, 4.6445473333], "johnpyeauctions": [4.9871106667, 4.4168476667], "alrincon": [4.778142, 4.9959373333], "trackercdn": [4.7209026667, 4.3109183333, 5.092303], "instana": [4.7792293333, 4.596256], "viva-images": [4.9129326667, 4.9477433333],