{"healthline": [5.053887, 4.6645193333, 5.88738, 5.907408, 5.3114746667, 4.3513993333, 5.3343486667, 4.8243953333], "flixster": [4.906424, 5.2371103333, 5.389834, 4.9519523333], "gear4music": [5.1697913333, 5.0478393333, 5.2999616667, 4.9313116667], "teamtalk": [5.3009856667, 5.220451, 5.152964, 5.229588], "centerparcs": [], "pusher": [5.2236096667], "whcdn": [5.125441, 5.2041656667, 4.9559856667, 5.0920136667], "thinqi": [5.2938506667, 5.1257886667, 5.2791726667, 5.1530276667], "taggstar": [4.0737413333], "saasexch": [5.1837203333, 5.066665, 4.88838, 4.992688, 5.1815586667, 5.0319083333, 5.2641253333, 4.9642313333], "staticcache": [5.2346213333, 5.3368366667, 5.2362326667, 5.3025833333, 5.2071443333, 4.9030526667, 5.193293, 5.19872], "storystream": [5.241781, 5.1384503333, 5.055298, 5.2417526667], "pulselive": [5.2589523333, 5.3151156667, 4.95817, 5.1881056667, 5.161261, 3.8408913333, 5.1708506667, 4.19103], "usehero": [5.200609, 5.1856256667, 5.1615796667, 5.2505426667], "mitula": [4.4323236667, 5.165011, 5.0001223333, 4.7860353333], "globalauctionplatform": [5.236124, 4.891093, 5.293225, 4.9839573333], "securiti": [6.0239146667, 5.1094, 5.6956686667, 5.1621273333], "bstatic": [5.0071683333, 5.138757, 5.315696, 5.033594, 4.6927823333, 5.1215843333, 4.9906023333, 4.9054686667], "ecosia": [5.229964, 5.266896, 5.29454, 5.3107083333], "undertone": [4.9502673333, 4.0216266667, 3.948401, 5.177612, 4.970618, 5.2397986667, 5.0828583333, 3.9664963333], "secretsales": [4.8385343333, 5.379076, 5.1254273333, 4.4424663333, 4.485115, 5.2715506667, 4.472987, 5.210895, 5.241016, 5.2675533333, 4.973836, 5.289182], "strava": [4.6868063333, 5.029668, 4.4009813333, 4.00196], "abrankings": [4.1998276667, 4.1583943333, 4.3248966667, 5.2453083333], "foresee": [5.0038003333, 5.060792, 5.1756053333, 4.8021166667], "evbstatic": [5.329763, 5.156645, 5.281803, 5.215736], "clickcease": [4.7420013333, 3.9218046667, 4.3513993333, 4.8027713333], "tiqcdn": [5.1917136667, 4.8827863333, 5.2285653333, 4.994767], "williamhill": [5.3323306667, 4.6340873333, 5.1315666667, 5.111738, 5.2123456667, 4.3865866667, 4.1511676667, 5.3365983333, 5.0099146667, 5.1060163333, 5.1684573333, 5.117211, 5.0753276667, 5.3172473333, 5.30756, 5.0455373333, 5.1076393333, 5.1559923333, 4.4620123333, 5.162587, 5.289182, 5.2102456667, 5.1872166667, 5.3046116667, 5.221888, 5.2766963333, 5.1814426667, 5.2886733333], "newscgp": [5.1815586667, 5.0937776667, 5.3332693333, 5.1777033333], "medicalnewstoday": [4.7684113333, 4.9655016667, 5.914591, 5.0016613333, 5.7639663333, 5.2837733333, 4.9027653333, 5.09272], "timeout": [4.2589993333, 4.475223, 4.911754, 4.4937323333, 4.4306146667, 5.1600426667, 4.182893, 4.953171], "premierleague": [5.2256273333, 9.960787], "underdog": [4.1967556667, 4.1441246667, 4.243002, 5.1159943333], "covatic": [4.3492626667, 4.8778806667, 5.2865946667, 5.1078903333], "rollbar": [5.295629, 5.1547776667, 5.3124633333, 5.102776], "adsafeprotected": [5.204018, 4.701593, 4.8453076667, 4.946643, 5.0920136667, 5.1012846667, 5.2453743333, 5.158389], "bamgrid": [4.298891, 5.3672903333, 5.073617, 4.952187, 5.0326323333, 5.2686486667, 4.2286493333, 4.390778], "bauersecure": [4.9939986667, 5.1811316667, 5.1683363333, 5.183505, 5.0022123333, 5.209061, 5.3109766667, 5.2533553333], "antiquestradegazette": [5.0507703333, 5.315557, 5.3012766667, 5.2333776667], "unidadeditorial": [3.948401, 4.1495376667, 5.1510143333, 5.2914493333, 5.3936373333, 5.1894226667, 5.1927106667, 4.9692066667, 5.0799976667, 5.3234026667, 5.1305086667], "pages04": [], "mytutor": [5.1016356667, 5.1792293333, 5.0471773333, 5.1847203333], "which": [4.9906023333, 4.9027653333, 5.2354073333, 5.201103], "ayads": [5.1628856667, 5.2585633333, 5.1861433333, 5.1938313333], "liadm": [4.4703346667, 4.1613623333, 4.423273, 4.2627226667], "lteplatform": [5.302047, 4.902596, 5.1793083333, 5.209061], "dwin2": [], "ucas": [5.1286713333, 5.136653, 4.8306106667, 5.4560093333], "sportinglife": [4.328148, 5.0864663333, 5.0998443333, 4.1583943333], "cnnx": [4.2330436667, 4.289585, 4.9583526667, 4.389641], "ryanair": [5.2501476667, 9.5677843333, 5.1953533333, 5.0752316667, 5.1774626667], "sdiapi": [5.1949203333, 5.330906, 5.2314206667, 5.0795626667, 4.2168623333, 5.0001223333, 4.8908033333, 5.1228696667], "uecdn": [5.2395513333, 5.3009856667, 5.3330933333, 4.6340873333, 4.9831136667, 4.9217966667, 5.295409, 5.180105, 5.2083166667, 5.2152666667, 4.284542, 4.905505], "juspay": [5.06191, 5.3214173333, 4.864634, 5.1938313333], "dynamicyield": [4.5045353333, 4.07148, 4.4639443333, 4.5421343333, 4.528722, 5.021186, 4.9667636667, 4.967364], "geekdo-static": [5.3672903333, 5.1559656667, 5.2110923333, 4.8880813333], "ztat": [4.3211293333, 5.2015483333, 5.0735136667, 5.2518786667, 5.2878956667, 4.4927673333, 4.2890033333, 5.0046656667], "durationmedia": [4.9299773333, 4.9647443333, 5.2651773333, 5.315557], "imrworldwide": [4.2941943333, 5.0056516667, 4.86192, 4.0076743333], "bonne-terre-data-layer": [], "uidapi": [5.1566163333], "clicktripz": [5.310429, 5.067462, 5.1724263333, 5.1933946667], "unblockia": [4.9594596667, 5.2832676667, 5.1110643333, 5.1292926667], "s-onetag": [5.2120336667, 4.831517, 5.3025833333, 5.1620733333], "activebeat": [5.079906, 5.3315266667, 5.288102, 5.3362946667], "mailchimp": [5.0527863333, 4.3780506667, 5.197727, 5.444997], "simplestream": [5.3151156667, 5.2041656667, 5.1647203333, 5.2591426667, 5.3332693333, 5.0646036667, 5.2453516667], "dowjones": [5.296049, 4.3551853333, 4.942987, 5.3346316667, 5.0328273333, 4.651755, 5.214222, 4.069728], "geekdo-images": [4.6833873333, 5.2173766667, 5.250816, 5.088811], "mediatradecraft": [5.3151156667, 4.827021, 5.270066, 5.2304606667], "booking": [], "diy": [], "itv": [5.1573333333, 5.3389606667, 5.233219, 5.1494986667], "dwin1": [], "brcdn": [6.071439], "klarnacdn": [5.242653, 5.2938506667, 5.1615796667, 5.2259103333], "weglot": [5.0038003333, 5.203074, 5.1738466667, 5.251108], "minutemedia-prebid": [5.0398896667, 5.314284, 5.158732, 5.0935086667], "geoedge": [5.1552026667, 5.0243773333, 5.1228696667, 5.1792403333], "uniconsent": [4.9085713333, 4.92457], "coinmarketcap": [5.3170956667, 4.2022523333, 4.1852436667, 5.0998443333, 5.3701636667, 5.1280916667, 5.0715013333, 4.7151736667, 4.2112806667, 4.289585, 5.266896, 4.1967556667, 5.2221236667, 5.3974273333, 5.2066193333, 4.9993023333, 5.209549, 5.2441703333, 4.263228, 5.2797793333], "vinted": [4.9582293333, 5.009816, 5.229588, 5.0093726667], "endlessgain": [5.2314206667, 5.165011, 5.007521, 4.287636], "builder": [4.992372, 5.03456, 4.882165, 4.175287], "spectator": [5.3289793333, 5.1857453333, 5.3180843333, 4.8260373333], "cdn-national-lottery": [], "civiccomputing": [5.1858063333, 5.3046116667, 5.2397816667, 5.3674053333], "glassesdirect": [4.385095, 5.33705, 4.993809, 4.8782973333, 4.3329966667, 4.1118426667, 4.379969, 5.154058], "talksport": [4.9508583333, 4.5585216667, 4.5410113333, 5.0720283333, 5.129384, 5.0257183333, 4.992188, 5.2922903333], "onlyfans": [5.0948493333, 4.9510453333, 4.393826, 4.2589993333], "live-footballontv": [5.1315666667, 5.1429216667, 5.110768, 5.0243773333], "truste": [5.2784993333, 4.7982296667, 4.947551, 5.2011873333], "pagesuite-professional": [4.9289016667, 4.4562686667, 4.5045353333, 4.3415406667], "ensighten": [4.804422, 5.1715946667, 5.0672306667, 5.0579876667], "ctfassets": [4.2575983333, 4.8902786667, 5.226636, 4.294846], "exelator": [5.315879, 5.0810426667, 4.8448986667, 5.2193906667], "tradingview": [6.0031736667, 5.275069, 5.0734, 4.3112126667, 6.1647793333, 5.1623413333, 5.029604, 5.6189403333], "motorpoint": [7.308045], "bmstores": [5.09819], "sail-horizon": [5.029604, 5.1254273333, 5.207503, 5.2675533333], "firstchoice": [5.1848676667, 4.0653726667, 5.161261, 5.051341], "prismic": [5.1012846667, 5.1944083333, 5.193293, 5.2646233333], "goqubit": [4.175287, 5.1728486667, 5.0876226667, 4.4009813333], "intergient": [4.99766, 5.1688033333, 5.3131673333, 5.1099883333],