{"healthline": [34.987593, 39.2729293333, 38.725382, 38.7218656667, 39.2629843333, 38.336857, 35.25867, 34.48222], "flixster": [36.0778726667, 39.2603106667, 37.9607863333], "gear4music": [39.059051, 39.649169, 39.5257936667, 38.2587233333], "teamtalk": [39.3983306667, 39.021269, 35.1173133333, 35.3457643333], "centerparcs": [], "pusher": [39.7881753333], "whcdn": [38.9442566667, 39.3983306667, 38.5424883333, 35.277232], "thinqi": [], "taggstar": [34.8825056667], "saasexch": [38.9442566667, 35.082911, 35.8518993333, 38.7658546667, 38.8720143333, 39.2109916667, 35.0272706667, 39.021269], "staticcache": [35.0475433333, 39.2208416667, 34.893506, 34.33141, 39.0657526667, 39.5138786667, 35.383974], "storystream": [35.25867, 38.2170673333, 35.5592806667, 34.8774443333], "pulselive": [35.8382633333, 37.980027, 35.2876906667, 38.098585, 38.075979, 35.411676, 35.6730523333], "usehero": [39.071934, 39.0106736667, 35.7781566667, 34.458833], "mitula": [34.1510633333, 38.286661, 39.784392, 35.575088], "globalauctionplatform": [35.702759, 34.3392096667, 39.1883386667], "securiti": [35.5773933333, 39.6282393333, 34.7986906667], "bstatic": [39.5229146667, 35.5525183333, 35.475507, 35.7646703333, 35.3636896667, 39.2021906667, 39.3795913333, 39.2411636667], "ecosia": [35.451021, 39.2411636667, 34.716661], "undertone": [38.3966913333, 39.784392, 34.3679166667, 39.228538, 35.8320983333], "secretsales": [35.12931, 35.6773453333, 38.9696326667, 35.1120583333, 39.1061793333, 35.1173133333, 35.4119546667, 35.3237333333], "strava": [39.131558, 35.6109076667, 39.1218036667, 35.3249623333], "abrankings": [34.6924126667, 35.6684056667, 34.3667496667, 36.0184866667], "foresee": [34.6924126667, 35.712173, 35.8233113333], "evbstatic": [38.337982], "clickcease": [34.915226, 35.3680183333, 35.5407316667, 35.12931], "tiqcdn": [], "williamhill": [35.12931, 39.784392, 35.2883406667, 39.0631816667, 39.094725, 35.700403, 35.1253176667, 39.2603106667, 38.07284, 38.098585, 38.82614, 39.1197203333, 39.6392166667, 39.1061793333, 35.3237333333, 35.25867, 35.0498476667, 39.0634783333], "newscgp": [35.5773933333, 38.3135226667, 39.2021906667, 39.6282393333], "medicalnewstoday": [35.12931, 35.332624, 35.409421, 39.3983306667], "timeout": [], "premierleague": [5.2256273333, 9.960787], "underdog": [35.0498476667, 39.388828, 34.8750106667, 34.857228], "covatic": [], "rollbar": [], "adsafeprotected": [39.5609616667, 34.7986906667, 35.12931, 34.9908256667, 39.424223, 38.2607666667, 39.021269, 35.364164], "bamgrid": [38.9442566667, 39.481819, 35.1030743333, 35.364164], "bauersecure": [39.623477, 35.6675416667, 35.6684876667], "antiquestradegazette": [39.2327563333, 38.2998253333, 35.451021, 38.008228], "unidadeditorial": [39.4492523333, 39.4534413333, 39.0631816667, 38.296001, 38.82614, 35.4530176667, 39.2411636667], "pages04": [], "mytutor": [37.9607863333, 34.458833, 39.1197203333, 38.056794], "which": [], "ayads": [38.2998253333, 38.4560913333, 34.367902, 39.1788446667], "liadm": [39.2411636667, 39.0984873333, 39.2021906667, 38.468677], "lteplatform": [39.623477, 37.923515, 34.468403, 34.6382806667], "dwin2": [], "ucas": [34.6924126667, 35.5384136667, 34.3679166667, 39.1606106667], "sportinglife": [39.9308763333, 41.5188973333, 40.956204, 38.275467], "cnnx": [38.38688, 39.5229146667, 35.281754, 39.3736303333], "ryanair": [9.5677843333], "sdiapi": [35.414079, 39.102539, 38.2170673333, 39.0781033333, 35.4154013333, 34.894351, 35.2067906667, 35.3457643333], "uecdn": [35.1794193333, 39.3270693333, 34.893506, 39.0794276667, 39.1854153333, 39.0634783333, 39.194629, 38.82614, 35.7297303333, 35.235825, 38.3431906667, 39.500782], "juspay": [38.5733886667, 34.9849813333, 38.8898006667, 39.2208416667], "dynamicyield": [35.12931, 38.8720143333, 35.217045, 38.809417, 35.1253176667, 39.2792943333, 39.169299, 35.3680183333], "geekdo-static": [39.0764226667, 39.0024046667, 34.9841836667, 38.585718], "ztat": [35.8382633333, 39.2603106667, 34.7445883333, 35.475507, 34.581597, 39.29054, 34.6364526667, 34.1510633333], "durationmedia": [35.3680183333, 39.094706, 39.2736783333, 35.0272706667], "imrworldwide": [34.9150966667, 34.1845003333], "bonne-terre-data-layer": [], "uidapi": [39.34294], "clicktripz": [38.8140046667, 38.5141093333, 34.9711536667, 35.2934733333], "unblockia": [38.38688, 35.9861593333, 38.8066246667, 35.9615693333], "s-onetag": [34.9150966667, 34.3365813333, 39.071934], "activebeat": [38.6529993333, 38.6658813333, 35.290415, 35.2979196667], "mailchimp": [39.1550543333, 38.9883406667, 38.2170673333, 38.7475176667], "simplestream": [34.9849813333, 39.3473146667, 39.3983306667, 39.1606106667, 38.82614, 34.468403, 34.1510633333, 34.4839696667], "dowjones": [35.12931, 39.116586, 38.9807336667, 38.8140046667, 39.1061793333, 35.679445, 38.8464293333, 35.0498476667], "geekdo-images": [35.6730523333, 35.4668366667, 34.197893], "mediatradecraft": [35.562196, 38.3104403333, 39.29054, 38.0135253333], "booking": [], "diy": [], "itv": [39.500782, 35.4215073333, 39.169299, 39.1717513333], "dwin1": [], "brcdn": [38.1295846667], "klarnacdn": [], "weglot": [35.5773933333, 38.1662083333, 38.38688, 35.9615693333], "minutemedia-prebid": [], "geoedge": [39.094706, 35.1030743333, 35.8518993333, 35.217045], "uniconsent": [4.7585293333, 4.929009], "coinmarketcap": [35.075201, 39.5257936667, 34.5394916667, 34.893506, 38.0825113333, 39.4269313333, 39.3135236667, 39.0781033333, 38.8596516667, 34.1510633333, 39.131558, 35.5407316667], "vinted": [38.7682623333, 35.0132463333, 39.0325193333, 34.827319], "endlessgain": [35.475507, 39.1182576667, 38.045304, 39.4221656667], "builder": [35.0475433333, 35.1670713333, 34.919411, 35.6773453333], "spectator": [35.007574, 39.0359126667, 35.453183, 35.4154013333], "cdn-national-lottery": [], "civiccomputing": [], "glassesdirect": [34.7986906667, 35.0475433333, 35.1030743333, 34.8185456667, 39.2729293333, 39.0984873333, 34.8488606667, 35.231787], "talksport": [5.129384, 5.2922903333, 5.0257183333, 4.992188], "onlyfans": [38.9442566667, 38.8556853333, 38.8720143333, 39.3270693333], "live-footballontv": [35.1539926667, 35.235825, 38.9427693333, 35.5347396667], "truste": [34.5164263333, 38.3055653333, 39.0984873333, 34.4933033333], "pagesuite-professional": [], "ensighten": [38.6890223333, 34.5974966667, 35.700403, 34.6382806667], "ctfassets": [38.098585, 39.4438326667], "exelator": [34.9276866667, 35.1120583333, 38.79458, 39.194629], "tradingview": [34.3365813333, 39.0106736667, 35.628359], "motorpoint": [7.308045], "bmstores": [5.09819], "sail-horizon": [34.619231, 34.7986906667, 39.1966346667, 38.4391853333], "firstchoice": [37.9481666667, 36.634963, 37.2014023333, 38.0451353333], "prismic": [38.4391853333, 39.29054, 38.2969643333, 35.6800663333], "goqubit": [39.1064733333, 38.82614, 39.3473146667, 35.217045], "intergient": [35.0907473333, 39.2109916667, 39.1218036667, 38.983645], "igaming-service": [], "gr-assets": [35.5813646667, 34.8954866667], "here": [35.5081743333, 35.248877, 38.2170673333, 34.894351], "marketwatch": [38.354364, 34.5974966667, 34.559362, 35.575088], "b406929acabac9b095f124c81bdfcf57f": [38.9696326667, 35.246717, 35.5081743333, 38.5824203333], "eventbrite": [9.8057743333, 9.7309693333, 9.6523913333, 9.61664], "jg-cdn": [35.168074, 35.4742853333, 35.277232, 35.0492403333], "boredpanda": [38.6271006667, 35.1014206667, 34.9908256667, 39.3135236667, 35.1539926667, 34.8488606667, 34.8946826667, 34.9276866667], "pendo": [35.0608233333, 38.7814966667, 38.5733886667, 35.4530176667], "surveygizmo": [34.893506, 39.189752, 38.9282246667, 39.1717513333], "chartbeat": [], "clicktale": [39.2409063333, 38.5424883333, 35.542692, 38.8223516667], "parkrun": [35.498521, 39.481819, 35.352056, 38.9486666667], "browsealoud": [34.7744103333, 38.8140046667, 35.5592806667, 38.7682623333], "trackonomics": [38.1662083333, 35.522607, 39.173138, 35.184329], "polarbyte": [38.8720143333, 39.021269, 35.2007413333, 39.1717513333], "mhcache": [35.414079, 35.053687, 39.2165113333, 39.1812053333],