{"quizclothing": [3.8692316667], "msecnd": [4.422895, 4.4678703333], "msftauth": [4.1538773333, 4.522888], "securedataimages": [4.4740613333], "postoffice": [4.7712126667], "yahoo": [0.0770086667, 4.0129813333], "cookieinformation": [4.5262516667], "yotpo": [4.317807], "azureedge": [4.422895], "office": [4.5262516667], "twimg": [10.4542936667, 4.4598386667], "beop": [0.0770086667], "sub2tech": [4.4333813333], "twitter": [10.4612446667], "puregym": [4.5262516667], "yodel": [4.0636513333], "jwplayer": [0.0770086667], "w3schools": [5.1345646667, 5.3053996667]}