{"quizclothing": [73.094271], "msecnd": [100.8415856667, 100.795174], "msftauth": [6.0587083333, 8.6893123333, 101.4653353333], "securedataimages": [72.565154], "postoffice": [4.7712126667], "yahoo": [76.7958896667, 72.526505], "cookieinformation": [100.687248], "yotpo": [78.2720813333], "azureedge": [100.8415856667], "office": [211.0099863333, 242.4742856667], "twimg": [99.1869303333, 214.789222], "beop": [73.756853], "sub2tech": [73.0952013333], "twitter": [], "puregym": [100.687248], "yodel": [4.0636513333], "jwplayer": [], "w3schools": []}