{"imgur": [4.2574396667], "yottaa": [3.9830913333, 4.4442873333, 4.4878143333, 4.385664], "cloudinary": [4.2938326667, 4.4944446667, 3.986395, 4.5088076667], "cheapflights": [4.4804136667, 3.9537396667, 4.308141, 4.5506453333], "hearstapps": [4.3686926667, 4.508265, 4.358752, 4.48777], "imgix": [40.6617653333], "wikihow": [4.359838, 4.2977346667, 4.5396156667, 4.3667693333], "ustudio": [4.4721586667, 4.2753486667, 4.561934, 4.1084553333, 4.445115, 4.2015416667, 4.2509776667, 4.4329993333], "pcgamer": [4.329383, 4.569585, 4.245444, 4.4819973333], "buzzfeed": [4.329383, 4.569585, 4.245444, 4.4819973333], "redd": [4.3992696667, 4.3612913333, 4.3023003333, 4.3343853333], "last": [3.8628236667], "fastly": [4.223719, 4.4033093333, 4.4721646667, 4.4452306667], "sentry-cdn": [4.37441, 4.227578, 4.561211, 4.400999], "klaviyo": [3.9830913333, 4.4442873333, 4.4878143333, 4.385664], "forbes": [4.2696736667, 4.4406096667, 3.9830913333, 4.2245073333, 4.20891, 4.4442873333, 4.385664, 4.4878143333], "nytimes": [4.310427, 4.5317356667, 4.4906663333, 4.4445573333], "everesttech": [4.2696736667, 4.2245073333, 4.20891, 4.4406096667], "kampyle": [4.2023096667, 4.041725, 4.4196256667, 4.509997], "cnn": [4.3601083333, 4.500686, 4.183744, 4.411522], "github": [14.8465846667, 4.3010896667, 4.2367846667, 4.3088176667, 4.252457, 77.532052], "fetlife": [4.3667693333, 4.2977346667, 4.359838, 4.5396156667], "sk-static": [], "rbl": [], "roocdn": [4.2696736667, 4.2245073333, 4.20891, 4.4406096667], "radiotimes": [], "mediavine": [4.4432526667, 4.3346843333, 4.3789796667, 4.2264156667], "adnxs": [4.310641, 4.305122, 4.1595596667, 4.306236], "travelodge": [4.6330206667, 4.264872, 4.209053, 4.5420626667], "tes": [4.0945253333, 4.161571, 4.3999956667, 4.3768636667], "robertdyas": [], "noibu": [35.25867, 35.1014206667, 34.589068, 34.811682], "goodhousekeeping": [4.3686926667, 4.508265, 4.358752, 4.48777], "dndbeyond": [], "statically": [4.3667693333, 4.2977346667, 4.359838, 4.5396156667], "ticketmaster": [4.236211, 4.295063, 4.4229476667, 4.2383906667], "taboola": [4.4986536667, 4.295713, 4.3559373333, 4.1785526667], "amazon": [15.8704086667, 14.4605813333, 15.3375143333], "uswitch": [4.130858, 4.3995176667, 4.3639016667, 4.2405123333, 3.959568, 4.2180376667, 4.443813, 3.981856], "bbc": [4.3839886667, 4.2546036667, 4.3233833333, 4.2357463333], "thingiverse": [4.385664, 4.4442873333, 4.4878143333, 3.9830913333], "ubembed": [4.343702, 4.4542436667, 4.1163473333, 4.432148], "redditmedia": [4.3992696667, 4.3612913333, 4.3023003333, 4.3343853333], "newrelic": [4.4953053333, 4.375535, 4.2526046667, 4.170808, 4.2858473333], "racingpost": [39.3473146667, 3.9830913333, 39.2109916667, 4.4442873333, 4.385664, 35.2539303333, 4.4878143333, 38.983645], "outbrain": [41.1944813333], "ft": [4.4772313333, 4.071048, 4.42142, 4.4110066667], "wfcdn": [4.181895, 4.2725016667, 4.38359, 4.4377113333], "guim": [4.5256656667, 4.4845006667, 4.464397, 4.3589316667], "spareroom": [4.2696736667, 4.2245073333, 4.20891, 4.4406096667], "thesaurus": [], "eticketing": [4.236211, 4.295063, 4.4229476667, 4.2383906667], "upday": [], "independent": [4.3667693333, 4.2977346667, 4.359838, 4.5396156667], "jwpsrv": [4.329383, 4.569585, 4.245444, 4.4819973333], "squarespace-cdn": [4.3507723333, 4.2059516667, 4.3500913333, 4.2358566667], "paypal": [4.8202353333, 4.0744206667, 23.81503, 4.478865, 4.161047, 22.0030183333, 4.230685], "typenetwork": [4.3667693333, 4.2977346667, 4.359838, 4.5396156667], "kayak": [3.9537396667, 4.4804136667, 4.308141, 4.5506453333], "datas3ntinel": [], "damart": [], "healthline": [3.9830913333, 4.4442873333, 4.4878143333, 4.385664], "matalan": [4.3667693333, 4.2977346667, 4.5396156667, 4.359838], "twimg": [4.4552006667, 5.488523, 4.4598386667], "bbcgoodfood": [3.9830913333, 4.4442873333, 4.4878143333, 4.385664], "launchdarkly": [4.227578, 4.37441, 4.561211, 4.400999], "tripadvisor": [4.1946746667, 4.5260453333, 4.0744846667, 4.2746303333], "homesandgardens": [4.329383, 4.569585, 4.245444, 4.4819973333], "wistia": [4.16798, 4.2876293333, 4.3226083333, 4.191786], "nyt": [4.310427, 4.5317356667, 4.4906663333, 4.4445573333], "apester": [4.227578, 4.37441, 4.561211, 4.400999], "theguardian": [4.5256656667, 4.4845006667, 4.464397, 4.3589316667], "reddit": [4.3992696667, 4.3612913333, 4.3023003333, 4.3343853333], "boots": [], "appliancesdirect": [], "cultbeauty": [42.739297], "rebelmouse": [4.4299073333, 4.4718833333, 4.4262556667, 4.352113], "techradar": [4.45463, 4.3389473333], "tadst": [], "service": [4.3636383333, 4.0661073333, 4.4265993333, 4.2950046667], "seasaltcornwall": [4.3366486667, 4.540698, 4.0626323333, 4.3181346667], "jwpltx": [4.329383, 4.569585, 4.245444, 4.4819973333], "medallia": [], "hubvisor": [4.3995176667, 4.2405123333, 4.2180376667, 4.443813], "guardianapps": [], "mit": [3.9830913333, 4.4442873333, 4.4878143333, 4.385664], "speedcurve": [4.227578, 4.37441, 4.561211, 4.400999], "paramountplus": [], "loveholidays": [4.359838, 4.2977346667, 4.5396156667, 4.3667693333], "rightmove": [40.1742453333, 39.9887086667], "stripe": [3.7991413333, 4.406248, 4.181773, 4.2207173333], "evgnet": [4.3555506667, 4.3542413333, 4.4492586667, 4.4588923333], "magnolia-platform": [], "fabswingers": [4.5420953333, 4.435648, 4.447829, 4.4355246667], "cbsi": [4.3425266667, 4.455164, 4.328223, 4.2434666667], "nike": [4.4107723333, 4.3326566667, 4.2109806667, 3.9393256667], "coolmathgames": [], "standard": [], "ign": [], "redditstatic": [], "pantheonsite": [4.328983], "jsdelivr": [4.935322, 4.8120006667, 4.9360916667, 4.4010646667, 4.700844], "tacdn": [], "wayfair": [4.4136236667, 4.3372543333, 4.325407, 4.5500763333, 4.38877, 5.3084353333, 4.0485366667, 4.4364593333], "gamespot": [], "contentstack": [4.4953053333, 4.375535, 4.2858473333, 4.170808], "tubemogul": [4.2696736667, 4.2245073333, 4.20891, 4.4406096667], "idealista": [], "eurogamer": [4.130858, 3.959568, 4.3639016667, 3.981856], "livenationinternational": [4.236211, 4.295063, 4.4229476667, 4.2383906667], "amplitude": [4.3995176667, 4.2405123333, 4.2180376667, 4.443813], "nocookie": [], "polyfill": [4.3761483333, 4.3837596667, 4.2312036667, 4.4043373333], "immediate": [4.4953053333, 4.375535, 4.2858473333, 4.170808], "scdn": [40.5546366667], "gitlab": [], "ketchcdn": [4.3995176667, 4.2405123333, 4.2180376667, 4.443813], "asideas": [], "futurecdn": [4.329383, 4.569585, 4.245444, 4.4819973333], "etsy": [4.4219426667, 4.446693, 4.2869606667, 4.2005153333], "": [4.3636383333, 4.0661073333, 4.4265993333, 4.2950046667], "w-x": [3.9830913333, 4.4442873333, 4.4878143333, 4.385664], "mparticle": [3.9830913333, 4.4442873333, 4.4878143333, 4.385664], "cargurus": [4.5141, 4.3305356667, 4.3609203333, 4.4399606667, 4.261394, 4.2524583333, 4.3059706667, 4.1950013333], "dunelm": [3.9830913333, 4.4442873333, 4.4878143333, 4.385664], "gbnews": [], "disqus": [4.560791, 4.3530673333], "githubassets": [4.517316, 4.449269, 4.3202633333, 4.2770706667], "ads-twitter": [40.8037573333], "nidirect": [4.3001593333], "guimcode": [], "jwpcdn": [4.329383, 4.569585, 4.245444, 4.4819973333], "perfectmarket": [4.4986536667, 4.295713, 4.3559373333, 4.1785526667], "decathlon": [4.451951, 4.5381256667], "pinterest": [4.0376103333, 3.943964, 4.3451396667, 36.0431126667, 4.090284], "px-cdn": [4.1344606667, 4.312306, 4.5085283333, 4.1498823333], "fabguys": [4.5230646667, 4.064662, 4.4243423333, 4.0241986667], "forbesimg": [4.130858, 3.959568, 4.3639016667, 3.981856], "guardianapis": [4.5256656667, 4.4845006667, 4.464397, 4.3589316667], "boden": [4.3829963333, 4.3602106667, 4.4403893333, 4.567167], "vimeocdn": [40.637589], "timeanddate": [77.7098276667, 77.6839923333], "ebaystatic": [], "boltdns": [], "whatculture": [4.45463, 4.3389473333], "tescomobile": [39.1465596667], "madeandworn": [4.339385, 4.462153], "scroll": [4.167174, 4.3070203333], "r9cdn": [3.9537396667, 4.4804136667, 4.308141, 4.5506453333], "brightcove": [4.46513, 4.0312413333, 4.2335363333, 4.4373483333],