{"imgur": [10.1339666667, 4.2574396667, 4.4454816667], "yottaa": [4.2393426667], "cloudinary": [4.785559, 4.9357206667, 10.0555816667], "cheapflights": [3.9537396667, 4.308141, 4.4804136667, 4.5506453333], "hearstapps": [4.458538], "imgix": [4.405496], "wikihow": [4.359838, 4.2977346667, 4.5396156667, 4.3667693333], "ustudio": [4.622351, 4.3581703333], "pcgamer": [4.569585, 4.245444, 4.329383, 4.324285, 4.4819973333], "buzzfeed": [4.324285], "redd": [4.0223483333], "last": [3.8628236667], "fastly": [4.5114236667], "sentry-cdn": [4.400999, 4.227578, 4.561211, 4.37441], "klaviyo": [4.2393426667], "forbes": [4.2696736667, 4.4406096667, 4.2245073333, 4.20891, 4.2393426667, 4.317197], "nytimes": [4.310427, 4.4906663333, 4.240156, 4.5317356667, 4.4445573333], "everesttech": [4.2966236667], "kampyle": [4.3498866667], "cnn": [4.3601083333, 4.500686, 4.411522, 4.1215166667, 4.183744], "github": [14.8465846667, 4.3010896667, 4.2367846667, 4.3088176667, 4.252457, 77.532052], "fetlife": [4.5396156667, 4.1095596667, 4.359838, 4.3667693333, 4.2977346667], "sk-static": [4.2170096667], "rbl": [], "roocdn": [4.2966236667], "radiotimes": [4.4878143333, 4.4442873333, 3.9830913333, 4.385664], "mediavine": [4.2207376667], "adnxs": [4.443877], "travelodge": [4.3764943333], "tes": [4.161571, 4.3999956667, 4.1072816667, 4.0945253333, 4.3768636667], "robertdyas": [4.3366486667, 4.540698, 4.0626323333, 4.3181346667], "noibu": [5.2230813333, 5.232664, 5.1935966667, 4.1852436667], "goodhousekeeping": [4.3686926667, 4.508265, 4.358752, 4.48777], "dndbeyond": [4.3667693333, 4.2977346667, 4.359838, 4.5396156667], "statically": [4.1095596667], "ticketmaster": [4.1668003333], "taboola": [4.4036633333], "amazon": [15.8704086667, 14.4605813333, 15.3375143333], "uswitch": [4.2745633333, 4.317197], "bbc": [4.3839886667, 4.2546036667, 4.3233833333, 4.2357463333], "thingiverse": [4.385664, 4.4442873333, 4.4878143333, 3.9830913333], "ubembed": [4.6532436667], "redditmedia": [4.0223483333], "newrelic": [4.5433076667, 4.6378583333], "racingpost": [5.1257886667, 5.102225, 5.1086003333, 4.2393426667, 5.1774626667], "outbrain": [4.2745633333], "ft": [4.343518, 4.4772313333, 4.071048, 4.42142, 4.4110066667], "wfcdn": [4.530772], "guim": [4.3931143333], "spareroom": [4.2696736667, 4.4406096667, 4.2245073333, 4.20891, 4.2966236667], "thesaurus": [4.385664, 4.4442873333, 4.4878143333, 3.9830913333], "eticketing": [4.236211, 4.295063, 4.4229476667, 4.2383906667], "upday": [4.2745633333], "independent": [4.1095596667], "jwpsrv": [4.324285], "squarespace-cdn": [4.3888003333], "paypal": [4.2137573333, 22.0030183333, 23.81503], "typenetwork": [4.1095596667], "kayak": [4.4804136667, 4.308141, 3.9537396667, 4.5506453333], "datas3ntinel": [4.2745633333], "damart": [], "healthline": [4.2393426667], "matalan": [4.359838, 4.2977346667, 4.5396156667, 4.3667693333], "twimg": [4.3596536667, 4.4552006667, 4.4598386667], "bbcgoodfood": [4.4878143333, 4.4442873333, 3.9830913333, 4.385664], "launchdarkly": [4.2170096667], "tripadvisor": [4.0744846667, 4.1946746667, 4.5260453333, 5.1033183333, 4.2746303333], "homesandgardens": [4.329383, 4.569585, 4.245444, 4.4819973333], "wistia": [4.0785223333], "nyt": [4.240156], "apester": [4.2170096667, 9.616826], "theguardian": [4.4845006667, 4.5256656667, 4.3589316667, 4.464397, 4.3931143333], "reddit": [4.3992696667, 4.0223483333, 4.3343853333, 4.3023003333, 4.3612913333], "boots": [4.252115], "appliancesdirect": [], "cultbeauty": [10.06021], "rebelmouse": [4.475746], "techradar": [4.3389473333, 4.324285, 4.45463], "tadst": [4.5474203333], "service": [3.8310146667], "seasaltcornwall": [4.3366486667, 4.540698, 4.0626323333, 4.3181346667], "jwpltx": [4.324285], "medallia": [4.1239026667], "hubvisor": [4.2745633333], "guardianapps": [4.3931143333], "mit": [3.9830913333, 4.4442873333, 4.385664, 4.2393426667, 4.4878143333], "speedcurve": [4.2170096667], "paramountplus": [], "loveholidays": [4.3667693333, 4.2977346667, 4.5396156667, 4.359838], "rightmove": [4.2745633333], "stripe": [4.205276], "evgnet": [4.3555506667, 4.3542413333, 4.4492586667, 4.4588923333], "magnolia-platform": [4.2745633333], "fabswingers": [3.9384566667], "cbsi": [4.455164, 4.3425266667, 4.328223, 4.308986, 4.2434666667], "nike": [4.5060796667], "coolmathgames": [4.3995176667, 4.2405123333, 4.2180376667, 4.443813], "standard": [4.740427, 4.8941953333, 4.981678], "ign": [4.45731, 4.510916, 4.1103096667, 4.074451], "redditstatic": [], "pantheonsite": [4.328983], "jsdelivr": [4.4640056667], "tacdn": [4.4708256667], "wayfair": [4.5366026667, 4.4467126667], "gamespot": [4.4463796667], "contentstack": [4.5433076667, 10.060474], "tubemogul": [4.2966236667], "idealista": [4.5330696667, 4.360162], "eurogamer": [4.130858, 3.959568, 4.3639016667, 3.981856], "livenationinternational": [4.1668003333], "amplitude": [10.0371336667], "nocookie": [16.028334, 16.1766053333], "polyfill": [4.2466346667], "immediate": [4.5433076667], "scdn": [4.3283693333], "gitlab": [4.2696736667, 4.2245073333, 4.20891, 4.4406096667], "ketchcdn": [4.2745633333], "asideas": [4.2745633333], "futurecdn": [4.324285], "etsy": [4.4219426667, 4.446693, 4.2869606667, 4.2005153333], "": [4.4265993333, 4.3636383333, 4.0661073333, 4.2950046667], "w-x": [4.2393426667], "mparticle": [4.2393426667], "cargurus": [4.1614746667, 4.181549], "dunelm": [4.4878143333, 4.4442873333, 3.9830913333, 4.385664], "gbnews": [], "disqus": [4.3512103333], "githubassets": [4.517316, 4.449269, 4.3202633333, 4.2770706667], "ads-twitter": [4.1199576667], "nidirect": [4.3001593333], "guimcode": [4.3931143333], "jwpcdn": [4.324285], "perfectmarket": [4.4036633333], "decathlon": [4.451951, 4.5381256667], "pinterest": [4.0376103333, 3.943964, 4.3451396667, 10.415993, 4.090284], "px-cdn": [4.2836006667], "fabguys": [4.3683796667], "forbesimg": [4.317197], "guardianapis": [4.3931143333], "boden": [4.3829963333, 4.3602106667, 4.4403893333, 4.567167], "vimeocdn": [9.9974503333], "timeanddate": [77.7098276667, 77.6839923333], "ebaystatic": [10.6384756667], "boltdns": [4.2266933333], "whatculture": [4.3389473333, 4.45463], "tescomobile": [5.477167], "madeandworn": [4.339385, 4.462153], "scroll": [4.2170096667], "r9cdn": [4.1890306667], "brightcove": [4.2266933333], "sstatic": [4.6149566667, 4.553123, 4.089544, 4.5411076667]}