{"imgur": [4.2574396667, 4.311313, 4.3233586667], "yottaa": [3.9830913333, 4.4442873333, 4.4878143333, 4.385664], "cloudinary": [4.2938326667, 4.5088076667, 4.4944446667, 4.9357206667, 3.986395, 4.785559], "cheapflights": [4.4804136667, 3.9537396667, 4.308141, 4.5506453333], "hearstapps": [4.3686926667, 4.508265, 4.358752, 4.48777], "imgix": [4.4640753333], "wikihow": [4.3667693333, 4.2977346667, 4.5396156667, 4.359838], "ustudio": [4.4721586667, 4.2753486667, 4.561934, 4.1084553333, 4.445115, 4.2015416667, 4.2509776667, 4.4329993333], "pcgamer": [4.329383, 4.569585, 4.245444, 4.4819973333], "buzzfeed": [4.329383, 4.569585, 4.245444, 4.4819973333], "redd": [4.3992696667, 4.3612913333, 4.3023003333, 4.3343853333], "last": [3.8628236667], "fastly": [4.223719, 4.4033093333, 4.4721646667, 4.4452306667], "sentry-cdn": [4.400999, 4.227578, 4.561211, 4.37441], "klaviyo": [3.9830913333, 4.4442873333, 4.4878143333, 4.385664], "forbes": [4.2696736667, 4.4406096667, 4.130858, 4.2245073333, 4.20891, 4.3639016667, 3.959568, 3.981856], "nytimes": [4.310427, 4.5317356667, 4.4906663333, 4.4445573333], "everesttech": [4.2696736667, 4.2245073333, 4.20891, 4.4406096667], "kampyle": [4.041725, 4.4196256667, 4.509997, 4.2023096667], "cnn": [4.3601083333, 4.411522, 4.183744, 4.500686], "github": [14.8465846667, 77.2422793333, 4.3010896667, 4.3088176667, 4.252457, 4.2367846667], "fetlife": [4.3667693333, 4.2977346667, 4.359838, 4.5396156667], "sk-static": [4.227578, 4.37441, 4.561211, 4.400999], "rbl": [], "roocdn": [4.2696736667, 4.2245073333, 4.20891, 4.4406096667], "radiotimes": [4.4878143333, 3.9830913333, 4.4442873333, 4.385664], "mediavine": [4.4432526667, 4.3346843333, 4.3789796667, 4.2264156667], "adnxs": [4.310641, 4.305122, 4.1595596667, 4.306236], "travelodge": [4.6330206667, 4.264872, 4.209053, 4.5420626667], "tes": [4.0945253333, 4.161571, 4.3999956667, 4.3768636667], "robertdyas": [4.3366486667, 4.0626323333, 4.3181346667, 4.540698], "noibu": [5.2230813333, 5.232664, 5.1935966667, 4.1852436667], "goodhousekeeping": [4.3686926667, 4.508265, 4.358752, 4.48777], "dndbeyond": [4.3667693333, 4.2977346667, 4.5396156667, 4.359838], "statically": [4.3667693333, 4.2977346667, 4.5396156667, 4.359838], "ticketmaster": [4.236211, 4.295063, 4.4229476667, 4.2383906667], "taboola": [4.4986536667, 4.1785526667, 4.3559373333, 4.295713], "amazon": [15.8704086667, 14.4605813333, 15.3375143333], "uswitch": [4.130858, 4.3995176667, 4.3639016667, 4.2405123333, 3.959568, 4.2180376667, 4.443813, 3.981856], "bbc": [4.3839886667, 4.2546036667, 4.3233833333, 4.2357463333], "thingiverse": [4.385664, 3.9830913333, 4.4442873333, 4.4878143333], "ubembed": [4.343702, 4.4542436667, 4.1163473333, 4.432148], "redditmedia": [4.3343853333, 4.3992696667, 4.3612913333, 4.3023003333], "newrelic": [4.4953053333, 4.375535, 4.2526046667, 4.170808, 4.2858473333], "racingpost": [3.9830913333, 5.1257886667, 5.102225, 5.1086003333, 4.4442873333, 4.385664, 5.1774626667, 4.4878143333], "outbrain": [4.3590796667], "ft": [4.4772313333, 4.071048, 4.4110066667, 4.42142], "wfcdn": [4.181895, 4.4377113333, 4.2725016667, 4.38359], "guim": [4.464397, 4.4845006667, 4.5256656667, 4.3589316667], "spareroom": [4.2696736667, 4.2245073333, 4.20891, 4.4406096667], "thesaurus": [4.385664, 3.9830913333, 4.4442873333, 4.4878143333], "eticketing": [4.2383906667, 4.4229476667, 4.295063, 4.236211], "upday": [4.3995176667, 4.2405123333, 4.2180376667, 4.443813], "independent": [4.3667693333, 4.2977346667, 4.359838, 4.5396156667], "jwpsrv": [4.329383, 4.569585, 4.245444, 4.4819973333], "squarespace-cdn": [4.3507723333, 4.2059516667, 4.3500913333, 4.2358566667], "paypal": [4.0838366667, 4.2137573333, 22.0030183333, 23.81503], "typenetwork": [4.359838, 4.2977346667, 4.5396156667, 4.3667693333], "kayak": [3.9537396667, 4.4804136667, 4.308141, 4.5506453333], "datas3ntinel": [4.3995176667, 4.2405123333, 4.2180376667, 4.443813], "damart": [], "healthline": [3.9830913333, 4.4442873333, 4.4878143333, 4.385664], "matalan": [4.3667693333, 4.2977346667, 4.359838, 4.5396156667], "twimg": [4.3596536667, 4.4478133333, 4.4552006667], "bbcgoodfood": [4.4878143333, 3.9830913333, 4.4442873333, 4.385664], "launchdarkly": [4.400999, 4.227578, 4.561211, 4.37441], "tripadvisor": [4.0744846667, 4.4641566667, 4.2933003333, 4.1946746667, 4.5260453333, 4.0679343333, 4.461197, 4.2746303333], "homesandgardens": [4.329383, 4.569585, 4.245444, 4.4819973333], "wistia": [4.16798, 4.2876293333, 4.3226083333, 4.191786], "nyt": [4.310427, 4.5317356667, 4.4906663333, 4.4445573333], "apester": [4.227578, 4.37441, 4.561211, 4.400999], "theguardian": [4.464397, 4.4845006667, 4.5256656667, 4.3589316667], "reddit": [4.3992696667, 4.3612913333, 4.3023003333, 4.3343853333], "boots": [4.5144813333, 4.4907893333, 4.3330333333, 4.1661856667], "appliancesdirect": [], "cultbeauty": [4.5408003333], "rebelmouse": [4.4299073333, 4.352113, 4.4718833333, 4.4262556667], "techradar": [4.45463, 4.3389473333], "tadst": [4.268823, 4.4878873333, 4.5896193333, 4.355636], "service": [4.3636383333, 4.0661073333, 4.4265993333, 4.2950046667], "seasaltcornwall": [4.3366486667, 4.540698, 4.0626323333, 4.3181346667], "jwpltx": [4.329383, 4.569585, 4.245444, 4.4819973333], "medallia": [4.4498693333], "hubvisor": [4.3995176667, 4.2405123333, 4.2180376667, 4.443813], "guardianapps": [4.5256656667, 4.4845006667, 4.464397, 4.3589316667], "mit": [3.9830913333, 4.4442873333, 4.4878143333, 4.385664], "speedcurve": [4.400999, 4.227578, 4.561211, 4.37441], "paramountplus": [], "loveholidays": [4.3667693333, 4.2977346667, 4.359838, 4.5396156667], "rightmove": [4.5739813333, 4.7462476667], "stripe": [3.7991413333, 4.406248, 4.181773, 4.2207173333], "evgnet": [4.3555506667, 4.3542413333, 4.4492586667, 4.4588923333], "magnolia-platform": [4.3995176667, 4.2405123333, 4.2180376667, 4.443813], "fabswingers": [4.5420953333, 4.435648, 4.447829, 4.4355246667], "cbsi": [4.455164, 4.4066996667, 4.3425266667, 4.328223, 4.2434666667], "nike": [4.4107723333, 4.3326566667, 4.2109806667, 3.9393256667], "coolmathgames": [4.3995176667, 4.2405123333, 4.2180376667, 4.443813], "standard": [4.981678, 4.8941953333, 4.740427], "ign": [4.45731, 4.510916, 4.1103096667, 4.074451], "redditstatic": [], "pantheonsite": [4.328983], "jsdelivr": [4.8120006667, 4.935322, 4.4010646667, 4.9360916667, 4.700844], "tacdn": [4.4370446667, 4.6231483333, 4.05965, 4.614825], "wayfair": [4.4136236667, 4.3372543333, 4.325407, 4.5500763333, 4.38877, 5.3084353333, 4.0485366667, 4.4364593333], "gamespot": [4.270859, 4.376839], "contentstack": [4.4953053333, 4.2858473333, 4.170808, 4.375535], "tubemogul": [4.2696736667, 4.2245073333, 4.20891, 4.4406096667], "idealista": [4.5330696667, 4.360162], "eurogamer": [3.981856, 3.959568, 4.130858, 4.3639016667], "livenationinternational": [4.236211, 4.295063, 4.4229476667, 4.2383906667], "amplitude": [4.3995176667, 4.2405123333, 4.2180376667, 4.443813], "nocookie": [4.3335976667, 4.0673153333, 4.5207996667, 4.136537], "polyfill": [4.3761483333, 4.3837596667, 4.2312036667, 4.4043373333], "immediate": [4.4953053333, 4.375535, 4.2858473333, 4.170808], "scdn": [5.4627236667], "gitlab": [4.2696736667, 4.2245073333, 4.20891, 4.4406096667], "ketchcdn": [4.3995176667, 4.2405123333, 4.2180376667, 4.443813], "asideas": [4.3995176667, 4.2405123333, 4.2180376667, 4.443813], "futurecdn": [4.329383, 4.569585, 4.245444, 4.4819973333], "etsy": [4.4219426667, 4.446693, 4.2869606667, 4.2005153333], "": [4.4265993333, 4.3636383333, 4.0661073333, 4.2950046667], "w-x": [3.9830913333, 4.4442873333, 4.4878143333, 4.385664], "mparticle": [3.9830913333, 4.4442873333, 4.4878143333, 4.385664], "cargurus": [4.5141, 4.3305356667, 4.3609203333, 4.4399606667, 4.261394, 4.2524583333, 4.3059706667, 4.1950013333], "dunelm": [4.385664, 4.4442873333, 4.4878143333, 3.9830913333], "gbnews": [], "disqus": [4.560791, 4.3530673333], "githubassets": [4.517316, 4.449269, 4.3202633333, 4.2770706667], "ads-twitter": [4.169376], "nidirect": [4.3001593333],