{"doubleclick": [16.604455, 16.702814, 16.5140463333, 0.0770086667, 16.533616], "googlesyndication": [16.0324063333, 16.5640906667, 16.6600576667, 0.0770086667, 16.629465], "prmutv": [5.2093026667], "yorkshirepost": [6.626564], "drfrostmaths": [4.192634], "ft": [4.399937], "sentry": [5.0653736667, 0.0770086667], "33across": [4.4556476667], "media": [0.0770086667], "segmentify": [0.0770086667], "google": [16.730032, 16.8316426667, 16.775745, 16.616313, 15.8642353333, 16.6834803333, 16.493225, 43.1897883333, 16.292933, 4.1973106667, 4.082326, 16.7348103333, 0.0770086667, 15.8595913333, 16.620857, 15.109788, 43.7786746667, 15.908479, 43.130383, 16.634803, 43.8982823333, 16.0207526667, 15.8589673333, 16.822065, 16.261389, 43.2764196667, 15.922337, 16.702077, 43.6342606667, 16.6292006667], "visualwebsiteoptimizer": [0.0770086667], "tagdeliver": [16.6004106667], "thesun": [0.0770086667], "upsellit": [0.0770086667], "mxpnl": [0.0770086667], "dorothyperkins": [4.73644], "appspot": [15.2510106667], "truefitcorp": [5.03837], "google-analytics": [0.0770086667], "simpli": [0.0770086667], "gstatic": [0.0770086667, 16.702077, 15.9714336667, 16.3283973333], "googleadservices": [0.0770086667], "edkt": [3.9560236667], "zalando": [5.112916], "livescore": [4.125017, 4.9258143333, 5.1023703333, 4.1211266667], "costco": [], "quizclothing": [4.9993583333, 4.71426, 4.3708426667, 3.980833], "pxf": [4.7903673333], "impactradius-event": [0.0770086667], "gear4music": [5.1328653333], "2mdn": [0.0770086667], "openx": [5.0711286667, 4.8727586667, 4.869921, 0.0770086667, 4.3072013333], "secretmatureclub": [5.0161586667], "exponea": [4.9603676667, 4.1210063333], "gobranded": [4.8994713333], "petametrics": [0.0770086667], "googleusercontent": [16.0198726667, 16.3412326667], "exposebox": [5.1259353333, 4.865563], "pricklydebt": [0.0770086667], "blooket": [4.0043483333, 4.8150136667], "kampyle": [0.0770086667], "qubitproducts": [9.9550196667], "sportal365": [5.2855666667], "tangycover": [5.0300196667], "cdnware": [4.2544736667], "recaptcha": [16.702077], "googleapis": [15.9806206667, 16.567254, 16.621229, 16.5088463333, 15.694555, 15.929253, 16.6098453333, 15.6235196667, 16.3702773333, 15.710103, 16.7262943333, 16.7128516667, 16.7568003333, 16.136678, 16.3893266667, 16.292933, 16.686002, 16.6596416667, 16.151814, 16.7551426667, 16.0466793333, 15.8878106667, 15.8107903333, 16.6655243333, 16.3781426667, 16.06126, 16.102483, 16.4419206667, 16.094764, 16.689929, 15.659062, 16.645021, 16.7698816667, 16.609059, 16.621634, 15.8553446667, 16.4616636667, 15.7801906667, 16.784542], "skimresources": [0.0770086667], "googletagmanager": [0.0770086667], "wetransfer": [4.71426, 4.9993583333, 4.3708426667, 3.980833], "wise": [0.0770086667], "apester": [0.0770086667], "vindicosuite": [0.0770086667], "bcovery": [4.7911853333], "optimove": [0.0770086667], "fullstory": [5.0143643333, 5.1330953333], "rlcdn": [0.0770086667], "gumtree": [4.165691, 16.076916, 10.221581], "monu": [4.9679953333], "mcusercontent": [4.2400496667], "ampproject": [16.6600576667], "fiftyt": [4.111451], "solvvy": [5.1313286667], "ml314": [0.0770086667], "notino": [4.2768943333], "permutive": [0.0770086667], "matheranalytics": [0.0770086667], "perimeterx": [4.3074606667], "collectconsent": [10.6335856667], "tgtag": [0.0770086667], "vimeocdn": [0.0770086667], "abtasty": [0.0770086667], "sojern": [0.0770086667], "clean": [0.0770086667], "postcodeanywhere": [5.103741], "googleoptimize": [0.0770086667], "stiffgame": [0.0770086667], "youtube": [15.8642353333, 15.9957013333, 16.822065, 16.6834803333, 16.3257356667, 16.6292006667, 16.730032, 15.9830156667, 16.0459686667, 15.3495006667, 16.634803, 16.548521, 16.7348103333, 16.4128163333, 16.616313, 16.65123], "chess": [4.9609326667], "googletagservices": [0.0770086667], "boohoo": [4.73644], "queue-fair": [5.122675], "pendo": [4.9812896667], "wixmp": [5.1136633333, 4.6414993333], "thescottishsun": [4.71426, 4.9993583333, 4.3708426667, 4.4304233333, 3.980833], "vodafone": [], "fwpub1": [4.865312], "linksynergy": [4.4217276667], "last": [5.2496066667, 3.8628236667], "grumpydime": [5.1151793333], "run": [4.741179, 4.0245533333, 4.9312186667, 4.8096236667], "instana": [4.713243], "perfdrive": [5.1577633333, 4.9021246667], "jobs-bear": [4.9993583333, 4.71426, 4.3708426667, 3.980833, 16.039012, 16.6004106667], "px-client": [4.3074606667], "knitstamp": [5.1151793333], "aswpsdkeu": [0.0770086667], "translately": [4.876897], "pghub": [0.0770086667], "rangeplayground": [5.0637103333], "proximis": [4.2756546667], "ivitrack": [0.0770086667], "admob": [0.0770086667], "sift": [4.36837], "openxcdn": [0.0770086667], "id-ward": [4.2243043333], "snapchat": [4.3067756667, 3.926188], "parastorage": [4.0829716667], "lngtd": [4.9993583333, 4.71426, 4.3708426667, 3.980833], "fixedfold": [5.0637103333], "firebaseio": [4.8386383333], "spotify": [5.069405, 4.34174], "scotsman": [6.626564], "thetimes": [4.71426, 4.9993583333, 4.3708426667, 3.980833], "px-cloud": [4.3074606667], "global-e": [4.3708426667], "playground": [0.0770086667], "impactcdn": [4.2991753333], "rollbar": [15.135603, 15.162974, 15.3005603333, 15.143452], "creativecdn": [5.030357], "cloudiq": [4.2241843333], "northbeam": [4.9175023333], "dialogflow": [15.8636316667], "adingo": [0.0770086667], "mookie1": [0.0770086667, 5.0583346667], "flashscore": [4.8650893333], "gannettdigital": [90.4696923333], "forexpros": [12.4505443333], "aswpsdkus": [0.0770086667], "fqtag": [0.0770086667], "stretchsquirrel": [0.0770086667], "siftscience": [0.0770086667], "netmums": [4.347486], "matalan": [4.9993583333, 4.71426, 4.3708426667, 4.4205483333, 3.980833], "boardgamegeek": [4.1701196667], "ubereats": [4.9813756667], "hexagon-analytics": [0.0770086667], "trafficguard": [3.851139], "ytimg": [16.0740166667, 16.6166796667, 16.674367, 16.4141193333, 16.3421696667, 15.887287, 16.5394406667, 16.6441416667, 15.6892523333, 16.6101343333, 16.771704, 16.4954376667, 15.2633213333, 15.9178956667, 16.6881376667, 15.781061], "etsy": [4.4339286667], "adktrack": [4.6280336667], "srmdata-eur": [], "musicmagpie": [4.3442773333], "getamigo": [5.1465686667], "yorkshireeveningpost": [6.626564], "rtbhouse": [4.487336], "boohooman": [4.73644], "sensefuel": [4.281956], "youtube-nocookie": [16.3257356667], "bounceexchange": [0.0770086667], "quordle": [4.547619], "thestar": [6.626564], "toolstation": [4.9694423333], "withgoogle": [16.7316513333], "geekdo": [4.1701196667], "peacocks-mail": [9.3567366667], "talksport": [4.71426, 4.9993583333, 4.3708426667, 3.980833], "smythstoys": [5.101535], "udmserve": [0.0770086667], "functionalfeather": [4.4698706667], "loopme": [0.0770086667], "pcapredict": [5.103741], "moneytag": [4.402427], "seedtag": [4.8291653333], "btloader": [0.0770086667], "alphonso": [0.0770086667], "virginmediao2": [5.1237283333], "mixpanel": [0.0770086667], "debenhams": [4.73644], "googlecommerce": [16.4128163333], "scaredsnakes": [0.0770086667], "srcspot": [5.14201], "hobbycraft": [4.9993583333, 4.71426, 4.3708426667, 3.980833], "weborama": [4.2005463333], "acsbapp": [0.0770086667], "nih": [4.072348], "oddschecker": [5.0519213333], "rakuten": [0.0770086667], "browser-intake-datadoghq": [4.946127], "pdst": [4.363307], "brightcove": [0.0770086667], "rmtag": [0.0770086667], "game8": [4.273544], "wknd": [0.0770086667]}