{"doubleclick": [34.686475, 43.782472, 34.4600293333, 43.8437566667, 43.7960833333, 34.0633216667, 42.4217336667, 34.2020273333], "googlesyndication": [34.5192746667], "prmutv": [5.2093026667], "yorkshirepost": [6.626564], "drfrostmaths": [4.192634], "ft": [4.399937], "sentry": [5.0653736667, 97.4252876667], "33across": [], "media": [4.262447], "segmentify": [4.3495766667], "google": [42.4783506667, 43.925165, 43.5344676667, 34.1718003333, 34.6958786667, 43.6890363333, 33.0046, 34.4600293333, 4.1973106667, 4.082326, 33.8507353333, 34.1951476667, 33.4893166667, 42.543291, 35.167345, 34.731999, 43.9267436667, 33.7103673333, 34.5485303333, 60.406733, 33.465608, 34.984141, 34.5862716667], "visualwebsiteoptimizer": [], "tagdeliver": [34.5411913333], "thesun": [4.71426, 4.9993583333, 4.3708426667, 3.980833], "upsellit": [5.1615403333], "mxpnl": [5.0343753333, 4.999773], "dorothyperkins": [4.73644], "appspot": [33.2458676667], "truefitcorp": [5.03837], "google-analytics": [34.1557143333], "simpli": [13.9820553333, 13.6346063333, 13.932503], "gstatic": [34.782019, 34.3563766667, 102.2379626667, 101.5125716667], "googleadservices": [], "edkt": [], "zalando": [5.112916], "livescore": [4.125017, 4.9258143333, 5.1023703333, 4.1211266667], "costco": [], "quizclothing": [4.9993583333, 4.71426, 4.3708426667, 3.980833], "pxf": [4.7903673333], "impactradius-event": [4.2991753333], "gear4music": [5.1328653333], "2mdn": [34.0633216667], "openx": [5.0711286667, 4.8727586667, 4.4879873333, 4.869921, 4.828005, 4.3072013333], "secretmatureclub": [5.0161586667], "exponea": [4.9603676667, 4.1210063333], "gobranded": [4.8994713333], "petametrics": [4.3500653333], "googleusercontent": [34.8908316667, 34.5376463333], "exposebox": [5.1259353333, 4.865563], "pricklydebt": [5.2371806667], "blooket": [4.8150136667], "kampyle": [4.3524526667], "qubitproducts": [9.9550196667], "sportal365": [], "tangycover": [5.0300196667], "cdnware": [4.2544736667], "recaptcha": [34.782019], "googleapis": [34.519239, 34.2372433333, 34.848183, 34.640955, 34.7747763333, 34.755996, 33.1904653333, 35.0963546667, 34.452194, 34.0050763333, 33.982428, 32.462596, 34.0925376667, 34.023703, 34.5147333333, 35.143554], "skimresources": [4.344238, 4.4723003333, 4.2784486667], "googletagmanager": [33.6750993333], "wetransfer": [4.71426, 4.9993583333, 4.3708426667, 3.980833], "wise": [4.9993583333, 4.71426, 4.3708426667, 3.980833], "apester": [4.3356053333], "vindicosuite": [], "bcovery": [4.7911853333], "optimove": [5.1029113333], "fullstory": [5.1330953333], "rlcdn": [4.6597073333], "gumtree": [4.165691, 16.076916, 10.221581], "monu": [4.9679953333], "mcusercontent": [4.2400496667], "ampproject": [], "fiftyt": [4.111451], "solvvy": [5.1313286667], "ml314": [5.099975], "notino": [4.2768943333], "permutive": [3.944024], "matheranalytics": [4.9147876667], "perimeterx": [4.3074606667], "collectconsent": [10.6335856667], "tgtag": [4.2338773333], "vimeocdn": [4.1751053333], "abtasty": [4.161809, 4.2247953333], "sojern": [5.1616506667, 5.0816876667], "clean": [4.7582763333], "postcodeanywhere": [5.103741], "googleoptimize": [34.651295], "stiffgame": [5.2561766667], "youtube": [33.4893166667, 34.9938546667, 34.8967066667, 34.984141, 34.5485303333, 34.5862716667, 34.6958786667], "chess": [4.9609326667], "googletagservices": [], "boohoo": [4.73644], "queue-fair": [5.122675], "pendo": [4.9812896667], "wixmp": [5.1136633333, 4.6414993333], "thescottishsun": [4.71426, 4.9993583333, 4.3708426667, 4.4304233333, 3.980833], "vodafone": [5.0774933333], "fwpub1": [4.865312], "linksynergy": [4.4217276667], "last": [3.8628236667], "grumpydime": [], "run": [4.741179, 4.0245533333, 4.9312186667, 4.8096236667], "instana": [], "perfdrive": [4.9021246667], "jobs-bear": [4.9993583333, 4.71426, 4.3708426667, 34.5411913333, 3.980833], "px-client": [4.3074606667], "knitstamp": [5.1151793333], "aswpsdkeu": [4.5876496667], "translately": [4.876897], "pghub": [4.3922093333], "rangeplayground": [5.0637103333], "proximis": [4.2756546667], "ivitrack": [5.074563, 4.7179166667], "admob": [43.1106196667, 43.764738, 43.8338236667, 43.036479, 43.6799506667, 43.8441663333], "sift": [4.36837], "openxcdn": [4.8090723333], "id-ward": [4.2243043333], "snapchat": [4.3067756667], "parastorage": [], "lngtd": [4.71426, 4.9993583333, 4.3708426667, 3.980833], "fixedfold": [5.0637103333], "firebaseio": [4.8386383333], "spotify": [4.34174], "scotsman": [6.626564], "thetimes": [4.71426, 4.9993583333, 4.3708426667, 3.980833], "px-cloud": [4.3074606667], "global-e": [], "playground": [5.3004396667], "impactcdn": [4.2991753333], "rollbar": [], "creativecdn": [5.030357], "cloudiq": [4.2241843333], "northbeam": [4.9175023333], "dialogflow": [34.7914213333], "adingo": [4.3073873333], "mookie1": [5.0583346667, 3.9111416667], "flashscore": [4.8650893333], "gannettdigital": [90.4696923333], "forexpros": [12.4505443333], "aswpsdkus": [], "fqtag": [5.250115], "stretchsquirrel": [4.097055], "siftscience": [], "netmums": [4.347486], "matalan": [4.9993583333, 4.71426, 4.3708426667, 4.4205483333, 3.980833], "boardgamegeek": [4.1701196667], "ubereats": [4.9813756667], "hexagon-analytics": [5.096445], "trafficguard": [3.851139], "ytimg": [35.0363646667, 34.0996333333, 34.6095846667, 34.14892, 34.5376463333, 33.8410736667, 33.0811056667, 33.6768386667, 33.818265], "etsy": [], "adktrack": [], "srmdata-eur": [], "musicmagpie": [], "getamigo": [5.1465686667], "yorkshireeveningpost": [6.626564], "rtbhouse": [4.487336], "boohooman": [4.73644], "sensefuel": [4.281956], "youtube-nocookie": [34.6958786667], "bounceexchange": [4.91926], "quordle": [], "thestar": [6.626564], "toolstation": [4.9694423333], "withgoogle": [34.6695543333], "geekdo": [4.1701196667], "peacocks-mail": [5.2362506667], "talksport": [4.9993583333, 4.71426, 4.3708426667, 3.980833], "smythstoys": [5.101535], "udmserve": [4.9440476667], "functionalfeather": [4.4698706667], "loopme": [13.2081503333], "pcapredict": [5.103741], "moneytag": [4.402427], "seedtag": [4.8291653333], "btloader": [4.471818], "alphonso": [98.332303], "virginmediao2": [], "mixpanel": [4.180715, 5.100092, 4.4033216667, 4.074835], "debenhams": [4.73644], "googlecommerce": [34.8967066667], "scaredsnakes": [5.1151793333], "srcspot": [], "hobbycraft": [4.9993583333, 4.71426, 4.3708426667, 3.980833], "weborama": [], "acsbapp": [4.9724053333, 9.9230193333, 9.9097616667], "nih": [4.072348], "oddschecker": [5.0519213333], "rakuten": [4.2057043333], "browser-intake-datadoghq": [4.946127], "pdst": [4.363307], "brightcove": [4.9738416667], "rmtag": [4.2057043333], "game8": [4.273544], "wknd": []}