{"doubleclick": [10.5087303333, 4.4144133333, 10.7292426667, 4.229108, 4.3306726667, 4.4062273333, 4.9947673333, 4.2832053333, 3.9396936667, 4.8069036667, 4.7661176667, 10.475091, 9.979323, 4.7544846667, 5.0491303333, 5.040982, 4.329954, 5.046399, 4.4531266667], "googlesyndication": [4.422519, 5.0491303333, 4.9908446667, 4.3081183333, 4.594106, 4.96744, 4.329954], "prmutv": [5.2093026667], "yorkshirepost": [6.626564], "drfrostmaths": [4.192634], "ft": [4.399937], "sentry": [5.0653736667, 97.4252876667], "33across": [4.4556476667], "media": [4.262447], "segmentify": [4.3495766667], "google": [4.3335593333, 4.3639313333, 5.1087193333, 4.154553, 10.3940223333, 10.0729446667, 4.856513, 10.5547856667, 4.1973106667, 4.082326, 5.140707, 4.8850966667, 9.7590086667, 5.1471516667, 4.2061916667, 4.3014223333, 5.219646, 4.6562266667, 10.7395693333, 4.339541, 5.0767706667, 10.093888, 5.046399, 4.8927413333], "visualwebsiteoptimizer": [5.16531], "tagdeliver": [4.4597046667], "thesun": [4.71426, 4.9993583333, 4.3708426667, 3.980833], "upsellit": [5.1615403333], "mxpnl": [5.0343753333, 4.999773], "dorothyperkins": [4.73644], "appspot": [5.200655], "truefitcorp": [5.03837], "google-analytics": [4.411813], "simpli": [13.9820553333, 13.6346063333, 13.932503], "gstatic": [248.28657, 5.0525803333, 248.3330896667, 5.1631606667], "googleadservices": [5.1156946667], "edkt": [3.9560236667], "zalando": [5.112916], "livescore": [4.125017, 4.9258143333, 5.1023703333, 4.1211266667], "costco": [], "quizclothing": [4.9993583333, 4.71426, 4.3708426667, 3.980833], "pxf": [4.7903673333], "impactradius-event": [4.2991753333], "gear4music": [5.1328653333], "2mdn": [4.4144133333], "openx": [4.8727586667, 5.0711286667, 4.4879873333, 4.869921, 4.828005, 4.3072013333], "secretmatureclub": [5.0161586667], "exponea": [4.9603676667, 4.1210063333], "gobranded": [4.8994713333], "petametrics": [4.3500653333], "googleusercontent": [4.1895416667, 4.96744], "exposebox": [5.1259353333, 4.865563], "pricklydebt": [5.2371806667], "blooket": [4.0043483333, 4.8150136667], "kampyle": [4.3524526667], "qubitproducts": [9.9550196667], "sportal365": [5.2855666667], "tangycover": [5.0300196667], "cdnware": [4.2544736667], "recaptcha": [4.3014223333], "googleapis": [4.925408, 4.3097843333, 4.2408303333, 4.9124606667, 4.2989636667, 4.427559, 4.411813, 4.3172413333, 4.7668383333, 4.698039, 4.902626, 4.9041463333, 4.2789946667, 4.861752, 4.402449, 4.254269, 5.09147, 4.5865483333, 4.454396, 5.1471516667, 4.3111133333, 4.129617, 4.0975833333, 5.1488213333, 4.3218386667, 4.0244213333, 4.4232583333, 4.351425], "skimresources": [4.4759626667, 4.344238, 4.4723003333, 4.2784486667], "googletagmanager": [4.4874443333], "wetransfer": [4.71426, 4.9993583333, 4.3708426667, 3.980833], "wise": [4.71426, 4.9993583333, 4.3708426667, 3.980833], "apester": [4.3356053333], "vindicosuite": [5.0069086667], "bcovery": [4.7911853333], "optimove": [5.1029113333], "fullstory": [5.0143643333, 5.1330953333], "rlcdn": [4.6597073333, 4.8731096667], "gumtree": [4.165691, 16.076916, 10.221581], "monu": [4.9679953333], "mcusercontent": [4.2400496667], "ampproject": [4.3362843333], "fiftyt": [4.111451], "solvvy": [5.1313286667], "ml314": [5.099975], "notino": [4.2768943333], "permutive": [3.944024], "matheranalytics": [4.9147876667], "perimeterx": [4.3074606667], "collectconsent": [10.6335856667], "tgtag": [4.2338773333], "vimeocdn": [4.1751053333], "abtasty": [4.161809, 4.2247953333], "sojern": [5.1616506667, 5.0816876667], "clean": [4.7582763333], "postcodeanywhere": [5.103741], "googleoptimize": [5.219646], "stiffgame": [5.2561766667], "youtube": [4.856513, 4.3335593333, 5.1006843333, 5.0159113333, 4.4259, 4.154553, 5.203476, 5.1087193333, 4.6562266667, 5.219646, 4.117396], "chess": [4.9609326667], "googletagservices": [], "boohoo": [4.73644], "queue-fair": [5.122675], "pendo": [4.9812896667], "wixmp": [5.1136633333, 4.6414993333], "thescottishsun": [4.9993583333, 4.71426, 4.3708426667, 4.4304233333, 3.980833], "vodafone": [5.0774933333], "fwpub1": [4.865312], "linksynergy": [4.4217276667], "last": [5.2496066667, 3.8628236667], "grumpydime": [5.1151793333], "run": [4.741179, 4.0245533333, 4.9312186667, 4.8096236667], "instana": [4.713243], "perfdrive": [5.1577633333, 4.9021246667], "jobs-bear": [4.9993583333, 4.71426, 4.3708426667, 5.0818973333, 3.980833, 4.9047426667], "px-client": [4.3074606667], "knitstamp": [5.1151793333], "aswpsdkeu": [4.5876496667], "translately": [4.876897], "pghub": [4.3922093333], "rangeplayground": [5.0637103333], "proximis": [4.2756546667], "ivitrack": [5.074563, 4.7179166667], "admob": [10.775299, 10.047507, 10.0140223333, 10.7862806667, 10.7391463333, 9.7567496667], "sift": [4.36837], "openxcdn": [4.8090723333], "id-ward": [4.2243043333], "snapchat": [4.3067756667, 3.926188], "parastorage": [4.0829716667], "lngtd": [4.9993583333, 4.71426, 4.3708426667, 3.980833], "fixedfold": [5.0637103333], "firebaseio": [4.8386383333], "spotify": [5.069405, 4.34174], "scotsman": [6.626564], "thetimes": [4.9993583333, 4.71426, 4.3708426667, 3.980833], "px-cloud": [4.3074606667], "global-e": [4.3708426667], "playground": [5.3004396667], "impactcdn": [4.2991753333], "rollbar": [5.102776, 5.1547776667, 5.295629, 5.3124633333], "creativecdn": [5.030357], "cloudiq": [4.2241843333], "northbeam": [4.9175023333], "dialogflow": [5.2072183333], "adingo": [4.3073873333], "mookie1": [5.0583346667, 3.9111416667], "flashscore": [4.8650893333], "gannettdigital": [90.4696923333], "forexpros": [12.4505443333], "aswpsdkus": [5.0150756667], "fqtag": [4.264954, 5.250115], "stretchsquirrel": [4.097055], "siftscience": [4.36837], "netmums": [4.347486], "matalan": [4.71426, 4.9993583333, 4.3708426667, 4.4205483333, 3.980833], "boardgamegeek": [4.1701196667], "ubereats": [4.9813756667], "hexagon-analytics": [5.096445], "trafficguard": [3.851139], "ytimg": [5.100253, 4.0383723333, 4.8845933333, 5.0134256667, 4.8941383333, 4.3124406667, 4.4004856667, 4.349361, 5.0280943333, 4.1269416667, 4.1949423333], "etsy": [4.4339286667], "adktrack": [4.6280336667], "srmdata-eur": [], "musicmagpie": [4.3442773333], "getamigo": [5.1465686667], "yorkshireeveningpost": [6.626564], "rtbhouse": [4.487336], "boohooman": [4.73644], "sensefuel": [4.281956], "youtube-nocookie": [4.4632776667], "bounceexchange": [4.91926], "quordle": [4.547619], "thestar": [6.626564], "toolstation": [4.9694423333], "withgoogle": [4.1763663333], "geekdo": [4.1701196667], "peacocks-mail": [5.2362506667], "talksport": [4.71426, 4.9993583333, 4.3708426667, 3.980833], "smythstoys": [5.101535], "udmserve": [4.9440476667], "functionalfeather": [4.4698706667], "loopme": [13.2081503333], "pcapredict": [5.103741], "moneytag": [4.402427], "seedtag": [4.8291653333], "btloader": [4.471818], "alphonso": [98.332303], "virginmediao2": [5.1237283333], "mixpanel": [4.180715, 5.100092, 4.4033216667, 4.074835], "debenhams": [4.73644], "googlecommerce": [4.154553], "scaredsnakes": [5.1151793333], "srcspot": [5.14201], "hobbycraft": [4.9993583333, 4.71426, 4.3708426667, 3.980833], "weborama": [4.2005463333], "acsbapp": [4.9724053333, 9.9230193333, 9.9097616667], "nih": [4.072348], "oddschecker": [5.0519213333], "rakuten": [4.2057043333], "browser-intake-datadoghq": [4.946127], "pdst": [4.363307], "brightcove": [4.9738416667], "rmtag": [4.2057043333], "game8": [4.273544], "wknd": [4.91926]}