{"doubleclick": [225.229612, 189.630328, 189.4971946667, 221.899269, 188.8067573333, 223.8569503333, 221.2845613333, 223.9564543333, 219.4382003333, 190.446559, 224.9730133333], "googlesyndication": [221.925042, 221.2845613333, 224.1423636667, 221.8155546667], "prmutv": [5.2093026667], "yorkshirepost": [6.626564], "drfrostmaths": [4.192634], "ft": [4.399937], "sentry": [5.0653736667], "33across": [4.4556476667], "media": [4.262447], "segmentify": [4.3495766667], "google": [219.9867603333, 190.4922136667, 222.024857, 224.83363, 222.1352573333, 226.609049, 188.9134153333, 220.9796083333, 229.0914193333, 221.6025656667, 220.611511, 190.7376873333, 4.1973106667, 4.082326, 226.686869, 191.6662466667, 223.790595, 191.675983, 189.256747, 223.4084513333, 222.2803293333, 221.2845613333, 220.840305, 220.728824, 222.1443763333], "visualwebsiteoptimizer": [5.16531], "tagdeliver": [222.1818866667], "thesun": [4.9993583333, 4.71426, 4.3708426667, 3.980833], "upsellit": [], "mxpnl": [5.0343753333, 4.999773], "dorothyperkins": [4.73644], "appspot": [223.8893356667], "truefitcorp": [5.03837], "google-analytics": [220.8172616667], "simpli": [], "gstatic": [225.8922126667, 222.2609556667, 228.6853266667, 117.8466053333], "googleadservices": [224.7706616667], "edkt": [3.9560236667], "zalando": [5.112916], "livescore": [4.125017, 4.9258143333, 5.1023703333, 4.1211266667], "costco": [], "quizclothing": [4.9993583333, 4.71426, 4.3708426667, 3.980833], "pxf": [4.7903673333], "impactradius-event": [4.2991753333], "gear4music": [5.1328653333], "2mdn": [224.9167013333], "openx": [5.0711286667, 4.8727586667, 4.4879873333, 4.869921, 4.828005, 4.3072013333], "secretmatureclub": [5.0161586667], "exponea": [4.9603676667, 4.1210063333], "gobranded": [4.8994713333], "petametrics": [4.3500653333], "googleusercontent": [224.5261526667, 226.6963433333], "exposebox": [5.1259353333, 4.865563], "pricklydebt": [5.2371806667], "blooket": [4.0043483333, 4.8150136667], "kampyle": [4.3524526667], "qubitproducts": [], "sportal365": [5.2855666667], "tangycover": [5.0300196667], "cdnware": [4.2544736667], "recaptcha": [220.7992753333], "googleapis": [222.2670653333, 228.5696253333, 223.3610776667, 224.8543513333, 226.209995, 223.137039, 220.611511, 221.3234656667, 220.7566936667, 221.2812683333, 223.786163, 221.381644, 221.7173513333, 222.5647663333, 220.669271, 225.2982953333, 223.1972123333, 224.4426416667, 222.4602763333, 221.2227026667, 225.6588413333, 229.3503316667, 225.8830896667, 224.4570086667, 223.376634, 224.1101916667, 226.0162356667, 225.3343316667, 221.0590586667, 225.7249746667, 228.703494, 224.281069, 223.166657], "skimresources": [4.4759626667, 4.344238, 4.4723003333, 4.2784486667], "googletagmanager": [224.292239], "wetransfer": [4.71426, 4.9993583333, 4.3708426667, 3.980833], "wise": [4.71426, 4.9993583333, 4.3708426667, 3.980833], "apester": [4.3356053333], "vindicosuite": [5.0069086667], "bcovery": [4.7911853333], "optimove": [5.1029113333], "fullstory": [5.0143643333, 5.1330953333], "rlcdn": [5.092629, 5.0449516667], "gumtree": [4.165691, 16.076916, 10.221581], "monu": [4.9679953333], "mcusercontent": [4.2400496667], "ampproject": [221.925042], "fiftyt": [4.111451], "solvvy": [5.1313286667], "ml314": [5.099975], "notino": [4.2768943333], "permutive": [3.944024], "matheranalytics": [4.9147876667], "perimeterx": [4.3074606667], "collectconsent": [10.6335856667], "tgtag": [4.2338773333], "vimeocdn": [4.1751053333], "abtasty": [4.161809, 4.2247953333], "sojern": [5.1616506667], "clean": [4.7582763333], "postcodeanywhere": [5.103741], "googleoptimize": [221.231807], "stiffgame": [5.2561766667], "youtube": [221.6025656667, 219.9867603333, 221.482308, 222.5231463333, 222.6001726667, 220.840305, 223.790595, 222.631792, 221.231807, 222.1352573333, 225.4210396667, 220.9796083333], "chess": [4.9609326667], "googletagservices": [], "boohoo": [4.73644], "queue-fair": [5.122675], "pendo": [4.9812896667], "wixmp": [5.1136633333, 4.6414993333], "thescottishsun": [4.71426, 4.9993583333, 4.3708426667, 4.4304233333, 3.980833], "vodafone": [], "fwpub1": [4.865312], "linksynergy": [4.4217276667], "last": [5.2496066667, 3.8628236667], "grumpydime": [5.1151793333], "run": [4.741179, 4.0245533333, 4.9312186667, 4.8096236667], "instana": [4.713243], "perfdrive": [5.1577633333, 4.9021246667], "jobs-bear": [4.71426, 4.9993583333, 4.3708426667, 3.980833, 222.1818866667], "px-client": [4.3074606667], "knitstamp": [5.1151793333], "aswpsdkeu": [4.5876496667], "translately": [4.876897], "pghub": [4.3922093333], "rangeplayground": [5.0637103333], "proximis": [4.2756546667], "ivitrack": [5.074563, 4.7179166667], "admob": [189.174947, 192.6080503333, 189.731282, 188.6350866667, 189.7429836667, 189.338691], "sift": [4.36837], "openxcdn": [4.8090723333], "id-ward": [4.2243043333], "snapchat": [4.3067756667, 3.926188], "parastorage": [4.0829716667], "lngtd": [4.9993583333, 4.71426, 4.3708426667, 3.980833], "fixedfold": [5.0637103333], "firebaseio": [4.8386383333], "spotify": [5.069405, 4.34174], "scotsman": [6.626564], "thetimes": [4.71426, 4.9993583333, 4.3708426667, 3.980833], "px-cloud": [4.3074606667], "global-e": [4.3708426667], "playground": [5.3004396667], "impactcdn": [4.2991753333], "rollbar": [11.188043, 11.1135783333, 10.55551, 10.9073863333], "creativecdn": [5.030357], "cloudiq": [4.2241843333], "northbeam": [4.9175023333], "dialogflow": [223.3007416667], "adingo": [4.3073873333], "mookie1": [5.0583346667, 4.3333866667], "flashscore": [4.8650893333], "gannettdigital": [90.4696923333], "forexpros": [12.4505443333], "aswpsdkus": [5.0150756667], "fqtag": [4.264954, 5.250115], "stretchsquirrel": [4.097055], "siftscience": [4.36837], "netmums": [4.347486], "matalan": [4.71426, 4.9993583333, 4.3708426667, 4.4205483333, 3.980833], "boardgamegeek": [4.1701196667], "ubereats": [], "hexagon-analytics": [5.096445], "trafficguard": [3.851139], "ytimg": [224.3805796667, 221.7462463333, 224.4996956667, 219.308349, 224.5261526667, 224.7592463333, 221.255781, 225.058399, 225.7791173333, 224.2423083333, 221.955855, 225.0028503333, 224.14205, 224.855978], "etsy": [4.4339286667], "adktrack": [4.6280336667], "srmdata-eur": [], "musicmagpie": [4.3442773333], "getamigo": [5.1465686667], "yorkshireeveningpost": [6.626564], "rtbhouse": [4.487336], "boohooman": [4.73644], "sensefuel": [4.281956], "youtube-nocookie": [222.631792], "bounceexchange": [4.91926], "quordle": [4.547619], "thestar": [6.626564], "toolstation": [4.9694423333], "withgoogle": [224.360196], "geekdo": [4.1701196667], "peacocks-mail": [9.3567366667], "talksport": [4.71426, 4.9993583333, 4.3708426667, 3.980833], "smythstoys": [5.101535], "udmserve": [4.9440476667], "functionalfeather": [4.4698706667], "loopme": [13.2081503333], "pcapredict": [5.103741], "moneytag": [4.402427], "seedtag": [4.8291653333], "btloader": [4.471818], "alphonso": [98.332303], "virginmediao2": [5.1237283333], "mixpanel": [4.180715, 4.4033216667, 4.074835, 5.100092], "debenhams": [4.73644], "googlecommerce": [221.482308], "scaredsnakes": [5.1151793333], "srcspot": [5.14201], "hobbycraft": [], "weborama": [4.2005463333], "acsbapp": [4.9724053333, 9.9230193333, 9.9097616667], "nih": [4.072348], "oddschecker": [5.0519213333], "rakuten": [4.2057043333], "browser-intake-datadoghq": [4.946127], "pdst": [4.363307], "brightcove": [4.9738416667], "rmtag": [4.2057043333], "game8": [4.273544], "wknd": [4.91926]}