{"doubleclick": [316.6453026667, 315.6807706667, 314.8085826667, 283.7101856667, 316.8045726667, 284.2764236667, 314.4808963333, 316.1524773333, 315.3744856667, 284.7693576667, 284.338314, 314.2898446667, 317.130257], "googlesyndication": [315.849727, 314.8085826667, 317.3195176667, 317.489484, 317.1548123333, 316.0132956667], "prmutv": [5.2093026667], "yorkshirepost": [6.626564], "drfrostmaths": [4.192634], "ft": [4.399937], "sentry": [5.0653736667, 97.4252876667], "33across": [4.4556476667], "media": [4.262447], "segmentify": [4.3495766667], "google": [317.035582, 315.273653, 316.7632963333, 284.3885406667, 315.8751083333, 315.3473013333, 318.0000786667, 284.530253, 283.434621, 315.7317836667, 4.1973106667, 283.7078936667, 4.082326, 316.702738, 316.4115253333, 315.548182, 316.268846, 316.523182, 316.0574396667, 315.7909593333, 315.8115856667, 108.9171486667, 314.3935353333, 315.4031496667, 316.88024, 284.7134863333, 314.9234203333, 283.805264], "visualwebsiteoptimizer": [5.16531], "tagdeliver": [315.8437526667], "thesun": [4.71426, 4.9993583333, 4.3708426667, 3.980833], "upsellit": [5.1615403333], "mxpnl": [5.0343753333, 4.999773], "dorothyperkins": [4.73644], "appspot": [315.813588], "truefitcorp": [5.03837], "google-analytics": [316.8402513333], "simpli": [205.2745153333, 202.795365, 207.0305633333], "gstatic": [315.0529353333, 316.0149423333, 4.2923706667, 314.4942903333], "googleadservices": [317.7084583333], "edkt": [3.9560236667], "zalando": [5.112916], "livescore": [4.125017, 4.9258143333, 5.1023703333, 4.1211266667], "costco": [], "quizclothing": [4.9993583333, 4.71426, 4.3708426667, 3.980833], "pxf": [4.7903673333], "impactradius-event": [4.2991753333], "gear4music": [5.1328653333], "2mdn": [317.9308566667], "openx": [5.0711286667, 4.8727586667, 4.4879873333, 4.869921, 4.828005, 4.3072013333], "secretmatureclub": [5.0161586667], "exponea": [4.9603676667, 4.1210063333], "gobranded": [4.8994713333], "petametrics": [4.3500653333], "googleusercontent": [315.316323, 316.695309], "exposebox": [5.1259353333, 4.865563], "pricklydebt": [5.2371806667], "blooket": [4.0043483333, 4.8150136667], "kampyle": [4.3524526667], "qubitproducts": [9.9550196667], "sportal365": [5.2855666667], "tangycover": [5.0300196667], "cdnware": [4.2544736667], "recaptcha": [315.7688053333], "googleapis": [315.3889796667, 317.18282, 316.6956783333, 317.174943, 316.71017, 318.4054653333, 315.649126, 315.332509, 315.4144303333, 315.0335786667, 315.933832, 317.1837033333, 317.909217, 315.477916, 317.178143, 314.6752163333, 315.2187353333, 314.9970536667, 316.0823463333, 316.819909, 315.2701306667, 316.5805033333, 318.2972173333, 315.947897, 316.311604, 315.6050883333, 316.4115253333, 314.026884, 315.3916816667, 316.9090433333, 314.3847576667, 316.167529, 315.2281136667, 316.843071, 315.6598223333, 316.6651716667, 316.0933313333, 316.0120856667, 315.6461503333, 315.867245, 317.0350216667, 315.0997293333, 316.6905086667, 315.6520416667, 315.920407, 315.098193, 316.35996, 316.8402513333, 314.6017236667, 315.6170493333, 314.9251603333], "skimresources": [4.4759626667, 4.344238, 4.4723003333, 4.2784486667], "googletagmanager": [314.8714456667], "wetransfer": [4.71426, 4.9993583333, 4.3708426667, 3.980833], "wise": [4.71426, 4.9993583333, 4.3708426667, 3.980833], "apester": [4.3356053333], "vindicosuite": [5.0069086667], "bcovery": [4.7911853333], "optimove": [5.1029113333], "fullstory": [5.0143643333, 5.1330953333], "rlcdn": [5.092629, 5.0449516667], "gumtree": [4.165691, 16.076916, 10.221581], "monu": [4.9679953333], "mcusercontent": [4.2400496667], "ampproject": [316.9726896667], "fiftyt": [4.111451], "solvvy": [5.1313286667], "ml314": [5.099975], "notino": [4.2768943333], "permutive": [3.944024], "matheranalytics": [4.9147876667], "perimeterx": [4.3074606667], "collectconsent": [10.6335856667], "tgtag": [4.2338773333], "vimeocdn": [4.1751053333], "abtasty": [4.161809, 4.2247953333], "sojern": [5.1616506667, 5.0816876667], "clean": [4.7582763333], "postcodeanywhere": [5.103741], "googleoptimize": [315.056185], "stiffgame": [5.2561766667], "youtube": [315.7317836667, 315.273653, 316.7632963333, 317.3208963333, 316.523182, 317.380527, 315.155704, 315.7422723333, 314.8591406667, 315.769673, 315.8115856667, 315.2761066667, 315.9991886667, 314.5132033333, 314.6129713333, 316.8475756667], "chess": [4.9609326667], "googletagservices": [], "boohoo": [4.73644], "queue-fair": [5.122675], "pendo": [4.9812896667], "wixmp": [5.1136633333, 4.6414993333], "thescottishsun": [4.71426, 4.9993583333, 4.3708426667, 4.4304233333, 3.980833], "vodafone": [5.0774933333], "fwpub1": [4.865312], "linksynergy": [4.4217276667], "last": [5.2496066667, 3.8628236667], "grumpydime": [5.1151793333], "run": [4.741179, 4.0245533333, 4.9312186667, 4.8096236667], "instana": [], "perfdrive": [5.1577633333, 4.9021246667], "jobs-bear": [4.71426, 4.9993583333, 4.3708426667, 3.980833, 315.8437526667], "px-client": [4.3074606667], "knitstamp": [5.1151793333], "aswpsdkeu": [4.5876496667], "translately": [4.876897], "pghub": [4.3922093333], "rangeplayground": [5.0637103333], "proximis": [4.2756546667], "ivitrack": [5.074563, 4.7179166667], "admob": [284.2056073333, 283.6778236667, 283.9295083333, 284.076637, 283.523763, 283.7212643333], "sift": [4.36837], "openxcdn": [4.8090723333], "id-ward": [4.2243043333], "snapchat": [4.3067756667, 3.926188], "parastorage": [4.0829716667], "lngtd": [4.9993583333, 4.71426, 4.3708426667, 3.980833], "fixedfold": [5.0637103333], "firebaseio": [4.8386383333], "spotify": [5.069405, 4.34174], "scotsman": [6.626564], "thetimes": [4.9993583333, 4.71426, 4.3708426667, 3.980833], "px-cloud": [4.3074606667], "global-e": [4.3708426667], "playground": [5.3004396667], "impactcdn": [4.2991753333], "rollbar": [180.9336046667, 179.5157826667, 248.7021836667, 177.2129796667], "creativecdn": [5.030357], "cloudiq": [4.2241843333], "northbeam": [4.9175023333], "dialogflow": [315.0529353333], "adingo": [4.3073873333], "mookie1": [5.0583346667, 4.3642786667], "flashscore": [4.8650893333], "gannettdigital": [90.4696923333], "forexpros": [12.4505443333], "aswpsdkus": [5.0150756667], "fqtag": [4.264954, 5.250115], "stretchsquirrel": [4.097055], "siftscience": [4.36837], "netmums": [4.347486], "matalan": [4.71426, 4.9993583333, 4.3708426667, 4.4205483333, 3.980833], "boardgamegeek": [4.1701196667], "ubereats": [4.9813756667], "hexagon-analytics": [5.096445], "trafficguard": [3.851139], "ytimg": [318.6542496667, 314.6246673333, 315.0483053333, 316.7565596667, 315.5886246667, 315.316323, 316.707741, 316.7521316667, 315.4616066667, 316.0404983333, 315.189076, 315.1015663333, 318.689234, 316.1928323333, 315.7075366667, 316.3683663333], "etsy": [4.4339286667], "adktrack": [4.6280336667], "srmdata-eur": [], "musicmagpie": [4.3442773333], "getamigo": [5.1465686667], "yorkshireeveningpost": [6.626564], "rtbhouse": [4.487336], "boohooman": [4.73644], "sensefuel": [4.281956], "youtube-nocookie": [314.8591406667], "bounceexchange": [4.91926], "quordle": [4.547619], "thestar": [6.626564], "toolstation": [4.9694423333], "withgoogle": [315.7955276667], "geekdo": [4.1701196667], "peacocks-mail": [5.2362506667], "talksport": [4.9993583333, 4.71426, 4.3708426667, 3.980833], "smythstoys": [5.101535], "udmserve": [4.9440476667], "functionalfeather": [4.4698706667], "loopme": [13.2081503333], "pcapredict": [5.103741], "moneytag": [4.402427], "seedtag": [4.8291653333], "btloader": [4.471818], "alphonso": [98.332303], "virginmediao2": [5.1237283333], "mixpanel": [4.180715, 5.100092, 4.4033216667, 4.074835], "debenhams": [4.73644], "googlecommerce": [317.3208963333], "scaredsnakes": [5.1151793333], "srcspot": [5.14201], "hobbycraft": [4.9993583333, 4.71426, 4.3708426667, 3.980833], "weborama": [4.2005463333], "acsbapp": [4.9724053333, 9.9230193333, 9.9097616667], "nih": [4.072348], "oddschecker": [5.0519213333], "rakuten": [4.2057043333], "browser-intake-datadoghq": [4.946127], "pdst": [4.363307], "brightcove": [4.9738416667],