{"nike": [17.2631533333, 30.6700496667, 27.313866, 22.1972036667, 18.67075, 22.23464, 30.7248166667, 19.2940566667, 18.1637636667, 18.21043, 18.7476133333, 27.72917, 17.473203], "rubiconproject": [52.32877, 56.3882, 62.9204133333, 60.5065133333, 52.5457696667, 49.9427533333, 203.5202433333, 52.3099636667, 64.61954, 64.6853066667, 50.9743966667, 60.25465, 202.2514566667, 143.7614836667], "ebay": [16.3984193333], "mzstatic": [18.189549, 18.7897666667, 18.8099533333], "alicdn": [16.97472, 20.232734, 18.490217, 18.7899966667, 22.5188366667], "addthisedge": [17.3148503333], "optimizely": [20.0118, 19.70887, 20.1244963333], "aliexpress": [55.0024133333, 22.5188366667, 55.9362563333], "ciceksepeti": [22.1497033333, 143.3278636667, 22.2621833333, 139.0585866667, 18.6565666667, 22.202237, 16.4196303333, 22.23464, 22.2579063333, 22.22682, 19.81573, 18.9628733333], "dotomi": [68.5712636667, 68.2528333333, 58.23954], "serving-sys": [17.2358533333, 17.44198], "appsflyer": [19.6270433333, 17.25486], "akamaized": [17.395883, 22.2956733333, 18.7542036667, 19.57759, 17.1073566667, 19.75023, 18.7828466667, 22.202237, 18.81334, 17.3698966667, 17.903274, 55.4812033333, 18.7757533333, 22.1977566667, 17.3503733333, 16.9678296667, 19.21713, 19.3791103333, 15.8334733333, 18.78582, 18.8136733333, 17.9869963333, 17.3002166667, 22.25206, 56.0271696667, 22.2474096667], "tiktok": [18.6996636667, 18.7640233333, 18.1444963333, 16.75957, 29.4655833333, 17.9855766667, 26.5223733333, 20.2114966667, 28.090206, 18.67075, 16.4269163333, 19.70374, 19.6809466667, 18.7542036667, 22.13963, 67.87619, 16.4403326667, 22.3249833333, 17.9382066667, 15.80484, 18.7828466667, 18.59357, 16.38716, 19.4850266667, 17.87971, 17.3963, 18.7525733333, 18.7702966667, 19.6835763333, 20.1884033333, 17.2631533333, 22.3481166667, 19.6483303333, 19.3236866667], "cdnpk": [18.1635963333], "clmbtech": [18.1476066667, 18.6565666667, 16.4403326667], "fastclick": [80.6876166667], "xboxlive": [136.9322933333], "sharethis": [18.7263966667, 19.6167733333], "adnxs": [65.5449166667], "tiktokcdn": [18.74414, 17.3229233333, 16.2669503333, 18.784594, 18.19097, 12.45958, 17.2855566667, 17.2588066667, 16.3144166667, 16.29784, 13.52419, 17.8981266667, 10.1152066667, 20.50872, 18.2119563333, 19.69551, 13.97583, 8.714283, 18.7678166667, 18.6736133333], "office": [77.11029, 22.8158333333], "moatads": [18.7588726667], "adobedtm": [19.69841], "cxense": [54.98458, 58.530703], "outbrain": [18.72335], "yotpo": [54.3801096667, 68.90968, 22.7252966667], "steamstatic": [17.1073566667, 15.80484, 17.3002166667, 17.44198, 17.2358533333, 19.79487, 16.9678296667], "appier": [], "ttwstatic": [18.4151366667, 22.1813966667, 17.2855566667, 16.83184, 17.2882406667, 18.67585], "adform": [18.7627066667, 18.7476133333, 17.90966, 17.8487, 20.23717], "teads": [59.19315, 18.7865766667, 16.4237366667], "amazon": [68.69752, 26.6631233333, 27.2131236667, 79.18254, 116.9652666667, 80.5175766667, 28.2470266667], "bing": [18.3955066667, 19.2429166667, 17.90966, 18.1764663333, 20.23717, 22.10248], "akamaihd": [17.1073566667, 17.9546163333], "pabidding": [18.7753233333, 18.7525733333], "nikecdn": [18.4677566667, 22.2547733333], "byteoversea": [18.6996636667, 16.75957, 15.9391666667, 18.1476066667, 18.1628963333, 18.7662993333, 19.6809466667, 17.8851866667, 17.8837333333, 16.4403326667, 16.4338, 16.4196303333, 18.0539333333, 17.85837, 22.2213933333, 17.12827, 16.74221, 17.373686, 22.1973733333, 18.78582, 22.2209533333, 17.9851533333, 19.6880833333, 17.8434333333, 17.25486, 17.79849, 20.6044866667], "casalemedia": [61.3227266667], "livechatinc": [53.4303133333, 19.6167733333, 18.8107933333, 51.3815866667, 18.7476133333], "apple": [61.2051966667, 57.8381533333, 56.9185166667], "myherbalife": [56.6322836667], "bbci": [56.4282806667, 62.9466466667, 61.7004333333, 53.4119866667], "engageya": [70.7144766667, 54.4686533333], "dmcdn": [17.8837333333, 18.78582, 16.39765, 18.7951033333, 17.903274], "licdn": [22.3190473333, 17.3503733333], "zdbb": [51.6152433333, 54.271673], "hepsiburada": [15.9391666667, 20.2114966667, 18.6565666667, 18.8267333333, 20.3580533333, 16.4403326667, 18.80026, 17.85837, 17.38833, 53.43618, 19.6815133333, 20.1800666667, 18.7639466667, 17.2327166667, 17.28353, 16.4041033333, 18.8417636667, 17.79849], "rbxcdn": [19.6295636667, 17.903274, 22.2181766667, 16.39765, 18.7951033333, 18.7525733333, 22.2517406667, 18.7839663333, 17.2358533333, 17.44198, 18.7318896667], "typekit": [18.8136733333, 18.5034133333, 22.2427633333, 22.2374833333], "spotxchange": [64.8134303333, 63.14442], "turn": [62.2845233333, 220.490317], "bbc": [53.4119866667], "cloudinary": [78.9072066667], "alibaba": [20.232734], "cdn-apple": [59.5193466667], "redblue": [69.7689333333, 50.8154], "weather": [52.3664133333], "optasports": [61.523714], "media": [17.93097, 57.7294073333], "lcwaikiki": [69.25314], "samsung": [20.7762466667, 18.0949266667], "dpeurasia": [19.6483303333, 19.60429], "microsoft": [197.89168, 160.938563, 285.2378066667, 57.4972896667, 136.2268666667, 57.942514, 16.4338, 20.3580533333], "gfsrv": [18.7828466667, 16.9678296667], "koctas": [26.45338], "fcagroup": [19.6774733333, 16.3927466667], "akstat": [17.2457266667], "mookie1": [58.4871606667], "ibytedtos": [16.461737, 19.6809466667], "addthis": [17.3148503333], "mediamarkt": [], "cookiebot": [54.4619666667, 18.1922963333, 19.6099673333], "go-mpulse": [17.2457266667, 18.7557533333, 23.0960333333], "disneyplus": [], "arcelik": [31.1193033333], "projectagoraservices": [15.8334733333, 18.78582], "fwmrm": [], "bluekai": [19.6767866667], "bkrtx": [69.2133866667], "speedtest": [53.3009, 57.5249933333], "gratis": [], "adpushup": [18.7318896667, 15.8979], "vlr": [149.2287696667], "bilyoner": [18.7753233333, 20.1891766667], "steampowered": [19.7738866667], "ziffstatic": [16.4041033333, 16.4338], "transfermarkt": [18.2135633333, 19.60429, 18.7828466667, 18.730863, 16.4269163333, 18.7542036667, 17.903274, 17.2358533333, 17.44198], "tripadvisor": [53.38473, 53.70988, 67.9760806667, 57.3976733333, 53.46352], "mediadecathlon": [18.81334, 18.78582], "etsy": [53.6748363333, 53.4634066667, 57.6333133333, 57.8722166667], "herbalifenutrition": [55.172603], "directededge": [143.4396333333], "adrecover": [19.6880833333, 17.1073566667], "pinimg": [19.661443], "mackolik": [15.3244333333], "zara": [16.97472, 17.2794, 17.818643, 18.8004466667, 20.23717, 18.7203666667, 17.37553, 17.8857563333], "postrelease": [], "tiktokv": [17.38833, 15.9391666667, 18.7261303333, 15.7335503333, 18.7639466667, 17.79849, 19.3236866667, 17.85837, 16.3723266667], "brightcove": [17.4568896667], "huawei": [17.8943466667], "s-microsoft": [18.71712], "sahadan": [15.3244333333], "ntv": [17.3372166667], "playstream": [51.93001, 51.8617566667], "office365": [18.3955066667, 19.6167733333], "avon": [20.7302066667, 52.1808566667], "freepikcompany": [18.7203666667, 17.818643], "performgroup": [18.34041], "msn": [18.6949766667, 20.0077, 18.9628733333, 15.7335503333, 17.28353, 19.6815133333, 20.1800666667, 17.8956333333, 19.7279366667], "tidaltv": [], "trivago": [18.1628963333, 51.391333, 17.94215, 19.6835763333], "etsystatic": [18.7951033333, 19.6483303333], "fiat": [20.434337], "pubmatic": [22.1934466667, 20.1079133333], "godaddy": [201.0956866667], "goal": [], "mathtag": [19.7145693333], "sefamerve": [18.7709333333, 18.7627066667], "smartadserver": [63.2087733333, 64.95278, 64.8695866667, 65.6055903333, 67.34647, 63.1387733333], "ebaystatic": [16.3984193333], "freepik": [18.1635963333], "stickyadstv": [18.7753233333, 18.7839663333], "yieldlab": [76.41601], "everesttech": [], "wsimg": [17.4358726667, 19.2429166667], "steamcommunity": [56.7602366667], "gameforge": [50.2980866667, 50.288977], "createjs": [17.832257, 17.8837333333, 16.39765], "hm": [20.54145], "fcp": [17.94215, 18.714937]}