{"nike": [82.8247633333, 78.6048733333, 83.6304033333, 83.0827236667, 73.62422, 80.650866, 75.2357333333, 85.6540733333, 89.3064233333, 79.8958976667, 72.76778, 75.5652766667, 80.2421633333, 64.89998, 75.1712566667, 64.6986496667, 81.3576833333, 82.4544233333, 75.0339696667, 79.23994], "rubiconproject": [147.557623, 52.32877, 62.9204133333, 60.5065133333, 49.9427533333, 203.5202433333, 67.9368766667, 52.3099636667, 64.61954, 50.9743966667, 60.25465, 202.2514566667, 139.3361233333, 66.84387], "ebay": [], "mzstatic": [75.9583563333, 64.9436733333], "alicdn": [76.4504266667, 59.1193073333, 68.0557473333, 66.9663566667, 75.5466103333, 73.62422, 59.27225, 65.3225233333, 59.7971966667], "addthisedge": [70.5537966667], "optimizely": [67.7932366667, 62.4126103333, 81.6286133333], "aliexpress": [55.0024133333, 68.0557473333, 55.9362563333, 66.1201533333], "ciceksepeti": [143.3278636667, 139.0585866667, 75.0703133333, 79.29694, 76.4949266667, 79.26652, 75.7144133333, 22.2579063333, 22.22682, 83.56951], "dotomi": [67.744866, 67.279123, 57.821837], "serving-sys": [80.1438266667, 75.1833763333], "appsflyer": [75.88457, 75.56689], "akamaized": [73.3732933333, 73.9932966667, 59.8583466667, 79.29694, 79.22047, 77.0037236667, 79.0837933333, 75.2303733333, 73.29787, 77.9924766667, 73.8222466667, 59.8633866667, 75.2450836667, 78.2139733333, 77.6982993333, 76.6524, 74.97778, 79.18658, 76.707773, 80.2421633333, 75.8564433333, 78.0432233333, 75.0703133333, 59.8552566667, 75.5276326667, 75.1024333333, 60.7196963333], "tiktok": [77.4452766667, 68.6839766667, 78.6048733333, 74.7974233333, 76.6397233333, 73.62422, 75.6604866667, 83.5429326667, 73.29787, 75.853883, 80.650866, 72.1238033333, 75.2357333333, 67.5236066667, 75.7833303333, 79.8958976667, 75.1833763333, 76.707773, 67.5767703333, 83.2578866667, 76.2544733333, 73.3637206667, 76.7506096667, 75.1712566667, 81.3576833333, 75.0339696667, 84.8429866667, 79.23994, 77.7774466667, 70.03589], "cdnpk": [66.76576], "clmbtech": [63.9316066667, 63.8643896667], "fastclick": [75.3896066667], "xboxlive": [161.7185563333], "sharethis": [78.6048733333, 76.2544733333], "adnxs": [59.457725, 54.4080366667, 54.345387, 55.0385866667], "tiktokcdn": [79.2343266667, 77.04966, 76.861043, 77.67243, 77.5844366667, 73.0198033333, 74.6183296667, 75.8912366667, 75.5864233333, 74.5176966667, 82.570743, 78.3202533333, 74.8569866667, 74.64711, 74.6308236667, 74.7677433333, 76.8997966667, 80.52189, 75.7544133333, 79.1995496667], "office": [77.341037, 73.33946], "moatads": [63.31678], "adobedtm": [63.465754], "cxense": [75.4511926667], "outbrain": [63.6731163333], "yotpo": [66.7192733333], "steamstatic": [80.1438266667, 77.6982993333, 75.8912366667, 75.56689, 79.2828, 75.8393193333], "appier": [], "ttwstatic": [73.0198033333, 74.7974233333, 79.1995496667, 75.0393266667, 76.7506096667, 72.0007433333], "adform": [], "teads": [54.11878, 61.480143, 63.3540333333, 73.3484236667], "amazon": [84.0437176667, 83.1569966667, 79.18254, 65.5385833333, 116.9652666667, 62.89828, 80.5175766667], "bing": [82.5608333333, 18.1764663333, 83.5429326667, 74.33284, 78.386543, 22.10248, 75.30198], "akamaihd": [74.7974233333, 76.6426033333], "pabidding": [], "nikecdn": [83.5429326667, 78.7526433333], "byteoversea": [77.4452766667, 77.04966, 75.5466103333, 73.90298, 73.62422, 83.5429326667, 78.8265236667, 74.73141, 73.0198033333, 75.2357333333, 74.0183133333, 75.5864233333, 75.7833303333, 74.5176966667, 78.4918666667, 74.7207036667, 77.0127233333, 79.8958976667, 75.3514496667, 74.64711, 77.4847533333, 75.83118, 81.3576833333, 80.52189, 77.038049, 79.23994, 77.54833], "casalemedia": [66.1354633333], "livechatinc": [75.1712566667, 89.76391, 95.7706533333, 87.0933733333, 75.1654033333], "apple": [76.339963, 56.9185166667], "myherbalife": [79.5831433333, 76.5415033333], "bbci": [63.7608033333, 68.3463033333], "engageya": [66.1214466667], "dmcdn": [59.4611333333, 64.1850133333, 73.8222466667, 76.707773, 65.423283, 64.6760633333], "licdn": [75.0703133333, 75.7441733333], "zdbb": [68.1124466667, 65.8622733333], "hepsiburada": [17.2327166667, 74.8822133333, 75.7144133333, 71.161837, 79.42523, 76.6721433333], "rbxcdn": [73.3732933333, 78.1526206667, 64.6641163333, 50.5277966667, 75.0702166667, 79.31237, 79.29694, 50.6404, 77.6661763333, 77.7774466667], "typekit": [77.6661763333, 75.2303733333, 73.46744], "spotxchange": [64.8134303333, 63.14442], "turn": [62.2845233333, 63.9943533333], "bbc": [63.7608033333], "cloudinary": [62.8516966667], "alibaba": [76.4504266667], "cdn-apple": [78.4816633333], "redblue": [78.2271266667], "weather": [64.6318666667], "optasports": [65.2389], "media": [64.30046, 64.6122896667], "lcwaikiki": [69.25314], "samsung": [78.4300206667, 73.53501], "dpeurasia": [71.8855696667, 74.97778], "microsoft": [197.89168, 160.938563, 285.2378066667, 57.4972896667, 136.2268666667, 79.8958976667, 64.4366033333, 81.4496533333], "gfsrv": [51.9214066667, 52.2259666667, 52.0682566667], "koctas": [26.45338], "fcagroup": [79.42523, 75.7144133333], "akstat": [69.26417], "mookie1": [69.430043], "ibytedtos": [73.0198033333, 79.9646733333], "addthis": [70.5537966667], "mediamarkt": [], "cookiebot": [98.9993593333, 95.3980466667, 75.16222], "go-mpulse": [63.8877903333, 74.67236, 69.26417], "disneyplus": [], "arcelik": [31.1193033333], "projectagoraservices": [67.3617766667, 65.5985666667], "fwmrm": [], "bluekai": [65.6359666667], "bkrtx": [66.9511133333], "speedtest": [64.5754466667, 66.7381433333], "gratis": [], "adpushup": [79.18658, 75.1833763333], "vlr": [149.2287696667], "bilyoner": [66.89453, 67.1530233333], "steampowered": [75.2202], "ziffstatic": [64.5754466667, 66.7381433333], "transfermarkt": [74.8822133333, 76.6721433333], "tripadvisor": [63.0645503333, 53.38473, 53.70988, 57.3976733333, 53.46352], "mediadecathlon": [75.5652766667, 75.9349833333], "etsy": [53.6748363333, 57.6333133333, 53.4634066667, 57.8722166667], "herbalifenutrition": [67.95099], "directededge": [143.4396333333], "adrecover": [75.6715133333, 79.2828], "pinimg": [75.3006766667], "mackolik": [15.3244333333], "zara": [76.3095233333, 78.7526433333], "postrelease": [], "tiktokv": [75.1712566667, 74.4512266667, 80.650866, 76.3095233333, 78.4956233333, 75.9571833333, 74.29517, 77.038049, 78.6048733333, 76.2446896667, 74.6606833333, 73.62422, 83.2578866667, 75.7144133333, 83.5429326667, 79.42523, 75.1654033333, 77.4821966667], "brightcove": [63.4587933333], "huawei": [67.6951233333], "s-microsoft": [63.4234366667], "sahadan": [15.3244333333], "ntv": [66.7642633333], "playstream": [67.20434, 67.1424436667], "office365": [81.9459366667, 96.5567733333], "avon": [76.4970766667, 52.1808566667], "freepikcompany": [78.386543, 78.4918666667], "performgroup": [70.4270833333], "msn": [], "tidaltv": [], "trivago": [74.7207036667, 75.1410433333, 78.2403993333], "etsystatic": [75.710577, 76.8997966667], "fiat": [152.3049206667], "pubmatic": [64.29729], "godaddy": [201.0956866667], "goal": [], "mathtag": [73.4538166667], "sefamerve": [82.5608333333, 79.8958976667], "smartadserver": [63.13962, 62.67151, 63.150885, 63.82718, 61.6448066667, 67.181637], "ebaystatic": [79.8560333333], "freepik": [66.76576], "stickyadstv": [73.29787, 79.03566], "yieldlab": [67.5445696667], "everesttech": [], "wsimg": [67.7815233333, 65.4156666667], "steamcommunity": [69.5043733333], "gameforge": [73.3732933333, 75.79898], "createjs": [75.5652766667, 72.1238033333], "hm": [75.9062433333], "fcp": [63.7415933333, 63.6092896667]}