{"aksam": [54.3849766667, 54.2236333333, 52.83443], "merlincdn": [70.3231766667, 72.7353233333], "slazenger": [49.89633], "yenimedya": [65.0070866667, 69.1976933333, 64.29562], "ercdn": [51.2969296667, 54.3535236667, 51.1292066667], "consentmanager": [42.9343133333], "xnxx-cdn": [52.2895993333, 56.5348666667], "plesk": [18.1277166667], "kitapyurdu": [55.2310533333, 52.4834503333, 49.9459633333, 52.70974, 52.6490406667, 54.6957766667], "otocikma": [19.0667236667], "userway": [19.0667236667], "b-cdn": [60.3438296667, 49.8276836667], "adtarget": [49.89633], "displayvertising": [60.28628], "dimml": [18.1277166667], "perzonalization": [17.3988733333], "premiumvertising": [61.4815], "getsitecontrol": [56.4678166667], "memorial": [55.2310533333], "hediyesepeti": [19.0667236667, 17.3988733333], "ye-mek": [56.6333393333, 46.9389163333], "xvideos-cdn": [55.4910033333, 52.2895993333], "realsrv": [18.7856336667], "afcdn": [17.3988733333], "tofisa": [49.89633], "modamerve": [50.30276], "tjk": [51.9489266667, 52.0337266667], "creativecdn": [55.0438], "aj2550": [42.9343133333], "consensu": [45.1092766667], "ilan": [69.1976933333, 65.0070866667, 64.29562], "lngtdv": [18.8224266667], "sdacdn": [65.0070866667, 69.1976933333, 64.29562], "tmdb": [69.1875733333, 65.9454966667, 28.5719096667, 28.1625533333]}