{"aksam": [52.69953, 51.6541133333], "merlincdn": [64.4522933333, 65.9675066667], "slazenger": [50.30276], "yenimedya": [64.4522933333, 65.9675066667], "ercdn": [51.2969296667, 54.3535236667, 51.1292066667], "consentmanager": [50.26738, 52.70974, 56.3959073333, 52.6490406667, 63.9199066667], "xnxx-cdn": [], "plesk": [18.1277166667], "kitapyurdu": [57.1597333333, 52.4834503333, 50.26738, 49.9459633333, 52.70974, 54.6957766667, 52.6490406667], "otocikma": [54.5811096667, 52.4834503333, 50.26738, 54.6957766667, 52.6490406667], "userway": [54.5811096667, 57.1597333333, 49.9459633333, 56.3959073333, 54.6957766667], "b-cdn": [52.05344, 52.50559], "adtarget": [56.4678166667], "displayvertising": [60.28628], "dimml": [54.5811096667, 49.9459633333, 56.3959073333, 54.6957766667, 52.6490406667], "perzonalization": [52.4834503333, 50.26738, 52.70974, 52.6490406667, 54.6957766667], "premiumvertising": [61.4815], "getsitecontrol": [56.4678166667], "memorial": [54.5811096667, 57.1597333333, 52.4834503333, 50.26738, 54.6957766667], "hediyesepeti": [52.4834503333, 49.9459633333, 52.70974, 56.3959073333, 52.6490406667, 63.9199066667], "ye-mek": [54.5811096667, 52.4834503333, 49.9459633333, 52.6490406667, 63.9199066667], "xvideos-cdn": [59.1902533333], "realsrv": [52.4834503333, 50.26738, 52.70974, 52.6490406667, 63.9199066667], "afcdn": [54.5811096667, 57.1597333333, 50.26738, 56.3959073333, 54.6957766667], "tofisa": [52.50559], "modamerve": [56.4678166667], "tjk": [51.9489266667, 52.0337266667], "creativecdn": [54.5811096667, 57.1597333333, 52.4834503333, 49.9459633333, 54.6957766667], "aj2550": [54.5811096667, 57.1597333333, 49.9459633333, 56.3959073333, 54.6957766667], "consensu": [54.5811096667, 57.1597333333, 50.26738, 56.3959073333, 54.6957766667], "ilan": [70.3231766667, 72.7353233333], "lngtdv": [54.5811096667, 49.9459633333, 56.3959073333, 54.6957766667, 52.6490406667], "sdacdn": [64.4522933333, 65.9675066667], "tmdb": [56.4678166667]}