{"roirevolution": [64.1195566667, 63.8166666667, 60.5209833333, 61.6979066667], "adsrvr": [65.01083], "zuimeitianqi": [65.71517, 68.38058, 65.8187966667, 65.7842733333], "jubnaadserve": [68.0684966667, 170.36472, 67.64023, 171.589037, 170.6193633333, 64.99822, 173.40028, 70.120893], "comm100": [67.394177, 63.5624133333, 67.98237, 66.7135666667], "opecloud": [62.64642, 65.3944233333, 67.99283, 69.11326], "saasexch": [66.2703233333, 201.4169466667, 199.89834, 66.6226103333, 68.133597, 199.1598496667, 201.405877, 61.7391266667, 66.43868, 65.9628166667, 68.7119233333, 70.2917266667], "binance": [], "mitula": [168.3298, 197.2635266667, 201.6289, 160.00756, 165.9355133333, 204.18715, 168.9947366667, 198.996683], "963bets10": [], "motorsport": [138.00536, 157.11306, 59.3621533333, 159.8179833333, 167.0469833333, 194.5005166667, 169.07788, 63.9655433333, 151.8699733333, 204.7485366667, 165.49122, 202.8574566667, 158.8513866667, 63.9867433333, 138.3647103333, 159.5067896667, 163.5691563333, 205.91443, 63.8166666667, 157.27616], "idefix": [66.47554, 65.9800133333, 65.119906, 62.9354066667], "motorsportnetwork": [65.8869, 70.5346163333, 70.76516, 64.9081866667], "sharethis": [171.7109593333, 163.573107, 146.52657, 139.3356436667, 173.5324333333, 161.484923, 171.713509, 135.9444533333], "clickcease": [201.0248466667, 200.76025, 193.99042, 201.85356], "tiqcdn": [153.9991766667, 151.0765166667, 159.9875473333, 155.7826436667], "a101": [], "optinly": [168.1473033333, 167.1019926667, 168.4594633333, 169.9720966667], "tmgrup": [65.9391103333, 63.7800963333, 195.731983, 164.096913, 170.3811866667, 165.0512966667, 68.0101, 61.4814366667, 67.6587733333, 200.4589566667, 70.120893, 65.11542, 67.4860933333, 61.6476833333, 68.3465466667, 194.29704, 173.3264633333, 61.7571666667, 63.3127533333, 198.3671933333], "aspor": [], "supsis": [170.7611666667, 178.4787066667, 162.4242303333, 167.90114], "adsafeprotected": [61.75834, 60.2395966667, 66.5540366667, 59.77509, 66.7495033333, 68.6551206667, 68.433737, 61.1963], "dr": [62.71374, 59.77509, 65.4843563333, 62.7384366667], "bamgrid": [198.0318203333, 202.5704933333, 199.12545, 194.96274, 192.45288, 199.3072296667, 202.6872866667, 202.2869863333], "gofun-arena": [169.0071966667, 172.7258766667, 169.92602, 164.7054133333], "yeniasir": [], "springserve": [167.6060526667, 175.258143, 167.2084066667, 169.4077833333], "tradingview": [165.6761866667, 167.1435303333, 169.32061, 61.1719666667, 170.3201636667, 175.47281, 63.83228, 167.66775, 59.4065066667, 171.8351566667, 167.4194066667, 67.1502266667], "improvedigital": [173.7587066667, 172.948543, 163.12762, 163.4419273333], "sabah": [68.3602466667, 64.2279533333, 70.9344033333, 22.1219166667, 61.6357133333], "optad360": [167.8547233333, 172.6397233333, 63.0357903333, 177.158003, 63.821993, 173.1241233333, 64.7605366667, 64.600723], "dynamicyield": [175.4537666667, 163.3872836667, 167.3111666667, 173.11006], "bynogame": [64.7488303333, 60.91347, 69.0293866667, 65.2298566667], "durationmedia": [68.9316733333, 65.41084, 64.8786866667, 66.4207866667], "imrworldwide": [164.84991, 171.8441633333, 172.0269733333, 173.10547], "netmera-web": [139.6619666667, 142.81312, 139.6023333333, 134.6958766667], "site24x7rum": [68.3602466667, 69.3229366667, 68.4010633333, 63.0769466667], "uidapi": [64.7396466667], "unblockia": [160.03774, 152.4218366667, 156.9143163333, 159.1706006667], "s-onetag": [166.4533866667, 176.8137033333, 170.5126066667, 170.8293166667], "truepush": [202.0856833333, 196.5917633333, 192.379323, 200.8705266667], "coinmarketcap": [67.972866, 66.42513, 59.4155466667, 173.2475266667, 68.040863, 169.1771133333, 164.25282, 168.5160533333, 165.06499, 63.95577, 65.6482, 65.3984366667, 172.3780633333, 165.9355496667, 69.3834366667, 172.839557, 63.7269966667, 174.7625236667, 172.8854866667, 172.61988, 174.1601496667, 67.0227296667, 62.6282633333, 64.7552, 174.74642, 172.9817166667, 59.6579533333, 64.851197, 69.8515333333, 166.2215793333, 172.48522, 66.7382733333], "cronitor": [166.1993, 167.6803896667, 164.4305633333, 169.9720966667], "luckyorange": [166.2945833333, 163.0577466667, 167.25207, 163.49504], "dwin1": [], "minutemedia-prebid": [59.4162633333, 66.4426066667, 63.10754, 64.6862733333], "disney-plus": [63.5685566667, 65.324217, 64.1310233333, 64.8112066667], "geoedge": [65.7532866667, 62.5267566667, 67.4860933333, 63.9718326667], "vivense": [161.9208633333, 172.61988, 163.918143, 168.5645866667], "bnbstatic": [165.1329566667, 169.88097, 172.0112, 165.71665, 172.3184566667, 165.6587966667, 166.6629103333, 175.1097666667], "tmdb": [175.4360733333], "trackingplan": [163.4282133333, 171.462, 168.37825, 170.36472], "takvim": [62.7384366667, 66.2623, 58.0540193333, 22.1219166667, 61.1963], "persona": [175.258143, 165.8850833333, 165.8105866667, 168.92804], "vestel": [201.54588, 203.3315766667, 203.1425033333, 191.0402363333], "analyticahouse": [137.2057433333, 147.7171366667, 154.352457, 151.0918033333], "avantisvideo": [200.1486233333, 199.2256963333, 200.0492806667, 197.7296633333], "quantcount": [197.8466733333, 200.2626933333, 199.89834, 198.9133566667], "atv": [22.1219166667], "emarsys": [68.433737, 62.7248, 63.73306, 63.0769466667], "agkn": [166.3574633333, 165.4573166667, 168.3565366667, 172.4934693333], "ahaber": [22.1219166667], "dugout": [63.11181, 67.3348733333, 67.975543, 69.6257133333], "scorecardresearch": [149.1398, 138.9501903333, 140.0010933333, 139.51737], "intergient": [], "lottiefiles": [171.98493, 169.5570496667, 167.218923, 66.8038333333, 65.67887, 67.7126266667, 69.6606066667, 65.38129, 167.8336733333, 65.8529166667, 71.4683866667, 65.3545466667], "surveygizmo": [], "chartbeat": [163.50141], "commonservice": [56.40347, 63.821993, 63.5256, 63.4983133333], "oribi": [65.1901633333, 67.57623, 64.5366233333, 66.47998], "abtasty": [168.5534466667, 166.4322033333, 175.18348, 173.1311333333], "a2z": [], "polarbyte": [62.0224666667, 67.74052, 60.1684766667, 59.7905], "trtworld": [65.76264, 63.4059566667, 69.7719166667, 67.2706166667], "disquscdn": [67.4902266667, 65.39347, 68.5810566667, 64.99822], "usizy": [63.4531033333, 61.4529666667, 64.2944406667, 62.0425563333], "bazaarvoice": [75.1117333333, 71.9641466667, 69.4616266667, 74.448407], "sortext": [61.5607466667, 64.89787, 65.01309, 173.9442733333, 166.7085133333, 167.1831896667, 67.37151, 168.1887036667], "amazon-adsystem": [68.3428966667], "dotmetrics": [171.3925333333, 169.225406, 165.5729326667, 171.8951, 167.8274266667, 165.6760103333, 163.3872836667, 164.0202966667], "playwire": [200.15534, 194.423374, 193.77322, 190.4917966667], "segment": [176.1221166667], "adscale": [64.60649, 68.4127866667, 60.32002, 60.3273436667], "arcgisonline": [175.19291, 166.62928, 166.6057873333, 167.1591443333], "enthusiastgaming": [153.6768406667, 156.69592, 154.4134066667, 153.2324933333], "captcha-delivery": [67.3348733333, 65.71517, 67.7243633333, 62.1672033333], "profitwell": [171.728906, 165.4446703333, 166.4241233333, 170.6660433333], "intergi": [157.3311303333, 142.7813833333, 144.6069133333, 138.7441133333], "fotomac": [], "privacy-center": [162.669757, 168.7467333333, 173.3077833333, 173.1164166667], "dopingtech": [152.632, 154.4925866667, 153.3031, 150.821217], "riotgames": [60.5274126667, 64.65949, 67.74052, 61.4328903333], "telerik": [147.6823633333, 151.6154366667, 155.3520466667, 150.74232]}