{"roirevolution": [68.7411033333, 69.9672103333, 68.7248726667, 69.7656233333], "adsrvr": [86.9766393333], "zuimeitianqi": [82.0509696667, 64.6462766667, 65.1385133333, 66.3131733333], "jubnaadserve": [73.020494, 75.5295533333, 73.7073866667, 75.86733, 69.4968666667, 71.80464, 73.95167, 74.4896333333], "comm100": [64.6374633333, 67.7281636667, 69.5803206667, 71.7491466667], "opecloud": [69.8012763333, 71.8179233333, 73.05389, 69.9050333333], "saasexch": [73.6334033333, 68.2075766667, 69.0393466667, 69.82078, 75.83707, 72.6972066667, 69.8988073333, 69.8285766667, 69.433706, 74.8498466667, 67.4409133333, 73.76602], "binance": [], "mitula": [82.0333, 68.30747, 83.312503, 86.0013696667, 69.9784966667, 73.2760233333, 69.2720363333, 83.3378466667], "963bets10": [], "motorsport": [88.15622, 85.67397, 89.8833933333, 87.894426], "idefix": [71.2607033333, 67.4850333333, 67.6904436667, 66.7600963333], "motorsportnetwork": [61.8770533333, 57.1184, 64.0602466667, 61.3902166667], "sharethis": [73.6548433333, 83.4859733333, 70.793916, 80.92219, 70.8318333333, 89.0350066667, 73.97017, 80.00246], "clickcease": [74.3965833333, 72.8197633333, 75.5962633333, 72.2348633333], "tiqcdn": [89.0350066667, 79.58443, 84.6135366667, 82.822506], "a101": [], "optinly": [69.8494533333, 69.433706, 67.4953433333, 68.6581666667], "tmgrup": [67.4963766667, 69.4705766667, 67.3307636667, 74.5034836667, 87.7962866667, 71.7107933333, 70.6911236667, 87.7464566667, 67.3933033333, 71.7420836667, 68.7248726667, 69.9665533333, 81.7521666667, 71.7691473333, 68.0568836667, 67.6424266667, 82.5519666667, 69.46242, 68.4492566667, 75.2856933333], "aspor": [22.1219166667], "supsis": [71.3069696667, 73.0788363333, 69.9035866667, 67.80532], "adsafeprotected": [68.224046, 83.39109, 79.5698666667, 78.87908, 64.4151133333, 64.3649033333, 62.1826196667, 80.2368166667], "dr": [73.1157933333, 68.55787, 69.9784966667, 71.841297], "bamgrid": [83.39109, 89.8833933333, 65.335654, 83.3936266667, 86.39171, 85.4251733333, 83.41568, 82.1793333333], "gofun-arena": [67.4475933333, 73.0453066667, 71.82194, 73.05389], "yeniasir": [], "springserve": [87.6663666667, 87.7129766667, 85.4812993333, 86.65885], "tradingview": [69.4705766667, 69.82078, 66.17376, 85.67397, 90.2234966667, 69.46242, 85.7507436667, 69.8494533333, 69.781466, 69.1317433333, 82.2368666667, 71.7269733333], "improvedigital": [69.0100956667, 71.2062366667, 72.616163, 71.61159], "sabah": [85.4812993333, 80.2921966667, 22.1219166667, 85.9702866667, 80.2368166667], "optad360": [70.0717696667, 69.4705766667, 69.7656233333, 68.52038, 75.86733, 73.6157233333, 73.76602, 70.3816933333], "dynamicyield": [85.3907833333, 81.4932533333, 83.312503, 80.2368166667], "bynogame": [73.77858, 72.6972066667, 69.7454996667, 75.3418733333], "durationmedia": [69.7018866667, 67.3485696667, 69.83123, 68.4594496667], "imrworldwide": [69.939249, 86.57504, 61.518763, 84.3679466667], "netmera-web": [69.8285766667, 71.4551206667, 70.419457, 74.9097696667], "site24x7rum": [86.4143733333, 86.0013696667, 89.1264633333, 85.32484], "uidapi": [84.086037], "unblockia": [69.8534406667, 68.8158933333, 70.86673, 67.5767703333], "s-onetag": [84.0329833333, 81.7509233333, 79.43601, 66.6712496667], "truepush": [71.49561, 70.336486, 73.6157233333, 73.76602], "coinmarketcap": [80.62186, 68.4513266667, 66.6563326667, 72.0311066667, 72.657946, 67.5026366667, 73.9060366667, 67.7009233333, 69.7656233333, 73.281643, 69.9035866667, 69.86968, 83.3375066667, 71.7047563333, 72.7008696667, 78.87908, 85.3907833333, 85.115026, 73.77574, 69.0393466667, 68.43157, 72.9499366667, 74.1894133333, 77.26153, 70.78184, 68.578437, 89.58374, 84.9601296667], "cronitor": [84.0437176667, 66.7649433333, 64.47046, 71.2464033333], "luckyorange": [85.3907833333, 84.5810436667, 89.1264633333, 85.5138793333], "dwin1": [], "minutemedia-prebid": [74.0723533333, 71.3141, 71.2062366667, 70.70044], "disney-plus": [67.4475933333, 73.2182066667, 66.06934, 69.988843], "geoedge": [89.64046, 82.8548236667, 85.4252766667, 84.6376], "vivense": [68.7076536667, 68.6382766667, 69.5803206667, 69.9050333333], "bnbstatic": [73.6548433333, 68.0568836667, 72.4824096667, 66.06934, 72.0851436667, 74.029817, 66.4806496667, 70.7936836667], "tmdb": [56.19371], "trackingplan": [], "takvim": [70.0717696667, 68.50608, 68.605563, 69.0196033333], "persona": [68.35359, 74.1031133333, 71.6909473333, 76.091417], "vestel": [71.7262566667, 69.4755466667, 73.2760233333, 71.2607033333], "analyticahouse": [83.4788, 85.67397, 82.8548236667, 85.5138793333], "avantisvideo": [83.3775703333, 88.2869566667, 85.0852193333, 85.4812993333], "quantcount": [64.5157933333, 64.93138, 69.7656233333, 71.7262566667], "atv": [], "emarsys": [68.6095363333, 69.781466, 70.03589, 69.4235566667], "agkn": [82.0509696667, 64.47046, 83.1269666667, 85.305343], "ahaber": [22.1219166667], "dugout": [84.458917, 68.670643, 81.8938333333, 85.4251733333], "scorecardresearch": [68.52038, 71.678097, 68.7248726667, 68.5421166667], "intergient": [73.2049833333, 71.1853933333, 68.4780033333, 68.0568836667], "lottiefiles": [71.7886166667, 75.478974, 66.69341, 81.8002933333, 67.5842366667, 82.03704, 71.1598166667, 73.25972], "surveygizmo": [75.6735433333, 73.63333, 71.9666823333, 74.2119836667], "chartbeat": [71.6638333333], "commonservice": [74.2729666667, 77.81389, 73.5645096667, 74.5685463333], "oribi": [69.14322, 69.4285866667, 64.6880766667, 62.200854], "abtasty": [66.7142933333, 78.0486466667, 79.4278666667, 66.6712496667], "a2z": [], "polarbyte": [71.3069696667, 69.46298, 73.05389, 69.4252], "trtworld": [67.3556333333, 67.26849, 73.0453066667, 69.46298], "disquscdn": [86.39171, 85.67397, 79.5698666667, 86.65885], "usizy": [68.9065563333, 69.2720363333, 68.39495, 68.8090233333], "bazaarvoice": [73.262103, 68.7399976667, 69.87118, 71.7269733333], "sortext": [83.1518466667, 81.8038, 80.62186, 84.0860333333], "amazon-adsystem": [71.6226866667], "dotmetrics": [71.1786833333, 74.5685463333, 69.1317433333, 68.7006636667, 73.1157933333, 74.2729666667, 71.2607033333, 71.80464], "playwire": [75.6735433333, 74.9535466667, 68.7891733333, 74.2955766667], "segment": [68.4145133333], "adscale": [84.3679466667, 85.2300366667, 81.8038, 83.2222366667], "arcgisonline": [], "enthusiastgaming": [73.3173963333, 73.9060366667, 71.9689166667, 70.38369], "captcha-delivery": [65.9589866667, 81.93849, 65.3395533333, 66.69341], "profitwell": [67.26849, 67.6098366667, 73.05389, 69.4341896667], "intergi": [72.9499366667, 68.6063903333, 73.0887, 68.87359], "fotomac": [], "privacy-center": [72.2538133333, 75.478974, 72.1666633333, 71.6742933333], "dopingtech": [75.1951366667, 71.80464, 74.2119836667, 70.7186326667], "riotgames": [], "telerik": [69.7520533333, 69.7989133333, 66.5853466667, 69.40985]}