{"roirevolution": [221.6432733333, 224.8910133333, 218.2365333333, 231.0281303333], "adsrvr": [217.70504], "zuimeitianqi": [223.5455703333, 217.1465926667, 220.8740896667, 228.2790236667], "jubnaadserve": [220.6181233333, 224.08218, 228.8439766667, 226.4906833333, 225.1352966667, 220.3085663333, 230.3370436667, 229.1840433333, 218.021394, 228.29701, 227.1428666667, 214.8172903333], "comm100": [220.0507, 231.983883, 228.1872633333, 218.4692566667], "opecloud": [219.1838733333, 226.5365533333, 228.4546766667, 227.54769], "saasexch": [224.6649496667, 221.16446, 224.7751066667, 228.1769733333, 220.83167, 226.4465833333, 219.3666333333, 233.49605], "binance": [], "mitula": [230.1062233333, 219.7780836667, 230.5177833333, 220.5256466667, 221.1428533333, 223.5720166667, 232.04691, 216.59645], "963bets10": [], "motorsport": [220.2890733333, 230.0631763333, 228.4004833333, 229.1874133333], "idefix": [60.6514533333, 56.8363336667, 61.83681, 60.8949896667], "motorsportnetwork": [231.6709233333, 216.8514133333, 223.140734, 218.9234563333], "sharethis": [220.72936, 218.16422, 221.726903, 222.7435166667, 220.0507, 218.61997, 222.1700933333, 219.0350533333], "clickcease": [223.6232533333, 221.4071926667, 226.8637003333, 224.81207], "tiqcdn": [], "a101": [], "optinly": [216.0003766667, 222.71211, 221.3229866667, 229.010643], "tmgrup": [62.0679806667, 67.5303033333, 221.9983466667, 68.4708066667, 224.56934, 233.4059763333, 227.7871966667, 216.91314, 219.9412206667, 233.8381166667, 225.1352966667, 64.4891366667, 221.7054796667, 219.515234, 231.8464906667, 226.9137833333], "aspor": [22.1219166667], "supsis": [227.4147666667, 228.1049576667, 230.7108666667, 227.36118], "adsafeprotected": [221.1276966667, 219.4329, 227.5829533333, 231.8464906667, 241.6946336667, 222.21526, 231.6537833333, 222.7046066667], "dr": [59.9521766667, 61.6136766667, 60.9625133333, 61.81103], "bamgrid": [228.3764833333, 228.7163366667, 228.4205266667, 222.8049963333], "gofun-arena": [220.7236033333, 223.258505, 220.6368466667, 220.005257], "yeniasir": [], "springserve": [230.2583333333, 235.5643166667, 224.2724933333, 224.5577266667], "tradingview": [231.54516, 228.7163366667, 219.715343, 223.2674466667, 229.164997, 222.6937133333, 231.996977, 218.646], "improvedigital": [225.1583566667, 222.92338, 228.535183, 223.07429], "sabah": [56.8205436667, 61.7732333333, 61.8469623333, 64.12259], "optad360": [222.5028433333, 219.4237363333, 230.26627, 223.06593, 231.2444766667, 219.2710733333, 218.6929593333, 228.29701], "dynamicyield": [222.5337366667, 224.6168966667, 226.6048233333, 224.2724933333], "bynogame": [222.5587006667, 238.68546, 230.26627, 222.43706], "durationmedia": [225.1791533333, 227.8628733333, 228.3764833333, 224.2724933333], "imrworldwide": [], "netmera-web": [], "site24x7rum": [221.4071926667, 221.7826673333, 217.2785496667, 228.1769733333], "uidapi": [218.581813], "unblockia": [224.90605, 218.4809633333, 230.7424833333, 239.94382], "s-onetag": [226.20444, 223.282897, 224.1522636667, 215.0129133333], "truepush": [222.029817, 231.7608566667, 229.0283633333, 225.44124], "coinmarketcap": [226.8596333333, 224.2967033333, 231.6580433333, 231.00873, 230.1562166667, 219.98534, 222.0775533333, 213.8999033333, 216.2127866667, 218.8660133333, 218.021394, 226.0083156667, 219.1430366667, 225.60536, 228.68474, 230.70638, 225.6401133333, 222.7046066667, 223.485077, 219.638683, 219.64727, 219.2849866667, 224.548443, 226.9137833333], "cronitor": [231.4000133333, 218.55369, 213.3629033333, 223.2674466667], "luckyorange": [229.8463766667, 222.7098966667, 219.7520563333, 216.88486], "dwin1": [], "minutemedia-prebid": [224.2967033333, 219.6845866667, 214.3250633333, 217.0181133333], "disney-plus": [223.26614, 227.5688733333, 226.5365533333, 227.54769], "geoedge": [221.03203, 219.8115036667, 229.4898933333, 218.6929593333], "vivense": [224.08218, 218.1428763333, 224.579403, 223.94501], "bnbstatic": [228.2336933333, 222.7435166667, 214.3250633333, 234.24101, 219.209734, 243.5086366667, 228.3547466667, 222.9590366667], "tmdb": [217.2995566667], "trackingplan": [228.0176266667, 226.7235066667, 230.3906406667, 231.9025266667], "takvim": [61.6601066667, 22.1219166667, 61.1300966667, 57.8783666667, 60.8739466667], "persona": [243.5086366667, 221.10444, 223.7508533333, 220.0608433333], "vestel": [220.7236033333, 217.6061933333, 224.1522636667, 233.2206566667], "analyticahouse": [227.7871966667, 212.84972, 226.3194433333, 225.94409], "avantisvideo": [216.2951266667, 230.7747133333, 216.2161666667, 218.480177], "quantcount": [228.8566066667, 228.1650633333, 222.1700933333, 223.7501636667], "atv": [22.1219166667], "emarsys": [221.7565466667, 218.7068033333, 217.7104833333, 217.3222766667], "agkn": [225.9881666667, 216.1405793333, 228.7254533333, 216.9666], "ahaber": [22.1219166667], "dugout": [221.3474866667, 217.7795866667, 221.7363433333, 218.66328], "scorecardresearch": [218.50042, 221.6809473333, 222.2078866667, 219.32295], "intergient": [], "lottiefiles": [220.72936, 217.6818866667, 218.7949866667, 233.3725066667, 221.10444, 230.663974, 227.79753, 222.9590366667], "surveygizmo": [223.02006, 221.88735, 216.8610963333, 229.7614036667], "chartbeat": [234.6252166667], "commonservice": [], "oribi": [216.91314, 221.6809473333, 216.96514, 227.54769], "abtasty": [218.2786066667, 232.9031366667, 228.8439766667, 224.08218], "a2z": [], "polarbyte": [228.05657, 222.71211, 221.9983466667, 219.64727], "trtworld": [224.8408896667, 224.550107, 227.660803, 229.1840433333], "disquscdn": [63.723883, 70.1647933333, 61.9410266667, 63.844914], "usizy": [218.86515, 223.485077, 221.5532236667, 219.1838733333], "bazaarvoice": [225.539943, 231.8105303333, 224.9246156667, 226.8140333333], "sortext": [224.2917666667, 220.081757, 226.2950633333, 231.00873], "amazon-adsystem": [], "dotmetrics": [224.74536, 218.3501466667, 235.606426, 220.9646193333], "playwire": [225.2960436667, 229.8658166667, 227.47742, 228.5664733333], "segment": [216.2655933333], "adscale": [223.26614, 232.9031366667, 222.4675366667, 212.7645793333], "arcgisonline": [], "enthusiastgaming": [224.7561366667, 227.4041433333, 225.3222833333, 216.1310666667], "captcha-delivery": [233.5414833333, 237.91792, 219.0714006667, 231.0465066667], "profitwell": [231.2521533333, 218.7068033333, 228.813806, 227.2490066667], "intergi": [219.3335533333, 229.5047606667, 225.7672133333, 233.3725066667], "fotomac": [], "privacy-center": [], "dopingtech": [229.8463766667, 225.11153, 222.7098966667, 223.13816], "riotgames": [227.7508303333, 225.051814, 226.8596333333, 213.5406266667], "telerik": [222.3822033333, 231.479726, 229.0283633333, 217.64634]}