{"roirevolution": [69.1875733333, 26.0208966667, 59.4455566667, 27.0478233333], "adsrvr": [29.9357933333], "zuimeitianqi": [30.10314, 26.3822163333, 34.30109, 25.5763296667], "jubnaadserve": [29.1816133333, 30.662317, 34.8218, 77.0228366667, 27.1948333333, 75.50086, 26.89907, 74.29347, 29.82638, 80.1405533333, 30.9761066667, 27.72917], "comm100": [25.60231, 27.1948333333, 28.5719096667, 27.5441333333], "opecloud": [27.951856, 27.530943, 26.3819633333, 26.3809066667], "saasexch": [29.8846233333, 28.4660193333, 28.5328633333, 27.0701966667, 56.7647873333, 28.18667, 28.63699, 57.54381, 60.8030033333, 58.97871, 42.4179866667, 28.3775406667], "binance": [], "mitula": [25.4905726667, 68.30747, 63.7447833333, 31.15657, 69.9784966667, 31.7534966667, 73.2760233333, 69.2720363333], "963bets10": [], "motorsport": [26.04212, 27.26982, 26.8484933333, 31.135783], "idefix": [29.215111, 26.61495, 25.6461526667, 28.8999966667], "motorsportnetwork": [48.1379366667, 50.7888326667, 52.96686, 50.7405566667], "sharethis": [28.99026, 27.482563, 26.4184033333, 31.135783, 25.8562, 27.6286303333, 26.8656666667, 30.8988833333], "clickcease": [27.1948333333, 30.9761066667, 27.28102, 28.8999966667], "tiqcdn": [27.5090466667, 30.080817, 26.5975696667, 26.9332433333], "a101": [], "optinly": [66.1076333333, 67.21948, 68.5843033333, 70.1234933333], "tmgrup": [30.9078433333, 67.87619, 25.5842, 25.6732, 29.21588, 26.4267533333, 27.903043, 30.1030166667, 31.9959266667, 29.5490466667, 29.6909, 27.4159533333, 29.0529833333, 29.8776066667, 31.0594, 28.4303733333, 29.6968366667, 28.3775406667, 73.42426, 27.8455666667], "aspor": [], "supsis": [73.839177, 76.2314433333, 75.69386, 75.502363], "adsafeprotected": [49.4687266667, 51.95113, 52.08359, 28.3592066667, 27.7397033333, 28.26369, 52.8326636667, 29.1125733333], "dr": [29.5490466667, 70.6660096667, 26.8692933333, 29.6495633333], "bamgrid": [83.39109, 89.8833933333, 65.335654, 83.3936266667, 86.39171, 85.4251733333, 83.41568, 82.1793333333], "gofun-arena": [27.26982, 31.2475303333, 30.7709766667, 29.4655833333], "yeniasir": [], "springserve": [26.3123866667, 63.7447833333, 28.7645563333, 26.3576166667], "tradingview": [29.215111, 26.2598566667, 29.5490466667, 71.69473, 68.4231866667, 28.83011, 69.4046233333, 67.4275166667, 29.4734, 29.0180296667, 67.5583466667, 28.4810333333], "improvedigital": [26.4184033333, 28.91119, 29.5448, 27.8623], "sabah": [27.5739866667, 28.331037, 29.7839566667, 28.8140406667], "optad360": [28.8140406667, 60.59404, 25.45358, 60.5584196667, 58.6842133333, 29.8776066667, 59.88568, 29.7447266667], "dynamicyield": [75.4267733333, 82.7574533333, 76.3449266667, 81.2748566667], "bynogame": [29.0180296667, 28.9601666667, 28.77697, 27.81295], "durationmedia": [49.96166, 52.7669033333, 50.7405566667, 51.7545933333], "imrworldwide": [26.50877, 25.978306, 29.3335566667, 27.4794436667], "netmera-web": [31.0821666667, 28.2169466667, 65.9454966667, 26.9477733333], "site24x7rum": [29.676313, 29.7447266667, 30.3237266667, 30.8988833333], "uidapi": [28.7966436667], "unblockia": [29.676313, 28.26369, 30.2185233333, 29.7839566667], "s-onetag": [27.49894, 26.8692933333, 26.5975696667, 73.42426], "truepush": [27.24087, 30.9064273333, 25.5763296667, 29.1816133333], "coinmarketcap": [49.6029733333, 55.1716933333, 59.8477126667, 28.8722806667, 30.96299, 28.090206, 27.96711, 26.5470866667, 25.6461526667, 27.0701966667, 25.60231, 69.999417, 34.30109, 58.49016, 48.0195666667, 28.4288133333, 27.5194, 27.5739866667, 50.9905466667, 25.7434433333, 28.35036, 27.93454, 56.6892633333, 31.9906066667, 27.5628633333, 60.8160033333, 28.8311666667, 56.6679866667, 30.8897126667, 73.42426], "cronitor": [31.9959266667, 28.5118496667, 73.42426, 25.6461526667], "luckyorange": [69.4150466667, 62.2171833333, 73.6988133333, 64.9048296667], "dwin1": [], "minutemedia-prebid": [30.8988833333, 28.0162393333, 29.7839566667, 29.5932733333], "disney-plus": [28.4836133333, 30.1284533333, 26.3631533333, 63.5863033333], "geoedge": [30.9078433333, 27.1948333333, 28.5118496667, 29.3335566667], "vivense": [70.0766566667, 70.3401533333, 68.409983, 62.1278], "bnbstatic": [59.0126933333, 63.01082, 60.687577, 69.4046233333, 29.5453433333, 66.7578333333, 59.7261433333, 27.5441333333], "tmdb": [69.1875733333, 65.9454966667, 28.5719096667, 28.1625533333], "trackingplan": [80.64792, 73.41643, 74.8303], "takvim": [26.5946703333, 27.4008733333, 28.5118496667, 27.96711], "persona": [77.8325133333, 76.4603496667, 77.6878926667, 74.46996], "vestel": [28.8722806667, 28.588603, 28.5721763333, 29.5448], "analyticahouse": [27.24087, 29.3077733333, 27.2131236667, 29.1816133333], "avantisvideo": [88.2869566667, 83.3775703333, 85.4812993333, 85.0852193333], "quantcount": [], "atv": [], "emarsys": [29.0180296667, 26.449086, 27.24729, 69.1875733333], "agkn": [69.1875733333, 31.0522733333, 28.9601666667, 28.8999966667], "ahaber": [22.1219166667], "dugout": [30.10314, 28.8311666667, 26.0838563333, 30.2185233333], "scorecardresearch": [26.2598566667, 30.1030166667, 68.07791, 27.9681666667], "intergient": [30.9064273333, 58.9101466667, 27.0075733333, 29.7839566667], "lottiefiles": [28.4858096667, 27.26982, 29.4655833333, 28.91119, 27.0478233333, 28.4179236667, 28.1953066667, 28.8999966667], "surveygizmo": [28.195217, 67.87619, 31.2475303333, 26.3819633333], "chartbeat": [27.8436796667], "commonservice": [61.8845896667, 66.2528766667, 61.0041833333, 67.7640566667], "oribi": [51.16706, 55.1716933333, 49.6737406667, 50.7048266667], "abtasty": [26.3123866667, 28.3783033333, 28.36614, 26.7386133333], "a2z": [], "polarbyte": [27.5090466667, 27.93454, 25.4781966667, 30.9913206667], "trtworld": [26.3201133333, 28.7353966667, 31.2475303333, 27.2423666667], "disquscdn": [26.4184033333, 29.7495066667, 25.1071666667, 25.60576], "usizy": [28.0191066667, 27.2549, 28.3952126667, 27.8614533333], "bazaarvoice": [34.8218, 28.26369, 34.30109, 30.21723], "sortext": [28.9808703333, 66.2886833333, 68.1487963333, 29.3077733333, 28.3819366667, 70.0596006667, 67.8258933333, 66.7083733333], "amazon-adsystem": [48.5860466667], "dotmetrics": [78.7402533333, 31.0821666667, 67.36888, 24.95543, 70.6660096667, 73.1203366667, 82.6280666667, 82.1824633333], "playwire": [29.533114, 28.3952126667, 29.4538033333, 29.6814696667], "segment": [68.4145133333], "adscale": [29.0637233333, 29.1175233333, 28.464857, 27.82871], "arcgisonline": [63.2103366667, 66.2886833333, 61.95127, 104.1382466667], "enthusiastgaming": [50.6393733333, 51.38233, 49.6737406667, 52.1063033333], "captcha-delivery": [28.9070133333, 28.195217, 29.2261766667, 27.951856], "profitwell": [61.30683, 61.3186233333, 62.1664236667, 64.5720133333], "intergi": [28.521997, 27.313866, 27.11744, 29.4538033333], "fotomac": [], "privacy-center": [28.6041733333, 24.95543, 29.4424163333, 28.8999966667], "dopingtech": [27.0478233333, 73.42426, 27.5441333333, 29.8627536667], "riotgames": [57.07958, 58.469343, 56.1430966667, 57.9863366667], "telerik": [27.1551633333, 25.6521363333, 27.313866, 26.4267533333]}