{"roirevolution": [69.1875733333, 26.0208966667, 59.4455566667, 27.0478233333], "adsrvr": [29.9357933333], "zuimeitianqi": [30.10314, 26.3822163333, 34.30109, 25.5763296667], "jubnaadserve": [29.215111, 30.662317, 34.8218, 29.1816133333, 25.5496873333, 27.1948333333, 29.5453433333, 26.89907, 29.8041333333, 29.82638, 30.9761066667, 27.72917], "comm100": [25.60231, 27.1948333333, 28.5719096667, 27.5441333333], "opecloud": [27.951856, 27.530943, 26.3819633333, 26.3809066667], "saasexch": [29.8846233333, 28.4660193333, 37.22894, 29.0529833333, 28.5328633333, 27.0701966667, 30.6700496667, 27.5739866667, 28.18667, 28.63699, 42.4179866667, 28.3775406667], "binance": [], "mitula": [30.662317, 63.7447833333, 31.15657, 31.7534966667, 29.5932733333, 33.14192, 25.4905726667, 26.4966566667], "963bets10": [], "motorsport": [26.04212, 27.26982, 26.8484933333, 31.135783], "idefix": [29.215111, 26.61495, 25.6461526667, 28.8999966667], "motorsportnetwork": [28.8686133333, 27.24729, 28.3775406667, 30.8897126667], "sharethis": [28.99026, 27.482563, 26.4184033333, 31.135783, 25.8562, 27.6286303333, 26.8656666667, 30.8988833333], "clickcease": [27.1948333333, 30.9761066667, 27.28102, 28.8999966667], "tiqcdn": [26.8844166667, 27.11083, 27.9154966667, 27.8623], "a101": [], "optinly": [29.6495633333, 30.9761066667, 69.15663, 27.4794436667], "tmgrup": [30.9078433333, 67.87619, 25.5842, 25.6732, 29.21588, 26.4267533333, 27.903043, 30.1030166667, 31.9959266667, 29.5490466667, 29.6909, 27.4159533333, 29.0529833333, 29.8776066667, 31.0594, 28.4303733333, 29.6968366667, 28.3775406667, 73.42426, 27.8455666667], "aspor": [22.1219166667], "supsis": [30.10314, 27.2601496667, 29.2620566667, 29.67864], "adsafeprotected": [29.8846233333, 28.2289066667, 27.0029466667, 28.3592066667, 27.7397033333, 26.0208966667, 28.26369, 29.1125733333], "dr": [29.5490466667, 70.6660096667, 29.6495633333, 26.8692933333], "bamgrid": [28.4858096667, 30.62838, 28.2289066667, 29.78868, 28.090206, 31.135783, 28.35036, 25.8562], "gofun-arena": [30.7709766667, 31.2475303333, 29.4655833333, 27.26982], "yeniasir": [22.1219166667], "springserve": [26.3123866667, 63.7447833333, 28.7645563333, 26.3576166667], "tradingview": [29.215111, 26.2598566667, 28.4810333333, 29.5490466667, 28.83011, 69.4046233333, 29.4734, 27.4794436667, 26.3595763333, 30.8897126667, 29.0180296667, 28.05395], "improvedigital": [26.4184033333, 28.91119, 29.5448, 27.8623], "sabah": [27.5739866667, 28.331037, 29.7839566667, 28.8140406667], "optad360": [26.2598566667, 28.4179466667, 28.4303733333, 28.8722806667, 29.7447266667, 25.45358, 29.8776066667, 28.8140406667], "dynamicyield": [28.91119, 28.55423, 26.3809066667, 27.2423666667], "bynogame": [29.0180296667, 28.9601666667, 28.77697, 27.81295], "durationmedia": [31.2475303333, 28.3597066667, 26.8656666667, 28.9084566667], "imrworldwide": [26.50877, 25.978306, 29.3335566667, 27.4794436667], "netmera-web": [31.0821666667, 28.2169466667, 65.9454966667, 26.9477733333], "site24x7rum": [29.676313, 29.7447266667, 30.3237266667, 30.8988833333], "uidapi": [28.7966436667], "unblockia": [29.676313, 28.26369, 30.2185233333, 29.7839566667], "s-onetag": [27.49894, 26.8692933333, 26.5975696667, 73.42426], "truepush": [29.1816133333, 30.9064273333, 27.24087, 25.5763296667], "coinmarketcap": [26.27681, 59.8477126667, 28.8722806667, 30.96299, 26.5223733333, 28.090206, 27.96711, 30.7788933333, 26.5470866667, 25.6461526667, 27.0701966667, 25.60231, 69.999417, 25.8562, 34.30109, 28.4288133333, 27.5194, 27.5739866667, 25.7434433333, 28.35036, 27.93454, 31.9906066667, 27.5628633333, 28.8311666667, 30.8897126667, 73.42426], "cronitor": [31.9959266667, 28.5118496667, 73.42426, 25.6461526667], "luckyorange": [31.9959266667, 31.0522733333, 26.449086, 29.81168], "dwin1": [], "minutemedia-prebid": [30.8988833333, 28.0162393333, 29.5932733333, 29.7839566667], "disney-plus": [28.4836133333, 30.1284533333, 26.3631533333, 63.5863033333], "geoedge": [30.9078433333, 27.1948333333, 28.5118496667, 29.3335566667], "vivense": [29.82638, 26.5975696667, 27.5441333333, 70.3648466667], "bnbstatic": [26.3339533333, 29.64206, 29.4761233333, 29.74812, 28.2945233333, 27.5068333333, 29.20012, 29.48135], "tmdb": [56.4678166667], "trackingplan": [29.81019, 25.6574633333, 28.99026, 27.1551633333], "takvim": [26.5946703333, 27.4008733333, 28.5118496667, 22.1219166667, 27.96711], "persona": [29.0529833333, 30.8988833333, 72.087237, 32.72361], "vestel": [28.8722806667, 28.588603, 28.5721763333, 29.5448], "analyticahouse": [27.24087, 29.1816133333, 29.3077733333, 27.2131236667], "avantisvideo": [26.6631233333, 25.6574633333, 27.2131236667, 27.72917], "quantcount": [67.8258933333, 26.0838563333, 26.6631233333, 27.7397033333], "atv": [], "emarsys": [29.0180296667, 26.449086, 27.24729, 69.1875733333], "agkn": [69.1875733333, 28.9601666667, 31.0522733333, 28.8999966667], "ahaber": [22.1219166667], "dugout": [30.10314, 28.8311666667, 26.0838563333, 30.2185233333], "scorecardresearch": [26.2598566667, 30.1030166667, 68.07791, 27.9681666667], "intergient": [27.0075733333, 30.9064273333, 58.9101466667, 29.7839566667], "lottiefiles": [28.4858096667, 27.26982, 29.4655833333, 28.91119, 27.0478233333, 28.4179236667, 28.1953066667, 28.8999966667], "surveygizmo": [28.195217, 67.87619, 31.2475303333, 26.3819633333], "chartbeat": [27.8436796667], "commonservice": [25.4094993333, 63.7447833333, 31.2475303333, 27.9681666667], "oribi": [28.9402266667, 28.7353966667, 24.9983763333, 31.880506], "abtasty": [26.3123866667, 28.3783033333, 28.36614, 26.7386133333], "a2z": [], "polarbyte": [27.5090466667, 27.93454, 25.4781966667, 30.9913206667], "trtworld": [28.7353966667, 26.3201133333, 31.2475303333, 27.2423666667], "disquscdn": [31.9959266667, 31.0522733333, 68.9528333333, 26.4204933333], "usizy": [28.3952126667, 27.2549, 28.0191066667, 27.8614533333], "bazaarvoice": [34.8218, 30.21723, 34.30109, 28.26369], "sortext": [28.3819366667, 67.8258933333, 28.9808703333, 29.3077733333], "amazon-adsystem": [26.92907], "dotmetrics": [31.0821666667, 26.5946703333, 67.36888, 27.28102, 24.95543, 70.6660096667, 29.5453433333, 26.89907], "playwire": [29.533114, 28.3952126667, 29.4538033333, 29.6814696667], "segment": [25.7935503333], "adscale": [29.0637233333, 27.82871, 28.464857, 29.1175233333], "arcgisonline": [28.4836133333, 29.6380866667, 29.533114, 30.8988833333], "enthusiastgaming": [29.0607933333, 30.069866, 28.9448096667, 28.4810333333], "captcha-delivery": [28.195217, 28.9070133333, 29.2261766667, 27.951856], "profitwell": [26.0208966667, 27.1948333333, 26.54327, 27.4008733333], "intergi": [28.521997, 27.313866, 27.11744, 29.4538033333], "fotomac": [], "privacy-center": [28.6041733333, 29.4424163333, 24.95543, 28.8999966667], "dopingtech": [73.42426, 27.5441333333, 27.0478233333, 29.8627536667], "riotgames": [28.26369, 28.9808703333, 27.903043, 27.72917], "telerik": [25.6521363333, 27.313866, 26.4267533333, 27.1551633333]}