{"revotas": [198.6268726667], "msecnd": [197.1462], "cms-twdigitalassets": [210.17038], "cookieinformation": [198.6268726667], "twimg": [208.2676166667, 226.01654], "msftauth": [199.187954], "linkedin": [187.4994333333, 186.3194866667], "twitter": [207.3716033333], "licdn": [216.1937933333], "yotpo": [199.2307496667], "mindbehind": [198.6268726667], "jwplayer": [205.795823]}