{"revotas": [58.3405933333], "msecnd": [56.8447966667, 51.73082], "cms-twdigitalassets": [54.6075033333], "cookieinformation": [58.3405933333], "twimg": [51.5011933333, 63.6779033333, 52.847897], "msftauth": [57.1228733333], "linkedin": [75.0703133333, 75.7441733333], "twitter": [56.1221866667], "licdn": [75.0703133333, 75.7441733333], "yotpo": [57.6321733333], "mindbehind": [58.3405933333], "jwplayer": [51.9612636667]}