{"cdnst": [52.0676066667], "redd": [66.6556366667, 51.2984176667], "sentry-cdn": [53.77396, 57.619153, 52.488814, 53.4396836667], "klaviyo": [74.48298, 52.1880473333, 57.4815333333], "pinterest": [65.4714, 19.661443], "github": [140.6097566667, 52.2882333333, 60.4856866667, 52.7353366667, 60.3737733333, 56.516803], "disqus": [60.6525873333, 78.885903], "githubusercontent": [53.67186, 56.5406066667, 51.368457, 54.6562126667], "adnxs": [65.5449166667], "euronews": [74.48298, 57.4815333333], "taboola": [55.0027066667, 64.6104096667, 75.7580566667, 55.5227733333], "decathlon": [52.4893866667, 49.57995], "prismic": [58.1596133333], "bbc": [57.6988466667, 57.4132333333, 53.6749466667, 53.3968563333], "redditmedia": [54.1983366667, 54.5072733333, 57.8584496667, 51.2984176667, 53.1592433333, 55.5779366667], "newrelic": [74.0224633333], "ebayimg": [18.4383633333], "speedtest": [53.4191266667, 53.47335, 57.6390933333, 57.5249933333, 57.597457, 53.3009], "globalsign": [18.1288133333, 19.1172666667], "speedtestcustom": [74.96614, 60.5953033333, 52.0676066667], "yottaa": [57.4815333333], "datas3ntinel": [74.83552], "cloudinary": [78.9072066667], "wistia": [61.3329266667], "reddit": [54.1983366667, 54.5072733333, 68.9937333333, 66.6556366667, 51.2984176667, 53.1592433333, 55.5779366667], "innogamescdn": [20.5431206667, 53.004777], "twimg": [59.3830866667, 51.5011933333], "jwpltx": [55.44539], "hubvisor": [50.20731], "mit": [53.6849433333, 57.4815333333, 53.4677533333, 57.4973333333, 57.621], "w-x": [74.48298, 52.1880473333], "twitchcdn": [52.2477166667], "zencdn": [71.7977233333], "polyfill": [54.34322, 53.2679166667, 55.37494, 54.3875366667, 71.2962866667], "redditstatic": [], "jwpsrv": [55.44539], "tacdn": [74.368057], "speedcurve": [52.1317333333], "paypal": [86.68584, 80.86196], "twitch": [52.391957, 50.5907726667, 52.2477166667, 53.4817733333, 53.5820566667], "scdn": [74.7838266667], "tripadvisor": [53.38473, 53.70988, 67.9760806667, 57.3976733333, 53.46352], "etsy": [53.6748363333, 53.4634066667, 57.6333133333, 57.8722166667], "everesttech": [53.0385233333], "jsdelivr": [77.0225273333], "imgix": [52.3495036667], "ssl-images-amazon": [25.7149866667], "vimeocdn": [67.07932, 53.004777], "githubassets": [60.51178, 58.60618, 53.294657, 53.45916], "ads-twitter": [61.9809466667], "media-amazon": [69.0030366667], "jwpcdn": [68.56326], "perfectmarket": [64.6104096667], "etsystatic": [18.7951033333, 19.6483303333], "stackoverflow": [55.6766266667, 54.2211933333, 52.26899, 57.4402166667], "ispot": [50.20731], "spotifycdn": [69.7536133333], "ebaystatic": [16.3984193333], "chartbeat": [76.6262333333], "boltdns": [75.8253133333], "sstatic": [55.6766266667, 54.2211933333, 52.26899, 57.4402166667]}