{"cdnst": [57.6390933333, 53.4191266667, 57.597457, 53.47335], "redd": [184.08607], "sentry-cdn": [53.77396, 57.619153, 52.488814, 53.4396836667], "klaviyo": [53.6849433333, 170.8785333333, 53.4677533333, 57.4973333333, 57.621], "pinterest": [254.8588133333, 53.6053066667, 57.6205633333, 51.925743, 257.30909, 53.5603166667], "github": [139.05808, 60.4856866667, 175.427, 52.7353366667, 60.3737733333, 56.516803], "disqus": [55.5645566667, 57.688097], "githubusercontent": [53.67186, 56.5406066667, 51.368457, 54.6562126667], "adnxs": [177.47382], "euronews": [53.6849433333, 53.4677533333, 57.621, 57.4973333333], "taboola": [54.39526, 183.1771266667, 53.2033036667, 54.2277103333, 53.19338], "decathlon": [52.4893866667, 49.57995], "prismic": [192.9069993333], "bbc": [57.6988466667, 57.4132333333, 53.6749466667, 53.3968563333], "redditmedia": [54.1983366667, 55.5779366667, 53.1592433333, 54.5072733333], "newrelic": [181.9972806667], "ebayimg": [304.9418366667], "speedtest": [53.4191266667, 53.47335, 57.6390933333, 191.322726, 57.597457, 171.1850766667], "globalsign": [18.1288133333, 19.1172666667], "speedtestcustom": [53.4191266667, 57.6390933333, 53.47335, 170.6424833333, 57.597457], "yottaa": [170.8785333333], "datas3ntinel": [53.2278103333, 55.1354433333, 54.27462, 55.533583], "cloudinary": [18.382974, 17.1788733333], "wistia": [], "reddit": [54.1983366667, 184.08607, 54.5072733333, 53.1592433333, 55.5779366667], "innogamescdn": [202.2434636667, 191.266], "twimg": [59.3830866667], "jwpltx": [181.482057], "hubvisor": [179.41508], "mit": [53.6849433333, 170.8785333333, 53.4677533333, 57.4973333333, 57.621], "w-x": [170.8785333333], "twitchcdn": [210.5952966667], "zencdn": [57.619153, 53.77396, 52.488814, 53.4396836667], "polyfill": [55.37494, 54.3875366667, 54.34322, 53.2679166667], "redditstatic": [], "jwpsrv": [54.3559533333, 55.23354, 54.3406266667, 55.41408], "tacdn": [57.3612366667, 51.7776166667, 50.5383896667, 54.49721], "speedcurve": [57.619153, 53.77396, 52.488814, 53.4396836667], "paypal": [86.68584, 80.86196], "twitch": [52.391957, 50.5907726667, 53.4817733333, 53.5820566667, 210.5952966667], "scdn": [208.43339], "tripadvisor": [53.38473, 53.70988, 181.8950466667, 57.3976733333, 53.46352], "etsy": [53.6748363333, 53.4634066667, 57.6333133333, 57.8722166667], "everesttech": [53.4270933333, 51.9390666667, 52.3210466667, 52.7118933333], "jsdelivr": [183.7793163333], "imgix": [192.9069993333], "ssl-images-amazon": [222.82375], "vimeocdn": [204.9945966667], "githubassets": [60.51178, 58.60618, 53.294657, 53.45916], "ads-twitter": [202.92561], "media-amazon": [54.3051166667, 55.2803733333, 55.3239606667, 54.2663433333], "jwpcdn": [54.3559533333, 55.23354, 54.3406266667, 55.41408], "perfectmarket": [183.1771266667], "etsystatic": [193.7646233333, 194.0609436667], "stackoverflow": [55.6766266667, 54.2211933333, 52.26899, 57.4402166667], "ispot": [53.2278103333, 55.1354433333, 54.27462, 55.533583], "spotifycdn": [204.0446896667], "ebaystatic": [190.55488], "chartbeat": [54.28099, 57.6897566667, 57.49012, 53.39022], "boltdns": [172.591657], "sstatic": []}