{"cdnst": [61.9472866667], "redd": [62.7792866667], "sentry-cdn": [53.4396836667, 57.619153, 52.488814, 53.77396], "klaviyo": [53.6849433333, 63.347209, 53.4677533333, 57.4973333333, 57.621], "pinterest": [75.3006766667, 66.0340443333], "github": [139.05808, 52.2882333333, 60.4856866667, 52.7353366667, 60.3737733333, 56.516803], "disqus": [55.5645566667, 57.688097], "githubusercontent": [53.67186, 56.5406066667, 51.368457, 54.6562126667], "adnxs": [59.457725, 54.4080366667, 54.345387, 55.0385866667], "euronews": [53.6849433333, 63.347209, 53.4677533333, 57.4973333333, 57.621], "taboola": [54.39526, 63.19445, 53.2033036667, 54.2277103333, 53.19338], "decathlon": [52.4893866667, 49.57995], "prismic": [62.9109766667], "bbc": [57.6988466667, 57.4132333333, 53.6749466667, 53.3968563333], "redditmedia": [54.1983366667, 54.5072733333, 62.7792866667, 53.1592433333, 55.5779366667], "newrelic": [62.98397], "ebayimg": [54.1365366667, 55.3479496667, 54.14582, 54.584363], "speedtest": [64.5754466667, 53.4191266667, 53.47335, 57.6390933333, 57.597457, 66.7381433333], "globalsign": [18.1288133333, 19.1172666667], "speedtestcustom": [53.4191266667, 57.6390933333, 53.47335, 61.9472866667, 57.597457], "yottaa": [53.6849433333, 53.4677533333, 57.621, 57.4973333333], "datas3ntinel": [64.5281766667], "cloudinary": [62.8516966667], "wistia": [63.0134836667], "reddit": [54.1983366667, 54.5072733333, 62.7792866667, 53.1592433333, 55.5779366667], "innogamescdn": [52.43592, 51.7706466667, 53.4171466667, 63.3677633333, 57.3521333333], "twimg": [59.3830866667, 51.5011933333], "jwpltx": [54.3559533333, 55.23354, 54.3406266667, 55.41408], "hubvisor": [64.5281766667], "mit": [53.6849433333, 53.4677533333, 57.621, 57.4973333333], "w-x": [53.6849433333, 53.4677533333, 57.621, 57.4973333333], "twitchcdn": [61.8758866667], "zencdn": [62.1753763333], "polyfill": [54.3875366667, 55.37494, 54.34322, 53.2679166667], "redditstatic": [], "jwpsrv": [54.3559533333, 55.23354, 54.3406266667, 55.41408], "tacdn": [57.3612366667, 51.7776166667, 50.5383896667, 54.49721], "speedcurve": [62.1753763333], "paypal": [86.68584, 80.86196], "twitch": [61.8758866667, 52.391957, 50.5907726667, 53.4817733333, 53.5820566667], "scdn": [61.77379], "tripadvisor": [63.0645503333, 53.38473, 53.70988, 57.3976733333, 53.46352], "etsy": [53.6748363333, 57.6333133333, 53.4634066667, 57.8722166667], "everesttech": [66.0799933333], "jsdelivr": [59.9873466667], "imgix": [62.9109766667], "ssl-images-amazon": [69.0077726667], "vimeocdn": [58.8973766667, 61.0683233333], "githubassets": [60.51178, 58.60618, 53.294657, 53.45916], "ads-twitter": [52.5992533333], "media-amazon": [54.3051166667, 55.2803733333, 55.3239606667, 54.2663433333], "jwpcdn": [54.3559533333, 55.23354, 54.3406266667, 55.41408], "perfectmarket": [63.19445], "etsystatic": [75.710577, 76.8997966667], "stackoverflow": [55.6766266667, 54.2211933333, 57.4402166667, 52.26899], "ispot": [64.5281766667], "spotifycdn": [57.03501], "ebaystatic": [79.8560333333], "chartbeat": [62.0394033333], "boltdns": [53.5641066667, 54.4547466667, 57.6498266667, 57.6674933333], "sstatic": [55.6766266667, 54.2211933333, 57.4402166667, 52.26899]}