{"google-analytics": [51.9088206667, 50.37425, 25.98557, 32.5978833333], "googlesyndication": [51.3024333333, 53.4726533333, 52.5164733333, 50.2595233333], "sefamerve": [27.943743, 24.6618633333], "ampproject": [51.6937436667, 52.8261873333, 56.4040533333], "bitmovin": [25.6550836667, 28.9007133333], "googleapis": [53.0866966667, 50.62251, 56.6545673333, 50.48291, 53.3488333333, 56.254646, 51.24322, 53.7303566667, 50.4267, 56.3087933333, 56.4320533333, 51.3890833333, 52.23974, 50.3960466667], "px-cloud": [23.5057366667], "sentry": [26.6708933333, 140.2458833333, 163.5276866667], "doubleclick": [53.4726533333, 50.564214, 58.03872, 50.9503233333, 60.9831333333, 52.6868233333, 59.1602466667, 50.177683, 59.7796273333, 50.4737033333], "33across": [23.47787, 29.78838], "media": [25.31014], "segmentify": [28.6606703333, 28.6702636667], "google": [29.6267666667, 50.9668466667, 50.4446066667, 59.6073636667, 25.5517466667, 66.31916, 56.6587933333, 25.2866066667, 51.77763, 52.1582303333, 52.1567023333, 50.5834266667, 53.4726533333, 50.40845, 51.8332, 52.72759, 60.4415233333, 50.3046366667, 49.49126, 60.0513633333, 51.9088206667, 52.2843566667, 61.1299963333, 59.7480776667, 31.6334166667], "sozcu": [20.2502763333, 19.1599696667, 25.3927763333, 20.1427976667], "gstatic": [50.20282, 50.62251, 59.3222803333, 50.2878066667, 51.9088206667, 51.6648333333, 51.77763, 53.71405], "mxpnl": [22.6118836667, 24.5376236667], "oremark": [26.6800333333], "poltio": [24.9152366667, 25.37148], "googlevideo": [57.9168033333, 63.40789, 62.5141, 69.0201733333, 51.6128333333, 64.044894], "alo-tech": [27.31066, 28.06337], "simpli": [146.5876896667, 141.4275, 141.4879466667], "luckyorange": [25.4217436667], "googleadservices": [53.4726533333, 50.9503233333], "jotform": [26.17943], "cookiespool": [24.1406563333], "vimeocdn": [24.1519533333], "nativendo": [25.4474133333], "wonderpush": [29.5900066667, 31.82109, 24.6618633333, 29.6931266667], "openx": [23.7190903333, 26.9006, 28.7033433333, 25.5607533333, 31.661523, 25.2995033333], "livesport": [32.35847], "admedo": [65.2090366667], "avads": [58.33408], "2mdn": [53.424043], "lcwaikiki": [29.5900066667, 24.6618633333, 29.6931266667], "lqm": [25.2916], "flashscore": [25.4926566667], "cbot": [154.6412966667, 149.1302033333], "y-track": [58.00021], "googleusercontent": [52.8261873333, 51.75335, 27.5151233333], "vimeo": [24.1519533333], "recaptcha": [50.20282], "datadome": [], "bc0a": [27.35663, 23.6472193333], "googletagmanager": [51.8377933333], "appspot": [50.6590006667, 50.3850333333, 56.522797], "emarsys": [23.4096833333], "cookieseal": [24.63906], "decathlon": [25.9644496667], "optimove": [27.4059933333], "morhipo": [23.5103], "rlcdn": [25.4231966667, 29.7739033333], "solvvy": [28.68432], "ml314": [25.78773], "permutive": [25.6283833333], "flo": [31.82109, 29.5900066667, 24.6618633333, 29.6931266667], "4dex": [26.5996933333], "youtube": [51.8332, 50.4446066667, 52.72759, 52.1567023333, 49.49126, 50.9668466667, 50.5834266667], "abtasty": [26.5943333333, 25.38438], "b0e8": [25.8932993333, 26.9006733333], "googleoptimize": [52.1567023333], "chess": [26.4102966667], "googletagservices": [], "viralize": [24.4804036667], "appmate": [26.7820133333], "brand-display": [25.6223303333], "vodafone": [25.0768566667], "bidence": [24.9634266667], "grumpydime": [32.4435963333], "beymen": [24.7828806667], "cloudfunctions": [23.5049466667], "parchedsofa": [25.0188496667], "instana": [26.9476666667, 24.2627266667], "perfdrive": [29.6255133333], "n11": [23.9607766667], "pghub": [27.0150733333], "livescore": [26.7540466667], "digitaleast": [26.8842236667], "ivitrack": [25.5004733333], "ctnsnet": [25.2660566667], "sift": [30.66277], "openxcdn": [29.61896], "creativecdn": [25.4155833333, 25.0217566667], "sporx": [64.5487133333], "scorenga": [28.6211833333], "mookie1": [31.4786836667], "spotify": [26.8216133333, 24.71054, 31.6772833333], "gitberry": [62.1032636667], "exitbee": [66.46725], "prmutv": [25.4077266667], "a101": [23.5103], "playground": [23.5077163333], "poki": [30.5860366667], "bugsnag": [26.8929833333], "arcelik": [23.5103], "hyundai": [], "ggpht": [50.923197], "mediamarkt": [23.5103], "px-client": [23.5057366667], "bit": [30.4656466667, 26.4282133333], "ytimg": [54.2218, 53.05978, 51.75335, 52.8607436667, 56.4313866667, 53.4508633333, 52.1567023333, 52.840217, 49.49126, 50.5834266667], "appconsent": [24.6549733333], "shopifysvc": [30.5798433333], "hexagon-analytics": [24.990977], "tapad": [26.9800273333, 25.4019566667], "archonunity": [167.47773], "smartclip": [27.1249066667], "blismedia": [24.7928266667], "tfla": [54.23001], "rtbhouse": [25.80194], "sgmntfy": [28.8591466667], "company-target": [27.0748766667], "pippio": [26.7754733333], "run": [25.5966633333, 26.01679, 23.5620466667, 24.7379636667], "bluecore": [54.23001], "freepik": [27.2431733333], "quantummetric": [], "withgoogle": [52.069109], "motorsport": [29.5900066667, 31.82109, 24.6618633333, 29.6931266667], "dominos": [31.82109, 29.5900066667, 24.6618633333, 29.6931266667], "udmserve": [25.4039873333], "rakuten": [23.6272903333, 23.5950233333], "loopme": [58.280743], "seedtag": [26.76465], "adhaven": [26.0537166667, 25.1231133333], "snapchat": [26.839263], "btloader": [23.5970766667], "yieldoptimizer": [30.5213503333], "mixpanel": [26.1823266667, 23.44336, 25.0901633333, 25.7536273333], "boyner": [23.5103], "captcha-delivery": [], "dopinghafiza": [27.943743], "blogspot": [50.923197]}