{"google-analytics": [74.1856333333, 77.860757, 75.1709133333, 80.69193, 79.7491733333, 25.98557, 32.5978833333, 77.4667636667, 79.931443], "googlesyndication": [75.4386166667, 73.5679233333, 76.1519066667, 75.589646, 74.97878, 77.5778066667, 77.167171, 75.9071963333, 76.0663963333, 74.7843666667, 73.6157666667, 79.7195266667, 79.9280033333, 75.5686233333, 72.67832], "sefamerve": [27.943743, 24.6618633333], "ampproject": [76.1519066667, 75.589646, 77.5778066667, 74.8512166667, 79.69969, 79.9280033333, 74.7851833333], "bitmovin": [25.6550836667, 28.9007133333], "googleapis": [75.3605533333, 75.3700966667, 73.69394, 80.7260866667, 75.7025563333, 74.4433, 81.6810696667, 75.6154103333, 74.2694866667, 77.67849, 76.7285296667, 77.8536236667, 77.5083566667, 73.705063, 75.8031466667, 75.66651, 75.5268, 75.6603963333, 75.83518, 75.6737733333, 75.72297, 79.7665933333, 75.3416566667, 75.1454033333, 75.4691963333, 79.6508366667], "px-cloud": [23.5057366667], "sentry": [26.6708933333, 140.2458833333, 163.5276866667], "doubleclick": [73.6465636667, 73.7151066667, 77.756906, 79.7195266667, 76.0126333333, 75.7731023333, 80.7075333333, 78.7404766667, 74.7333733333, 74.97878, 81.6432033333, 73.6006866667, 75.4618433333, 75.508157, 73.8284833333, 74.8173793333, 75.0845933333, 73.67812, 72.67832, 77.9504066667, 79.91553, 73.5679233333, 76.0406643333, 77.167171, 75.1569436667, 75.34452, 76.8685296667, 73.8571126667, 73.6536903333, 72.7296133333, 75.4386166667, 76.0663963333, 75.9071963333, 79.8315533333, 79.71878, 72.7738533333, 74.3810496667], "33across": [23.47787, 29.78838], "media": [25.31014], "segmentify": [28.6606703333, 28.6702636667], "google": [75.0404466667, 73.5239766667, 74.30908, 76.4190896667, 82.5542533333, 74.79165, 75.5650133333, 76.28968, 74.1853033333, 76.76346, 73.61242, 73.71846, 74.2638296667, 74.2021, 73.6431066667, 136.07168, 74.1349496667, 75.82788, 73.8284833333, 77.5427466667, 79.79145, 73.5907833333, 73.6724366667, 79.727714, 75.4687566667, 73.53719, 75.1569436667, 75.3103503333, 76.7114833333, 76.4184333333, 74.1461633333, 77.167823, 75.56574, 75.1049033333, 76.9895266667, 73.94604, 74.6680333333, 77.0670266667, 73.5576666667, 75.97483, 73.681977, 73.5389466667, 76.9641333333, 73.6656033333, 77.9566, 74.8880333333, 73.71245, 74.590277, 79.8009333333, 77.9638233333, 75.30264, 76.0791266667, 73.6514103333, 79.7293733333, 72.62263, 79.71878, 77.5361806667, 72.8092366667, 74.9005033333, 74.65612, 79.7395933333, 75.6939366667, 74.23829, 76.806103, 76.17876, 75.2631296667, 75.48056, 75.9430233333, 75.272383, 77.6032336667, 75.0025866667, 75.27858, 75.63984, 73.6297163333, 74.0842866667, 76.0406643333, 74.8203963333, 75.569926, 74.1480903333, 74.66265, 76.9299766667, 75.1112366667, 82.671163, 80.6139133333, 74.73095, 76.9083533333, 79.6829833333], "sozcu": [25.3927763333, 18.1569533333, 16.4277496667], "gstatic": [74.1856333333, 60.04046, 73.6830866667, 77.860757, 76.0287066667, 75.53996, 78.6520833333, 75.1709133333, 76.9617993333, 80.69193, 79.8109033333, 79.7491733333, 77.7906966667, 74.16739, 74.3513666667, 75.035263, 77.4667636667, 75.60985], "mxpnl": [24.5376236667, 22.6118836667], "oremark": [26.6800333333], "poltio": [24.9152366667, 25.37148], "googlevideo": [57.9168033333, 63.40789, 62.5141, 69.0201733333, 51.6128333333, 64.044894], "alo-tech": [27.31066, 28.06337], "simpli": [239.8812066667, 245.9824733333, 239.7516976667], "luckyorange": [25.4217436667], "googleadservices": [73.6431066667, 73.6297163333, 73.94604, 72.8092366667], "jotform": [26.17943], "cookiespool": [24.1406563333], "vimeocdn": [24.1519533333], "nativendo": [25.4474133333], "wonderpush": [31.82109, 29.5900066667, 24.6618633333, 29.6931266667], "openx": [26.9006, 23.7190903333, 28.7033433333, 25.5607533333, 31.661523, 25.2995033333], "livesport": [32.35847], "admedo": [65.2090366667], "avads": [58.33408], "2mdn": [74.8173793333, 75.508157], "lcwaikiki": [29.5900066667, 24.6618633333, 29.6931266667], "lqm": [25.2916], "flashscore": [25.4926566667], "cbot": [154.6412966667, 149.1302033333], "y-track": [58.00021], "googleusercontent": [75.589646, 76.1519066667, 27.5151233333, 76.92124], "vimeo": [24.1519533333], "recaptcha": [77.7906966667], "datadome": [25.9724703333], "bc0a": [27.35663, 23.6472193333], "googletagmanager": [75.9859933333], "appspot": [74.595413, 75.9021233333, 74.25746, 75.6133533333, 74.178354], "emarsys": [23.4096833333], "cookieseal": [24.63906], "decathlon": [25.9644496667], "optimove": [27.4059933333], "morhipo": [23.5103], "rlcdn": [25.4231966667, 29.7739033333], "solvvy": [28.68432], "ml314": [25.78773], "permutive": [25.6283833333], "flo": [31.82109, 29.5900066667, 24.6618633333, 29.6931266667], "4dex": [26.5996933333], "youtube": [75.0751266667, 74.23829, 76.17876, 73.5239766667, 76.4190896667, 73.5576666667, 75.48056, 73.681977, 75.82788, 79.78023, 77.7977096667, 77.6032336667, 77.9566, 73.71245, 76.8224296667, 79.708906, 74.590277, 77.9638233333, 74.8203963333, 75.569926, 77.4600366667, 76.7114833333, 76.4184333333, 76.0791266667, 74.6736096667, 82.671163, 74.73095, 79.6829833333], "abtasty": [26.5943333333, 25.38438], "b0e8": [25.8932993333, 26.9006733333], "googleoptimize": [76.8010726667, 73.517706, 79.6642966667, 79.67948, 74.9361073333, 73.7643833333], "chess": [26.4102966667], "googletagservices": [], "viralize": [24.4804036667], "appmate": [26.7820133333], "brand-display": [25.6223303333], "vodafone": [25.0768566667], "bidence": [24.9634266667], "grumpydime": [32.4435963333], "beymen": [24.7828806667], "cloudfunctions": [23.5049466667], "parchedsofa": [25.0188496667], "instana": [26.9476666667, 24.2627266667], "perfdrive": [29.6255133333], "n11": [23.9607766667], "pghub": [27.0150733333], "livescore": [26.7540466667], "digitaleast": [26.8842236667], "ivitrack": [25.5004733333], "ctnsnet": [25.2660566667], "sift": [30.66277], "openxcdn": [29.61896], "creativecdn": [25.4155833333, 25.0217566667], "sporx": [64.5487133333], "scorenga": [28.6211833333], "mookie1": [31.4786836667], "spotify": [26.8216133333, 24.71054, 31.6772833333], "gitberry": [62.1032636667], "exitbee": [66.46725], "prmutv": [25.4077266667], "a101": [23.5103], "playground": [23.5077163333], "poki": [30.5860366667], "bugsnag": [26.8929833333], "arcelik": [23.5103], "hyundai": [], "ggpht": [104.6967966667], "mediamarkt": [23.5103], "px-client": [23.5057366667], "bit": [30.4656466667, 26.4282133333], "ytimg": [75.5619966667, 73.6882633333, 75.2631296667, 76.85245, 74.1349496667, 78.9783733333, 76.92124, 73.6656033333, 79.79145, 73.5907833333, 73.6724366667, 75.63984, 76.28968, 75.40571, 75.7944393333, 77.167823, 76.9895266667, 73.6447436667, 76.9083533333], "appconsent": [24.6549733333], "shopifysvc": [30.5798433333], "hexagon-analytics": [24.990977], "tapad": [26.9800273333, 25.4019566667], "archonunity": [167.47773], "smartclip": [27.1249066667], "blismedia": [24.7928266667], "tfla": [75.75842, 78.3221436667], "rtbhouse": [25.80194], "sgmntfy": [28.8591466667], "company-target": [27.0748766667], "pippio": [26.7754733333], "run": [25.5966633333, 26.01679, 23.5620466667, 24.7379636667], "bluecore": [81.7523966667], "freepik": [27.2431733333], "quantummetric": [], "withgoogle": [81.777763], "motorsport": [31.82109, 29.5900066667, 24.6618633333, 29.6931266667], "dominos": [29.5900066667, 31.82109, 24.6618633333, 29.6931266667], "udmserve": [25.4039873333], "rakuten": [23.6272903333, 23.5950233333], "loopme": [58.280743], "seedtag": [26.76465], "adhaven": [26.0537166667, 25.1231133333], "snapchat": [26.839263], "btloader": [23.5970766667], "yieldoptimizer": [30.5213503333], "mixpanel": [26.1823266667, 23.44336, 25.0901633333, 25.7536273333], "boyner": [23.5103], "captcha-delivery": [25.3102633333], "dopinghafiza": [27.943743], "blogspot": [118.8274466667]}