{"google-analytics": [402.4991966667, 407.6762333333, 25.98557, 32.5978833333], "googlesyndication": [407.14562, 404.94802, 404.0114033333, 408.9228726667, 400.8774766667], "sefamerve": [27.943743, 24.6618633333], "ampproject": [409.4279903333, 406.2336993333, 408.7682833333], "bitmovin": [25.6550836667, 28.9007133333], "googleapis": [404.8169266667, 403.8210733333, 407.7193606667, 406.8278333333, 407.23599, 408.98958, 409.37495, 408.770343, 404.13733, 408.31451, 409.743517, 407.346246, 536.00049, 403.43353, 407.85268, 409.514303, 405.848477, 406.8531703333, 403.67435, 410.6400133333, 409.000374, 409.7043266667, 409.0864266667, 405.9203033333, 406.21306, 407.6463673333, 406.33826, 533.0139533333, 409.3769166667, 410.01964, 408.2743163333, 403.9814466667, 407.2807166667, 405.5268833333, 411.9314933333, 348.75028, 405.8309133333, 402.5829133333, 409.8724266667, 404.9916, 411.24056, 405.4814133333, 540.85957, 408.4119, 406.1395666667, 414.0404903333, 409.466153, 409.0763866667], "px-cloud": [23.5057366667], "sentry": [26.6708933333, 140.2458833333, 163.5276866667], "doubleclick": [404.6449633333, 404.94802, 408.7365733333, 408.1442563333, 353.3728103333, 403.6114496667, 404.8651866667, 403.9143133333, 345.8869833333, 406.0698033333, 347.5008466667, 348.5758533333, 404.46456, 408.1163566667], "33across": [23.47787, 29.78838], "media": [25.31014], "segmentify": [28.6606703333, 28.6702636667], "google": [406.5662956667, 404.9267333333, 345.8838166667, 29.6267666667, 412.3289066667, 406.346006, 346.33496, 405.3067033333, 25.5517466667, 411.532643, 407.37978, 405.6935296667, 406.4168333333, 25.2866066667, 407.4638, 405.53326, 403.6303366667, 404.71715, 347.6774466667, 403.470374, 346.9549033333, 406.61418, 405.87377, 347.2400933333, 404.8651866667, 409.9573633333, 410.572723, 406.1033566667, 352.037986, 410.79381, 411.69974, 405.65646, 31.6334166667], "sozcu": [20.2502763333, 19.1599696667, 25.3927763333, 20.1427976667], "gstatic": [407.5310866667, 409.9477233333, 407.7825333333, 24.06718, 408.452034, 406.7034296667, 408.5362696667, 405.93326], "mxpnl": [24.5376236667, 22.6118836667], "oremark": [26.6800333333], "poltio": [24.9152366667, 25.37148], "googlevideo": [57.9168033333, 63.40789, 62.5141, 69.0201733333, 51.6128333333, 64.044894], "alo-tech": [27.31066, 28.06337], "simpli": [239.8812066667, 245.9824733333, 239.7516976667], "luckyorange": [25.4217436667], "googleadservices": [407.14562, 403.9143133333], "jotform": [26.17943], "cookiespool": [24.1406563333], "vimeocdn": [24.1519533333], "nativendo": [25.4474133333], "wonderpush": [29.5900066667, 31.82109, 24.6618633333, 29.6931266667], "openx": [23.7190903333, 26.9006, 28.7033433333, 25.5607533333, 31.661523, 25.2995033333], "livesport": [32.35847], "admedo": [274.306723], "avads": [58.33408], "2mdn": [408.7365733333], "lcwaikiki": [29.5900066667, 24.6618633333, 29.6931266667], "lqm": [25.2916], "flashscore": [25.4926566667], "cbot": [154.6412966667, 149.1302033333], "y-track": [58.00021], "googleusercontent": [405.2982466667, 411.0090533333, 27.5151233333], "vimeo": [24.1519533333], "recaptcha": [409.9477233333], "datadome": [], "bc0a": [27.35663, 23.6472193333], "googletagmanager": [406.70754], "appspot": [406.62953, 414.1651266667, 407.4957733333, 403.47887, 405.2315333333], "emarsys": [23.4096833333], "cookieseal": [24.63906], "decathlon": [25.9644496667], "optimove": [27.4059933333], "morhipo": [23.5103], "rlcdn": [25.409147, 24.4618433333], "solvvy": [28.68432], "ml314": [25.78773], "permutive": [25.6283833333], "flo": [31.82109, 29.5900066667, 24.6618633333, 29.6931266667], "4dex": [26.5996933333], "youtube": [404.9267333333, 412.5823733333, 412.3289066667, 406.346006, 405.4470333333, 408.5590566667, 411.532643, 407.37978, 403.0311566667, 405.6935296667, 404.4579566667, 406.34712, 403.6303366667, 404.7765966667, 406.1167133333, 411.5777666667, 408.5013966667, 348.79376, 410.9790033333, 406.3781133333, 409.9573633333, 412.2407566667, 410.572723, 404.2915533333, 406.1033566667, 406.8682466667, 404.5765903333, 534.1502836667, 411.69974, 403.744291], "abtasty": [26.5943333333, 25.38438], "b0e8": [25.8932993333, 26.9006733333], "googleoptimize": [405.8371696667], "chess": [26.4102966667], "googletagservices": [], "viralize": [24.4804036667], "appmate": [26.7820133333], "brand-display": [25.6223303333], "vodafone": [25.0768566667], "bidence": [24.9634266667], "grumpydime": [32.4435963333], "beymen": [24.7828806667], "cloudfunctions": [23.5049466667], "parchedsofa": [25.0188496667], "instana": [26.9476666667, 24.2627266667], "perfdrive": [29.6255133333], "n11": [], "pghub": [27.0150733333], "livescore": [26.7540466667], "digitaleast": [], "ivitrack": [25.5004733333], "ctnsnet": [25.2660566667], "sift": [30.66277], "openxcdn": [29.61896], "creativecdn": [25.4155833333, 25.0217566667], "sporx": [64.5487133333], "scorenga": [28.6211833333], "mookie1": [31.4786836667], "spotify": [26.8216133333, 24.71054, 31.6772833333], "gitberry": [62.1032636667], "exitbee": [66.46725], "prmutv": [25.4077266667], "a101": [23.5103], "playground": [23.5077163333], "poki": [30.5860366667], "bugsnag": [26.8929833333], "arcelik": [23.5103], "hyundai": [], "ggpht": [408.1554933333], "mediamarkt": [23.5103], "px-client": [23.5057366667], "bit": [30.4656466667, 26.4282133333], "ytimg": [407.51301, 405.825117, 533.9152033333, 407.36061, 405.2982466667, 406.346006, 406.3870466667, 412.5911833333, 406.1167133333, 403.6880326667, 403.6132166667, 405.904126, 407.7902933333, 407.0178866667, 406.2578933333, 407.3119333333, 403.2613833333, 408.3096266667, 403.744291], "appconsent": [24.6549733333], "shopifysvc": [27.1895503333], "hexagon-analytics": [24.990977], "tapad": [26.9800273333, 25.4019566667], "archonunity": [167.47773], "smartclip": [27.1249066667], "blismedia": [24.7928266667], "tfla": [410.7439833333, 403.6148833333], "rtbhouse": [25.80194], "sgmntfy": [28.8591466667], "company-target": [27.0748766667], "pippio": [26.7754733333], "run": [25.5966633333, 26.01679, 23.5620466667, 24.7379636667], "bluecore": [403.6148833333], "freepik": [27.2431733333], "quantummetric": [], "withgoogle": [407.8803366667], "motorsport": [31.82109, 29.5900066667, 24.6618633333, 29.6931266667], "dominos": [31.82109, 29.5900066667, 24.6618633333, 29.6931266667], "udmserve": [25.4039873333], "rakuten": [23.6272903333, 23.5950233333], "loopme": [58.280743], "seedtag": [26.76465], "adhaven": [26.0537166667, 25.1231133333], "snapchat": [26.839263], "btloader": [], "yieldoptimizer": [25.4014933333], "mixpanel": [26.1823266667, 25.7536273333, 23.44336, 25.0901633333], "boyner": [23.5103], "captcha-delivery": [], "dopinghafiza": [27.943743], "blogspot": [408.34149]}