{"mncdn": [270.8982766667], "defacto": [267.6032033333], "ntvspor": [267.6032033333], "hangikredi": [267.6032033333], "vodafone": [267.6032033333], "tatilbudur": [267.6032033333], "hemlak": [267.6032033333], "avansas": [267.6032033333], "carrefoursa": [], "yenisafak": [], "dygdigital": [267.6032033333], "hesapkurdu": [194.4067633333, 188.93692, 210.0996726667, 204.49878, 267.6032033333], "penti": [19.0384666667, 19.7017503333], "shbdn": [18.0389766667], "boyner": [267.6032033333], "saatvesaat": [267.6032033333], "e-devlet": [275.8790233333], "e-bebek": [267.6032033333], "dsmcdn": [267.6032033333], "startv": [267.6032033333], "sporx": [267.6032033333], "dolap": [267.6032033333], "rossmann": [267.6032033333], "ntv": [267.6032033333], "altinyildizclassics": [267.6032033333], "eba": [], "jollytur": [267.6032033333], "beymen": [267.6032033333], "piri": [], "hepsiburada": [291.26449, 289.7997103333], "patirti": [267.6032033333], "webaslan": [267.6032033333], "nefisyemektarifleri": [267.6032033333]}