{"mncdn": [], "defacto": [], "ntvspor": [], "hangikredi": [], "vodafone": [], "tatilbudur": [], "hemlak": [], "avansas": [], "carrefoursa": [], "yenisafak": [], "dygdigital": [], "hesapkurdu": [75.3514733333, 76.4258266667, 76.0443733333, 76.2730833333], "penti": [17.1964233333, 18.360666], "shbdn": [18.0389766667], "boyner": [], "saatvesaat": [], "e-devlet": [], "e-bebek": [], "dsmcdn": [], "startv": [], "sporx": [], "dolap": [], "rossmann": [], "ntv": [], "altinyildizclassics": [], "eba": [], "jollytur": [], "beymen": [], "piri": [], "hepsiburada": [22.2466736667, 17.2666236667, 22.1981833333, 22.259769, 19.4936636667, 22.1340233333, 16.7645933333, 22.2014763333, 22.1952833333], "patirti": [], "webaslan": [], "nefisyemektarifleri": []}