{"local": {"msecnd": [11.4528726667, 11.6102476667], "office365": [], "goto": [], "live": [13.0125453333, 13.0436113333, 13.6386023333, 13.319328, 13.615614], "dianomi": [12.842658, 11.6217423333], "statcounter": [12.567512, 12.818949]}, "diff_metro": {"msecnd": [11.4528726667, 11.6102476667], "office365": [], "goto": [], "live": [13.0125453333, 12.983526, 13.3271323333, 14.1148343333, 13.08215, 13.0436113333, 12.9346383333, 13.7886436667, 13.0974073333], "dianomi": [12.842658, 11.6217423333], "statcounter": [12.567512, 12.818949]}, "same_region": {"msecnd": [11.4528726667, 11.6102476667], "office365": [], "goto": [], "live": [28.734063, 13.0436113333, 30.7128903333, 30.317839, 29.2686736667], "dianomi": [12.842658, 11.6217423333], "statcounter": [12.567512, 12.818949]}, "neighboring_region": {"msecnd": [23.4343556667, 38.265869], "office365": [], "goto": [], "live": [13.0436113333], "dianomi": [12.842658, 11.6217423333], "statcounter": [12.567512, 12.818949]}}