{"google-analytics": [63.1034073333], "kora-star": [], "googlesyndication": [61.178791, 63.1034073333, 51.296156, 63.776922, 56.1195806667], "googleapis": [47.6775246667, 49.2692906667, 55.7125183333, 56.4703806667, 62.427192, 139.1038066667, 48.2124653333, 47.913273, 56.1022393333, 56.3230173333, 53.573434, 47.593464, 47.3734743333, 56.3246483333, 58.9496483333, 56.2062976667, 61.178791, 56.1195806667, 47.7311666667, 55.9405193333, 53.5692153333, 55.972981, 56.105229, 47.501163, 56.5059726667, 56.5236943333, 57.4541853333, 56.0719033333, 56.3065896667, 62.5867263333, 47.4775953333, 56.5495576667, 47.5922946667, 47.786002, 63.776922, 56.3650443333, 55.8998243333, 56.503689, 47.6648526667, 63.0615436667, 55.662667, 48.257112, 47.3431853333, 47.439885, 138.6919283333, 56.839615, 47.6835123333, 56.0290146667, 139.3326246667, 62.9366416667, 49.0241573333, 63.1034073333, 58.8345696667, 47.657025, 55.8228773333, 55.7575113333, 47.640617, 48.029998, 63.149843, 56.2246203333, 55.832999, 47.637907], "sentry": [48.2184746667, 157.7001723333], "33across": [63.1034073333], "media": [63.776922, 63.1034073333, 56.1195806667], "digitaleast": [47.339428], "google": [56.0729253333, 56.163198, 56.2701116667, 47.8544533333, 47.83167, 56.1195806667, 56.1333283333, 135.0531926667, 139.614838, 63.776922, 135.3210846667, 56.6550263333, 135.348798, 56.1533446667, 47.367642, 56.4393146667, 135.4782363333, 55.8923023333, 135.376208, 138.5803896667, 138.2593973333, 47.313745, 47.4520633333, 63.1034073333, 138.0028573333, 48.9510466667, 47.681248, 138.857176, 138.853474, 135.107014, 47.5998086667, 138.5497243333], "visualwebsiteoptimizer": [63.1034073333], "gstatic": [63.2125883333, 56.0995396667, 63.1034073333, 56.2860386667, 138.5606506667, 56.2292723333], "mxpnl": [51.296156, 56.1195806667, 63.776922], "consentag": [51.2410746667], "simpli": [63.1034073333], "googleadservices": [61.178791, 51.296156, 63.1034073333], "doubleclick": [63.776922, 51.296156, 63.1034073333, 56.1195806667], "americaneagle": [47.438441, 47.5270316667, 48.0719546667, 47.9067845], "vimeocdn": [47.489268], "edkt": [48.0498783333], "mookie1": [63.1034073333, 56.1195806667, 63.776922], "mpokora-online": [56.157732], "openx": [61.178791, 63.1034073333, 51.296156, 63.776922, 56.1195806667], "live-kooora": [47.968278, 60.4866583333], "admedo": [51.296156, 56.1195806667, 63.776922], "geotargetly-api-1": [47.570256], "aboeldahab0": [47.5270316667, 47.438441, 48.0719546667, 47.9067845], "avads": [59.0762323333], "impactradius-event": [63.1034073333], "2mdn": [63.1034073333, 56.1195806667], "anonymised": [51.22248], "googleusercontent": [47.7198486667, 138.420406, 47.739901, 139.6829316667], "alkoora": [52.373754, 67.3800206667, 52.6261623333], "kampyle": [63.1034073333], "recaptcha": [139.0840496667], "googletagmanager": [63.1034073333], "pub": [63.1034073333], "to2": [51.70564], "ctnsnet": [63.1034073333], "googlevideo": [61.1920376667, 48.161982, 65.2875483333], "fullstory": [63.1034073333], "rlcdn": [63.1034073333, 56.1195806667], "pharmatop1": [189.4858596667], "mcusercontent": [47.6104666667], "dar-el3lm": [47.6545813333], "ampproject": [139.0840496667, 53.7625306667], "solvvy": [47.4890606667], "ml314": [63.1034073333], "permutive": [51.296156, 56.1195806667, 63.1034073333, 63.776922], "kooora-gooal": [56.157732], "4dex": [63.1034073333], "sojern": [63.776922], "dodystories": [47.5270316667, 47.438441, 48.0719546667, 47.9067845], "clean": [63.1034073333], "blogspot": [56.2892196667, 56.2047973333, 56.3950483333, 63.7514836667, 47.801752, 139.6829316667], "googleoptimize": [63.1034073333], "youtube": [48.161982, 48.3363286667, 56.2701116667, 47.8544533333, 47.83167, 56.1333283333, 55.9071653333, 47.5491493333, 139.614838, 56.1533446667, 47.367642, 55.8923023333, 56.41843, 138.5803896667, 55.8857936667, 56.4282436667, 138.0028573333, 47.681248, 47.9912363333, 138.853474, 47.6956366667], "chess": [47.678179], "googletagservices": [63.1034073333], "brand-display": [63.1034073333, 56.1195806667, 63.776922], "liveradiu": [47.5270316667, 47.438441, 48.0719546667, 47.9067845], "mawdoo3": [63.776922, 51.296156, 56.1195806667], "parchedsofa": [63.1034073333], "perfdrive": [61.178791, 63.1034073333], "appspot": [139.0396743333], "yallakora-live": [138.4166133333], "ivitrack": [63.1034073333], "live-kooora-tv": [56.157732], "openxcdn": [63.1034073333], "creativecdn": [63.776922, 63.1034073333, 56.1195806667], "scorenga": [48.6259556667], "id-ward": [51.22248], "360kora": [47.438441, 47.5270316667, 48.0719546667, 138.4166133333, 47.9067845], "eagllwin": [61.178791, 63.1034073333], "scarehome": [48.0719546667], "exitbee": [63.776922, 51.296156, 56.1195806667], "predictiondisplay": [63.1034073333], "prmutv": [48.6619], "3ssem": [47.5270316667, 48.0719546667, 47.438441, 138.4166133333, 47.9067845], "tappx": [63.1034073333, 63.776922], "poki": [49.5547536667], "bugsnag": [63.1034073333], "traidsoft": [47.5270316667, 47.438441, 48.0719546667, 47.9067845], "alarabiya": [65.7427023333], "ggpht": [56.1185106667], "deliil": [47.5270316667, 47.438441, 48.0719546667, 47.9067845], "sympl": [47.7359333333], "linksynergy": [47.700494], "myschool77": [47.438441, 47.5270316667, 48.0719546667, 47.9067845], "koooora-live": [138.4166133333], "forexpros": [62.4075486667], "dna-delivery": [], "aswpsdkus": [63.1034073333], "exponea": [63.1034073333], "blogger": [138.7258836667], "zakrolyup": [47.5270316667, 47.438441, 48.0719546667, 47.9067845], "shopifysvc": [63.1034073333], "indicative": [], "omar-yemen": [47.5270316667, 47.438441, 48.0719546667, 47.9067845], "net3arabi": [47.438441, 47.5270316667, 48.0719546667, 47.9067845], "tapad": [63.1034073333], "kwaiapps": [47.51109], "ytimg": [138.420406, 56.1333283333, 138.491212, 138.678924, 138.743811], "online-kora": [56.157732], "cloudfunctions": [48.5762606667], "blismedia": [51.296156, 56.1195806667, 63.776922], "rtbhouse": [48.0410796667], "uber": [47.4069853333], "unwieldyplastic": [47.4353056667], "pushalert": [63.1034073333], "px-cloud": [47.6479383333], "hm": [47.438441, 47.5270316667, 48.0719546667, 47.9067845], "wazaef4u": [47.438441, 47.5270316667, 48.0719546667, 47.9067845], "yieldscale": [63.776922, 51.296156, 56.1195806667], "youtube-nocookie": [47.5491493333], "company-target": [63.1034073333, 56.1195806667, 63.776922], "pippio": [63.1034073333], "tango": [47.5452263333, 47.8358866667], "ad-score": [56.1195806667, 63.776922], "freepik": [47.1958783333], "sportyalla-shoot-7sry": [56.579613], "withgoogle": [138.478163], "yalla-kora-online": [60.4569], "360koralive": [56.157732], "udmserve": [51.296156, 56.1195806667, 63.776922], "loopme": [63.776922, 51.296156, 56.1195806667], "affinity": [63.776922, 51.296156, 56.1195806667], "seedtag": [63.1034073333], "cryp2day": [47.438441, 47.5270316667, 48.0719546667, 47.9067845], "cognativex": [63.1034073333, 56.1195806667, 63.776922], "snapchat": [63.1034073333, 63.776922], "instana": [51.296156, 56.1195806667, 63.776922], "rdpnt": [47.6030543333], "btloader": [63.1034073333], "yieldoptimizer": [63.776922, 51.296156, 56.1195806667], "albayan": [63.1034073333], "nih": [51.2729266667], "unequaltrail": [47.3336346667], "yalla-shoot-as": [138.4166133333], "mbc": [47.438441, 47.5270316667, 48.0719546667, 47.9067845], "px-client": [47.6479383333], "mlzama": [47.438441, 47.5270316667, 48.0719546667, 47.9067845], "pageimprove": [47.489983], "browser-intake-us5-datadoghq": [47.72634], "symplr": [63.1034073333, 56.1195806667]}