{"google-analytics": [51.296156, 56.1195806667, 63.776922], "kora-star": [], "googlesyndication": [51.296156, 56.1195806667, 63.1034073333, 63.776922], "googleapis": [49.2692906667, 55.7125183333, 56.2363573333, 62.427192, 48.2124653333, 47.913273, 56.3246483333, 56.1195806667, 56.2062976667, 55.9405193333, 55.972981, 56.3065896667, 47.4089553333, 56.105229, 56.5236943333, 62.5867263333, 56.5495576667, 47.786002, 63.776922, 56.3650443333, 55.8998243333, 56.503689, 47.6648526667, 55.662667, 51.296156, 47.3431853333, 57.115573, 56.0290146667, 62.9366416667, 49.0241573333, 58.8345696667, 47.657025, 55.8228773333, 55.7575113333, 48.029998, 56.3230173333, 56.2246203333, 55.832999, 47.637907], "sentry": [48.2184746667, 157.7001723333], "33across": [51.296156, 56.1195806667, 63.776922], "media": [63.776922, 51.296156, 56.1195806667], "digitaleast": [47.339428], "google": [58.4919693333, 56.4034993333, 56.163198, 48.161982, 47.8544533333, 56.2701116667, 47.83167, 56.1195806667, 55.898107, 63.776922, 56.6550263333, 59.7841343333, 47.367642, 55.8923023333, 56.41843, 51.296156, 63.1379975, 58.8928896667, 47.4520633333, 59.5877593333, 58.719339, 48.9510466667, 47.9912363333, 47.5998086667, 58.9569323333], "visualwebsiteoptimizer": [51.296156, 56.1195806667, 63.776922], "gstatic": [47.4878026667, 63.2125883333, 55.9525623333, 48.3319033333, 56.5013156667, 47.787562, 51.296156, 63.776922, 56.1195806667], "mxpnl": [], "consentag": [51.2410746667], "simpli": [63.776922, 51.296156, 56.1195806667], "googleadservices": [51.296156, 56.1195806667, 63.776922], "doubleclick": [63.776922, 51.296156, 56.1195806667], "americaneagle": [], "vimeocdn": [], "edkt": [48.0498783333], "mookie1": [51.296156, 56.1195806667, 63.776922], "mpokora-online": [56.157732], "openx": [51.296156, 56.1195806667, 63.1034073333, 63.776922], "live-kooora": [], "admedo": [], "geotargetly-api-1": [], "aboeldahab0": [47.438441, 47.5270316667, 48.0719546667, 47.9067845], "avads": [59.0762323333], "impactradius-event": [51.296156, 56.1195806667, 63.776922], "2mdn": [51.296156, 56.1195806667], "anonymised": [], "googleusercontent": [56.6856373333, 47.7198486667, 56.3950483333], "alkoora": [52.373754, 67.3800206667, 52.6261623333], "kampyle": [63.776922, 51.296156, 56.1195806667], "recaptcha": [47.5264853333], "googletagmanager": [63.776922, 51.296156, 56.1195806667], "pub": [56.1195806667, 63.776922], "to2": [51.70564], "ctnsnet": [51.296156, 56.1195806667, 63.776922], "googlevideo": [61.1920376667, 65.2875483333], "fullstory": [63.776922, 51.296156, 56.1195806667], "rlcdn": [63.776922, 51.296156, 56.1195806667], "pharmatop1": [189.4858596667], "mcusercontent": [47.6104666667], "dar-el3lm": [47.6545813333], "ampproject": [56.1185106667, 48.9510466667], "solvvy": [47.4890606667], "ml314": [63.776922, 51.296156, 56.1195806667], "permutive": [51.296156, 56.1195806667, 63.776922], "kooora-gooal": [56.157732], "4dex": [51.296156, 56.1195806667, 63.776922], "sojern": [63.776922, 51.296156, 56.1195806667], "dodystories": [47.438441, 47.5270316667, 48.0719546667, 47.9067845], "clean": [63.776922, 51.296156, 56.1195806667], "blogspot": [56.1185106667, 47.801752], "googleoptimize": [51.296156, 56.1195806667, 63.776922], "youtube": [47.711413, 56.506777, 56.41843, 53.7202076667, 48.161982, 53.5341303333, 58.9206226667, 50.2466766667, 56.6550263333], "chess": [47.678179], "googletagservices": [63.776922, 51.296156, 56.1195806667], "brand-display": [], "liveradiu": [], "mawdoo3": [], "parchedsofa": [51.296156, 56.1195806667, 63.776922], "perfdrive": [63.776922, 51.296156, 56.1195806667], "appspot": [47.8314926667], "yallakora-live": [56.157732], "ivitrack": [63.776922, 51.296156, 56.1195806667], "live-kooora-tv": [], "openxcdn": [63.776922, 51.296156, 56.1195806667], "creativecdn": [51.296156, 56.1195806667, 63.776922], "scorenga": [48.6259556667], "id-ward": [], "360kora": [47.5270316667, 47.438441, 48.0719546667, 56.157732, 47.9067845], "eagllwin": [63.776922, 51.296156, 56.1195806667], "scarehome": [48.0719546667], "exitbee": [], "predictiondisplay": [51.296156, 56.1195806667, 63.776922], "prmutv": [48.6619], "3ssem": [47.438441, 47.5270316667, 48.0719546667, 56.157732, 47.9067845], "tappx": [51.296156, 56.1195806667, 63.776922], "poki": [49.5547536667], "bugsnag": [63.776922, 51.296156, 56.1195806667], "traidsoft": [47.5270316667, 47.438441, 48.0719546667, 47.9067845], "alarabiya": [65.7427023333], "ggpht": [], "deliil": [], "sympl": [], "linksynergy": [], "myschool77": [47.438441, 47.5270316667, 48.0719546667, 47.9067845], "koooora-live": [56.157732], "forexpros": [62.4075486667], "dna-delivery": [], "aswpsdkus": [51.296156, 56.1195806667, 63.776922], "exponea": [63.776922, 51.296156, 56.1195806667], "blogger": [56.3571583333], "zakrolyup": [47.5270316667, 47.438441, 48.0719546667, 47.9067845], "shopifysvc": [], "indicative": [], "omar-yemen": [47.438441, 47.5270316667, 48.0719546667, 47.9067845], "net3arabi": [47.438441, 47.5270316667, 48.0719546667, 47.9067845], "tapad": [], "kwaiapps": [47.51109], "ytimg": [47.6169696667, 56.023167, 47.9700593333, 47.4408766667, 47.5428466667, 47.6275936667, 56.4125726667, 57.0941506667, 47.8357083333, 55.7431133333, 48.1111556667, 47.7789173333, 55.9681376667, 56.6522335, 47.7685863333, 47.6057683333, 56.240716], "online-kora": [56.157732], "cloudfunctions": [48.5762606667], "blismedia": [], "rtbhouse": [48.0410796667], "uber": [], "unwieldyplastic": [], "pushalert": [51.296156, 56.1195806667, 63.776922], "px-cloud": [47.6479383333], "hm": [], "wazaef4u": [47.438441, 47.5270316667, 48.0719546667, 47.9067845], "yieldscale": [], "youtube-nocookie": [47.5491493333], "company-target": [], "pippio": [51.296156, 63.776922], "tango": [47.8358866667], "ad-score": [63.776922, 51.296156, 56.1195806667], "freepik": [47.1958783333], "sportyalla-shoot-7sry": [56.157732], "withgoogle": [53.644306], "yalla-kora-online": [58.8328573333], "360koralive": [], "udmserve": [63.776922, 63.1034073333, 56.1195806667], "loopme": [], "affinity": [], "seedtag": [63.776922, 51.296156, 56.1195806667], "cryp2day": [], "cognativex": [51.296156, 56.1195806667, 63.776922], "snapchat": [51.296156, 56.1195806667, 63.776922], "instana": [51.296156, 56.1195806667, 63.776922], "rdpnt": [47.6030543333], "btloader": [63.776922, 51.296156, 56.1195806667], "yieldoptimizer": [], "albayan": [51.296156, 56.1195806667, 63.776922], "nih": [51.2729266667], "unequaltrail": [47.3336346667], "yalla-shoot-as": [56.157732], "mbc": [47.5270316667, 47.438441, 48.0719546667, 47.9067845], "px-client": [47.6479383333], "mlzama": [47.5270316667, 47.438441, 48.0719546667, 47.9067845], "pageimprove": [47.489983], "browser-intake-us5-datadoghq": [47.72634], "symplr": []}