{"akamaihd": [210.802101, 0.1702243333, 208.227826, 212.7402236667, 210.4530406667, 210.279053, 209.185719], "warnermediacdn": [212.582741, 207.9322796667, 209.531422], "motorola": [130.006646], "estadao": [209.125168, 211.610467, 209.9666606667, 209.377618, 209.6940946667], "steamstatic": [324.5100813333, 209.6834496667, 210.5421076667, 208.6955843333, 209.930907, 209.124625], "ttwstatic": [209.5485793333, 210.4186913333, 209.930907], "estacio": [207.0604683333, 178.7728026667], "ingresso": [207.5985053333, 179.7988166667], "muscache": [210.701259, 206.5616626667], "catho": [210.5041133333, 209.9666606667], "casalemedia": [0.1702243333], "vggcdn": [418.165165, 211.0118623333], "shein": [210.5043583333, 283.004575, 209.0888366667, 210.2075923333], "natura": [210.9075656667], "bbci": [0.1702243333, 179.7093666667, 199.338746, 180.8937476667, 216.6514046667], "livechatinc": [238.4135876667, 207.8682786667, 337.5940323333, 438.0590466667], "akamaized": [209.165427, 0.1702243333, 211.746563, 209.6132676667, 210.8822516667, 208.122409, 212.7112023333, 207.7555333333, 209.328124, 210.8757706667], "centauro": [178.56905], "pinimg": [209.4913493333, 210.1593363333, 217.619315], "shopee": [201.1542973333], "typekit": [0.1702243333, 210.1569596667, 213.2515136667, 206.707717, 213.2786043333], "aliexpress": [180.4803656667], "rubiconproject": [207.587345, 0.1702243333], "voegol": [179.1712126667, 231.7880296667], "turn": [0.1702243333], "sportradar": [208.718966, 209.8878876667, 210.675345, 438.0590466667, 210.7140693333, 211.4057536667, 211.771819, 209.377618, 214.833774, 220.2908766667], "cdn-apple": [207.707632], "santandernet": [209.385974], "mlstatic": [209.165427, 206.346038], "alicdn": [210.319225, 178.6912463333, 371.6387766667], "hurb": [17.658166, 180.9578243333], "kwai": [17.7373326667, 210.4186913333, 213.1936646667, 210.0477183333, 212.8244216667, 205.1456663333, 209.124625], "reclameaqui": [211.015608, 209.124625, 207.4077166667, 208.227826], "akstat": [212.419576], "teads": [212.42674, 0.1702243333], "dell": [0.1702243333, 209.971486, 210.0932606667, 207.8802046667], "doubleverify": [0.1702243333], "bluekai": [0.1702243333], "byteoversea": [0.1702243333, 207.543516, 209.4913493333, 210.701259, 209.6729256667, 210.1593363333, 212.8232783333, 209.6221986667, 207.3473873333, 209.6940946667], "rbxcdn": [207.8359953333, 209.5569063333, 207.131734, 211.3205313333, 210.406006], "apple": [17.5062466667], "r7": [209.1442923333, 0.1702243333], "media": [209.576495, 0.1702243333, 208.521957, 209.930907], "trrsf": [0.1702243333, 209.6834496667, 209.124625], "ziffstatic": [212.252873, 210.0874346667], "cookiebot": [210.4744616667, 207.3179586667, 207.3473873333], "microsoft": [211.0118623333, 181.194, 209.6957213333, 207.3473873333], "tripadvisor": [16.7559236667, 16.478593, 16.4797863333, 18.602021, 214.292115], "mzstatic": [209.59555], "fresh8": [209.279309, 285.2983793333, 238.4135876667, 209.9931883333, 210.4600736667, 209.5186946667, 210.7442246667, 209.0923846667], "sascdn": [212.911873, 0.1702243333, 224.300799, 210.0298623333], "brightcove": [210.6356526667], "tiktok": [0.1702243333, 204.1526226667, 209.224177, 209.4913493333, 209.6321646667, 203.347124, 209.6917163333, 211.4149283333, 205.1124746667], "ghucdn": [208.037163, 180.9578243333], "s-microsoft": [211.9688256667], "adp": [209.930907, 210.0298623333], "insightexpressai": [0.1702243333], "office365": [214.0390996667, 208.709443], "moatads": [0.1702243333], "smartadserver": [0.1702243333, 209.5485793333, 211.015608, 209.4071586667, 209.124625], "ebaystatic": [209.862845], "stickyadstv": [0.1702243333], "vagalume": [207.6987773333, 211.8387856667, 207.9522386667, 207.537618], "everesttech": [0.1702243333], "maxymiser": [0.1702243333], "terra": [123.8615583333], "go": [208.1369413333], "espncdn": [210.5978313333, 210.1569596667, 212.8055876667, 213.2515136667, 210.5898306667, 211.0063343333, 207.6463833333, 209.930622, 212.635306, 208.374444, 210.623669], "ebit": [211.4748966667, 210.251411], "livelo": [196.6426913333], "dotomi": [207.6322206667, 204.0061953333, 203.949684, 204.388372], "adobedtm": [0.1702243333], "letras": [209.6703693333, 18.0451286667, 210.0298623333, 209.576495, 210.251411, 18.6566233333], "santander": [216.6154823333], "postaffiliatepro": [149.7705653333, 149.485787], "optimizely": [0.1702243333, 180.8647203333], "ebay": [], "rdops": [210.2252643333, 209.6323013333], "licdn": [0.1702243333], "sicredi": [152.5978533333, 178.261159], "rnengage": [0.1702243333], "spotxchange": [0.1702243333], "cobasi": [20.5272006667], "tiktokcdn": [589.2547196667, 210.233469, 210.8179203333, 426.9031243333, 209.9316686667, 210.8386856667, 210.2829433333, 210.5925173333, 207.6555066667, 211.4149283333, 207.627276], "babycenter": [212.947305, 220.2908766667], "office": [210.328834], "banco": [209.904159, 210.1591806667], "bbc": [216.6514046667, 199.338746, 209.419376], "hotelurbano": [180.9578243333], "vidabrilhante": [133.7515096667, 134.9854213333], "trivago": [210.701259, 208.7311806667, 260.551384], "xbox": [207.727593], "fwmrm": [], "azureedge": [208.7659153333, 206.4403293333], "freefiremobile": [209.6132676667, 210.1220376667], "eepurl": [0.1702243333], "hbomax": [210.6603693333], "cifraclub": [209.576495, 210.0298623333], "transfermarkt": [213.1038776667, 209.8487973333], "starplus": [], "smiler": [231.7347946667], "zappeando": [], "staticontent": [210.1450836667, 125.3185006667], "tiktokv": [0.1702243333], "playstream": [212.2473066667, 212.0899613333], "shopeemobile": [207.641035, 211.8816176667], "flashtalking": [0.1702243333], "ifood": [210.6481523333, 208.9216803333, 209.9683156667, 204.686052], "honda": [], "dellcdn": [210.0932606667], "bancopan": [16.93163, 17.6092786667], "samsung": [180.0742126667, 179.6362223333], "mobills": [121.593977], "pubmatic": [0.1702243333, 283.1798706667], "mythad": [17.7358956667], "siteblindado": [210.361107, 210.2252643333], "freepik": [208.4573763333], "espn": [207.6463833333, 208.374444], "sscdn": [212.8782466667, 208.1289793333], "viralize": [208.0428826667, 210.4010316667], "bv": [], "smiles": [460.682605, 263.0435583333, 206.7136106667, 208.237547], "cxense": [0.1702243333], "outbrain": [0.1702243333], "airbnb": [], "avon": [163.1533386667], "cvc": [], "ngtv": [207.9322796667], "cdnpk": [208.4573763333], "adform": [0.1702243333], "weather": [210.357937], "uvnimg": [178.5046916667], "addthis": [0.1702243333], "onelink": [], "live": [19.213234], "pushio": [179.440644], "ibytedtos": [209.4071586667, 210.4186913333], "rfihub": [0.1702243333], "disneyplus": [], "go-mpulse": [0.1702243333], "liveperson": [0.1702243333, 139.282174], "bkrtx": [0.1702243333], "nsoft": [195.7361496667, 193.382193, 193.6795276667, 193.5545946667, 195.7527096667, 196.289142, 193.840961, 196.6200666667], "list-manage": [180.5287443333], "drogaraia": [203.6416633333, 210.0900143333, 209.426394, 205.7903553333], "postrelease": [0.1702243333], "univision": [], "otempo": [210.052538, 207.864994], "clmbtech": [0.1702243333], "imguol": [206.877304, 210.4357293333, 206.9894286667], "kalunga": [208.0032543333, 209.6221986667], "addthisedge": [213.7882756667], "appsflyer": [0.1702243333], "xboxlive": [], "uol": [16.786491], "shukriya90": [223.600248], "zdbb": [0.1702243333], "pneustore": [16.2794446667], "itau": [337.705107, 338.1588436667], "fluxteam": [346.5360686667, 213.4960443333, 209.6965933333, 213.225314], "tnaflix": [181.8477516667, 181.5391843333, 181.5900496667], "outbrainimg": [0.1702243333], "carrefour": [208.2588346667], "viagogo": [19.4204876667, 18.985164], "richrelevance": [0.1702243333], "lpsnmedia": [216.308605], "steampowered": [210.2470906667], "perimeterx": [198.3062023333], "fast": [210.7835166667], "senac": [17.524134], "freepikcompany": [282.7021823333, 209.7509353333], "mathtag": [0.1702243333], "gndi": [178.609461], "steamcommunity": [210.390486], "dmcdn": [208.122409, 209.751012]}