{"akamaihd": [282.3028323333, 282.6761343333], "warnermediacdn": [283.1390126667, 282.2427546667, 330.6476096667], "motorola": [130.006646], "estadao": [295.7478643333, 292.0975973333, 336.205032, 338.659641, 295.104092, 282.0166003333], "steamstatic": [282.3028323333, 282.6761343333], "ttwstatic": [282.3028323333, 296.9940596667, 282.6761343333, 278.0888323333], "estacio": [329.698466, 338.866212], "ingresso": [399.860725, 278.2631416667, 282.4018176667], "muscache": [280.045852], "catho": [380.6263616667, 426.591406], "casalemedia": [300.165532], "vggcdn": [331.334929, 295.671744, 283.804876, 329.2472706667], "shein": [284.0852566667, 282.0166003333], "natura": [331.04112, 284.62033], "bbci": [286.5480836667, 274.2935343333, 280.1595276667, 294.6092193333], "livechatinc": [338.659641, 331.061664, 291.4437343333, 296.1788873333, 336.383285, 282.332271], "akamaized": [282.3028323333, 297.5263726667, 282.6761343333, 261.959567, 262.101635, 283.2636966667], "centauro": [331.7334543333], "pinimg": [12.0496863333, 347.2598393333, 11.6289303333], "shopee": [286.6440983333], "typekit": [282.3028323333, 282.6761343333], "aliexpress": [329.58303], "rubiconproject": [211.736186, 368.9226866667, 364.3468373333, 211.616439, 330.8488206667, 342.4460346667, 331.1505883333], "voegol": [294.581164, 328.8816916667], "turn": [334.2084953333], "sportradar": [330.8441216667, 282.4360006667, 281.516901, 280.320531, 285.274858, 329.8881003333, 283.2058886667, 282.7357793333], "cdn-apple": [331.240928], "santandernet": [279.6207946667], "mlstatic": [528.3731763333, 282.6027273333], "alicdn": [291.4437343333, 290.8125086667, 329.92048, 282.7765416667], "hurb": [336.7983736667, 17.658166], "kwai": [388.7616263333, 445.5964193333, 17.7373326667, 282.3028323333, 403.247974, 282.6761343333, 378.973123], "reclameaqui": [282.3028323333, 282.6761343333], "akstat": [330.65783], "teads": [332.5251436667, 285.121713, 280.0336963333, 330.8370746667], "dell": [329.0110083333, 282.7991373333], "doubleverify": [297.1323376667, 290.711439], "bluekai": [280.904222, 329.9294633333], "byteoversea": [284.7831023333, 295.671744, 282.3028323333, 293.84994, 282.7765416667, 284.5564323333, 282.6761343333, 282.0420473333, 275.5749176667, 299.672907, 282.9096716667], "rbxcdn": [282.3028323333, 282.6761343333], "apple": [17.5062466667], "r7": [285.506801, 331.673667, 328.3913693333, 330.377351], "media": [282.3028323333, 504.1078993333, 281.7260463333, 286.111064, 282.6761343333], "trrsf": [282.3028323333, 297.969146, 282.6761343333, 280.0642786667], "ziffstatic": [288.3493736667, 283.8634346667], "cookiebot": [331.487828, 331.061664, 330.766262], "microsoft": [280.560049, 276.4660756667, 293.84994, 287.2639113333], "tripadvisor": [347.9437193333, 16.7559236667, 16.478593, 16.4797863333, 18.602021], "mzstatic": [280.146123, 286.6536793333, 262.3487176667], "fresh8": [287.143812, 356.6982266667, 331.9871866667, 283.8436966667, 349.2611966667, 292.1280395, 281.2297443333, 281.046615, 285.1267983333, 329.0969916667], "sascdn": [282.3028323333, 282.6761343333], "brightcove": [393.921951, 395.0214476667, 390.7815293333, 386.9415916667], "tiktok": [389.3973746667, 282.3028323333, 337.441067, 291.334847, 291.7136216667, 394.8779946667, 380.139664, 392.472424, 282.6761343333, 290.015757, 293.3058766667, 292.5558996667, 344.3128716667], "ghucdn": [533.8510916667, 336.7983736667], "s-microsoft": [280.1776203333], "adp": [282.3028323333, 282.6761343333], "insightexpressai": [282.266962], "office365": [281.2297443333, 281.5619833333], "moatads": [283.2420086667], "smartadserver": [202.6540003333, 282.3028323333, 203.677047, 204.255728, 202.296257, 202.456154, 204.352086, 282.6761343333], "ebaystatic": [329.219407], "stickyadstv": [280.166009, 297.1323376667, 282.3028323333, 282.6761343333], "vagalume": [396.6457006667, 390.314577, 395.574047, 377.5887183333], "everesttech": [], "maxymiser": [283.2058886667, 284.5564323333], "terra": [123.8615583333], "go": [282.309476], "espncdn": [282.3028323333, 282.6761343333], "ebit": [282.3028323333, 282.6761343333], "livelo": [336.2701883333], "dotomi": [369.9919643333, 365.9505803333, 365.9193096667, 369.8881743333], "adobedtm": [280.4225495], "letras": [282.3028323333, 18.0451286667, 282.6761343333, 328.4355526667, 330.336679, 18.6566233333], "santander": [450.4174846667], "postaffiliatepro": [149.7705653333, 149.485787], "optimizely": [284.0191246667, 352.838299, 330.5334223333], "ebay": [], "rdops": [331.18388, 329.19269], "licdn": [285.3823403333, 283.6440396667], "sicredi": [152.5978533333, 330.5400606667], "rnengage": [], "spotxchange": [369.4291883333, 391.511492, 369.827691, 385.1539493333], "cobasi": [20.5272006667], "tiktokcdn": [283.515216, 278.9074563333, 278.814246, 278.3541916667, 449.4870043333, 296.2633543333, 279.2344143333, 281.1917753333, 282.3296183333, 285.3589486667, 284.8252566667], "babycenter": [330.617587, 280.121403, 281.046615, 331.0665523333, 329.6814323333, 332.0637823333], "office": [281.119091], "banco": [334.6637136667, 354.2559503333], "bbc": [286.5480836667, 294.6092193333], "hotelurbano": [533.8510916667, 336.7983736667], "vidabrilhante": [133.6841396667], "trivago": [284.7831023333, 283.8436966667, 280.67315], "xbox": [328.7883], "fwmrm": [], "azureedge": [282.3028323333, 282.6761343333], "freefiremobile": [278.8111493333, 281.391721], "eepurl": [280.2479453333], "hbomax": [279.8707153333], "cifraclub": [282.3028323333, 282.6761343333], "transfermarkt": [282.3028323333, 282.6761343333], "starplus": [], "smiler": [282.956908], "zappeando": [], "staticontent": [284.9349583333, 125.3185006667], "tiktokv": [283.3711306667, 276.4660756667, 290.0712976667, 280.320531, 293.84994, 285.274858, 280.121403, 285.1267983333, 299.672907], "playstream": [374.9468063333, 282.5441843333], "shopeemobile": [282.3028323333, 282.6761343333], "flashtalking": [329.4383756667], "ifood": [388.9585933333, 387.5454196667, 394.750511, 388.1920033333], "honda": [], "dellcdn": [279.6216403333], "bancopan": [16.93163, 17.6092786667], "samsung": [521.1327766667, 278.0111386667], "mobills": [121.593977], "pubmatic": [281.3590093333], "mythad": [17.7358956667], "siteblindado": [340.7515546667, 339.130482], "freepik": [288.9727393333], "espn": [282.3028323333, 282.6761343333], "sscdn": [282.3028323333, 282.6761343333], "viralize": [278.5450193333, 282.0851126667], "bv": [], "smiles": [393.7436326667, 388.7616263333, 402.801961, 376.427088], "cxense": [307.83652], "outbrain": [293.3342176667, 279.0885666667], "airbnb": [], "avon": [163.1533386667], "cvc": [], "ngtv": [281.342035], "cdnpk": [288.9727393333], "adform": [329.527521, 329.2472706667], "weather": [329.9927063333], "uvnimg": [329.2365186667], "addthis": [329.1678896667, 295.331678, 295.3875906667], "onelink": [], "live": [19.213234], "pushio": [330.4309513333], "ibytedtos": [282.3028323333, 282.6761343333], "rfihub": [202.0452166667], "disneyplus": [], "go-mpulse": [289.93712], "liveperson": [139.282174, 352.4014853333, 372.549], "bkrtx": [280.4171543333], "nsoft": [195.7361496667, 193.382193, 193.6795276667, 195.7527096667, 193.5545946667, 196.289142, 193.840961, 196.6200666667], "list-manage": [362.0702636667], "drogaraia": [388.7616263333, 442.6793613333, 402.4458943333, 395.865567], "postrelease": [], "univision": [], "otempo": [297.5263726667], "clmbtech": [275.5749176667, 278.4905566667], "imguol": [274.670901, 279.585158, 275.0270543333, 279.5219783333], "kalunga": [329.373504, 329.4570716667], "addthisedge": [295.331678], "appsflyer": [290.3719513333, 296.2633543333], "xboxlive": [], "uol": [16.786491], "shukriya90": [236.3675333333], "zdbb": [273.3339796667, 277.406071], "pneustore": [16.2794446667], "itau": [375.2737793333, 381.7537556667], "fluxteam": [275.8347126667, 266.581634], "tnaflix": [181.8477516667, 181.5391843333, 181.5900496667], "outbrainimg": [280.853194], "carrefour": [286.2179383333], "viagogo": [19.361182, 19.4136883333], "richrelevance": [298.067139],