{"dafiti": [179.9267636667], "bemol": [179.9267636667], "anacapri": [179.9267636667], "madeiramadeira": [179.9267636667], "magazineluiza": [204.840786, 179.9267636667, 210.4179073333, 204.2258886667], "caixa": [179.9267636667], "vakinha": [179.9267636667], "petz": [], "correiobraziliense": [179.9267636667], "marisa": [179.9267636667], "zattini": [179.9267636667], "azionrum": [179.9267636667], "baixaki": [179.9267636667], "epocacosmeticos": [179.9267636667], "tricae": [179.9267636667], "clicrbs": [179.9267636667], "chaordicsystems": [179.9267636667], "azion": [0.1702243333], "suamusica": [179.9267636667], "exame": [179.9267636667], "azioncdn": [179.9267636667], "magazinevoce": [209.212825, 205.222876, 204.9058193333, 209.282992], "lojasrenner": [179.9267636667, 143.145636], "avon": [], "tecmundo": [179.9267636667], "estantevirtual": [], "clickbus": [179.9267636667], "ibxk": [179.9267636667], "mobiauto": [208.121191, 208.180596, 179.9267636667, 210.442248, 333.314154], "kalunga": [179.9267636667], "paguemenos": [], "sodresantoro": [179.9267636667], "canaltech": [179.9267636667], "colombo": [204.298613, 208.736078, 208.6460013333, 209.8618223333, 179.9267636667], "smarthint": [179.9267636667], "metropoles": [179.9267636667], "correioweb": [179.9267636667], "rbsdirect": [179.9267636667], "motorola": [130.006646], "arezzo": [179.9267636667], "nznweb": [179.9267636667], "vitat": [179.9267636667], "lojadomecanico": [179.9267636667], "netshoes": [179.9267636667], "mlcdn": [179.9267636667], "azionedge": [179.9267636667]}