{"dafiti": [15.608748, 15.9901466667, 17.4009466667, 17.2519823333], "bemol": [15.608748, 17.2519823333, 17.4009466667, 15.9901466667], "anacapri": [15.608748, 17.2519823333, 15.9901466667, 17.4009466667], "madeiramadeira": [17.2519823333, 15.608748, 17.4009466667, 15.9901466667], "magazineluiza": [15.608748, 128.1898843333, 15.9901466667, 17.4009466667, 127.6491686667, 124.8854243333, 17.2519823333, 124.112708], "caixa": [15.608748, 15.9901466667, 17.4009466667, 17.2519823333], "vakinha": [], "petz": [], "correiobraziliense": [15.608748, 15.9901466667, 17.4009466667, 17.2519823333], "marisa": [15.608748, 15.9901466667, 17.4009466667, 17.2519823333], "zattini": [15.608748, 15.9901466667, 17.4009466667, 17.2519823333, 19.0809983333], "azionrum": [15.608748, 17.2519823333, 17.4009466667, 15.9901466667], "baixaki": [17.2519823333, 15.608748, 17.4009466667, 15.9901466667], "epocacosmeticos": [17.2519823333, 15.608748, 17.4009466667, 15.9901466667], "tricae": [15.608748, 15.9901466667, 17.4009466667, 17.2519823333], "clicrbs": [15.608748, 17.2519823333, 15.9901466667, 17.4009466667], "chaordicsystems": [17.2519823333, 15.608748, 17.4009466667, 15.9901466667], "azion": [17.2519823333, 15.608748, 17.4009466667, 15.9901466667], "suamusica": [17.2519823333, 15.608748, 17.4009466667], "exame": [17.2519823333, 15.608748, 17.4009466667, 15.9901466667], "azioncdn": [15.608748, 17.2519823333, 17.4009466667, 15.9901466667], "magazinevoce": [127.037327, 125.3295673333, 225.4888066667, 127.9910086667], "lojasrenner": [15.608748, 15.9901466667, 17.4009466667, 17.2519823333, 143.145636], "avon": [], "tecmundo": [15.608748, 17.2519823333, 17.4009466667, 15.9901466667], "estantevirtual": [], "clickbus": [17.2519823333, 15.608748, 17.4009466667, 15.9901466667], "ibxk": [15.608748, 17.2519823333, 17.4009466667, 15.9901466667], "mobiauto": [15.608748, 206.2222436667, 15.9901466667, 17.4009466667, 317.1392996667, 206.1862953333, 17.2519823333, 208.7365883333], "kalunga": [17.2519823333, 15.608748, 17.4009466667, 15.9901466667], "paguemenos": [], "sodresantoro": [15.608748, 15.9901466667, 17.4009466667, 17.2519823333], "canaltech": [17.2092043333, 15.525703, 15.7057213333, 15.727422, 17.2454793333, 15.627647, 15.726395, 17.4587996667, 17.4015856667, 15.7625666667], "colombo": [15.608748, 15.9901466667, 17.4009466667, 370.1979353333, 17.2519823333, 206.3782303333, 206.5775726667, 206.802337], "smarthint": [15.608748, 17.2519823333, 17.4009466667, 15.9901466667], "metropoles": [15.608748, 17.2519823333, 17.4009466667, 15.9901466667], "correioweb": [15.608748, 17.2519823333, 17.4009466667, 15.9901466667], "rbsdirect": [17.2519823333, 15.608748, 17.4009466667, 15.9901466667], "motorola": [130.006646], "arezzo": [15.608748, 17.2519823333, 15.9901466667, 17.4009466667], "nznweb": [15.608748, 17.2519823333, 17.4009466667, 15.9901466667], "vitat": [15.608748, 17.2519823333, 17.4009466667, 15.9901466667], "lojadomecanico": [15.608748, 17.2519823333, 17.4009466667, 15.9901466667], "netshoes": [15.608748, 17.2519823333, 15.9901466667, 17.4009466667], "mlcdn": [15.608748, 17.2519823333, 17.4009466667, 15.9901466667], "azionedge": [15.608748, 17.2519823333, 15.9901466667]}