{"dafiti": [135.8634963333, 136.2945806667, 136.8716043333, 135.718181, 135.8551746667, 136.09347], "bemol": [135.8634963333, 136.8716043333, 135.8551746667, 136.2945806667, 135.718181, 136.09347], "anacapri": [135.8634963333, 136.8716043333, 136.2945806667, 135.8551746667, 135.718181, 136.09347], "madeiramadeira": [135.8634963333, 136.2945806667, 135.8551746667, 135.718181, 136.09347], "magazineluiza": [135.8634963333, 193.7772613333, 199.2128043333, 192.5818113333, 136.2945806667, 135.8551746667, 136.8716043333, 135.718181, 136.09347, 196.5050496667], "caixa": [135.8634963333, 136.2945806667, 135.8551746667, 135.718181, 136.8716043333, 136.09347], "vakinha": [135.8634963333, 136.2945806667, 136.8716043333, 135.718181, 135.8551746667, 136.09347], "petz": [], "correiobraziliense": [135.8634963333, 136.8716043333, 135.8551746667, 136.2945806667, 135.718181, 136.09347], "marisa": [135.8634963333, 136.8716043333, 135.8551746667, 135.718181, 136.2945806667, 136.09347], "zattini": [121.2052266667, 135.8634963333, 125.4557586667, 136.8716043333, 136.2945806667, 147.700823, 119.7612633333, 135.8551746667, 136.09347, 19.0809983333, 144.676696], "azionrum": [121.2052266667, 135.8634963333, 125.4557586667, 119.7616726667, 147.700823, 136.2945806667, 135.718181, 135.8551746667, 119.7612633333, 144.676696], "baixaki": [140.7568596667], "epocacosmeticos": [140.7568596667], "tricae": [135.8634963333, 136.8716043333, 135.8551746667, 135.718181, 136.2945806667, 136.09347], "clicrbs": [135.8634963333, 136.8716043333, 136.2945806667, 135.718181, 135.8551746667, 136.09347], "chaordicsystems": [135.8634963333, 136.8716043333, 135.8551746667, 135.718181, 136.2945806667, 136.09347], "azion": [121.2052266667, 135.8634963333, 147.700823, 119.7612633333, 135.718181, 135.8551746667, 136.8716043333, 136.2945806667, 144.676696, 119.7616726667], "suamusica": [140.7568596667], "exame": [121.2052266667, 135.8634963333, 125.4557586667, 147.700823, 135.8551746667, 136.8716043333, 135.718181, 119.7612633333, 136.2945806667, 136.09347, 144.676696, 119.7616726667], "azioncdn": [135.8634963333, 136.2945806667, 136.8716043333, 135.718181, 135.8551746667, 136.09347], "magazinevoce": [], "lojasrenner": [135.8634963333, 136.8716043333, 135.8551746667, 136.2945806667, 135.718181, 136.09347, 143.145636], "avon": [], "tecmundo": [121.2052266667, 135.8634963333, 125.4557586667, 147.700823, 135.8551746667, 135.718181, 119.7612633333, 136.2945806667, 144.676696, 119.7616726667], "estantevirtual": [], "clickbus": [135.8634963333, 136.2945806667, 136.8716043333, 135.718181, 135.8551746667, 136.09347], "ibxk": [135.8634963333, 136.8716043333, 136.2945806667, 135.718181, 135.8551746667, 140.7568596667, 136.09347], "mobiauto": [199.7135826667, 199.040152, 140.7568596667, 199.0507886667, 193.733623], "kalunga": [135.8634963333, 136.2945806667, 135.8551746667, 135.718181, 136.8716043333, 136.09347], "paguemenos": [], "sodresantoro": [135.8634963333, 136.2945806667, 135.8551746667, 135.718181, 136.8716043333, 136.09347], "canaltech": [135.8634963333, 136.8716043333, 135.8551746667, 135.718181, 136.2945806667, 136.09347], "colombo": [126.3196256667, 125.2682466667, 140.7568596667, 126.2214363333, 128.8533273333], "smarthint": [135.8634963333, 136.8716043333, 136.2945806667, 135.8551746667, 135.718181, 140.7568596667, 136.09347], "metropoles": [121.2052266667, 135.8634963333, 125.4557586667, 136.2945806667, 140.7568596667, 135.718181, 147.700823, 119.7612633333, 135.8551746667, 144.676696, 119.7616726667], "correioweb": [135.8634963333, 136.8716043333, 135.8551746667, 135.718181, 136.2945806667, 136.09347], "rbsdirect": [135.8634963333, 136.2945806667, 135.8551746667, 135.718181, 136.09347], "motorola": [130.006646], "arezzo": [135.8634963333, 136.2945806667, 136.8716043333, 135.718181, 135.8551746667, 136.09347], "nznweb": [135.8634963333, 136.8716043333, 136.2945806667, 135.8551746667, 135.718181, 136.09347], "vitat": [121.2052266667, 135.8634963333, 136.2945806667, 135.8551746667, 135.718181, 147.700823, 136.8716043333, 136.09347, 144.676696, 119.7616726667], "lojadomecanico": [135.8634963333, 136.2945806667, 135.8551746667, 135.718181, 136.8716043333, 136.09347], "netshoes": [135.8634963333, 136.8716043333, 136.2945806667, 135.718181, 135.8551746667, 136.09347], "mlcdn": [135.8634963333, 136.2945806667, 135.8551746667, 135.718181, 136.8716043333, 136.09347], "azionedge": [135.8634963333, 136.8716043333, 135.8551746667, 135.718181, 136.2945806667, 136.09347]}