{"dafiti": [17.3342146667, 17.2454793333, 16.2542826667, 15.5203983333, 15.727422, 15.627647, 17.387228, 17.4015856667, 17.255026, 15.7625666667, 17.2092043333, 15.7407373333, 15.525703, 17.4887496667, 17.4587996667, 15.7057213333], "bemol": [15.7407373333, 15.525703, 17.255026, 15.7057213333, 17.4887496667, 17.2454793333, 15.627647, 17.387228, 17.4587996667, 15.7625666667], "anacapri": [15.7407373333, 17.3342146667, 15.525703, 17.4887496667, 15.726395, 15.5203983333, 15.727422, 16.2542826667, 17.387228, 17.4587996667], "madeiramadeira": [15.7407373333, 15.525703, 15.627647, 15.7625666667, 17.2454793333, 17.255026, 16.2542826667, 17.4587996667, 17.4015856667, 15.7057213333], "magazineluiza": [17.3342146667, 16.6344026667, 17.2454793333, 16.2542826667, 15.5203983333, 15.727422, 15.627647, 16.2814003333, 17.4015856667, 17.255026, 16.2036776667, 15.726395, 15.7625666667, 15.7407373333, 15.525703, 17.4887496667, 16.4496146667, 17.4587996667, 15.7057213333], "caixa": [17.2092043333, 15.7407373333, 17.3342146667, 15.525703, 17.255026, 17.4887496667, 15.726395, 15.7625666667, 15.727422, 17.2454793333, 16.2542826667, 15.627647, 17.387228, 17.4587996667, 17.4015856667, 15.7057213333], "vakinha": [15.627647, 15.5203983333, 15.727422, 17.2454793333, 17.387228, 17.255026, 15.726395, 17.4587996667, 17.4015856667, 15.7057213333], "petz": [], "correiobraziliense": [17.2092043333, 15.7407373333, 17.3342146667, 15.525703, 17.255026, 17.4887496667, 15.726395, 15.5203983333, 15.727422, 17.2454793333, 17.387228, 15.627647, 16.2542826667, 17.4015856667, 15.7625666667], "marisa": [17.2092043333, 15.7407373333, 17.3342146667, 15.525703, 15.7057213333, 17.4887496667, 15.726395, 15.5203983333, 15.727422, 17.2454793333, 17.387228, 15.627647, 16.2542826667, 17.4587996667, 17.255026], "zattini": [17.2092043333, 15.7407373333, 17.3342146667, 15.5203983333, 15.727422, 17.387228, 16.2542826667, 15.726395, 17.4587996667, 17.255026], "azionrum": [17.2519823333, 15.608748, 17.4009466667, 15.9901466667], "baixaki": [17.2092043333, 15.7407373333, 15.525703, 17.255026, 15.727422, 15.627647, 15.726395, 17.4587996667, 17.4015856667, 15.7625666667], "epocacosmeticos": [17.255026, 15.7057213333, 17.4887496667, 15.5203983333, 15.727422, 15.627647, 17.387228, 17.4587996667, 17.4015856667, 15.7625666667], "tricae": [17.2092043333, 15.7407373333, 15.525703, 15.7057213333, 15.5203983333, 17.2454793333, 17.387228, 16.2542826667, 15.627647, 15.726395, 17.4587996667, 17.255026], "clicrbs": [15.7407373333, 17.3342146667, 15.525703, 17.255026, 15.7057213333, 15.5203983333, 15.727422, 17.387228, 17.2454793333, 16.2542826667, 15.627647, 15.726395, 17.4587996667, 17.4015856667, 15.7625666667], "chaordicsystems": [15.525703, 15.726395, 15.5203983333, 15.727422, 17.387228, 15.627647, 16.2542826667, 17.4587996667, 17.4015856667, 15.7625666667], "azion": [15.608748, 17.2519823333, 17.4009466667, 15.9901466667], "suamusica": [15.7407373333, 17.3342146667, 15.525703, 17.4887496667, 15.5203983333, 15.727422, 15.7625666667, 17.2454793333, 17.387228, 17.255026], "exame": [17.2092043333, 15.7407373333, 17.3342146667, 15.525703, 15.7057213333, 17.4887496667, 15.726395, 15.5203983333, 15.727422, 15.7625666667, 17.2454793333, 17.387228, 16.2542826667, 17.4587996667, 17.4015856667, 17.255026], "azioncdn": [15.7407373333, 17.3342146667, 17.4887496667, 15.5203983333, 15.727422, 17.2454793333, 17.255026, 16.2542826667, 17.4587996667, 15.7625666667], "magazinevoce": [16.272703, 15.755668, 16.373456, 16.725492], "lojasrenner": [15.7407373333, 15.525703, 17.4887496667, 15.7625666667, 15.727422, 17.2454793333, 15.627647, 15.726395, 17.4587996667, 17.4015856667, 143.145636], "avon": [], "tecmundo": [15.7407373333, 17.4887496667, 15.5203983333, 15.727422, 17.2454793333, 15.627647, 16.2542826667, 17.4587996667, 17.4015856667, 15.7625666667], "estantevirtual": [], "clickbus": [17.2092043333, 15.7407373333, 17.3342146667, 15.525703, 15.7057213333, 17.4887496667, 15.727422, 17.2454793333, 15.726395, 17.255026], "ibxk": [17.2092043333, 17.3342146667, 15.525703, 17.255026, 17.4887496667, 15.726395, 15.7625666667, 15.727422, 15.5203983333, 17.387228, 17.2454793333, 15.627647, 16.2542826667, 17.4587996667, 17.4015856667, 15.7057213333], "mobiauto": [17.2092043333, 17.3342146667, 16.36016, 15.525703, 17.4887496667, 16.4563106667, 15.726395, 15.727422, 15.7597486667, 15.627647, 17.387228, 16.7043553333, 17.4587996667, 17.255026], "kalunga": [17.2092043333, 15.7407373333, 17.3342146667, 15.525703, 15.7057213333, 15.5203983333, 15.727422, 15.7625666667, 15.627647, 15.726395, 17.4015856667, 17.255026], "paguemenos": [], "sodresantoro": [17.2092043333, 15.7407373333, 17.4887496667, 15.627647, 15.5203983333, 15.727422, 17.2454793333, 17.255026, 17.387228, 15.7057213333], "canaltech": [15.525703, 15.7057213333, 17.4887496667, 15.5203983333, 15.727422, 17.2454793333, 17.387228, 16.2542826667, 17.4015856667, 15.7625666667], "colombo": [17.2092043333, 16.3790783333, 16.1700466667, 15.7057213333, 17.4887496667, 15.726395, 15.727422, 16.275696, 17.2454793333, 16.2542826667, 17.4587996667, 17.4015856667, 16.284072, 15.7625666667], "smarthint": [17.2092043333, 15.7407373333, 17.3342146667, 15.525703, 17.4887496667, 15.627647, 15.726395, 15.5203983333, 15.727422, 15.7625666667, 17.2454793333, 17.255026, 16.2542826667, 17.4587996667, 17.4015856667, 15.7057213333], "metropoles": [17.2092043333, 15.7407373333, 17.3342146667, 17.4887496667, 15.5203983333, 15.727422, 17.2454793333, 17.387228, 15.627647, 16.2542826667, 17.4587996667, 17.4015856667, 15.7625666667], "correioweb": [17.2092043333, 15.7407373333, 17.3342146667, 17.4887496667, 15.726395, 15.5203983333, 17.2454793333, 17.387228, 16.2542826667, 15.7057213333], "rbsdirect": [17.2092043333, 15.7407373333, 17.4887496667, 15.7625666667, 15.727422, 15.5203983333, 15.627647, 15.726395, 17.4015856667, 15.7057213333], "motorola": [130.006646], "arezzo": [15.7057213333, 17.4887496667, 15.7625666667, 15.727422, 15.5203983333, 17.387228, 16.2542826667, 15.726395, 17.4015856667, 17.255026], "nznweb": [17.2092043333, 15.525703, 17.4887496667, 15.5203983333, 15.727422, 17.2454793333, 15.627647, 17.4587996667, 17.4015856667, 15.7057213333], "vitat": [15.7407373333, 17.3342146667, 15.7057213333, 17.4887496667, 15.5203983333, 15.7625666667, 16.2542826667, 17.387228, 17.4015856667, 17.255026], "lojadomecanico": [15.7407373333, 15.525703, 15.7057213333, 17.4887496667, 15.727422, 16.2542826667, 17.255026, 15.726395, 17.4587996667, 15.7625666667], "netshoes": [17.3342146667, 15.525703, 15.5203983333, 15.7625666667, 17.2454793333, 16.2542826667, 17.387228, 17.4587996667, 17.4015856667, 17.255026], "mlcdn": [17.3342146667, 15.525703, 15.7057213333, 15.726395, 15.5203983333, 15.727422, 17.2454793333, 16.2542826667, 17.387228, 15.7625666667], "azionedge": [15.7407373333, 15.525703, 17.4887496667, 15.5203983333, 15.727422, 17.2454793333, 17.255026, 17.387228, 17.4587996667, 15.7057213333]}