{"getsitecontrol": [147.3675506667, 147.312236, 146.985741], "sex": [146.886598, 146.8060316667], "xnxx-cdn": [151.2468973333, 150.4091473333], "dicionariodenomesproprios": [151.087217], "dicionariopopular": [180.2057943333], "vidoomy": [148.1838123333], "dicio": [151.087217], "tuasaude": [147.3675506667], "userway": [148.5184486667], "displayvertising": [139.4879763333], "garotocomlocal": [146.8735356667], "aucdn": [148.5184486667], "tudoreceitas": [148.5184486667], "playstream": [147.353336, 154.3267246667], "insurads": [151.087217], "xvideos-cdn": [151.2468973333, 150.4091473333], "brazino-cdnsrv-cst": [], "afcdn": [148.5184486667], "webpushs": [148.1838123333], "cdn4ads": [137.647972], "sinonimos": [151.087217], "creativecdn": [148.5184486667], "aj2550": [145.804248, 154.256487], "intellipopup": [136.6827536667], "iubenda": [151.087217], "exosrv": [148.1838123333], "ligadosgames": [151.087217], "icons8": [148.1838123333], "tmdb": [146.4863256667], "mundodasmensagens": [151.087217]}