{"getsitecontrol": [123.5516796667, 123.84738], "sex": [123.84738, 124.349486], "xnxx-cdn": [17.4831086667, 17.6055266667, 17.5396036667, 17.5988356667, 17.8032586667, 17.7137953333, 17.746016, 17.6728846667, 17.7852013333, 17.611196], "dicionariodenomesproprios": [124.6250956667], "dicionariopopular": [3.2522546667], "vidoomy": [17.6415863333, 17.7433946667], "dicio": [123.2492626667], "tuasaude": [123.2492626667], "userway": [123.733407, 123.9853143333], "displayvertising": [139.4879763333], "garotocomlocal": [124.6250956667], "aucdn": [17.6415863333, 18.669953], "tudoreceitas": [18.669953, 17.6415863333, 17.7433946667], "playstream": [124.6250956667], "insurads": [124.349486], "xvideos-cdn": [17.6055266667, 17.6230773333, 17.5988356667, 17.605395, 17.500967, 17.6728846667, 17.5944353333, 17.7852013333, 17.72176, 17.7081363333], "brazino-cdnsrv-cst": [], "afcdn": [18.669953, 17.526307], "webpushs": [18.669953, 17.526307], "cdn4ads": [137.647972], "sinonimos": [124.349486], "creativecdn": [17.6415863333, 18.669953], "aj2550": [139.4134263333], "intellipopup": [136.6827536667], "iubenda": [124.349486], "exosrv": [], "ligadosgames": [123.2492626667], "icons8": [132.4364136667], "tmdb": [123.2492626667], "mundodasmensagens": [123.2492626667]}