{"getsitecontrol": [125.015103, 123.84738], "sex": [125.015103], "xnxx-cdn": [17.6055266667, 17.605395, 18.6183646667, 17.746016, 17.6728846667, 17.7137953333, 17.5310963333, 17.611196, 17.7360323333, 17.7081363333], "dicionariodenomesproprios": [124.6250956667], "dicionariopopular": [42.166456], "vidoomy": [18.669953, 17.526307], "dicio": [124.6250956667], "tuasaude": [124.6250956667], "userway": [123.733407, 122.9588223333], "displayvertising": [139.4879763333], "garotocomlocal": [125.015103], "aucdn": [18.669953, 17.526307], "tudoreceitas": [17.6415863333, 17.7433946667, 17.526307], "playstream": [123.84738, 124.6250956667], "insurads": [124.349486], "xvideos-cdn": [17.6230773333, 17.605395, 17.5988356667, 17.4856316667, 17.5944353333, 17.6728846667, 17.7852013333, 17.5310963333, 17.611196, 17.7081363333], "brazino-cdnsrv-cst": [], "afcdn": [18.669953, 17.526307], "webpushs": [17.6415863333, 18.669953], "cdn4ads": [137.647972], "sinonimos": [124.349486], "creativecdn": [], "aj2550": [126.479298, 128.1130746667], "intellipopup": [136.6827536667], "iubenda": [123.2492626667], "exosrv": [17.6415863333, 18.669953], "ligadosgames": [124.6250956667], "icons8": [123.519058, 123.3427473333], "tmdb": [125.015103], "mundodasmensagens": [123.2492626667]}