{"getsitecontrol": [179.7069826667, 181.0089436667, 179.8605256667], "sex": [181.304335, 179.847999], "xnxx-cdn": [179.8110273333, 179.8217396667, 180.0704073333, 181.6906006667], "dicionariodenomesproprios": [179.847999], "dicionariopopular": [395.6062603333], "vidoomy": [180.3440366667, 180.0713563333, 181.2290426667, 179.7820096667, 180.0680863333], "dicio": [181.6731583333], "tuasaude": [180.2579576667], "userway": [179.4644743333, 181.2290426667, 181.7282423333, 384.6057453333, 180.0680863333], "displayvertising": [0.1702243333], "garotocomlocal": [179.847999], "aucdn": [180.3440366667, 179.4644743333, 180.3351996667, 384.6057453333, 179.833525], "tudoreceitas": [180.3440366667, 180.0713563333, 181.2290426667, 181.7282423333, 384.6057453333, 179.7820096667, 180.0680863333], "playstream": [179.7672966667, 181.910421], "insurads": [0.1702243333], "xvideos-cdn": [180.218076, 181.3485956667, 179.8217396667, 180.1668846667], "brazino-cdnsrv-cst": [], "afcdn": [0.1702243333], "webpushs": [180.3440366667, 179.4644743333, 181.2290426667, 384.6057453333, 180.0680863333], "cdn4ads": [0.1702243333], "sinonimos": [180.2579576667], "creativecdn": [180.3440366667, 180.3351996667, 384.6057453333, 179.7820096667, 180.0680863333], "aj2550": [180.3440366667, 181.2290426667, 384.6057453333, 179.7820096667, 179.833525], "intellipopup": [0.1702243333], "iubenda": [0.1702243333], "exosrv": [0.1702243333], "ligadosgames": [181.304335], "icons8": [180.3440366667, 180.3351996667, 384.6057453333, 179.7820096667, 179.833525], "tmdb": [395.6062603333], "mundodasmensagens": [181.5620986667]}