{"adsrvr": [193.9492573333], "vtexassets": [140.111206, 200.7215773333, 206.017146, 200.9410806667, 139.4922463333, 139.099558, 200.923388, 140.1147026667], "estacioprd": [126.099833, 127.9496583333, 126.2692786667, 125.26556], "grupokabum": [196.2399896667, 203.8379456667, 396.244359, 201.3962553333], "soundcloud": [139.6897483333, 208.943203, 207.738529, 210.480298, 212.615413, 141.328456, 138.7130143333, 141.2917443333], "uol": [124.0876256667, 202.6464733333, 124.9662683333, 194.106365, 196.468314, 125.4408133333, 125.884429, 192.578247, 126.278765, 174.022264, 199.8645206667, 139.732969, 194.2849326667, 140.0644863333, 142.1814963333, 193.3571973333, 126.445545, 275.380922, 200.27636, 125.1083413333, 193.7264906667, 200.286831, 18.6875753333, 128.377538, 190.6484343333, 125.8575353333, 127.4785803333, 199.5223816667, 199.601385, 194.0278046667, 127.042164, 199.5005913333, 125.058316, 193.5428453333, 198.3033593333, 201.9803283333, 192.5509683333], "kabum": [195.8350833333, 192.5882853333, 198.4250983333, 197.508385], "maxmilhas": [126.2563843333, 127.581079, 125.9911663333, 124.0048683333, 124.160065, 128.161988, 124.820373, 128.1987563333, 123.6608486667, 124.199862, 289.7953413333, 126.9253563333], "sympla": [424.6562906667, 216.7586183333, 216.344611, 216.134158], "bada": [203.204887], "refinery89": [206.359165, 205.966493, 398.5812763333, 200.1961763333], "betbry": [142.9466493333, 140.111206, 138.4612356667, 140.5519716667], "agkn": [139.824816, 142.2642696667, 141.2298386667, 140.735294], "saasexch": [126.894438, 124.4500283333, 126.9779443333, 126.2419583333, 123.5862136667, 127.9659693333, 126.322508, 126.9247723333], "d4swing": [201.5650036667, 202.0179846667, 201.8589823333, 193.7772613333], "jsuol": [198.0775533333, 126.996008, 154.8295793333, 141.8266336667, 206.225486, 200.01271, 196.4848973333, 138.3032133333, 139.5635896667, 199.3358436667, 153.6599856667, 141.2609883333, 192.0004943333, 195.3182693333, 127.4359933333, 127.8073126667, 202.9791246667, 125.437667], "siteblindado": [196.5565796667, 201.880441, 201.723029, 202.640111], "mitula": [139.2663026667, 139.445592, 140.8297663333, 193.3155086667, 141.8234713333, 202.725317, 200.303317, 194.6254083333], "betocarrero": [123.8952083333], "securiti": [457.6521163333, 462.358753, 194.0642136667, 196.9598063333, 199.912237, 198.763951, 197.9300786667, 191.6078656667], "bstatic": [199.5781563333, 142.8826336667, 199.254296, 202.1016803333, 139.561232, 141.0504623333, 141.907877, 199.3691816667], "vteximg": [140.111206, 205.7397523333, 200.7215773333, 208.0279316667, 206.017146, 200.9410806667, 139.4922463333, 139.099558, 206.463627, 200.923388, 206.4532743333, 140.1147026667], "antillephone": [126.6509313333, 200.2760076667, 125.9526653333, 125.690409, 139.7531623333, 127.059801, 126.563145, 194.1134196667, 124.5910306667, 204.9927513333, 140.2471723333, 139.0852366667, 127.8073126667, 140.228868, 200.2664666667, 125.437667], "foresee": [140.5165766667, 394.1435286667, 140.6010383333, 141.4075066667], "mercadolivre": [194.393895, 126.942993, 125.4510796667, 126.0791983333, 320.5304596667, 125.2493006667, 126.24629, 143.0077196667, 394.1435286667, 141.8266336667, 140.9760943333, 126.501348, 124.8288613333, 200.6174663333, 201.9954356667, 126.1151893333], "passeidireto": [126.9522343333, 126.612726, 124.827275, 127.6846236667], "trov": [193.7939906667, 198.484364, 197.9524403333, 194.8835596667], "tiqcdn": [201.733433, 194.651261, 192.6007123333, 201.96814], "icarros": [126.4295783333, 201.144004, 196.8003436667, 196.431317, 128.2362213333, 126.69665, 193.5236886667, 123.8436763333], "undertone": [196.7961496667, 140.68596, 193.8953526667, 141.3384126667, 141.372843, 193.9053033333, 194.3311256667, 139.7797513333], "olx": [209.695984, 211.6725426667, 193.7836173333, 127.5318106667, 125.6959986667, 195.6080613333, 199.358119, 125.37302, 129.5937613333, 141.32244, 126.290121, 140.57586, 199.5508246667, 199.4546106667, 124.2905626667, 126.3291056667, 200.2408686667, 127.0170213333, 238.80715, 209.3881923333, 126.9949263333, 125.413841, 124.7322813333, 126.260342, 203.2006776667, 126.974942, 137.9206973333, 200.9366456667, 125.2674246667, 128.5375283333, 125.1552043333, 140.45078], "flipboard": [140.6682863333], "hiplatform": [140.400238, 142.9466493333, 141.3864553333, 138.9022976667], "galera": [127.5685363333, 128.3145116667, 126.0748803333, 125.1083413333], "estantevirtual": [195.616542, 199.5953786667, 195.758094, 200.3032553333], "novaescola": [125.602984, 124.186211, 125.3440213333, 125.5709953333, 126.519822, 127.749834, 123.596908, 132.325964], "linktr": [140.499725, 138.7380086667, 139.3390656667, 143.4400886667], "website-files": [199.4635166667, 199.411163, 204.812895], "bamgrid": [127.0591176667, 193.7593643333, 258.0925926667, 126.9566373333, 126.4810246667, 193.7034823333, 195.5895716667, 123.706208], "boacompra": [199.4020406667, 193.942197, 199.2703316667, 200.0787473333], "optad360": [129.0764136667, 124.5585443333, 126.3662743333, 227.736593], "personare": [126.9640503333, 127.63685, 126.3751026667, 125.3894063333], "booking": [195.6018253333, 196.6030166667, 402.152889, 199.13101], "omnycontent": [206.3288293333, 205.5855403333, 199.4742943333, 200.2216836667], "dwin2": [], "ulife": [202.6727643333, 193.7721966667, 196.6195183333, 200.919217], "atl-paas": [126.2679853333, 126.9930813333, 125.3443633333, 125.632342], "sprinklr": [198.390396, 194.6453336667, 192.0232246667, 191.4378633333], "lobo888": [15.8034656667], "percycle": [196.8109843333, 200.314398, 198.1928283333, 193.9416056667], "dynamicyield": [126.6247283333, 126.6774676667, 124.6831906667, 126.7696773333], "imrworldwide": [129.3805646667, 198.7460936667, 199.5953786667, 124.6680006667, 126.554334, 126.5179656667, 127.7017336667, 125.6412786667, 197.7993696667, 201.808704, 132.325964, 125.3259706667], "uidapi": [209.6840566667], "scalasystems": [194.3311256667, 193.15933, 195.864047, 192.6350206667], "asaas": [194.1487773333, 126.5841566667, 125.871851, 126.4972963333, 194.298356, 200.1428276667, 127.7309073333, 199.534545], "onebra": [17.8949243333], "truepush": [195.4855156667, 206.4321033333, 195.5335123333, 202.164971], "sndcdn": [140.7631263333, 141.5795116667, 141.0211543333, 141.0322786667, 141.1876483333, 140.0604833333, 142.6794873333, 126.2859196667, 126.978031, 126.9965, 127.08121, 140.7078636667], "coinmarketcap": [426.5642853333, 140.1593143333, 124.62613, 199.1475126667, 214.2799696667, 216.9047286667, 125.302002, 138.3032133333, 216.1502906667, 140.4044856667, 202.1038336667, 138.750312, 127.0387593333, 196.6277246667, 191.7799503333, 124.5703906667], "skybr": [212.199456, 205.5375076667, 209.4440173333, 334.2840203333], "dwin1": [], "app-us1": [193.4190346667, 192.4263973333, 194.058804, 196.865056], "zicard": [197.081632, 196.3876276667, 195.7940816667, 192.8233466667], "disney-plus": [139.6294646667, 140.5623346667, 139.5236603333, 143.7314096667], "pubguru": [125.9911663333, 126.4394613333, 196.9963776667, 126.9264226667, 218.918997, 193.8301913333, 125.2718533333, 197.4962916667], "drogasil": [125.1552043333, 369.030767, 126.496233, 123.5862136667], "placardefutebol": [17.8487653333], "neemu": [127.0949603333, 126.965624, 125.309174, 126.1054856667], "a8723": [142.148478, 141.2897373333, 139.3544713333, 141.058796], "trackingplan": [124.5659376667, 127.4785803333, 124.2595176667, 125.789218], "s-onetag": [127.908862, 125.1931193333, 127.7826813333, 124.5906643333], "drogaraia": [139.5494943333, 140.4933733333, 142.725066, 141.4774173333], "mercadolibre": [199.2630043333, 193.214396, 197.2302386667, 202.717796], "espn": [193.3148266667, 200.279771, 195.0171223333, 193.3508623333], "twiggys": [128.6530013333, 126.0771843333, 130.8913433333, 126.2396353333], "indicative": [199.415837, 194.1487773333, 201.1404636667, 193.942197],