{"adsrvr": [0.1702243333], "vtexassets": [210.6631106667, 209.660951, 206.817871, 209.529361], "estacioprd": [213.3882543333, 209.70313, 213.080134, 205.7948316667], "grupokabum": [208.2208283333, 210.7343346667, 205.773015, 210.8109383333], "soundcloud": [218.970403, 206.4999016667, 206.30251, 208.8579926667, 227.6080103333, 421.1182363333, 329.4019266667, 223.5043886667], "uol": [211.451948, 210.0055096667, 207.2529926667, 211.7572936667, 206.1185266667, 209.579294, 0.1702243333, 213.2009286667, 209.0474016667, 209.7161426667, 204.7937476667, 208.7219536667, 206.2318586667, 208.719012, 208.7814223333, 210.005521, 205.927298, 211.8194896667, 204.871678, 213.376744, 18.6875753333, 207.8949836667, 208.292833, 206.265132, 206.9277046667, 296.0296623333, 206.9894286667, 209.9071363333, 299.3051326667, 206.758337, 212.7807173333, 207.9504283333, 204.3561966667, 205.6053623333], "kabum": [213.2820896667, 205.8198483333, 210.7977813333, 205.5738476667], "maxmilhas": [201.868197, 212.384896, 203.5657746667, 212.6666206667, 202.0580133333, 202.030312, 212.3153273333, 204.5547223333], "sympla": [204.614107, 324.60964, 205.9090706667, 209.342691], "bada": [], "refinery89": [0.1702243333], "betbry": [207.4092553333, 211.9012293333, 208.9847643333, 211.3107173333], "agkn": [0.1702243333], "saasexch": [207.9969313333, 211.156461, 206.8136186667, 210.291932], "d4swing": [211.2623886667, 210.446559, 215.162936, 207.8786453333], "jsuol": [210.5312786667, 324.5100813333, 201.6396786667, 0.1702243333, 202.912086, 204.694368, 212.384896, 209.2049026667, 205.129675, 203.2148, 210.6485276667, 200.907083, 205.635028], "siteblindado": [206.750144, 205.5474016667, 206.0073816667, 206.785998], "mitula": [205.1995286667, 208.8579926667, 208.760065, 211.054339, 211.6153496667, 402.9126323333, 210.7192326667, 206.1635943333], "betocarrero": [123.8952083333], "securiti": [211.3156793333, 205.8070586667, 205.59293, 207.8174493333, 204.3198613333, 211.10767, 209.9960936667, 449.3117643333], "bstatic": [213.345869, 412.0246413333, 205.0115886667, 222.9546763333, 200.5157086667, 206.2268496667, 198.8762896667, 222.42851], "vteximg": [209.529361, 202.0709456667, 206.817871, 202.2514816667, 210.6631106667, 202.385272, 202.2413886667, 209.660951], "antillephone": [203.8670283333, 205.58707, 208.797275, 206.9482273333, 210.272389, 205.1858333333, 218.1412036667, 211.2456306667, 209.2946833333, 203.2254876667, 201.8174246667, 205.6243713333, 208.6424886667, 207.7124253333, 230.0443493333, 216.0657106667], "foresee": [0.1702243333], "mercadolivre": [203.403243, 0.1702243333, 203.6074306667, 207.0165043333, 211.647003, 211.10767, 208.5190943333, 205.4878683333, 209.426394], "passeidireto": [413.1212636667, 211.76605, 211.5914656667, 204.8759673333], "trov": [213.3882543333, 213.501448, 205.439122, 205.8005853333], "tiqcdn": [0.1702243333], "icarros": [242.504875, 202.8503493333, 212.0797393333, 201.8798223333, 205.0396016667, 210.3962376667, 203.0600976667, 205.349752], "undertone": [0.1702243333], "olx": [205.8612506667, 207.6145293333, 209.2118333333, 292.436852, 203.1542796667, 212.8717436667, 205.7062213333, 205.0253943333, 218.0501723333, 209.243908, 204.1216786667, 205.9622583333, 200.9316716667, 418.0015076667, 210.290753, 212.772995, 206.2318586667, 445.393445, 201.5091823333, 203.077507, 205.542889, 208.720974, 203.9214883333, 205.6243713333, 205.84774, 208.307001, 205.809673, 197.2212536667, 205.419291, 204.816436, 208.472951, 204.520651], "flipboard": [206.787302], "hiplatform": [209.9498446667, 208.5913873333, 209.1092323333, 207.3440396667], "galera": [202.049746, 217.875925, 223.158708, 229.994304], "estantevirtual": [207.3991863333, 207.8918996667, 204.858178, 209.3436573333], "novaescola": [206.999203, 204.614107, 210.6188783333, 205.7001723333, 211.7515546667, 210.0484833333, 208.9883216667, 205.9953153333], "linktr": [205.9622583333, 210.0517473333, 212.598551, 213.187202], "website-files": [208.736078, 209.9083473333, 204.9381583333, 257.8753606667, 204.6611776667, 204.7996886667, 212.7049523333, 208.2807623333], "bamgrid": [212.067713, 204.9381583333, 211.4784203333, 212.2738296667, 205.651916, 205.883129, 212.6319593333, 206.7595806667], "boacompra": [205.375642, 207.8498013333, 210.4432083333, 206.814756], "optad360": [0.1702243333], "personare": [204.954252, 211.060455, 205.0115886667, 206.4493793333], "booking": [214.3353343333, 210.996746], "omnycontent": [213.0002956667, 204.7664063333, 209.9062786667], "dwin2": [0.1702243333], "ulife": [204.7087236667, 204.708026, 212.2991023333, 205.6543006667], "atl-paas": [205.818688, 212.8494946667, 204.77862], "sprinklr": [211.1347536667, 205.94977, 432.634698, 205.597312], "lobo888": [15.8034656667], "percycle": [212.3320965, 213.1936646667, 213.246492, 205.9198783333], "dynamicyield": [0.1702243333], "imrworldwide": [0.1702243333, 208.6460013333, 209.1311173333, 210.5635583333, 206.9447346667], "uidapi": [0.1702243333], "scalasystems": [213.5542446667, 213.367861, 260.3952886667, 210.2826056667], "asaas": [209.3374853333, 205.4532283333, 212.0106946667, 209.6106703333, 205.2013163333, 209.1749883333, 210.038008, 210.3495476667], "onebra": [17.8949243333], "truepush": [205.043978, 208.292833, 206.39507, 206.2106333333], "sndcdn": [324.9215173333, 204.7527146667, 209.5639956667, 212.9747673333, 208.85678, 205.5651476667, 209.3993723333, 210.773341], "coinmarketcap": [208.920587, 204.9373186667, 209.2825716667, 205.3681163333, 209.444228, 204.1427566667, 443.3294353333, 208.720974, 206.786632, 208.7509736667, 208.9233473333, 210.061049, 208.3859993333, 209.076812, 204.5448026667, 204.7698953333], "skybr": [207.0150513333, 204.9566233333, 206.1650326667, 209.2010406667], "dwin1": [0.1702243333], "app-us1": [212.2991023333, 207.180174, 213.1936646667, 204.43164], "zicard": [208.4664803333, 206.2420796667, 204.610986, 208.7509736667], "disney-plus": [209.4153726667, 211.3249806667, 208.0469566667, 208.8460396667, 212.8655516667, 211.585331, 207.5727296667, 211.647691], "pubguru": [218.8739443333, 210.0229756667, 204.840786, 210.0288053333, 211.5461946667, 213.2497593333, 205.7651416667, 205.5814723333], "drogasil": [209.9024203333, 212.3338396667, 209.9062786667], "placardefutebol": [18.0744613333], "neemu": [205.0494666667, 208.360686, 210.1894586667, 209.282992], "a8723": [207.828256, 210.887977, 211.054339, 207.0104513333], "trackingplan": [208.6612206667, 206.5227096667, 207.129735, 210.1877923333], "s-onetag": [0.1702243333], "drogaraia": [203.4324146667, 297.3949116667, 208.180596, 205.1503746667, 206.513441, 209.3717823333, 209.96062, 207.836448], "mercadolibre": [211.9012293333, 212.3783073333, 211.722422, 208.5190943333], "espn": [206.9000946667, 204.548696, 209.602533, 203.192067], "twiggys": [207.8881736667, 208.3741433333, 206.3265793333, 208.1502563333], "indicative": [0.1702243333], "mercadopago": [432.634698, 206.3305023333, 209.243908, 205.597312, 477.0218223333, 207.145777, 207.8151776667, 207.0432426667, 206.3519923333, 206.26314, 212.282461, 204.7225876667], "igaming-service": [208.5323556667, 201.629051, 205.04103, 209.8045023333, 216.378818, 198.247883, 203.702824, 197.3984346667], "globo": [451.2654206667, 204.9810136667, 204.3561966667, 204.237839], "mparticle": [0.1702243333], "makestories": [207.013187, 203.321889, 434.06958, 205.0568676667], "quantcount": [0.1702243333], "petz": [204.8336933333, 213.345869, 205.0396016667, 206.4493793333], "primis": [205.760639, 205.988155, 206.26232, 209.0572716667], "ctfassets": [213.584662, 204.060838, 214.0376116667, 205.0477516667], "seondfresolver": [], "rededorsaoluiz": [], "emarsys": [0.1702243333], "bcdn": [281.8649103333, 210.2915083333, 206.4090146667, 414.9589206667], "grancursosonline": [210.061049, 206.463815, 208.804385, 319.3612226667], "pgwin": [16.4609036667], "oraai": [206.2845833333, 359.5942276667, 203.6734976667, 208.3354273333], "dugout": [211.1328493333, 212.039195, 272.4722213333, 211.451948], "intergient": [0.1702243333],