{"dlkmodas": [292.0438966667], "msecnd": [286.641036], "cruzeirodosul": [285.399182], "shopee": [286.6440983333], "uol": [313.773553, 287.8811716667, 288.9609603333, 287.926337], "band": [286.9348373333], "w55c": [287.108815], "advertising": [276.8441636667], "claro": [285.9306773333, 16.9495533333], "msauth": [286.2320206667], "tradelab": [271.2321963333], "twimg": [355.040754], "twitter": [363.231182], "paypalobjects": [135.5570413333, 135.9290086667], "licdn": [262.762303, 261.075801], "fbitsstatic": [288.690661], "infojobs": [287.3462966667], "oath": [289.0272303333], "metaffiliation": [296.628304], "yahoo": [287.9372703333]}