{"dlkmodas": [225.9517243333, 20.2081846667], "msecnd": [210.516627, 209.6881236667], "cruzeirodosul": [202.9784446667], "shopee": [201.1542973333], "uol": [205.276914, 0.1702243333, 226.80726, 201.6818663333], "band": [194.865786], "w55c": [0.1702243333], "advertising": [0.1702243333], "claro": [16.9495533333, 221.254108], "msauth": [193.6829716667], "tradelab": [0.1702243333], "twimg": [213.5921403333, 220.6017666667], "twitter": [218.9227496667], "paypalobjects": [135.5570413333, 135.9290086667], "licdn": [210.96483, 210.8757706667], "fbitsstatic": [216.9400736667], "infojobs": [221.479423], "oath": [204.8379753333], "metaffiliation": [0.1702243333], "yahoo": [223.3055683333]}