{"dlkmodas": [20.2081846667, 16.865904], "msecnd": [16.9596836667, 19.9150293333], "cruzeirodosul": [17.3378143333], "shopee": [47.5580683333, 48.016864], "uol": [16.8866193333, 17.041157, 16.6231456667, 16.841643], "band": [17.0208666667], "w55c": [123.816319], "advertising": [17.014616], "claro": [16.9495533333], "msauth": [19.2507593333, 18.963917], "tradelab": [16.881129], "twimg": [17.6541166667, 19.1447076667], "twitter": [16.8136983333], "paypalobjects": [135.5570413333, 135.9290086667], "licdn": [16.9241856667], "fbitsstatic": [20.173455], "infojobs": [16.8735806667], "oath": [123.3414446667], "metaffiliation": [17.572535], "yahoo": [132.807123]}