{"medallia": [213.6783216667], "disqus": [17.3001046667, 18.7179776667, 16.689204, 16.7175496667, 214.1140843333], "wikihow": [16.671915, 19.0491293333, 16.7268086667, 16.785034, 214.078261], "last": [18.1053073333], "redd": [213.6731966667], "sentry-cdn": [16.721859, 16.6978913333, 16.8418943333, 18.6427013333], "taboola": [0.1702243333, 213.775564], "kayak": [16.7149173333, 16.765018, 18.6749763333, 16.7101193333], "fastly-insights": [0.1702243333], "github": [0.1702243333, 210.3358516667, 16.9567376667, 16.6048213333, 16.6786766667, 17.184943], "scribd": [17.2113376667, 19.0341933333, 16.6753423333, 16.8371003333, 214.314628], "adnxs": [0.1702243333], "scdn": [213.6758006667], "receitasnestle": [16.9401223333], "havan": [16.547246, 16.9424076667, 16.7505766667, 18.6260646667], "nr-data": [16.7126506667], "bbc": [16.600656, 18.7400733333, 17.0885203333, 16.7816586667], "scribdassets": [214.314628], "redditmedia": [16.8394083333, 16.6462636667, 213.6731966667, 16.7256426667, 18.58605], "krxd": [0.1702243333], "newrelic": [0.1702243333], "ebayimg": [214.3528066667], "noembed": [19.0491293333, 16.785034, 16.671915, 16.7268086667], "braze": [0.1702243333], "centraldasapostas": [17.5088693333], "revampcdn": [214.078261], "pplusstatic": [132.8513323333], "webcollage": [213.8526073333], "klaviyo": [0.1702243333], "launchdarkly": [214.2888173333], "twimg": [16.511267, 226.375074], "jwpltx": [0.1702243333], "imgur": [216.360884], "paramountplus": [], "livestream": [11.7475903333, 368.1476463333, 12.0510556667], "pinterest": [0.1702243333, 217.619315], "evgnet": [16.872144, 18.6219656667, 16.8454286667, 16.69752], "cbsi": [0.1702243333], "reddit": [16.8394083333, 0.1702243333, 16.6462636667, 16.7256426667, 18.58605], "twitchcdn": [213.1718763333], "zencdn": [214.2888173333], "polyfill": [16.793913, 16.560712, 16.488765, 19.1107846667], "redditstatic": [], "tacdn": [284.7266116667], "tudocelular": [11.5798266667, 11.9363706667, 11.8697593333], "speedcurve": [0.1702243333], "paypal": [17.00284, 134.9841716667, 190.6113656667], "tubemogul": [0.1702243333], "twitch": [16.829294, 16.8807746667, 213.1718763333, 16.8155233333, 18.9286633333], "twitter": [218.9227496667], "outbrain": [0.1702243333], "paypalobjects": [135.5570413333, 135.9290086667], "tripadvisor": [16.7559236667, 16.478593, 16.4797863333, 210.495734, 18.602021], "imgix": [214.3032243333], "w-x": [213.9709146667], "vimeocdn": [213.174553], "githubassets": [17.267378, 16.8609843333, 16.6283186667, 16.9243653333], "madeiramadeira": [], "ads-twitter": [0.1702243333], "linktr": [16.7334016667, 213.617763, 19.0574136667, 16.819836, 16.472099], "jwpcdn": [214.266499], "perfectmarket": [0.1702243333], "px-cdn": [214.059032], "stackoverflow": [16.715548, 18.6501523333, 16.8338816667, 16.7076646667], "innogamescdn": [213.174553], "spotifycdn": [384.890574], "filestackapi": [213.9709146667], "chartbeat": [0.1702243333], "ebaystatic": [209.862845], "ravenjs": [16.6978913333, 18.6427013333, 16.8418943333, 16.721859], "getfeedback": [341.43016], "r9cdn": [213.2983286667], "sstatic": [16.715548, 18.6501523333, 16.7076646667, 16.8338816667]}