{"medallia": [139.745678], "disqus": [17.3001046667, 16.689204, 18.7179776667, 139.230354, 16.7175496667], "wikihow": [139.6848446667, 16.671915, 19.0491293333, 16.7268086667, 16.785034], "last": [18.1053073333], "redd": [140.7614623333], "sentry-cdn": [16.721859, 16.6978913333, 16.8418943333, 18.6427013333], "taboola": [139.2012336667], "kayak": [18.6749763333, 16.7149173333, 16.765018, 16.7101193333], "fastly-insights": [16.7166373333, 18.7954303333, 16.6575826667, 16.636982], "github": [143.089278, 16.9567376667, 16.6048213333, 143.7786806667, 16.6786766667, 17.184943], "scribd": [17.2113376667, 19.0341933333, 140.281012, 16.6753423333, 16.8371003333], "adnxs": [153.6693276667], "scdn": [140.1857673333], "receitasnestle": [16.9401223333], "havan": [16.547246, 16.9424076667, 16.7505766667, 18.6260646667], "nr-data": [16.7126506667], "bbc": [16.600656, 18.7400733333, 17.0885203333, 16.7816586667], "scribdassets": [140.281012], "redditmedia": [16.8394083333, 16.6462636667, 140.7614623333, 16.7256426667, 18.58605], "krxd": [140.1004176667], "newrelic": [139.3040496667], "ebayimg": [147.8876023333], "noembed": [16.7268086667, 16.785034, 16.671915, 19.0491293333], "braze": [140.1923013333], "centraldasapostas": [17.5088693333], "revampcdn": [139.6848446667], "pplusstatic": [139.6848446667], "webcollage": [138.6912026667], "klaviyo": [140.1004176667], "launchdarkly": [140.3699303333], "twimg": [16.511267, 139.76686], "jwpltx": [139.943359], "imgur": [140.1490563333], "paramountplus": [], "livestream": [12.0510556667, 138.8906483333, 11.7475903333], "pinterest": [148.8855783333, 138.8009106667], "evgnet": [16.872144, 18.6219656667, 16.8454286667, 16.69752], "cbsi": [139.8421186667], "reddit": [16.8394083333, 16.6462636667, 140.7614623333, 16.7256426667, 18.58605], "twitchcdn": [140.5117086667], "zencdn": [140.3699303333], "polyfill": [16.793913, 16.560712, 16.488765, 19.1107846667], "redditstatic": [], "tacdn": [139.025343], "tudocelular": [11.5798266667, 11.9363706667, 11.8697593333], "speedcurve": [140.3699303333], "paypal": [16.4861576667, 134.9841716667, 190.6113656667], "tubemogul": [138.6912026667], "twitch": [16.829294, 16.8807746667, 140.5117086667, 16.8155233333, 18.9286633333], "twitter": [122.7841303333], "outbrain": [362.3787023333], "paypalobjects": [135.5570413333, 135.9290086667], "tripadvisor": [16.7559236667, 16.478593, 138.6958466667, 16.4797863333, 18.602021], "imgix": [139.2882533333], "w-x": [140.1004176667], "vimeocdn": [139.6496933333], "githubassets": [17.267378, 16.8609843333, 16.6283186667, 16.9243653333], "madeiramadeira": [], "ads-twitter": [140.1493033333], "linktr": [16.7334016667, 19.0574136667, 16.819836, 139.3434673333, 16.472099], "jwpcdn": [139.943359], "perfectmarket": [139.2012336667], "px-cdn": [139.7280433333], "stackoverflow": [16.715548, 18.6501523333, 16.8338816667, 16.7076646667], "innogamescdn": [139.6496933333], "spotifycdn": [139.508685], "filestackapi": [140.1004176667], "chartbeat": [140.20186], "ebaystatic": [123.4865526667], "ravenjs": [16.721859, 16.6978913333, 16.8418943333, 18.6427013333], "getfeedback": [140.2285093333], "r9cdn": [138.8530956667], "sstatic": [16.715548, 18.6501523333, 16.8338816667, 16.7076646667]}