{"medallia": [198.2323816667], "disqus": [266.624843, 17.3001046667, 18.7179776667, 16.689204, 16.7175496667], "wikihow": [347.9588533333, 16.671915, 19.0491293333, 16.7268086667, 16.785034], "last": [18.1053073333], "redd": [347.2476296667], "sentry-cdn": [18.6427013333, 16.6978913333, 16.8418943333, 16.721859], "taboola": [347.899375], "kayak": [18.6749763333, 16.765018, 16.7149173333, 16.7101193333], "fastly-insights": [16.7166373333, 18.7954303333, 16.6575826667, 16.636982], "github": [147.4160816667, 16.9567376667, 16.6048213333, 16.6786766667, 17.184943], "scribd": [17.2113376667, 347.5222613333, 19.0341933333, 16.6753423333, 16.8371003333], "adnxs": [289.7839463333], "scdn": [347.284519], "receitasnestle": [16.9401223333], "havan": [16.547246, 16.7505766667, 18.6260646667, 16.9424076667], "nr-data": [16.7126506667], "bbc": [16.600656, 18.7400733333, 17.0885203333, 16.7816586667], "scribdassets": [347.5222613333], "redditmedia": [16.8394083333, 16.6462636667, 347.2476296667, 16.7256426667, 18.58605], "krxd": [348.498427], "newrelic": [347.299467], "ebayimg": [356.0065116667, 357.912436], "noembed": [16.7268086667, 16.785034, 19.0491293333, 16.671915], "braze": [347.4519556667], "centraldasapostas": [17.5088693333], "revampcdn": [347.9588533333], "pplusstatic": [397.468616], "webcollage": [348.2235583333], "klaviyo": [348.498427], "launchdarkly": [347.526027], "twimg": [16.511267, 335.9840103333], "jwpltx": [503.382421], "imgur": [184.454615], "paramountplus": [], "livestream": [11.7475903333, 12.0510556667, 348.403629], "pinterest": [332.672256, 347.2598393333, 285.3819536667], "evgnet": [16.872144, 18.6219656667, 16.8454286667, 16.69752], "cbsi": [392.2468343333], "reddit": [16.8394083333, 16.6462636667, 347.2476296667, 16.7256426667, 18.58605], "twitchcdn": [347.7198813333], "zencdn": [347.526027], "polyfill": [16.488765, 16.793913, 16.560712, 19.1107846667], "redditstatic": [], "tacdn": [347.3325403333], "tudocelular": [11.5798266667, 11.9363706667, 11.8697593333], "speedcurve": [347.526027], "paypal": [17.00284, 134.9841716667, 190.6113656667], "tubemogul": [348.2235583333], "twitch": [347.7198813333, 16.829294, 16.8807746667, 16.8155233333, 18.9286633333], "twitter": [363.231182], "outbrain": [346.590298], "paypalobjects": [135.5570413333, 135.9290086667], "tripadvisor": [16.7559236667, 16.478593, 355.9390993333, 16.4797863333, 18.602021], "imgix": [347.7064796667], "w-x": [348.498427], "vimeocdn": [347.482688], "githubassets": [17.267378, 16.8609843333, 16.6283186667, 16.9243653333], "madeiramadeira": [], "ads-twitter": [347.6229256667], "linktr": [16.7334016667, 186.2342073333, 19.0574136667, 16.819836, 16.472099], "jwpcdn": [503.382421], "perfectmarket": [347.899375], "px-cdn": [375.9306693333], "stackoverflow": [16.715548, 18.6501523333, 16.7076646667, 16.8338816667], "innogamescdn": [347.482688], "spotifycdn": [347.1330506667], "filestackapi": [348.498427], "chartbeat": [346.67557], "ebaystatic": [329.219407], "ravenjs": [18.6427013333, 16.6978913333, 16.8418943333, 16.721859], "getfeedback": [347.3141026667], "r9cdn": [348.0170543333], "sstatic": [16.715548, 18.6501523333, 16.8338816667, 16.7076646667]}