{"googlesyndication": [372.615151, 368.2957103333, 373.235841, 377.6135733333, 377.468463], "globo": [17.8075963333, 18.477303, 18.443961, 17.6586226667, 17.6229273333, 139.3582776667, 18.6592016667, 18.477114, 18.4940893333, 18.5223333333, 18.5241046667, 19.7432616667], "creativecdn": [17.5720183333, 17.5619016667], "googleadservices": [369.4296736667, 372.3303203333], "perfdrive": [17.5650853333, 17.837261, 17.5230683333], "google": [18.5183276667, 368.3650416667, 374.2676793333, 367.7622386667, 368.0825343333, 373.2296193333, 335.582352, 339.7916393333, 342.422508, 342.4202793333, 341.726368, 368.6661276667, 342.0728403333, 373.376467, 340.1541603333, 375.2866233333, 17.6708316667, 373.4576596667, 346.3294506667, 341.2778333333, 379.3997746667, 372.7858023333, 372.446421, 373.2214436667, 379.1215893333, 367.901737, 17.6995476667, 371.6190986667, 28.7677076667, 377.3098353333, 373.4176573333, 367.329771, 371.709417, 373.7128586667, 369.875037, 377.589565, 372.4128626667, 377.657854], "cloudfunctions": [17.5266276667], "shopee": [385.4201423333], "conjur": [17.551275], "mxpnl": [17.5354726667, 17.846897], "openx": [17.5370963333, 17.6170923333, 17.492728, 17.610758, 17.807782, 17.6302963333], "gvt1": [375.2866233333], "gstatic": [368.842961, 207.626561, 369.875037, 370.8298123333, 369.4001496667], "tailtarget": [17.674093, 17.519199], "bitmovin": [17.505736, 17.6683603333], "lr-ingest": [153.102977], "permutive": [17.530151], "doubleclick": [337.770793, 345.9246546667, 337.8604046667, 372.3303203333, 337.676251, 368.7112823333, 375.488348, 346.062439, 336.439519, 338.601749, 345.242926, 379.3997746667, 341.85632, 341.4109353333, 346.314546, 340.0942726667, 374.7343576667, 378.86551, 346.415382, 514.8439926667, 374.4687366667, 377.589565, 373.4825703333, 337.1809733333, 348.9601083333], "ggpht": [371.707155], "simpli": [345.7027606667, 337.1435116667, 344.356713], "onclickalgo": [17.640279], "solucx": [17.6867933333], "grumpydime": [17.761079], "spotify": [17.5041283333, 17.595526, 17.6022153333], "sentry": [130.5509973333, 17.6420703333, 153.412231], "petametrics": [17.6016546667], "last": [18.1053073333], "impactcdn": [17.8174933333], "fresh8": [17.5391153333], "youtube": [374.2676793333, 368.3650416667, 377.91236, 368.1417053333, 373.637278, 373.188905, 377.6013773333, 368.6661276667, 371.747938, 376.2272186667, 373.7005533333, 375.2866233333, 373.2472713333, 448.0519763333, 368.702509, 372.7858023333, 372.446421, 367.901737, 373.4176573333, 367.329771, 373.6901136667, 373.0249766667, 377.589565, 369.5858966667, 373.5369413333, 369.7891236667, 372.4128626667, 368.1631876667, 369.7156123333, 377.657854], "webtrafficsource": [17.6028063333], "petlove": [17.5742583333, 17.659965, 17.6174466667, 17.6774893333], "freepik": [17.677226], "brightcove": [17.5757656667], "ap4r": [17.795423], "googleoptimize": [373.2472713333], "tail": [17.519199], "estadao": [17.777473], "meuguia": [17.5742583333, 17.659965, 17.6174466667, 17.6774893333], "primecursos": [372.4810163333], "doubleverify": [18.2290953333], "px-client": [17.6214336667], "pub": [17.543402, 17.50287], "googleapis": [373.9065333333, 370.5859946667, 377.571375, 372.7987843333, 373.8553576667, 381.489966, 378.976425, 370.828465, 373.983322, 372.561338, 370.4541346667, 371.710211, 373.2296193333, 376.563004, 369.767724, 374.8351966667, 373.659779, 372.2619566667, 373.1093486667, 376.8466376667, 374.074073, 373.795664, 376.1412556667, 373.5442186667, 373.2459943333, 373.4576596667, 370.8203056667, 378.0487473333, 370.1894763333, 371.7845993333, 337.8145566667, 372.9099436667, 368.2756083333, 367.698705, 368.868492, 374.750387, 368.1646276667, 373.9267763333, 368.4606873333, 374.44206, 367.8521486667, 367.5533356667, 369.826538, 373.812492, 378.1763253333, 374.7190503333, 366.8322093333, 369.9867333333, 368.227961, 376.3714223333, 377.1053336667, 371.824878, 372.0437036667], "withgoogle": [377.9637826667], "appspot": [373.1448233333, 366.357076, 556.652716, 373.411756], "media": [17.6160416667, 17.6395886667], "ampproject": [367.7218643333], "pdst": [17.692889], "grancursosonline": [17.659965, 17.5742583333, 17.6174466667, 17.6774893333], "flashscore": [17.7640366667], "indicative": [17.6588676667], "rlcdn": [17.5847656667, 17.628248], "uber": [17.935826], "collectconsent": [18.5536883333], "wknd": [], "kwai-pro": [17.4900926667], "sportradarserving": [285.8941853333], "cybercook": [17.7597663333], "4dex": [17.6617526667, 17.6028266667], "googleusercontent": [376.0028553333, 378.843829, 17.6882353333], "aswpsdkus": [17.5882773333], "datalivemarketing": [], "pghub": [18.4943123333], "instana": [17.6298103333, 17.7088516667], "croct": [17.6174383333, 18.5815496667], "googlevideo": [17.5370473333], "conteudo": [17.7210306667], "cruzeirodosuleducacional": [17.615911], "parastorage": [17.5529196667], "mobiauto": [18.5098536667], "cdn-net": [17.69037], "acsbapp": [12.3453316667, 11.9007983333, 11.8762946667], "xonados": [17.659965], "px-cloud": [17.6214336667], "firebaseio": [17.6330423333], "fretebras": [185.4063233333], "snapchat": [17.6722846667], "istoedinheiro": [17.6942753333], "notifia": [178.279256], "vimeocdn": [18.271669], "bugsnag": [24.838554], "blismedia": [17.646968], "desejoslocais": [18.454587], "rdstation": [153.3747113333, 153.110217, 17.6205066667], "login": [17.559544], "acordocerto": [17.5574206667], "btloader": [17.5719576667], "prmutv": [17.5246506667], "consensu": [17.6134973333], "33across": [17.5597233333], "poki": [17.5578283333], "smartclip": [17.8439703333], "blogger": [377.021598], "mrtnsvr": [17.571395], "loopme": [211.4019206667], "trkwwtarget": [17.527352], "alura": [18.5112436667], "rakuten": [17.5775156667, 17.6295433333], "tapad": [17.9815866667], "melhoresdestinos": [17.5742583333, 17.6070633333, 17.659965, 17.6774893333, 17.6174466667], "ivitrack": [17.625103], "google-analytics": [374.6347533333, 367.5533356667], "adjust": [138.1519223333], "seedtag": [], "linksynergy": [17.5007076667], "lngtd": [17.659965, 17.6774893333, 17.5742583333, 17.6174466667], "istoe": [17.4692623333], "fullstory": [17.585827, 18.523933], "kwai": [17.7373326667, 17.5950566667], "wixmp": [17.6457023333], "squidit": [17.741636], "kochava": [17.8149366667], "openxcdn": [18.2530273333], "hurb": [17.658166], "estacio": [17.5742583333, 17.659965, 17.6174466667, 17.6774893333], "sift": [17.732355], "2mdn": [376.1002283333], "bidence": [17.698845], "matheranalytics": [17.5549863333], "chess": [17.556374], "dailymotion": [196.0737856667], "mr-in": [153.2273133333], "tpmn": [18.2747923333], "rtbhouse": [17.6012843333], "queropassagem": [18.926288], "nobeta": [17.5955476667], "cruzeirodosulvirtual": [17.615911], "ytimg": [367.678288, 368.5513393333, 369.262008, 372.446421, 373.6707323333, 369.3107926667, 372.142107, 376.8139963333, 378.843829, 368.9322156667, 367.017531, 372.4504133333, 371.302663, 374.8576423333, 373.968483, 374.3574056667, 377.6460496667], "googletagmanager": [375.7425876667], "viralize": [], "mythad": [17.7358956667], "bri": [17.9111126667], "ipinfo": [17.8326533333], "onr": [17.59883]}