{"squidit": [17.741636], "googlesyndication": [46.8370973333, 49.781548, 50.2257386667], "sentry": [130.5509973333, 17.6420703333, 153.412231], "google": [46.515198, 45.7419396667, 54.4417926667, 46.1773233333, 47.0584036667, 67.1850633333, 63.920652, 50.708132, 67.6650613333, 65.5143666667, 70.7253833333, 66.7163113333, 48.3391866667, 28.7677076667, 45.6028173333, 45.607609, 50.295103, 18.5183276667, 17.6995476667, 65.77865, 49.4273603333, 50.985152, 51.052553, 46.0247826667, 17.6708316667, 47.8046976667, 45.290352, 49.7888333333, 45.8140483333, 70.94566, 54.4177156667, 47.1670936667, 45.3636903333], "doubleclick": [67.2415976667, 45.7419396667, 47.2487706667, 68.4431843333, 67.4480773333, 73.1763276667, 50.8029083333, 69.8920863333, 64.5085273333, 51.598347, 65.6871303333, 69.865845, 46.2775496667, 66.0920716667, 345.88078, 70.0169896667, 49.944638, 67.628258, 51.0606606667, 64.9236106667, 75.0123886667, 66.262878, 47.8046976667, 68.0779323333, 50.4141863333, 51.6100803333, 50.263488, 50.2897706667], "desejoslocais": [18.454587], "fresh8": [17.5391153333], "googleusercontent": [50.337403, 50.5850073333, 17.6882353333], "globo": [18.5223333333, 18.5241046667, 18.6592016667, 17.8075963333, 18.443961, 19.7432616667, 18.4940893333, 17.6229273333, 17.6586226667, 18.477114, 18.477303, 139.3582776667], "melhoresdestinos": [17.659965, 17.6174466667, 17.6774893333, 17.6070633333, 17.5742583333], "spotify": [17.595526, 17.6022153333, 17.5041283333], "aswpsdkus": [17.5882773333], "poki": [17.5578283333], "rakuten": [17.5775156667, 17.6295433333], "tailtarget": [17.674093, 17.519199], "4dex": [17.6028266667, 17.6617526667], "kochava": [17.6603883333, 17.8149366667], "google-analytics": [45.695768, 45.7436733333], "estadao": [17.777473], "mobiauto": [18.5098536667], "matheranalytics": [17.5549863333], "rdstation": [153.3747113333, 153.110217, 17.6205066667], "impactcdn": [], "conjur": [17.551275], "petametrics": [17.6016546667], "consensu": [17.6134973333], "doubleverify": [18.2290953333, 17.5635416667], "gvt1": [47.0584036667], "chess": [17.556374], "openx": [17.6170923333, 17.5370963333, 17.610758, 17.807782, 17.6302963333, 17.492728], "mr-in": [153.2273133333], "googletagmanager": [46.3503873333], "meuguia": [17.659965, 17.6774893333, 17.6174466667, 17.5742583333], "wknd": [18.21469], "kwai": [17.7373326667, 17.5950566667], "estacio": [17.659965, 17.6774893333, 17.6174466667, 17.5742583333], "cdn-net": [17.69037], "appspot": [49.833623, 51.0702223333, 50.591334, 45.3043503333], "istoe": [17.4692623333], "ytimg": [47.3338283333, 45.3856406667, 46.8945786667, 50.337403, 50.7256903333, 49.806295, 49.6507816667, 47.3782373333, 49.356051, 49.8795823333, 46.0586266667, 54.6463306667, 49.7895643333, 50.395076], "hurb": [17.658166], "blismedia": [17.646968], "cloudfunctions": [17.5266276667], "mrtnsvr": [17.571395], "gstatic": [51.0805356667, 46.014545, 52.133156, 47.614719], "fullstory": [18.523933, 17.585827], "bri": [17.9111126667], "smartclip": [17.8439703333], "pub": [17.543402, 17.50287], "rlcdn": [17.628248, 17.5847656667], "googleapis": [51.327446, 46.1388373333, 50.5966686667, 45.291299, 46.0618563333, 50.708132, 54.356674, 50.97229, 49.8551796667, 45.2375923333, 47.0651613333, 54.420997, 46.4650383333, 46.2129943333, 50.295103, 51.8947556667, 47.0922303333, 46.8285053333, 46.7587473333, 50.9797666667, 46.187747, 54.377951, 50.3480776667, 55.113371, 46.341547, 47.055397, 49.8109066667, 50.3197123333, 55.1683526667, 51.876073, 46.4203603333, 54.3816323333], "px-cloud": [17.6214336667], "mxpnl": [17.5354726667, 17.846897], "last": [18.1053073333], "vimeocdn": [18.271669], "solucx": [17.6867933333], "googleadservices": [47.8046976667, 54.4417926667], "uber": [17.935826], "trkwwtarget": [17.527352], "bidence": [17.698845], "croct": [17.6174383333, 18.5815496667], "istoedinheiro": [17.6942753333], "openxcdn": [18.2530273333], "tapad": [17.9815866667], "youtube": [46.515198, 46.0247826667, 45.7419396667, 46.1773233333, 48.3391866667, 47.0584036667, 50.985152, 45.290352, 50.1483213333, 47.0563226667, 54.3846426667, 49.8795823333, 45.6178293333, 51.5068806667, 45.3636903333, 51.052553], "lr-ingest": [153.102977], "pdst": [17.692889], "googleoptimize": [50.985152], "indicative": [17.6588676667], "alura": [18.5112436667], "permutive": [17.530151], "blogger": [46.0332403333], "kwai-pro": [17.4900926667], "bitmovin": [17.505736, 17.6683603333], "firebaseio": [17.6330423333], "xonados": [17.659965], "linksynergy": [17.5007076667], "prmutv": [17.5246506667], "petlove": [17.659965, 17.6774893333, 17.6174466667, 17.5742583333], "login": [17.559544], "dailymotion": [196.0737856667, 19.0310706667], "perfdrive": [17.5650853333, 17.837261, 17.5230683333], "media": [17.6160416667, 17.6395886667], "px-client": [17.6214336667], "simpli": [153.4083313333, 153.2640323333, 153.682825], "adjust": [], "brightcove": [17.5757656667], "conteudo": [17.7210306667], "instana": [17.6298103333, 17.7088516667], "sportradarserving": [138.8902046667], "pghub": [18.4943123333], "onclickalgo": [17.640279], "btloader": [17.5719576667], "ap4r": [17.795423], "collectconsent": [18.5536883333], "googlevideo": [17.5370473333], "ggpht": [50.2140383333], "tail": [17.519199], "withgoogle": [46.3478236667], "acsbapp": [12.3453316667, 11.8762946667, 11.9007983333], "tpmn": [18.2747923333], "creativecdn": [17.5720183333, 17.5619016667], "nobeta": [17.5955476667], "parastorage": [143.3153083333, 137.9211443333, 141.9274206667, 140.6036166667], "datalivemarketing": [133.587769], "webtrafficsource": [17.6028063333], "viralize": [17.5294553333], "shopee": [385.4201423333], "grancursosonline": [17.659965, 17.6774893333, 17.6174466667, 17.5742583333], "flashscore": [17.7640366667], "33across": [17.5597233333], "fretebras": [185.4063233333], "bugsnag": [24.838554], "grumpydime": [17.761079], "loopme": [211.4019206667], "sift": [17.732355], "2mdn": [47.014652], "cybercook": [17.7597663333], "ipinfo": [17.8326533333], "rtbhouse": [17.6012843333], "queropassagem": [18.926288], "primecursos": [], "snapchat": [17.6722846667], "freepik": [17.677226], "cruzeirodosuleducacional": [17.615911], "cruzeirodosulvirtual": [17.615911], "ampproject": [54.4690686667], "notifia": [178.279256], "lngtd": [17.659965, 17.6774893333, 17.6174466667, 17.5742583333], "onr": [17.59883], "ivitrack": [17.625103], "acordocerto": [17.5574206667], "seedtag": [], "mythad": [17.7358956667], "wixmp": [17.6457023333]}