{"squidit": [17.741636], "googlesyndication": [150.4845233333, 150.3812763333, 151.2188953333], "sentry": [130.5509973333, 17.6420703333, 153.412231], "google": [130.5771096667, 150.4514306667, 149.8911213333, 149.7952013333, 151.443044, 149.9032713333, 150.1667816667, 130.3304746667, 149.8250843333, 130.408193, 28.7677076667, 150.3421363333, 150.4845233333, 150.5190996667, 17.6995476667, 130.3837903333, 18.5183276667, 150.0099766667, 130.4144846667, 130.1651943333, 130.3894026667, 150.7192456667, 130.438839, 150.5643313333, 150.352241, 17.6708316667, 150.3812763333], "doubleclick": [130.326012, 131.184671, 150.1240246667, 130.4903246667, 130.1290593333, 150.4845233333, 130.4251346667, 130.5311406667, 130.320205, 131.7345106667, 130.5959113333, 151.6797603333, 130.4551016667, 130.5677866667, 150.1652863333, 243.17329, 150.0038426667, 150.8798163333, 130.5258483333, 130.4769296667], "desejoslocais": [18.454587], "fresh8": [17.5391153333], "googleusercontent": [149.6679693333, 17.6882353333, 149.6677533333], "globo": [18.5223333333, 18.5241046667, 18.6592016667, 17.8075963333, 18.443961, 19.7432616667, 18.4940893333, 17.6229273333, 17.6586226667, 18.477114, 18.477303, 139.3582776667], "melhoresdestinos": [17.659965, 17.6174466667, 17.6774893333, 17.6070633333, 17.5742583333], "spotify": [17.595526, 17.6022153333, 17.5041283333], "aswpsdkus": [17.5882773333], "poki": [17.5578283333], "rakuten": [17.5775156667, 17.6295433333], "tailtarget": [17.674093, 17.519199], "4dex": [17.6028266667, 17.6617526667], "kochava": [17.6603883333, 17.8149366667], "google-analytics": [150.1033406667, 149.7952013333], "estadao": [17.777473], "mobiauto": [18.5098536667], "matheranalytics": [17.5549863333], "rdstation": [153.3747113333, 153.110217, 17.6205066667], "impactcdn": [17.8174933333], "conjur": [17.551275], "petametrics": [17.6016546667], "consensu": [17.6134973333], "doubleverify": [18.2290953333], "gvt1": [150.3421363333], "chess": [17.556374], "openx": [17.6170923333, 17.5370963333, 17.610758, 17.807782, 17.6302963333, 17.492728], "mr-in": [153.2273133333], "googletagmanager": [150.1033406667], "meuguia": [17.659965, 17.6774893333, 17.6174466667, 17.5742583333], "wknd": [18.21469], "kwai": [17.7373326667, 17.5950566667], "estacio": [17.659965, 17.6774893333, 17.6174466667, 17.5742583333], "cdn-net": [17.69037], "appspot": [150.1457533333, 150.327375, 150.4947796667], "istoe": [17.4692623333], "ytimg": [150.7490973333, 151.2729176667, 151.003066, 150.352241, 149.6679693333, 150.0898026667, 150.748357], "hurb": [17.658166], "blismedia": [17.646968], "cloudfunctions": [17.5266276667], "mrtnsvr": [17.571395], "gstatic": [150.0099766667, 150.1697286667, 222.646483, 150.5643313333], "fullstory": [18.523933, 17.585827], "bri": [17.9111126667], "smartclip": [17.8439703333], "pub": [17.543402, 17.50287], "rlcdn": [17.628248, 17.5847656667], "googleapis": [150.5190996667, 150.9433426667, 150.0893893333, 150.0876006667, 150.4514306667, 150.5566096667, 150.5926353333, 150.2233206667, 393.8530983333, 150.1447243333, 243.169805], "px-cloud": [17.6214336667], "mxpnl": [17.5354726667, 17.846897], "last": [18.1053073333], "vimeocdn": [18.271669], "solucx": [17.6867933333], "googleadservices": [150.4845233333], "uber": [17.935826], "trkwwtarget": [17.527352], "bidence": [17.698845], "croct": [17.6174383333, 18.5815496667], "istoedinheiro": [17.6942753333], "openxcdn": [18.2530273333], "tapad": [17.9815866667], "youtube": [150.352241, 243.17329, 150.3421363333, 151.443044, 149.9032713333, 150.1667816667], "lr-ingest": [153.102977], "pdst": [17.692889], "googleoptimize": [150.3421363333], "indicative": [17.6588676667], "alura": [18.5112436667], "permutive": [17.530151], "blogger": [150.1964966667], "kwai-pro": [], "bitmovin": [17.505736, 17.6683603333], "firebaseio": [17.6330423333], "xonados": [17.659965], "linksynergy": [17.5007076667], "prmutv": [17.5246506667], "petlove": [17.659965, 17.6774893333, 17.6174466667, 17.5742583333], "login": [17.559544], "dailymotion": [196.0737856667, 126.9200406667], "perfdrive": [17.5650853333, 17.837261, 17.5230683333], "media": [17.6160416667, 17.6395886667], "px-client": [17.6214336667], "simpli": [185.0625893333, 185.3997943333, 185.536252], "adjust": [138.1519223333], "brightcove": [17.5757656667], "conteudo": [], "instana": [17.6298103333, 17.7088516667], "sportradarserving": [138.8902046667], "pghub": [18.4943123333], "onclickalgo": [17.640279], "btloader": [17.5719576667], "ap4r": [17.795423], "collectconsent": [18.5536883333], "googlevideo": [17.5370473333], "ggpht": [151.2188953333], "tail": [17.519199], "withgoogle": [149.9502723333], "acsbapp": [12.3453316667, 11.8762946667, 11.9007983333], "tpmn": [18.2747923333], "creativecdn": [17.5720183333, 17.5619016667], "nobeta": [17.5955476667], "parastorage": [17.5529196667], "datalivemarketing": [133.587769], "webtrafficsource": [17.6028063333], "viralize": [17.5294553333], "shopee": [385.4201423333], "grancursosonline": [17.659965, 17.6774893333, 17.6174466667, 17.5742583333], "flashscore": [17.7640366667], "33across": [17.5597233333], "fretebras": [185.4063233333], "bugsnag": [24.838554], "grumpydime": [17.761079], "loopme": [211.4019206667], "sift": [17.732355], "2mdn": [151.6797603333], "cybercook": [17.7597663333], "ipinfo": [17.8326533333], "rtbhouse": [17.6012843333], "queropassagem": [18.926288], "primecursos": [150.6184093333], "snapchat": [17.6722846667], "freepik": [17.677226], "cruzeirodosuleducacional": [17.615911], "cruzeirodosulvirtual": [17.615911], "ampproject": [150.0076356667], "notifia": [178.279256], "lngtd": [17.659965, 17.6774893333, 17.6174466667, 17.5742583333], "onr": [17.59883], "ivitrack": [17.625103], "acordocerto": [17.5574206667], "seedtag": [], "mythad": [17.7358956667], "wixmp": [17.6457023333]}