{"squidit": [], "googlesyndication": [23.5628183333, 23.4012403333, 23.5042963333, 24.0266213333, 31.6262696667], "sentry": [130.5509973333, 17.6420703333, 153.412231], "google": [24.78769, 23.6394673333, 23.4472713333, 67.1850633333, 23.3844733333, 63.920652, 67.6650613333, 65.5143666667, 23.803037, 70.7253833333, 23.762595, 66.7163113333, 23.4230336667, 23.3151246667, 23.4896403333, 24.363915, 28.7677076667, 23.6789103333, 18.5183276667, 17.6995476667, 23.8025676667, 65.77865, 23.263496, 23.4870233333, 23.9228793333, 23.1790493333, 267.700416, 23.5756453333, 17.6708316667, 23.351848, 23.3849433333, 70.94566, 23.5160213333, 23.419412], "doubleclick": [24.78769, 67.2415976667, 23.4472713333, 68.4431843333, 73.7015946667, 65.9130953333, 67.4480773333, 73.1763276667, 69.8920863333, 64.5085273333, 65.6871303333, 23.391805, 69.865845, 66.0920716667, 23.5540906667, 23.588653, 345.88078, 70.0169896667, 23.8847383333, 67.628258, 64.9236106667, 23.4041206667, 23.6239443333, 66.262878, 63.0637963333, 68.0779323333, 23.4445256667, 71.9055066667], "desejoslocais": [18.454587], "fresh8": [17.5391153333], "googleusercontent": [23.4012403333, 23.6296983333, 17.6882353333], "globo": [18.5223333333, 18.5241046667, 18.6592016667, 17.8075963333, 18.443961, 19.7432616667, 18.4940893333, 17.6229273333, 17.6586226667, 18.477114, 18.477303, 139.3582776667], "melhoresdestinos": [17.659965, 17.6174466667, 17.6774893333, 17.6070633333, 17.5742583333], "spotify": [17.595526, 17.6022153333, 17.5041283333], "aswpsdkus": [17.5882773333], "poki": [17.5578283333], "rakuten": [17.5775156667], "tailtarget": [17.674093, 17.519199], "4dex": [17.6028266667, 17.6617526667], "kochava": [17.6603883333, 17.8149366667], "google-analytics": [23.9718176667], "estadao": [17.777473], "mobiauto": [18.5098536667], "matheranalytics": [17.5549863333], "rdstation": [153.3747113333, 153.110217, 17.6205066667], "impactcdn": [17.8174933333], "conjur": [17.551275], "petametrics": [17.6016546667], "consensu": [17.6134973333], "doubleverify": [18.2290953333], "gvt1": [23.419412], "chess": [17.556374], "openx": [17.6170923333, 17.5370963333, 17.610758, 17.807782, 17.6302963333, 17.492728], "mr-in": [153.2273133333], "googletagmanager": [23.9480206667], "meuguia": [17.659965, 17.6774893333, 17.6174466667, 17.5742583333], "wknd": [], "kwai": [17.7373326667, 17.5950566667], "estacio": [17.659965, 17.6774893333, 17.6174466667, 17.5742583333], "cdn-net": [], "appspot": [23.4657513333, 23.106683, 23.4689383333, 23.3804553333, 23.40204], "istoe": [17.4692623333], "ytimg": [23.185591, 23.762595, 23.4729606667, 23.6085093333, 23.623386, 23.358309, 23.3934263333, 23.5034636667, 23.3439036667, 23.6296983333, 23.472729, 24.1813636667, 23.2953566667], "hurb": [17.658166], "blismedia": [17.646968], "cloudfunctions": [17.5266276667], "mrtnsvr": [17.571395], "gstatic": [133.8576713333, 133.7799613333, 23.6789103333, 23.7972263333, 23.6695696667], "fullstory": [18.523933, 17.585827], "bri": [17.9111126667], "smartclip": [17.8439703333], "pub": [17.543402, 17.50287], "rlcdn": [17.628248, 17.5847656667], "googleapis": [23.5968503333, 23.884165, 24.040534, 23.2402413333, 23.509353, 23.5683126667, 23.4494296667, 23.3772426667, 23.590486, 23.4841926667, 23.263496, 23.350432, 23.3189353333, 23.2663856667, 23.6283346667, 23.3462863333, 23.4870233333, 23.2772883333, 23.413161, 23.445959, 23.8407783333, 23.3384486667, 23.655955, 23.517301, 23.580225, 23.528846, 23.6688696667], "px-cloud": [17.6214336667], "mxpnl": [17.5354726667, 17.846897], "last": [18.1053073333], "vimeocdn": [18.271669], "solucx": [17.6867933333], "googleadservices": [23.8295326667, 23.6239443333], "uber": [17.935826], "trkwwtarget": [17.527352], "bidence": [17.698845], "croct": [17.6174383333, 18.5815496667], "istoedinheiro": [17.6942753333], "openxcdn": [18.2530273333], "tapad": [17.9815866667], "youtube": [24.78769, 23.803037, 23.6394673333, 23.762595, 23.4230336667, 23.5756453333, 23.3151246667, 23.47186, 23.351848, 24.363915, 23.3844733333, 23.3849433333, 23.419412], "lr-ingest": [153.102977], "pdst": [17.692889], "googleoptimize": [23.5756453333], "indicative": [17.6588676667], "alura": [18.5112436667], "permutive": [17.530151], "blogger": [23.355145], "kwai-pro": [17.4900926667], "bitmovin": [17.505736, 17.6683603333], "firebaseio": [17.6330423333], "xonados": [17.659965], "linksynergy": [17.5007076667], "prmutv": [17.5246506667], "petlove": [17.659965, 17.6774893333, 17.6174466667, 17.5742583333], "login": [17.559544], "dailymotion": [196.0737856667, 19.0310706667], "perfdrive": [17.5650853333, 17.837261, 17.5230683333], "media": [17.6160416667, 17.6395886667], "px-client": [17.6214336667], "simpli": [153.4083313333, 153.2640323333, 153.682825], "adjust": [138.1519223333], "brightcove": [17.5757656667], "conteudo": [17.7210306667], "instana": [17.6298103333, 17.7088516667], "sportradarserving": [138.8902046667], "pghub": [18.4943123333], "onclickalgo": [17.640279], "btloader": [17.5719576667], "ap4r": [17.795423], "collectconsent": [18.5536883333], "googlevideo": [17.5370473333], "ggpht": [23.4012403333], "tail": [17.519199], "withgoogle": [23.2243646667], "acsbapp": [12.3453316667, 11.8762946667, 11.9007983333], "tpmn": [18.2747923333], "creativecdn": [17.5720183333, 17.5619016667], "nobeta": [17.5955476667], "parastorage": [], "datalivemarketing": [133.587769], "webtrafficsource": [17.6028063333], "viralize": [17.5294553333], "shopee": [17.6508846667], "grancursosonline": [17.659965, 17.6774893333, 17.6174466667, 17.5742583333], "flashscore": [17.7640366667], "33across": [17.5597233333], "fretebras": [185.4063233333], "bugsnag": [24.838554], "grumpydime": [17.761079], "loopme": [211.4019206667], "sift": [17.732355], "2mdn": [23.588653], "cybercook": [], "ipinfo": [17.8326533333], "rtbhouse": [17.6012843333], "queropassagem": [18.926288], "primecursos": [23.434499], "snapchat": [], "freepik": [17.677226], "cruzeirodosuleducacional": [17.615911], "cruzeirodosulvirtual": [17.615911], "ampproject": [23.7048096667], "notifia": [178.279256], "lngtd": [17.659965, 17.6774893333, 17.6174466667, 17.5742583333], "onr": [17.59883], "ivitrack": [17.625103], "acordocerto": [17.5574206667], "seedtag": [], "mythad": [17.7358956667], "wixmp": [17.6457023333]}