{"squidit": [17.741636], "googlesyndication": [377.6135733333, 373.235841, 377.468463, 368.2957103333, 372.615151], "sentry": [130.5509973333, 17.6420703333, 153.412231], "google": [339.7916393333, 377.589565, 369.875037, 367.901737, 372.7858023333, 368.0825343333, 368.6661276667, 342.422508, 373.2214436667, 373.4576596667, 379.1215893333, 340.1541603333, 372.446421, 342.0728403333, 373.4176573333, 377.657854, 379.3997746667, 28.7677076667, 373.376467, 341.2778333333, 367.329771, 371.6190986667, 17.6995476667, 373.7128586667, 18.5183276667, 374.2676793333, 377.3098353333, 371.709417, 375.2866233333, 373.2296193333, 367.7622386667, 17.6708316667, 342.4202793333, 346.3294506667, 341.726368, 368.3650416667, 335.582352, 372.4128626667], "doubleclick": [377.589565, 337.770793, 514.8439926667, 337.1809733333, 372.3303203333, 368.7112823333, 346.314546, 373.4825703333, 341.4109353333, 337.676251, 379.3997746667, 378.86551, 337.8604046667, 346.062439, 338.601749, 345.9246546667, 341.85632, 348.9601083333, 374.7343576667, 340.0942726667, 346.415382, 374.4687366667, 345.242926, 375.488348, 336.439519], "desejoslocais": [18.454587], "fresh8": [17.5391153333], "googleusercontent": [376.0028553333, 378.843829, 17.6882353333], "globo": [18.5223333333, 18.5241046667, 18.6592016667, 17.8075963333, 18.443961, 19.7432616667, 18.4940893333, 17.6229273333, 17.6586226667, 18.477114, 18.477303, 139.3582776667], "melhoresdestinos": [17.659965, 17.6174466667, 17.6774893333, 17.6070633333, 17.5742583333], "spotify": [17.595526, 17.6022153333, 17.5041283333], "aswpsdkus": [17.5882773333], "poki": [17.5578283333], "rakuten": [17.5775156667, 17.6295433333], "tailtarget": [17.674093, 17.519199], "4dex": [17.6028266667, 17.6617526667], "kochava": [17.8149366667], "google-analytics": [374.6347533333, 367.5533356667], "estadao": [17.777473], "mobiauto": [18.5098536667], "matheranalytics": [17.5549863333], "rdstation": [153.3747113333, 153.110217, 17.6205066667], "impactcdn": [17.8174933333], "conjur": [17.551275], "petametrics": [17.6016546667], "consensu": [17.6134973333], "doubleverify": [18.2290953333], "gvt1": [375.2866233333], "chess": [17.556374], "openx": [17.6170923333, 17.5370963333, 17.610758, 17.807782, 17.6302963333, 17.492728], "mr-in": [153.2273133333], "googletagmanager": [375.7425876667], "meuguia": [17.659965, 17.6774893333, 17.6174466667, 17.5742583333], "wknd": [], "kwai": [17.7373326667, 17.5950566667], "estacio": [17.659965, 17.6774893333, 17.6174466667, 17.5742583333], "cdn-net": [17.69037], "appspot": [366.357076, 373.411756, 556.652716, 373.1448233333], "istoe": [17.4692623333], "ytimg": [373.968483, 368.5513393333, 372.446421, 367.017531, 367.678288, 374.8576423333, 371.302663, 373.6707323333, 369.262008, 378.843829, 372.142107, 377.6460496667, 369.3107926667, 372.4504133333, 374.3574056667, 376.8139963333, 368.9322156667], "hurb": [17.658166], "blismedia": [17.646968], "cloudfunctions": [17.5266276667], "mrtnsvr": [17.571395], "gstatic": [369.875037, 207.626561, 369.4001496667, 370.8298123333, 368.842961], "fullstory": [18.523933, 17.585827], "bri": [17.9111126667], "smartclip": [17.8439703333], "pub": [17.543402, 17.50287], "rlcdn": [17.628248, 17.5847656667], "googleapis": [369.9867333333, 373.1093486667, 370.1894763333, 368.868492, 372.0437036667, 372.9099436667, 376.563004, 373.9065333333, 374.7190503333, 373.9267763333, 373.4576596667, 374.44206, 366.8322093333, 367.8521486667, 376.8466376667, 378.976425, 373.2459943333, 378.0487473333, 373.795664, 371.710211, 373.5442186667, 369.767724, 378.1763253333, 371.824878, 372.2619566667, 374.074073, 374.750387, 371.7845993333, 372.7987843333, 368.1646276667, 377.1053336667, 376.3714223333, 376.1412556667, 368.2756083333, 373.659779, 373.983322, 370.4541346667, 373.2296193333, 368.227961, 381.489966, 377.571375, 367.698705, 337.8145566667, 373.812492, 370.828465, 367.5533356667, 370.5859946667, 372.561338, 373.8553576667, 368.4606873333, 370.8203056667, 369.826538, 374.8351966667], "px-cloud": [17.6214336667], "mxpnl": [17.5354726667, 17.846897], "last": [18.1053073333], "vimeocdn": [18.271669], "solucx": [17.6867933333], "googleadservices": [372.3303203333, 369.4296736667], "uber": [17.935826], "trkwwtarget": [17.527352], "bidence": [17.698845], "croct": [17.6174383333, 18.5815496667], "istoedinheiro": [17.6942753333], "openxcdn": [18.2530273333], "tapad": [17.9815866667], "youtube": [377.589565, 373.5369413333, 377.91236, 367.901737, 372.7858023333, 373.637278, 369.5858966667, 368.6661276667, 371.747938, 372.446421, 373.4176573333, 377.657854, 368.1631876667, 369.7891236667, 377.6013773333, 373.6901136667, 367.329771, 373.0249766667, 368.1417053333, 368.702509, 374.2676793333, 373.7005533333, 369.7156123333, 448.0519763333, 375.2866233333, 376.2272186667, 373.2472713333, 368.3650416667, 373.188905, 372.4128626667], "lr-ingest": [153.102977], "pdst": [17.692889], "googleoptimize": [373.2472713333], "indicative": [17.6588676667], "alura": [18.5112436667], "permutive": [17.530151], "blogger": [377.021598], "kwai-pro": [17.4900926667], "bitmovin": [17.505736, 17.6683603333], "firebaseio": [17.6330423333], "xonados": [17.659965], "linksynergy": [17.5007076667], "prmutv": [17.5246506667], "petlove": [17.659965, 17.6774893333, 17.6174466667, 17.5742583333], "login": [17.559544], "dailymotion": [196.0737856667], "perfdrive": [17.5650853333, 17.837261, 17.5230683333], "media": [17.6160416667, 17.6395886667], "px-client": [17.6214336667], "simpli": [344.356713, 337.1435116667, 345.7027606667], "adjust": [138.1519223333], "brightcove": [17.5757656667], "conteudo": [17.7210306667], "instana": [17.6298103333, 17.7088516667], "sportradarserving": [285.8941853333], "pghub": [18.4943123333], "onclickalgo": [17.640279], "btloader": [17.5719576667], "ap4r": [17.795423], "collectconsent": [18.5536883333], "googlevideo": [17.5370473333], "ggpht": [371.707155], "tail": [17.519199], "withgoogle": [377.9637826667], "acsbapp": [12.3453316667, 11.8762946667, 11.9007983333], "tpmn": [18.2747923333], "creativecdn": [17.5720183333, 17.5619016667], "nobeta": [17.5955476667], "parastorage": [17.5529196667], "datalivemarketing": [], "webtrafficsource": [17.6028063333], "viralize": [], "shopee": [385.4201423333], "grancursosonline": [17.659965, 17.6774893333, 17.6174466667, 17.5742583333], "flashscore": [17.7640366667], "33across": [17.5597233333], "fretebras": [185.4063233333], "bugsnag": [24.838554], "grumpydime": [17.761079], "loopme": [211.4019206667], "sift": [17.732355], "2mdn": [376.1002283333], "cybercook": [17.7597663333], "ipinfo": [17.8326533333], "rtbhouse": [17.6012843333], "queropassagem": [18.926288], "primecursos": [372.4810163333], "snapchat": [17.6722846667], "freepik": [17.677226], "cruzeirodosuleducacional": [17.615911], "cruzeirodosulvirtual": [17.615911], "ampproject": [367.7218643333], "notifia": [178.279256], "lngtd": [17.659965, 17.6774893333, 17.6174466667, 17.5742583333], "onr": [17.59883], "ivitrack": [17.625103], "acordocerto": [17.5574206667], "seedtag": [], "mythad": [17.7358956667], "wixmp": [17.6457023333]}