{"googlesyndication": [17.6168206667, 17.787796, 17.898705, 17.614255, 17.6982273333], "globo": [17.8075963333, 18.477303, 18.443961, 17.6586226667, 17.6229273333, 139.3582776667, 18.6592016667, 18.477114, 18.4940893333, 18.5223333333, 18.5241046667, 19.7432616667], "creativecdn": [17.5720183333, 17.5619016667], "googleadservices": [17.787613, 17.6953163333], "perfdrive": [17.5650853333, 17.837261, 17.5230683333], "google": [18.5183276667, 69.484462, 17.594188, 17.820946, 17.6257806667, 17.7937856667, 17.7618043333, 17.641807, 17.7555706667, 17.5767516667, 17.8230113333, 17.6708316667, 70.576298, 65.4707623333, 75.233365, 17.803381, 17.6709286667, 17.6821196667, 20.0561683333, 17.582735, 17.595983, 17.7081856667, 17.6995476667, 17.5852246667, 28.7677076667, 70.2527146667, 17.649431, 17.7357036667, 17.8065426667, 72.5145786667, 17.5356826667, 71.6249256667, 17.7841623333], "cloudfunctions": [17.5266276667], "shopee": [17.6508846667], "conjur": [17.551275], "mxpnl": [17.5354726667, 17.846897], "openx": [17.5370963333, 17.6170923333, 17.492728, 17.610758, 17.807782, 17.6302963333], "gvt1": [17.7159073333], "gstatic": [17.5396943333, 209.6976766667, 17.6577473333, 17.635146, 210.397827], "tailtarget": [17.674093, 17.519199], "bitmovin": [17.505736, 17.6683603333], "lr-ingest": [153.102977], "permutive": [17.530151], "doubleclick": [71.9055066667, 68.0779323333, 67.2415976667, 67.4480773333, 17.737997, 17.5766336667, 68.4431843333, 64.5085273333, 17.684324, 67.628258, 66.262878, 65.9130953333, 64.9236106667, 17.6971153333, 17.595983, 69.865845, 75.0123886667, 17.6072873333, 65.6871303333, 345.88078, 17.6739286667, 17.6398003333, 17.5538093333, 18.4985363333, 73.7015946667, 17.568794, 18.3748993333, 17.6548153333, 63.0637963333, 73.1763276667, 69.8920863333, 70.0169896667], "ggpht": [17.6882976667], "simpli": [153.4083313333, 153.682825, 153.2640323333], "onclickalgo": [17.640279], "solucx": [17.6867933333], "grumpydime": [17.761079], "spotify": [17.5041283333, 17.595526, 17.6022153333], "sentry": [130.5509973333, 17.6420703333, 153.412231], "petametrics": [17.6016546667], "last": [18.1053073333], "impactcdn": [17.8174933333], "fresh8": [17.5391153333], "youtube": [17.70926, 17.6017463333, 17.6339753333, 17.820946, 17.7159073333, 17.6257806667, 17.6566473333, 17.6125393333, 17.641807, 17.7198793333, 17.7555706667, 17.7257163333, 17.705615, 17.6188273333, 17.591522, 17.6821196667, 20.0561683333, 17.834912, 17.595983, 17.6464886667, 17.64647, 17.6795693333, 17.8033633333], "webtrafficsource": [17.6028063333], "petlove": [17.6774893333, 17.659965, 17.6174466667, 17.5742583333], "freepik": [17.677226], "brightcove": [17.5757656667], "ap4r": [17.795423], "googleoptimize": [17.820946], "tail": [17.519199], "estadao": [17.777473], "meuguia": [17.5742583333, 17.659965, 17.6174466667, 17.6774893333], "primecursos": [17.5815986667], "doubleverify": [18.2290953333], "px-client": [17.6214336667], "pub": [17.543402, 17.50287], "googleapis": [17.6106406667, 17.7265966667, 17.544983, 17.6604933333, 17.5101666667, 17.633001, 17.55147, 17.7506863333, 17.6007286667, 17.756236, 17.625009, 17.7418583333, 17.6308056667, 17.63003, 17.800797, 17.5296, 17.8112836667, 17.803381, 17.64974, 17.71327, 17.6196843333, 17.7340056667, 17.7819883333, 17.8200863333, 17.5427063333, 17.671273, 17.6655976667, 17.658766, 17.573813, 17.755642, 17.6722243333, 17.7611806667, 17.7190273333, 17.757433, 17.9507673333, 17.7552046667, 17.6017156667, 17.672526, 138.171517, 17.5821456667, 17.5951853333, 17.6082603333, 17.560417, 17.5715186667, 17.6728266667, 17.7717953333, 17.5281513333, 17.565538, 17.5925566667, 17.554216, 17.63865, 17.7841623333, 17.6220476667, 17.663449], "withgoogle": [17.5096876667], "appspot": [17.6906636667, 17.6505363333, 17.570327, 17.645382], "media": [17.6160416667, 17.6395886667], "ampproject": [17.7630546667], "pdst": [17.692889], "grancursosonline": [17.659965, 17.5742583333, 17.6174466667, 17.6774893333], "flashscore": [17.7640366667], "indicative": [17.6588676667], "rlcdn": [17.5847656667, 17.628248], "uber": [17.935826], "collectconsent": [18.5536883333], "wknd": [18.21469], "kwai-pro": [17.4900926667], "sportradarserving": [138.8902046667], "cybercook": [17.7597663333], "4dex": [17.6617526667, 17.6028266667], "googleusercontent": [17.614255, 17.4583273333, 17.6882353333, 17.613423], "aswpsdkus": [17.5882773333], "datalivemarketing": [133.587769], "pghub": [18.4943123333], "instana": [17.6298103333, 17.7088516667], "croct": [17.6174383333, 18.5815496667], "googlevideo": [17.5370473333], "conteudo": [], "cruzeirodosuleducacional": [17.615911], "parastorage": [17.5529196667], "mobiauto": [18.5098536667], "cdn-net": [17.69037], "acsbapp": [12.3453316667, 11.9007983333, 11.8762946667], "xonados": [17.659965], "px-cloud": [17.6214336667], "firebaseio": [17.6330423333], "fretebras": [185.4063233333], "snapchat": [17.6722846667], "istoedinheiro": [17.6942753333], "notifia": [178.279256], "vimeocdn": [18.271669], "bugsnag": [24.838554], "blismedia": [17.646968], "desejoslocais": [18.454587], "rdstation": [153.3747113333, 153.110217, 17.6205066667], "login": [17.559544], "acordocerto": [17.5574206667], "btloader": [17.5719576667], "prmutv": [17.5246506667], "consensu": [17.6134973333], "33across": [17.5597233333], "poki": [17.5578283333], "smartclip": [17.8439703333], "blogger": [17.6696843333], "mrtnsvr": [17.571395], "loopme": [211.4019206667], "trkwwtarget": [17.527352], "alura": [18.5112436667], "rakuten": [17.5775156667, 17.6295433333], "tapad": [17.9815866667], "melhoresdestinos": [17.5742583333, 17.6070633333, 17.659965, 17.6774893333, 17.6174466667], "ivitrack": [17.625103], "google-analytics": [18.167634, 18.85943], "adjust": [138.1519223333], "seedtag": [], "linksynergy": [17.5007076667], "lngtd": [17.659965, 17.6774893333, 17.5742583333, 17.6174466667], "istoe": [17.4692623333], "fullstory": [17.585827, 18.523933], "kwai": [17.7373326667, 17.5950566667], "wixmp": [17.6457023333], "squidit": [17.741636], "kochava": [17.8149366667, 17.6603883333], "openxcdn": [18.2530273333], "hurb": [17.658166], "estacio": [17.5742583333, 17.659965, 17.6174466667, 17.6774893333], "sift": [17.732355], "2mdn": [17.8520703333], "bidence": [17.698845], "matheranalytics": [17.5549863333], "chess": [17.556374], "dailymotion": [196.0737856667, 19.0310706667], "mr-in": [153.2273133333], "tpmn": [18.2747923333], "rtbhouse": [17.6012843333], "queropassagem": [18.926288], "nobeta": [17.5955476667], "cruzeirodosulvirtual": [17.615911], "ytimg": [17.669714, 17.6748886667, 17.820946, 17.6022793333, 17.7688146667, 17.7160713333, 17.6764283333, 17.5635503333, 17.7720203333, 17.5671936667, 17.6123963333, 17.5974936667, 17.666498, 17.6658643333, 17.5991163333, 17.575386, 17.771232], "googletagmanager": [17.6177166667], "viralize": [17.5294553333], "mythad": [17.7358956667], "bri": [17.9111126667], "ipinfo": [17.8326533333], "onr": [17.59883]}