{"tripadvisor": [28.0890423333, 28.335228, 27.7553863333, 28.770229, 28.190108], "ebay": [58.9632183333], "rubiconproject": [126.8463263333, 43.8211076667, 43.467409, 43.5657136667, 44.155595, 44.101753, 43.065893, 44.007082, 44.2757733333, 117.8884023333, 28.1055556667], "addthisedge": [28.8703173333], "rackcdn": [21.5332006667], "appsflyer": [19.3247853333, 19.5037036667], "tiktok": [24.7270773333, 5.0761236667, 21.176875, 24.863925, 21.0719926667, 4.8989156667, 4.984061, 5.0840743333, 5.0185563333, 24.7173706667, 24.9133236667, 41.6340536667, 24.7906646667, 24.759364, 21.1473393333, 21.1917526667, 24.7777176667, 24.686965, 27.8820923333, 4.8447356667, 24.772111, 5.0607386667, 4.9543253333, 24.7338246667, 24.730781, 5.095979, 4.906801, 41.6723853333, 5.02602, 24.6350553333, 39.3556006667, 24.8735136667, 20.963546, 27.9036986667, 41.5418433333, 24.859981, 24.892895, 28.055734, 24.9907143333, 21.2175616667], "clmbtech": [24.9206676667, 24.6708613333], "cdnpk": [24.7306936667], "fastclick": [24.7567483333], "tiktokcdn": [4.83995, 4.7482793333, 4.7997973333, 4.9027446667, 4.8164276667, 4.67146, 4.763641, 4.8589646667, 4.7924666667, 4.8854503333, 4.8380083333, 4.8253806667, 4.8518, 4.9037673333, 4.896346], "office": [21.203677, 25.9007396667], "adobedtm": [26.1139963333], "outbrain": [24.2050016667, 27.569727], "dotomi": [44.8240803333, 47.6225046667], "ttwstatic": [4.8514926667, 4.8357556667, 4.763641, 4.8854503333, 4.7390306667, 4.9037673333], "adform": [], "akamaihd": [19.3332133333, 24.166442, 4.782493, 4.7439526667], "everestjs": [168.4198986667], "byteoversea": [24.863925, 28.2729533333, 4.896436, 21.176644, 21.0373923333, 24.855533, 5.227956, 24.760824, 24.772111, 5.045424, 4.906801, 4.9095543333, 21.0866506667, 21.3458086667, 5.0243896667, 24.8658203333, 28.3505313333, 21.030561, 24.7468206667, 4.979554, 27.839146, 21.1215473333, 5.101453, 24.7726193333, 24.715042, 24.892895, 5.0069916667], "casalemedia": [43.7183613333], "chimpstatic": [21.1866576667], "akamaized": [19.477269, 19.3581966667, 19.435251, 19.4107806667, 19.4388996667, 19.494094, 19.613356, 19.3247853333], "pinimg": [24.7610266667, 21.2224373333, 24.8184953333, 24.730781, 24.7425266667, 24.7242513333, 24.686965, 24.760824, 24.8786796667, 24.767313], "im-apps": [18.7783006667, 26.0843323333, 61.0001946667, 59.4160203333, 27.2165926667], "zdbb": [26.5631483333, 26.629414], "fwmrm": [], "aliexpress": [21.026604], "turn": [45.643009, 193.4093166667], "steamstatic": [4.7462143333, 4.7439526667], "amazon": [136.255495, 137.0541986667, 137.5555596667], "owneriq": [23.9584796667], "mobile": [47.8841836667, 47.365539], "cdn-apple": [25.8454193333], "media": [60.1983376667], "alicdn": [21.026604], "fortunatenews": [42.6369803333], "samsung": [61.5036673333], "microsoft": [193.274913, 157.2316223333, 279.112948, 44.9669793333, 126.2065906667, 27.9594586667], "onelink": [], "teads": [20.979036, 28.041722], "moatads": [30.525433], "ibytedtos": [4.780513, 4.782493], "addthis": [27.820227, 61.2233823333], "daumoon": [24.7468206667, 24.5740676667], "optimizely": [28.8192316667, 21.2278336667], "russianfood": [41.254004, 41.3358026667, 42.2251233333, 41.4899266667, 42.6439703333, 42.4920386667], "rbxcdn": [4.8382003333, 4.8434236667], "bdsmpeople": [53.9211593333], "go-mpulse": [28.778345], "speedtest": [28.0183983333, 21.3458086667], "steampowered": [60.489409], "ziffstatic": [28.0183983333, 21.3458086667], "transfermarkt": [25.122708, 20.364319], "ozone": [5.0607386667, 5.0840743333], "adrecover": [4.9095543333, 5.0118], "tiktokv": [24.7610266667, 24.8197926667, 24.8779703333, 24.8786796667, 24.859981, 24.892895, 24.7173706667, 24.772111, 24.7338246667], "huawei": [5.2957273333, 5.4534423333, 5.328241, 22.501387], "s-microsoft": [27.6041766667], "insightexpressai": [26.0340693333], "pinterest": [21.2224373333, 45.547701], "tiktokcdn-us": [127.3243356667, 126.763383, 127.7871333333, 126.8792496667, 128.3499623333, 126.6841096667, 127.5103016667, 129.2934606667, 128.4778383333], "appier": [], "smartadserver": [57.268737, 57.6591546667, 55.806172, 57.4979366667, 57.523432, 58.187477], "pubmatic": [27.0743156667], "stickyadstv": [4.8382003333, 4.6969406667], "freepik": [24.7306936667], "shoppinglive": [24.780467, 24.686965, 26.0302346667, 24.7338246667], "everesttech": [], "yieldlab": [25.956071], "steamcommunity": [28.9970206667], "createjs": [19.304218, 19.3641426667]}