{"tripadvisor": [44.0888283333, 28.0890423333, 28.335228, 27.7553863333, 28.770229], "ebay": [58.9632183333], "rubiconproject": [126.8463263333, 43.8211076667, 26.1374493333, 43.467409, 25.8098193333, 43.5657136667, 44.155595, 44.101753, 43.065893, 44.007082, 44.2757733333, 117.8884023333], "addthisedge": [], "rackcdn": [60.3935626667], "appsflyer": [60.1098303333, 59.2485743333], "tiktok": [61.379286, 25.421966, 60.2109463333, 59.304581, 60.036424, 60.039321, 61.0001946667, 61.250623, 60.326526, 25.358456, 63.3593596667, 61.2632596667, 53.8457473333, 59.1583543333, 53.9784836667, 61.9342003333, 52.851176, 60.992601, 61.176573, 25.568339, 25.839357], "clmbtech": [25.7835286667, 60.022909, 59.2694906667, 25.5616813333], "cdnpk": [60.2613026667], "fastclick": [23.5115446667], "tiktokcdn": [60.3920136667, 61.0570343333, 59.144907, 61.300704, 59.1416876667, 61.0563146667, 60.2780913333, 58.9864493333, 59.0697793333, 60.9307476667, 60.0870243333], "office": [25.4994643333, 25.8323993333], "adobedtm": [], "outbrain": [59.115563], "dotomi": [47.3216723333], "ttwstatic": [62.381534, 61.8267323333, 61.0570343333, 60.8145226667, 61.300704, 60.0388176667, 60.2581906667, 60.2345273333, 60.2780913333, 59.0697793333, 61.5263343333, 60.9092996667], "adform": [], "akamaihd": [59.144907, 59.054628, 60.0388176667, 60.2581906667, 61.9342003333], "everestjs": [168.4198986667], "byteoversea": [61.166161, 60.3920136667, 25.6398616667, 25.6170266667, 59.0697793333, 25.802456, 25.7281483333, 60.968008, 60.2649956667, 60.326526, 61.1392176667, 58.9540646667, 60.8145226667, 25.9421066667, 25.6082783333, 59.0282576667, 61.012208, 25.5382093333, 62.381534, 61.07163, 25.6113073333, 61.226008, 58.9864493333, 62.297021, 60.9092996667, 25.9185483333, 59.4709333333], "casalemedia": [43.7183613333], "chimpstatic": [25.8681456667], "akamaized": [37.466779, 60.1098303333, 60.2649956667, 45.664503, 60.992601, 60.0175656667, 58.9864493333, 61.140807, 60.1972476667, 60.4146053333], "pinimg": [59.2099043333, 44.0610646667], "im-apps": [18.7783006667, 62.3111016667, 61.0001946667, 25.8364006667, 25.7998363333, 59.3809246667, 59.4160203333], "zdbb": [60.2261636667, 59.2914603333], "fwmrm": [], "aliexpress": [25.9092826667], "turn": [45.643009, 45.5345183333], "steamstatic": [25.718944, 25.8445593333], "amazon": [136.255495, 137.0541986667, 137.5555596667], "owneriq": [58.9406626667], "mobile": [47.8841836667, 47.365539], "cdn-apple": [60.0576916667], "media": [60.4260373333], "alicdn": [25.9092826667], "fortunatenews": [], "samsung": [25.7203753333], "microsoft": [193.274913, 279.112948, 157.2316223333, 44.9669793333, 126.2065906667, 60.1984473333], "onelink": [], "teads": [60.0893783333, 25.4964906667], "moatads": [60.910746], "ibytedtos": [25.5154306667, 25.4972573333], "addthis": [61.2233823333], "daumoon": [61.012208, 59.4709333333], "optimizely": [60.2435653333, 25.5380403333], "russianfood": [41.254004], "rbxcdn": [59.5398466667, 60.326526], "bdsmpeople": [6.588809, 53.9211593333], "go-mpulse": [25.906403, 25.6955733333], "speedtest": [25.77965, 25.6664036667], "steampowered": [59.412967], "ziffstatic": [25.77965, 25.6664036667], "transfermarkt": [62.243306, 62.105859], "ozone": [60.0096763333, 60.2109463333], "adrecover": [60.856423, 61.9342003333], "tiktokv": [61.226008, 61.00847, 59.287261, 60.2295, 61.250623, 61.0731756667, 62.297021, 59.2538003333, 59.4709333333], "huawei": [59.235021], "s-microsoft": [60.0558876667], "insightexpressai": [59.1368143333], "pinterest": [27.7674166667, 28.204215, 28.9771666667, 59.2099043333, 28.2585043333], "tiktokcdn-us": [127.3091426667, 126.4618466667, 128.3473596667, 127.8242646667, 126.8792496667, 128.4686313333, 128.425324, 128.0977343333, 128.686], "appier": [], "smartadserver": [54.797014, 54.061942, 55.213421, 54.838024, 55.2562893333, 54.607108], "pubmatic": [60.1736486667], "stickyadstv": [59.5398466667, 58.9864493333, 61.0524483333], "freepik": [60.2613026667], "shoppinglive": [], "everesttech": [], "yieldlab": [25.8944656667], "steamcommunity": [27.2692053333], "createjs": [60.142526, 61.140807]}