{"tripadvisor": [28.0890423333, 28.2432336667, 21.13363, 28.335228, 27.7553863333, 22.1388453333, 21.296264, 28.770229], "ebay": [86.6187706667], "rubiconproject": [126.8463263333, 43.8211076667, 26.1374493333, 56.5388996667, 43.467409, 43.5657136667, 44.155595, 44.101753, 43.065893, 44.007082, 44.2757733333, 117.8884023333], "addthisedge": [91.8286916667], "rackcdn": [91.5846523333], "appsflyer": [93.624734, 89.8534446667], "tiktok": [97.0277856667, 98.5989676667, 96.988248, 97.160376, 89.303037, 89.511507, 97.0150596667, 89.4597813333, 97.978119, 98.842585, 97.999369, 47.9590256667, 90.3925506667, 97.041295, 98.6988116667, 89.3244856667, 89.4754623333, 89.5118406667, 44.4154113333, 90.2221956667, 97.986372, 97.9908946667, 44.3522746667, 89.540595, 48.0373633333, 48.2317086667, 44.353946, 44.669303, 48.0561566667, 89.2200823333, 90.1648993333, 47.826862, 97.8594743333, 89.222081, 90.2257263333], "clmbtech": [97.0150596667, 97.8975666667], "cdnpk": [81.544623], "fastclick": [55.300824], "tiktokcdn": [82.6160323333, 96.988248, 84.1420323333, 89.2262876667, 90.201984, 93.6041736667, 90.2257263333, 97.7516986667, 98.6514896667, 92.76562, 91.770299, 97.0354373333, 89.3806273333, 83.5172903333, 83.3412983333, 97.6837506667, 81.804505, 89.222081, 91.855863, 82.4316006667], "office": [55.7359113333, 25.8323993333], "adobedtm": [55.3190776667], "outbrain": [56.3912486667, 99.5690266667], "dotomi": [47.3670343333, 47.3216723333], "ttwstatic": [97.0354373333, 90.835141, 90.073778, 97.0867336667, 89.963831, 84.3296356667], "adform": [], "akamaihd": [97.1606446667, 90.1208036667, 90.2695433333, 97.0691603333], "everestjs": [168.4198986667], "byteoversea": [84.3680106667, 90.0185416667, 90.103225, 82.3538026667, 82.7021023333, 81.755993, 82.3740283333, 92.5869816667, 97.0867336667, 83.314049, 82.540486, 97.041295, 81.745612, 89.4282076667, 90.2695433333, 90.0821993333, 83.2627946667, 89.2118593333, 97.9110303333, 89.46265, 93.4743816667, 91.8554773333, 89.342298, 83.420775, 89.1654253333, 91.9468733333, 97.806922], "casalemedia": [43.7183613333], "chimpstatic": [77.1471143333], "akamaized": [97.7753946667, 91.7871833333, 82.397758, 97.0291243333, 97.041295, 83.2870493333, 97.0691603333, 83.1799116667], "pinimg": [93.5843603333, 89.2519846667, 92.7274273333, 81.6112246667, 92.844011, 88.4338796667, 80.0836676667, 82.3574383333], "im-apps": [18.7783006667, 47.8444873333, 89.2519846667, 47.7409823333, 92.8198406667], "zdbb": [98.075322, 90.3925506667], "fwmrm": [], "aliexpress": [76.8288093333], "turn": [45.643009, 45.5345183333], "steamstatic": [97.978119, 89.222081], "amazon": [136.255495, 137.0541986667, 137.5555596667], "owneriq": [54.4619723333], "mobile": [47.8841836667, 47.365539], "cdn-apple": [77.0887436667], "media": [85.826744], "alicdn": [76.8288093333], "fortunatenews": [42.6369803333], "samsung": [48.15057], "microsoft": [193.274913, 279.112948, 157.2316223333, 44.9669793333, 126.2065906667, 90.9721883333], "onelink": [], "teads": [91.9243186667, 82.4546533333], "moatads": [81.4550346667], "ibytedtos": [97.755823, 98.5989676667], "addthis": [81.946134, 82.34048], "daumoon": [89.4676506667, 97.835475], "optimizely": [76.842222, 99.5897853333], "russianfood": [41.254004, 41.3358026667, 42.2251233333, 41.4899266667, 42.6439703333, 42.4920386667], "rbxcdn": [97.0354373333, 98.697654, 90.201984], "bdsmpeople": [6.5753093333, 53.9211593333], "go-mpulse": [99.595972], "speedtest": [84.3680106667, 92.6466783333], "steampowered": [48.0652416667], "ziffstatic": [84.3680106667, 92.6466783333], "transfermarkt": [81.677352, 91.8362753333], "ozone": [89.3806273333, 97.978119, 97.0584723333, 97.7516986667], "adrecover": [89.46265, 97.6837506667], "tiktokv": [91.834324, 89.8914766667, 89.8777046667, 83.162039, 90.798028, 83.319861, 92.6250073333, 90.736645, 90.7461843333], "huawei": [81.5772593333], "s-microsoft": [90.967599], "insightexpressai": [54.9872613333], "pinterest": [80.5691326667, 81.8396476667], "tiktokcdn-us": [120.6921643333, 120.9823743333, 120.6193613333, 120.5171526667, 120.9978526667, 120.248766, 122.4060136667, 121.742342, 119.724472], "appier": [], "smartadserver": [57.268737, 57.6591546667, 55.806172, 57.4979366667, 57.523432, 58.187477], "pubmatic": [81.5187653333], "stickyadstv": [96.988248, 97.862645], "freepik": [91.109578], "shoppinglive": [83.3699803333, 92.9175206667], "everesttech": [], "yieldlab": [55.3064116667], "steamcommunity": [56.022441], "createjs": [83.4115986667, 89.8623073333, 82.5365776667, 83.0063223333, 94.443353]}