{"tripadvisor": [162.7786683333], "ebay": [150.693735], "rubiconproject": [126.8463263333, 44.155595, 44.007082, 158.0786306667, 279.921445, 43.8211076667, 117.8884023333, 166.153206, 280.5690263333, 279.2841323333], "addthisedge": [157.4229876667], "rackcdn": [164.9900973333], "appsflyer": [168.4226713333, 153.427964], "tiktok": [152.9662733333, 242.942258, 169.6632763333, 157.0732716667, 163.4357126667, 152.4927156667, 274.1027653333, 285.518587, 175.866734, 152.609025, 167.4270966667, 176.0351933333, 171.0471863333, 175.2140946667, 152.9309316667, 220.6720683333, 153.0090726667, 240.0170323333, 284.2760683333, 173.915714, 152.8589986667], "clmbtech": [236.377299, 154.3934306667, 155.6100593333, 233.492229], "cdnpk": [168.0157526667], "fastclick": [168.44371], "tiktokcdn": [152.84565, 163.5078823333, 163.8644196667, 173.584292, 165.4967506667, 166.3041506667, 154.3341763333, 151.9318023333, 165.469103, 160.443216, 175.6676856667, 166.3931453333, 172.1976846667, 161.043728, 173.2822326667], "office": [155.4217343333], "adobedtm": [167.8303826667], "outbrain": [160.075599, 154.755644], "dotomi": [270.560873, 287.3215263333], "ttwstatic": [166.539242, 153.6746546667, 165.469103, 173.872269, 163.8580606667, 153.427964], "adform": [], "akamaihd": [251.72271, 153.470807, 245.7572786667, 167.180088], "everestjs": [168.4198986667], "byteoversea": [161.9221763333, 153.2170123333, 152.369684, 153.0561246667, 177.2562863333, 178.656451, 151.9658526667, 159.7217576667, 249.5810166667, 161.7517476667, 166.148126, 178.1111373333, 178.285448, 163.0877776667, 247.8983973333, 178.159164, 251.6813873333, 163.2005073333, 153.3003813333, 247.9363566667, 167.692864, 158.6064016667, 159.5509266667, 166.2455366667, 263.624033, 153.1875203333, 161.4321263333], "casalemedia": [284.2903873333], "chimpstatic": [154.7301983333], "akamaized": [163.5036386667, 154.4389176667, 167.4519503333, 163.8644196667, 154.0346296667, 158.4720256667, 168.2781606667], "pinimg": [152.4343843333, 175.8572486667, 161.940546, 152.1775706667], "im-apps": [198.233082, 158.4145153333, 192.9996193333, 225.5507726667], "zdbb": [168.9619236667, 166.2455366667], "fwmrm": [], "aliexpress": [158.2074063333], "turn": [183.6345916667, 193.4093166667], "steamstatic": [246.6672796667, 245.7572786667], "amazon": [136.255495, 137.0541986667, 137.5555596667], "owneriq": [160.579809], "mobile": [47.8841836667, 47.365539], "cdn-apple": [], "media": [154.4906896667], "alicdn": [158.2074063333], "fortunatenews": [42.6369803333], "samsung": [225.0770303333], "microsoft": [193.274913, 157.2316223333, 279.112948, 44.9669793333, 126.2065906667, 153.0539096667], "onelink": [], "teads": [166.25904, 242.3430326667], "moatads": [], "ibytedtos": [171.0471863333, 251.72271], "addthis": [157.4229876667, 218.6403936667], "daumoon": [], "optimizely": [151.7239046667, 153.0031106667], "russianfood": [41.254004, 41.3358026667, 42.2251233333, 41.4899266667, 42.6439703333, 42.4920386667], "rbxcdn": [246.6672796667, 240.0170323333], "bdsmpeople": [6.5753093333, 53.9211593333], "go-mpulse": [158.6016123333], "speedtest": [221.7091733333, 250.910369], "steampowered": [168.472002], "ziffstatic": [221.7091733333, 250.910369], "transfermarkt": [], "ozone": [152.1004466667, 176.0351933333], "adrecover": [161.4321263333, 169.6632763333], "tiktokv": [165.010003, 153.5476996667, 161.952275, 152.8556896667, 153.0561246667, 164.0039736667, 159.5509266667, 151.9756546667, 152.2580646667], "huawei": [248.4375163333, 163.7989056667, 179.5421963333, 229.3166903333, 182.1872203333, 162.6728126667, 186.4952503333], "s-microsoft": [152.8806003333], "insightexpressai": [154.9605946667], "pinterest": [150.924791, 152.1775706667], "tiktokcdn-us": [167.7257553333, 167.178987, 167.4406946667, 168.1308056667, 167.7173473333, 167.862403, 167.6747003333, 167.1201993333, 167.576283], "appier": [], "smartadserver": [], "pubmatic": [154.2157563333], "stickyadstv": [240.0170323333, 175.28923], "freepik": [], "shoppinglive": [166.1706516667, 153.021856], "everesttech": [], "yieldlab": [159.5625223333], "steamcommunity": [172.5455043333], "createjs": [164.144781, 153.427964]}