{"exelator": [9.4714146667], "afcdn": [22.3930673333, 22.4210173333], "hybrid": [25.0000846667, 24.9033476667, 23.714108, 23.5906486667], "getsitecontrol": [62.279684], "xnxx-cdn": [9.5034846667, 9.4177613333, 9.5622303333], "bumlam": [24.911425, 22.4210173333], "xvideos-cdn": [9.5034846667, 9.4177613333], "b-cdn": [5.1893886667], "tiktokcdn": [44.399435], "realsrv": [25.0000846667, 23.5906486667], "ntvk1": [24.8588746667, 23.85174], "sendpulse": [9.66954], "terratraf": [24.8588746667, 23.5906486667]}