{"exelator": [48.7925663333, 58.818972], "afcdn": [48.7925663333, 48.820551], "hybrid": [48.7925663333, 48.820551, 56.6606523333, 58.818972], "getsitecontrol": [44.634273], "xnxx-cdn": [48.729087, 50.8567176667], "bumlam": [58.818972, 56.6606523333], "xvideos-cdn": [48.729087], "b-cdn": [], "tiktokcdn": [], "realsrv": [48.7925663333, 48.820551], "ntvk1": [58.818972, 56.6606523333], "sendpulse": [48.7925663333, 58.818972], "terratraf": [48.820551, 56.6606523333]}