{"exelator": [260.0481486667, 257.495059, 282.3706903333, 259.4622403333, 274.563749, 274.3180376667, 280.2650323333, 257.306781], "afcdn": [258.4126196667, 285.0135163333, 273.1378316667, 274.3180376667, 282.3706903333, 260.3307136667, 263.8772266667, 264.2812213333], "hybrid": [59.054693, 59.011031, 58.5323833333], "getsitecontrol": [44.2736796667], "xnxx-cdn": [277.3646853333, 281.8058876667, 272.885645, 254.362551, 259.110032, 274.1438093333, 257.9741686667, 268.5920303333, 265.000059, 257.7171523333, 265.788762, 260.3620396667, 274.8329963333], "bumlam": [160.2192076667], "xvideos-cdn": [261.6572226667, 277.065617, 272.8705496667, 272.235623, 253.3427073333, 276.0301433333, 254.362551, 256.6270846667, 261.125466, 265.788762, 257.7171523333, 260.3620396667, 265.000059], "b-cdn": [], "tiktokcdn": [43.9810253333, 44.1195483333, 43.775637, 44.194723, 44.5110076667], "realsrv": [285.0135163333, 260.0481486667, 259.4622403333, 260.3307136667, 280.2650323333, 263.8772266667, 271.3796776667, 267.0190953333], "ntvk1": [157.780605], "sendpulse": [258.4126196667, 285.0135163333, 273.1378316667, 274.3180376667, 274.563749, 259.4622403333, 260.3307136667, 263.8772266667, 271.3796776667, 264.2812213333, 257.306781, 267.0190953333], "terratraf": [160.2192076667]}