{"exelator": [9.5455396667], "afcdn": [23.5906486667, 23.708697], "hybrid": [24.8588746667, 23.85174, 24.91323], "getsitecontrol": [57.962406], "xnxx-cdn": [9.4177613333, 9.5034846667, 9.455309, 9.5622303333], "bumlam": [24.911425, 23.708697], "xvideos-cdn": [9.5034846667, 9.4177613333, 9.5622303333], "b-cdn": [5.1893886667], "tiktokcdn": [42.563821], "realsrv": [22.3930673333, 22.4210173333], "ntvk1": [24.91323, 22.3930673333], "sendpulse": [9.66954], "terratraf": [24.8588746667, 23.85174]}