{"exelator": [82.0106066667], "afcdn": [87.1936086667], "hybrid": [83.0403056667], "getsitecontrol": [44.2156883333], "xnxx-cdn": [73.1033796667, 72.335471], "bumlam": [54.9072603333], "xvideos-cdn": [73.169797, 71.349221], "b-cdn": [89.7130633333], "tiktokcdn": [49.2789863333, 49.387659, 49.2489593333], "realsrv": [92.7176116667], "ntvk1": [54.9058256667], "sendpulse": [92.834341, 87.1936086667], "terratraf": [83.0403056667]}