{"exelator": [253.492613, 243.7712606667], "afcdn": [253.690417, 243.7712606667], "hybrid": [253.492613, 253.690417, 243.7712606667], "getsitecontrol": [151.6310393333], "xnxx-cdn": [255.283922, 244.4326, 266.7571376667, 253.406412, 256.624128, 252.9737876667, 255.02288, 255.2753046667, 241.8642386667, 262.644731], "bumlam": [150.8254716667, 150.4920903333], "xvideos-cdn": [255.283922, 256.624128], "b-cdn": [412.778249], "tiktokcdn": [], "realsrv": [253.492613, 243.7712606667], "ntvk1": [150.4920903333, 150.8099756667], "sendpulse": [250.5102493333, 253.492613, 253.690417], "terratraf": [150.4920903333, 150.8099756667]}