{"a2z": [], "imrworldwide": [115.507962, 117.8107933333, 52.329322, 117.859103, 51.286262, 52.316562, 52.2405973333, 114.9834093333], "zuimeitianqi": [], "saasexch": [53.1144543333, 54.3941686667, 122.1485116667, 121.764778, 122.1077383333, 55.449217, 122.2871953333, 55.6110253333], "hotellook": [129.7022046667, 131.281958, 129.3958766667, 131.0426246667], "geoedge": [132.2264023333, 129.8844773333, 128.986166, 128.8084936667], "tsp": [52.140541, 52.1517286667, 131.9721086667, 130.9015876667, 52.4294123333, 131.3055043333, 128.540792, 52.2335323333], "sharethis": [50.3599033333, 115.3678186667, 115.6111626667, 50.5311956667, 116.0637336667, 50.68595, 50.2674603333, 114.9250116667], "hbabit": [], "amazon-adsystem": [131.3592156667], "quantcount": [51.8747686667, 52.4969953333, 52.8187186667, 51.1849333333], "durationmedia": [53.0516253333, 51.8977586667, 52.9243113333, 52.972527], "binance": [], "infobip": [114.6251553333, 115.5757813333, 114.519322, 117.0590163333], "truepush": [115.5757813333, 114.5937343333, 115.3956233333, 117.7120106667], "coinmarketcap": [121.3325416667, 50.9456063333, 50.9827513333, 117.08296, 117.2065046667, 131.3803793333, 121.6080116667, 117.508322, 134.4219316667, 115.4810916667, 114.2180733333, 121.583057, 115.416538, 115.8727416667, 115.6051406667, 121.1836533333, 132.4850016667, 50.357547, 121.5545976667, 117.540036, 50.4935953333, 121.2430586667, 116.492436, 130.7248363333, 121.7482353333, 115.3422026667, 130.0895703333, 115.6105056667, 132.1099653333, 115.5274323333, 116.4455906667, 117.4805496667], "intergient": [129.4487883333, 130.289259, 128.549673, 130.1829256667], "tiqcdn": [51.3954493333, 50.267383, 51.0586613333, 50.6049566667], "enthusiastgaming": [114.543354, 114.5426696667, 115.5139006667, 115.481296], "captcha-delivery": [52.834897, 52.787977, 52.965433, 52.866983], "intergi": [52.1103126667, 52.433618, 52.3870736667, 52.2151946667], "adsafeprotected": [129.3116633333, 129.620485, 118.2184593333, 129.54663, 115.5377956667, 115.424462, 117.9271596667, 130.9948926667], "chartbeat": [115.0216156667], "ad-score": [121.6281706667, 121.407508, 121.530963, 121.2838593333], "privacy-center": [116.1100593333, 117.830904, 115.4961133333, 116.8615646667], "trackingplan": [51.6533736667, 52.6560433333, 52.3107863333, 54.383634], "bnbstatic": [52.5599013333, 60.696191, 52.106708, 54.042585]}