{"a2z": [], "imrworldwide": [59.594541, 59.8171506667, 59.322872, 59.7210746667, 59.437328, 59.427748, 59.35655, 59.4100176667], "zuimeitianqi": [59.8171506667, 59.5007113333, 59.313533, 59.4100176667], "saasexch": [69.431963, 69.3332713333, 69.5132963333, 69.5974096667, 69.5302793333, 69.3592833333, 69.5173993333, 69.4047716667], "hotellook": [69.2203253333, 69.5023843333, 69.3308616667, 69.454819], "geoedge": [69.5302793333, 69.5115343333, 69.4166013333, 69.3895223333], "tsp": [59.2730683333, 69.4059543333, 69.5562896667, 59.2362123333, 59.3176706667, 69.589088, 69.5155733333, 59.6468176667], "sharethis": [59.649538, 59.6482196667, 69.4234943333, 69.3799226667, 69.3860363333, 59.437328, 69.5340403333, 59.428172], "hbabit": [], "amazon-adsystem": [69.4798973333], "quantcount": [69.588497, 69.3763303333, 69.5361083333, 69.2522883333], "durationmedia": [69.429593, 69.4987796667, 69.5340403333, 69.477883], "binance": [], "infobip": [59.504374, 59.338651, 59.3895396667, 59.4741193333], "truepush": [59.498772, 59.377655, 59.505733, 59.4100176667], "coinmarketcap": [69.3887823333, 69.561591, 69.3170463333, 69.5591663333, 69.3308616667, 69.6193136667, 69.4632536667, 69.4104746667, 69.4210986667, 69.5172266667, 69.4810366667, 69.5336713333, 69.5929113333, 69.3860363333, 59.313533, 69.4624943333, 69.3923676667, 59.428789, 69.5438843333, 69.5744073333, 69.507525, 69.541817, 59.621547, 59.3176706667, 69.416828, 69.4543906667], "intergient": [53.9702136667, 53.8389126667, 52.736857, 63.3602973333], "tiqcdn": [69.5096253333, 69.3483956667, 69.5069083333, 69.435575], "enthusiastgaming": [69.4735786667, 69.628504, 69.5696973333, 69.409895], "captcha-delivery": [69.5703006667, 69.3461983333, 69.500639, 69.4690243333], "intergi": [59.5316576667, 59.3895396667, 59.5166306667, 59.5793593333], "adsafeprotected": [69.3332713333, 69.4401803333, 69.3225503333, 59.6936103333, 59.366615, 69.337223, 59.489011, 59.3285076667], "chartbeat": [69.5831586667], "ad-score": [44.5269543333, 44.8946886667, 44.685468, 44.8964956667], "privacy-center": [69.4165743333, 69.4890753333, 69.412578, 69.319173], "trackingplan": [59.4217833333, 59.2687206667, 59.649538, 59.4318306667], "bnbstatic": [69.4396863333, 69.2829486667, 69.4163236667, 69.5493073333]}