{"xgroovy": [5.380036, 28.165678, 5.2771076667], "onesignal": [5.441903, 5.3193966667], "rusvideos": [29.9461206667, 27.7783156667, 21.321604, 21.1786863333, 28.355645, 28.2674403333, 54.2759573333, 21.2087163333, 5.3526596667, 21.2057836667, 21.1163463333, 54.0887693333, 21.246713, 29.880312, 54.0192613333, 5.3751296667, 27.9905833333], "cookielaw": [], "org": [25.9046193333, 21.1939676667], "yclients": [5.3727133333, 5.426442], "tegos": [], "topwar": [], "ssm": [29.712629, 28.355037, 21.2764916667], "uchi": [6.3220726667, 5.3472683333], "cloudflareinsights": [5.35121, 5.5405663333], "serieslife": [25.9496543333, 21.1743943333], "eadaily": [21.1392643333, 29.912196, 21.0324366667], "hbfile": [52.7808713333, 5.358321, 5.3785396667, 52.8585366667, 52.9274226667, 53.800579], "tlgrm": [21.3816446667, 54.10868], "fontawesome": [5.3798556667, 5.429283, 5.3981913333, 5.3191686667, 5.4895983333, 5.5058683333], "pornozavod": [28.165678, 21.173408, 21.282076], "livetex": [21.143686, 29.9356703333, 21.2368256667], "fapcams": [28.3736593333], "andata": [21.0563103333, 54.0869653333], "promokodi": [27.527415, 12.5717236667, 27.3554573333], "plyr": [], "yaeby": [5.5270673333, 5.5215456667, 28.165678], "cloudflare": [5.415825, 5.483147, 5.4652273333, 5.4677963333, 5.4379626667, 5.4175973333], "gigporno": [28.165678], "onetrust": [5.522165, 5.3848796667], "ad-delivery": [27.671249, 27.870163, 53.9817773333], "licensebuttons": [12.6532706667, 35.0309483333, 27.271512], "foxford": [9.5392713333], "id5-sync": [12.4401486667, 34.247873, 32.1032546667], "yaoilib": [27.8017003333, 54.128529, 27.878171, 28.165678], "rule34": [28.165678], "speedtest": [22.127893, 21.1628936667, 21.2017143333, 28.132242], "chaport": [29.8246513333, 21.200727, 21.139881], "lordserial": [39.7474326667, 25.8597486667, 12.5475756667, 28.240163, 35.5863876667], "qualtrics": [5.4505916667, 5.4043696667], "freebitco": [34.7745753333, 12.5799163333, 32.094171], "itorrents-igruha": [27.8921893333, 28.133838, 30.1310306667], "gdeposylka": [54.1957223333, 28.5825043333, 28.243093], "megaresheba": [35.33724, 12.7835573333, 34.8191433333], "pwebstat": [21.1070356667, 21.1935413333], "push4site": [27.7533143333, 21.209406, 29.943228], "zemanta": [], "vidazoo": [5.5483953333, 5.4716956667], "posylka": [5.39747, 5.345339], "uquiz": [29.9774776667, 21.417462, 28.2727463333], "xvideos5": [], "bluesystem": [5.5270673333, 5.5215456667, 28.165678], "artfut": [], "kameleoon": [54.0621216667, 29.9141273333, 21.1324203333, 21.1514373333, 21.1434666667, 28.1019703333], "betboom": [12.4167663333, 9.6778803333, 32.1200096667, 28.4807993333], "livelib": [5.5270673333, 5.5215456667], "bulldrop": [27.9886913333, 21.2209903333, 54.103349], "vost": [28.2910343333, 49.8208276667], "24smi": [27.3168853333, 27.2612353333, 12.519483, 17.335004, 54.464886, 21.150368, 35.018673, 41.2140126667, 21.2784643333], "mangapoisk": [54.3085563333, 21.1609643333, 28.165678], "checkporno": [28.44865, 6.588809, 28.433928, 29.8403536667], "litlife": [54.3422286667, 25.8973463333], "aviso": [34.8670486667, 27.237473, 17.3648873333], "funpay": [27.8254973333, 21.2813666667, 29.7788296667], "bcicdn": [27.8200626667, 21.3247143333], "mult-porno": [28.165678], "genius": [5.5372583333, 5.4520973333], "indoleads": [5.5270673333, 5.5215456667], "mangalib": [12.5615273333, 12.6189903333], "heroeswm": [44.0158333333, 12.6888963333, 34.3287646667, 27.273992], "opengazet": [5.5270673333, 5.5215456667], "sdamgia": [54.113479, 21.1499916667, 21.2250206667], "neuralgeneration": [27.8921893333, 28.133838, 30.1310306667], "rwlib": [21.2547133333, 32.7315903333], "lichess1": [39.6517586667, 17.2417893333, 34.9504613333], "tevas": [5.5270673333, 5.5215456667], "rusuchka": [5.5270673333, 5.5215456667, 28.165678], "aviasales": [63.2226713333, 53.596617, 52.7068306667, 52.890005, 53.800579], "pepper": [5.614852, 5.3063736667], "investing": [5.3447026667, 5.4027686667], "2gis": [10.0099236667, 12.623778, 12.4089853333], "videoplayerhub": [21.2136906667, 21.1773116667, 54.0364453333], "bongacams20": [25.742584, 6.5753093333], "nnmclub": [28.165678], "highwebmedia": [5.3385746667, 5.460297, 5.337053, 5.3638106667], "utro-novosti": [54.2147646667, 21.1524723333, 21.171879], "ilovepdf": [], "xospital": [27.8938823333, 21.2103666667], "hemero": [5.5270673333, 5.5215456667], "bigbossss": [21.165921, 21.263157, 29.9264913333], "normans": [27.9370036667, 28.233365], "jadekoi": [5.5270673333, 5.5215456667], "namemc": [27.6252423333, 17.3527106667, 34.849702], "cdnreact": [38.0432353333, 35.826513], "beboo": [17.2622513333, 17.3112896667], "adwile": [21.13888, 21.188503, 53.9266633333], "1000": [30.1305733333, 27.89304, 21.1695066667], "knigochei": [21.2669953333, 54.2036086667], "case-battle": [54.0220343333, 21.2213393333, 21.1441306667], "5play": [27.883395, 54.0406866667, 21.2524266667], "starpets": [54.404882, 27.795262, 21.1996446667], "artstation": [5.3345433333, 5.518165], "mangahub": [5.5270673333, 5.5215456667], "bongacams": [26.5375193333, 21.2880343333], "ficbook": [], "androeed": [21.0749863333, 5.4474493333, 27.9151113333, 5.412639], "vten": [53.8972566667, 21.0980766667, 21.1071413333], "cbr-xml-daily": [5.5270673333, 5.5215456667], "reshak": [28.3214286667, 21.1388336667, 31.200352], "vivoo": [17.4342333333, 39.7748323333, 27.379515], "porno-me": [53.9711293333, 21.3923226667], "nexusmods": [5.492047, 5.5832423333], "aternos": [36.3130166667, 12.565203, 36.5237953333], "vseigru": [21.148145, 54.2934776667], "sravni": [5.4833576667, 5.4010133333], "byrut": [6.5753093333], "somon": [54.2398613333, 21.1463286667, 28.304314], "2ch": [27.951051, 54.182617, 27.8837196667], "sfstatic": [21.1603536667, 54.072689, 21.0262496667], "ad": [35.170841, 28.429513, 17.2709323333], "adsmediator": [5.5270673333, 5.5215456667], "happymodapk": [5.5270673333, 5.5215456667], "ozon": [32.6979336667, 36.5802803333], "fap-guru": [6.588809], "lenmit": [54.01604, 27.8501923333, 21.2944303333], "2022welcome": [35.866475, 38.050431], "glaz": [38.1181166667, 38.1006933333], "xnxx-cdn": [5.4932963333, 5.3268313333], "mcgrp": [28.3799433333, 29.938353, 21.2829136667], "futureocto": [5.5270673333, 5.5215456667], "loloo": [54.1254136667, 54.41251, 28.2711656667], "rulate": [5.5270673333, 5.5215456667], "briefly": [5.5270673333, 5.5215456667], "sexkomix2": [54.272953, 21.031514], "ranobelib": [54.1656776667, 21.2524303333, 27.965158], "bootstrapcdn": [5.5188696667, 5.619316], "euroki": [53.9340676667, 21.1305753333, 28.3436493333], "bimbolive": [27.8200626667, 21.3247143333], "klops": [28.3053976667, 54.4948023333], "rutracker": [54.135886, 21.2263323333, 28.165678], "znanija": [28.165678], "list": [28.4413603333, 12.5004796667, 40.2986133333], "69v": [54.0995213333, 54.046776], "octolinkcom": [28.025315, 28.2291593333], "foiz": [21.11717, 54.009664], "uxfeedback": [5.5270673333, 5.5215456667], "apkpure": [40.2905, 12.451529, 34.9505463333], "essensworld": [21.361451, 54.186521, 28.2337036667], "csgopositive": [], "socpublic": [21.3177956667, 28.3556333333, 54.2057193333], "webofcomics": [5.5270673333, 5.5215456667], "township": [5.5270673333, 5.5215456667], "petshop": [5.5270673333, 5.5215456667], "news": [21.1735336667, 21.1453953333, 54.0142293333], "sex-studentki": [5.5270673333, 5.5215456667, 6.5753093333], "intimshop": [28.3373713333, 39.8819846667, 12.4659366667], "gamesisart": [5.5270673333, 5.5215456667], "b17": [12.494772, 28.390481, 35.661672], "furaffinity": [17.2173596667, 34.405523, 26.5375193333, 34.3000633333], "catwar": [22.0083816667, 54.3592683333], "advertronic": [], "mp3uk": [36.8080523333, 38.0361013333], "hltv": [5.3788473333, 5.408633], "doramalive": [27.984512, 28.2717583333], "doramafox": [21.1114863333, 28.2560786667], "holywarsoo": [5.5270673333, 5.5215456667], "cdek": [54.1636503333, 21.3624753333, 28.1951483333], "ggstandoff": [54.4868796667, 27.9170643333, 21.435892], "clickcertain": [21.2136906667, 21.1773116667, 54.0364453333], "nnmstatic": [],