{"a2z": [], "imrworldwide": [47.3641106667, 39.177781, 47.4607316667, 42.0776896667, 47.3133536667, 42.1120826667, 42.8355, 41.993897], "zuimeitianqi": [39.1322813333, 39.2218883333, 39.3148646667, 39.43867], "saasexch": [43.953095, 42.169831, 42.540214, 41.9591603333, 39.3146973333, 42.4413393333, 39.0868516667, 39.423303], "hotellook": [42.157569, 42.0514016667, 41.9419303333, 41.7439833333], "geoedge": [42.4676143333, 42.4357916667, 42.039, 42.1185423333], "tsp": [39.7972543333, 39.9397803333, 42.5052596667, 41.7892356667, 40.160226, 42.0766213333, 40.02203, 42.1134393333], "sharethis": [44.083056, 43.960343, 39.355811, 40.0148246667, 44.648178, 39.7923933333, 39.206717, 40.1374613333], "hbabit": [], "amazon-adsystem": [40.1224013333], "quantcount": [41.7436416667, 42.134431, 41.5831223333, 42.1112326667], "durationmedia": [42.173513, 42.5211196667, 42.3228473333, 42.0490856667], "binance": [], "infobip": [42.692567, 42.389525, 42.3462066667, 42.533666], "truepush": [41.9719263333, 44.008847, 41.6945913333, 42.0569443333], "coinmarketcap": [47.464263, 42.609624, 42.322325, 42.4652416667, 42.802123, 39.248739, 41.9419666667, 43.3806393333, 41.8328993333, 41.604653, 43.3207203333, 41.944945, 41.6201636667, 41.9451256667, 42.5220093333, 42.4588476667, 47.5438776667, 47.5212686667, 41.7136776667, 47.2100636667, 47.5480016667, 39.3321006667, 42.194898, 42.4028606667, 42.1995303333, 42.4249813333, 47.151524, 42.2376383333, 42.33671, 42.6639656667, 39.373572, 41.7497613333], "intergient": [42.139652, 42.3368136667, 42.277083, 41.7892356667], "tiqcdn": [43.969816, 41.6534546667, 44.1047936667, 41.935725], "enthusiastgaming": [44.0016326667, 39.262074, 44.056666, 39.423303], "captcha-delivery": [42.5776386667, 42.3371686667, 47.5416643333, 42.3687043333], "intergi": [39.264299, 41.900416, 39.3876726667, 41.7467453333], "adsafeprotected": [41.785058, 44.6433446667, 43.2599613333, 42.159022, 43.955468, 44.508697, 40.1623036667, 40.000356], "chartbeat": [39.3373173333], "ad-score": [44.8059246667, 40.0152943333, 39.876285, 40.040085], "privacy-center": [42.101543, 42.3881703333, 42.1549443333, 42.378352], "trackingplan": [42.6172733333, 42.640498, 42.272568, 42.4970556667], "bnbstatic": [39.8765863333, 39.8316313333, 39.8023253333, 39.9821663333]}