{"a2z": [], "imrworldwide": [275.6203326667, 214.8782463333, 269.5517, 214.2647546667, 288.6093246667, 207.0514846667, 205.13595, 208.7217863333], "zuimeitianqi": [204.367406, 266.5131593333, 272.477245, 207.6110073333], "saasexch": [266.9815583333, 284.4260463333, 285.9581306667, 216.159944, 214.6759633333, 218.6192506667, 265.4566736667, 215.8738923333], "hotellook": [212.6317193333, 269.5517, 212.5536893333, 211.905726], "geoedge": [266.3440176667, 212.4810423333, 212.7731366667, 213.5860263333], "tsp": [291.6916153333, 220.2920523333, 278.9483936667, 279.1822323333, 213.588073, 211.0384953333, 209.1821923333, 214.763882], "sharethis": [212.6317193333, 210.1719043333, 220.1611603333, 206.7104573333, 283.4447446667, 212.1336943333, 212.4748933333, 205.376675], "hbabit": [], "amazon-adsystem": [211.114663], "quantcount": [283.903738, 265.7543906667, 212.4748933333, 203.712403], "durationmedia": [270.196767, 207.1436753333, 207.077228, 203.362128], "binance": [], "infobip": [206.2953933333, 212.395011, 220.6720683333, 211.173353], "truepush": [215.3827943333, 206.3410303333, 290.347962, 220.9743783333], "coinmarketcap": [213.0028436667, 204.5330316667, 211.0128113333, 207.5047596667, 212.3721596667, 208.695423, 211.2279376667, 212.4810423333, 203.37382, 264.2852653333, 208.064584, 208.0218343333, 288.6093246667, 286.758094, 203.2830446667, 211.997101, 206.363864, 216.739473, 284.8134323333, 209.4528563333, 206.643758, 284.075238, 209.9196553333, 216.4270626667, 288.0475643333, 215.264631, 214.8867396667, 204.7852483333], "intergient": [212.3751586667, 278.7912193333, 220.381107, 213.327324], "tiqcdn": [291.573238, 206.480989, 212.7292933333, 211.2943826667], "enthusiastgaming": [214.8327813333, 274.337857, 285.952976, 210.6727943333], "captcha-delivery": [209.738747, 203.4762673333, 210.300751, 283.9936196667], "intergi": [212.4748306667, 209.9386813333, 203.6027273333, 206.3573143333], "adsafeprotected": [283.6292336667, 286.3339703333, 278.9483936667, 211.173353, 214.8570606667, 205.946591, 273.3515113333, 206.643758], "chartbeat": [207.5272406667], "ad-score": [211.438951, 212.4511503333, 212.275528, 270.0317173333], "privacy-center": [220.6720683333, 215.5339436667, 287.6863886667, 273.3515113333], "trackingplan": [290.5772866667, 300.547767, 212.4400796667, 216.808037], "bnbstatic": [220.1611603333, 276.6434926667, 213.392536, 282.0095566667]}