{"a2z": [], "imrworldwide": [47.0477956667, 47.4607316667, 47.3641106667, 49.5103633333, 47.3133536667, 42.7888936667, 42.40073, 42.8355], "zuimeitianqi": [41.7430153333, 40.654498, 40.853057, 39.104114], "saasexch": [49.960566, 52.9437863333, 42.519266, 50.01389, 42.83197, 42.4449566667, 42.631506, 52.67856], "hotellook": [42.0514016667, 42.157569, 41.7439833333, 41.9419303333], "geoedge": [42.5525116667, 42.4288693333, 42.5229713333, 42.4865296667], "tsp": [46.4587033333, 41.9624443333, 41.8070783333, 39.100981, 41.9706186667, 39.2049623333, 41.972892, 39.0152066667], "sharethis": [44.083056, 43.960343, 39.153044, 46.5686146667, 39.355811, 40.851296, 41.854567, 39.206717], "hbabit": [], "amazon-adsystem": [41.9715976667], "quantcount": [47.233054, 42.6760966667, 47.0378003333, 42.364028], "durationmedia": [47.2142876667, 42.2376383333, 42.583051, 42.5229713333], "binance": [], "infobip": [42.692567, 42.389525, 42.3462066667, 42.533666], "truepush": [39.370002, 41.9916466667, 42.0373466667, 42.1289996667], "coinmarketcap": [47.261453, 39.176087, 47.4076493333, 42.322325, 47.1191193333, 39.248739, 46.4489376667, 42.1871673333, 48.0939026667, 51.575824, 52.7530106667, 41.7617273333, 41.1242816667, 41.944945, 42.5220093333, 42.294023, 47.5438776667, 47.1429766667, 47.5212686667, 47.0248083333, 47.5480016667, 41.023871, 42.096938, 39.3321006667, 50.307617, 52.477135, 41.854567, 48.0947323333, 48.5555963333, 42.3900113333, 47.904363, 47.097419], "intergient": [42.041968, 41.8776196667, 46.875852, 45.6697976667], "tiqcdn": [41.9944713333, 40.8877496667, 41.193069, 44.0619236667], "enthusiastgaming": [47.339546, 47.0719913333, 47.317699, 47.2195113333], "captcha-delivery": [46.6539333333, 40.8779403333, 42.340371, 42.0759043333], "intergi": [41.7479553333, 41.7825916667, 41.798903, 39.1549736667], "adsafeprotected": [43.8122493333, 41.8842226667, 47.837434, 48.2165316667, 48.1215866667, 39.1506936667, 48.189697, 41.904221], "chartbeat": [39.3373173333], "ad-score": [], "privacy-center": [42.7554633333, 42.4501766667, 42.721138, 42.2216226667], "trackingplan": [39.4627543333, 44.0619236667, 41.8539306667, 46.6225163333], "bnbstatic": [39.8765863333, 39.8316313333, 39.8023253333, 39.9821663333]}