{"xgroovy": [5.2771076667, 5.380036], "onesignal": [5.441903, 5.3193966667], "rusvideos": [5.426838, 5.5003836667, 5.4056853333, 5.3526596667, 54.0887693333, 27.9905833333, 21.246713, 54.0192613333, 5.436229, 5.3751296667, 5.5675813333, 5.7180323333], "cookielaw": [5.3520443333, 5.3781786667], "org": [25.9046193333, 21.1939676667], "yclients": [5.3727133333, 5.426442], "tegos": [21.2879446667, 28.3935396667], "topwar": [5.5675813333, 5.4056853333], "ssm": [5.4056853333, 5.5675813333, 5.5003836667, 5.7180323333], "uchi": [6.3220726667, 5.3472683333], "cloudflareinsights": [5.35121, 5.5405663333], "serieslife": [25.9496543333, 21.1743943333], "eadaily": [5.4056853333, 5.5675813333, 5.5003836667, 5.7180323333], "hbfile": [5.358321, 5.3785396667, 47.5212686667, 42.6978836667, 47.233054, 46.960963], "tlgrm": [21.3816446667, 54.10868], "fontawesome": [5.3798556667, 5.429283, 5.3981913333, 5.3191686667, 5.4895983333, 5.5058683333], "pornozavod": [26.5375193333, 21.173408, 21.282076], "livetex": [5.5675813333, 5.4056853333], "fapcams": [28.3736593333], "andata": [21.0563103333, 54.0869653333], "promokodi": [5.5003836667, 5.7180323333], "plyr": [21.1786863333, 27.7783156667], "yaeby": [6.1532726667, 21.1547836667, 5.2865063333, 53.9850986667], "cloudflare": [5.436229, 5.426838, 5.5003836667, 5.7180323333], "gigporno": [26.5375193333], "onetrust": [5.522165, 5.426838, 5.3848796667, 5.5003836667, 5.4056853333, 5.436229, 5.5675813333, 5.7180323333], "ad-delivery": [5.436229, 5.426838], "licensebuttons": [5.436229, 5.426838], "foxford": [9.5392713333], "id5-sync": [5.426838, 5.436229], "yaoilib": [5.5675813333, 5.4056853333, 6.5753093333], "rule34": [28.165678], "speedtest": [21.1628936667, 22.127893, 21.2017143333, 28.132242], "chaport": [], "lordserial": [5.5675813333, 25.8597486667, 5.4056853333, 28.240163], "qualtrics": [5.4505916667, 5.4043696667], "freebitco": [5.4056853333, 5.5675813333, 5.5003836667, 5.7180323333], "itorrents-igruha": [5.5675813333, 5.4056853333], "gdeposylka": [54.1957223333, 28.5825043333, 28.243093], "megaresheba": [5.5675813333, 5.4056853333], "pwebstat": [21.1070356667, 21.1935413333], "push4site": [5.436229, 5.426838, 5.5675813333, 5.4056853333], "zemanta": [5.5003836667, 5.7180323333], "vidazoo": [5.5483953333, 5.4716956667], "posylka": [5.5675813333, 5.4056853333], "uquiz": [5.5003836667, 5.7180323333], "xvideos5": [], "bluesystem": [21.3351946667, 5.2865063333, 54.138697, 54.2277243333, 6.1532726667, 26.5375193333, 21.2912196667], "artfut": [], "kameleoon": [5.5003836667, 5.7180323333], "betboom": [5.5003836667, 9.6778803333, 5.7180323333], "livelib": [6.1532726667, 53.9026993333, 5.2865063333, 25.5223033333], "bulldrop": [5.5003836667, 5.7180323333], "vost": [28.2910343333, 49.8208276667], "24smi": [5.426838, 5.5003836667, 5.4056853333, 5.436229, 5.5675813333, 5.7180323333], "mangapoisk": [54.3085563333, 26.5375193333, 21.1609643333], "checkporno": [28.165678, 5.5003836667, 5.7180323333], "litlife": [54.3422286667, 25.8973463333], "aviso": [5.5003836667, 5.7180323333], "funpay": [5.5003836667, 5.7180323333], "bcicdn": [27.8200626667, 21.3247143333], "mult-porno": [26.5375193333], "genius": [5.5675813333, 5.5003836667, 5.4056853333, 5.7180323333], "indoleads": [6.1532726667, 5.2865063333], "mangalib": [12.5615273333, 12.6189903333], "heroeswm": [44.0158333333, 27.273992, 34.3287646667, 12.6888963333], "opengazet": [21.1588446667, 25.7550006667], "sdamgia": [5.426838, 5.5003836667, 5.4056853333, 5.436229, 5.5675813333, 5.7180323333], "neuralgeneration": [5.426838, 5.5003836667, 5.4056853333, 5.436229, 5.5675813333, 5.7180323333], "rwlib": [21.2547133333, 32.7315903333], "lichess1": [5.5675813333, 5.5003836667, 5.4056853333, 5.7180323333], "tevas": [54.4654133333, 54.195199], "rusuchka": [53.8432106667, 53.9237786667], "aviasales": [42.5229713333, 42.1952176667, 42.5519153333, 50.615086, 42.333288], "pepper": [5.3063736667, 5.614852, 5.5003836667, 5.7180323333], "investing": [5.5675813333, 5.5003836667, 5.4056853333, 5.7180323333], "2gis": [10.0099236667, 12.623778, 12.4089853333], "videoplayerhub": [5.426838, 5.436229, 5.5003836667, 5.7180323333], "bongacams20": [25.742584, 6.588809], "nnmclub": [21.28965, 25.8656096667], "highwebmedia": [5.3385746667, 5.460297, 5.337053, 5.3638106667], "utro-novosti": [5.426838, 5.436229], "ilovepdf": [12.656618, 17.2715023333], "xospital": [27.8938823333, 21.2103666667], "hemero": [54.116464, 25.9323476667], "bigbossss": [5.5003836667, 5.7180323333], "normans": [27.9370036667, 28.233365], "jadekoi": [], "namemc": [5.436229, 5.426838], "cdnreact": [38.0432353333, 35.826513], "beboo": [17.2622513333, 17.3112896667], "adwile": [5.426838, 5.436229], "1000": [5.436229, 5.426838, 5.5675813333, 5.4056853333], "knigochei": [21.2669953333, 54.2036086667], "case-battle": [5.5003836667, 5.7180323333], "5play": [], "starpets": [5.5675813333, 5.4056853333], "artstation": [5.3345433333, 5.518165], "mangahub": [21.1497813333, 6.1532726667, 21.6178663333, 5.2865063333], "bongacams": [28.165678, 21.2880343333], "ficbook": [12.6747706667, 12.5374363333, 17.218176], "androeed": [21.0749863333, 5.4474493333, 27.9151113333, 5.412639], "vten": [5.436229, 5.426838, 5.5003836667, 5.7180323333], "cbr-xml-daily": [32.646696, 28.0470656667], "reshak": [], "vivoo": [5.5675813333, 5.4056853333], "porno-me": [53.9711293333, 21.3923226667], "nexusmods": [5.426838, 5.436229, 5.5003836667, 5.7180323333], "aternos": [5.5003836667, 5.7180323333], "vseigru": [21.148145, 54.2934776667], "sravni": [5.436229, 5.426838, 5.5003836667, 5.7180323333], "byrut": [38.3996133333, 38.3706946667], "somon": [5.4056853333, 5.5675813333, 5.5003836667, 5.7180323333], "2ch": [], "sfstatic": [21.1603536667, 54.072689, 21.0262496667], "ad": [35.170841, 28.429513, 17.2709323333], "adsmediator": [6.1532726667, 5.2865063333], "happymodapk": [6.1532726667, 5.2865063333], "ozon": [32.6979336667, 36.5802803333], "fap-guru": [28.165678], "lenmit": [5.426838, 5.436229], "2022welcome": [35.866475, 38.050431], "glaz": [38.1181166667, 38.1006933333], "xnxx-cdn": [5.4932963333, 5.3268313333], "mcgrp": [5.5003836667, 5.7180323333], "futureocto": [6.1532726667, 5.2865063333], "loloo": [54.1254136667, 54.41251, 28.2711656667], "rulate": [6.1532726667, 5.2865063333], "briefly": [6.1532726667, 5.2865063333], "sexkomix2": [54.272953, 21.031514], "ranobelib": [5.5003836667, 5.7180323333], "bootstrapcdn": [5.436229, 5.426838, 5.5675813333, 5.4056853333], "euroki": [5.5003836667, 5.7180323333], "bimbolive": [27.8200626667, 21.3247143333], "klops": [28.3053976667, 54.4948023333], "rutracker": [54.135886, 21.2263323333, 28.165678], "znanija": [28.165678], "list": [5.426838, 5.5003836667, 5.4056853333, 5.436229, 5.5675813333, 5.7180323333], "69v": [54.0995213333, 54.046776], "octolinkcom": [28.025315, 28.2291593333], "foiz": [21.11717, 54.009664], "uxfeedback": [6.1532726667, 5.2865063333], "apkpure": [5.5675813333, 5.4056853333], "essensworld": [5.5003836667, 5.7180323333], "csgopositive": [5.5675813333, 5.4056853333], "socpublic": [5.5003836667, 5.7180323333], "webofcomics": [21.2508333333, 28.2424816667], "township": [54.235992, 53.986692], "petshop": [21.125921, 21.290323], "news": [5.5675813333, 5.4056853333], "sex-studentki": [6.5753093333, 21.277645, 54.32891], "intimshop": [5.5003836667, 5.7180323333], "gamesisart": [6.1532726667, 5.2865063333], "b17": [5.5003836667, 5.7180323333], "furaffinity": [5.426838, 5.436229, 5.5675813333, 5.4056853333], "catwar": [22.0083816667, 54.3592683333], "advertronic": [5.436229, 5.426838], "mp3uk": [36.8080523333, 38.0361013333], "hltv": [5.5003836667, 5.7180323333], "doramalive": [27.984512, 28.2717583333], "doramafox": [21.1114863333, 28.2560786667], "holywarsoo": [6.1532726667, 5.2865063333], "cdek": [5.5675813333, 5.4056853333], "ggstandoff": [5.426838, 5.436229], "clickcertain": [5.5675813333, 5.4056853333], "nnmstatic": [21.3330613333, 21.0542276667], "jut": [5.436229, 5.426838], "nude-moon": [25.8383046667, 54.1938833333],