{"rt": [5.8662406667, 10.2133883333], "twimg": [255.83784], "ebayimg": [21.1741996667, 21.2574863333, 21.0192413333, 28.9711696667], "cookieinformation": [255.8958603333], "weborama": [178.4202756667], "msftauth": [271.5569036667], "twitter": [28.165678], "adrcdn": [178.4154066667], "fastviewdata": [274.732612]}