{"rt": [5.8662406667, 10.2133883333], "twimg": [139.9711363333], "ebayimg": [264.2972766667, 258.1772323333], "cookieinformation": [124.6892776667], "weborama": [127.442541, 109.943413], "msftauth": [27.1426396667, 36.2001596667], "twitter": [28.165678], "adrcdn": [154.816908], "fastviewdata": [109.8471003333]}