{"rt": [5.8662406667, 10.2133883333, 10.005869, 5.8147266667], "twimg": [25.878132], "ebayimg": [24.296611], "cookieinformation": [26.8552743333], "weborama": [24.2676546667, 24.6899793333], "msftauth": [30.4686316667], "twitter": [24.7433046667], "adrcdn": [28.869596], "fastviewdata": [24.91224]}