{"fastly": [28.0412013333], "dotabuff": [44.655689], "cdnst": [45.511116], "speedtest": [28.0183983333, 21.1628936667, 22.127893, 21.2017143333, 21.3458086667, 28.132242], "redditmedia": [28.091129, 21.188298, 21.261644, 28.2014553333, 45.3870656667, 22.1736296667], "fandom": [21.0804016667, 43.9778183333], "githubusercontent": [28.335496, 27.905824, 43.013083, 21.1067126667], "tripadvisor": [28.0890423333, 28.335228, 27.7553863333, 28.770229, 28.190108], "cbsi": [21.0167946667, 42.7156933333, 22.104083, 28.3414073333, 27.870206], "ssl-images-amazon": [42.5623323333], "reddit": [28.091129, 21.188298, 21.261644, 28.2014553333, 45.3870656667, 22.1736296667], "redd": [21.261644, 45.3870656667], "vimeocdn": [42.9486246667, 27.7660766667], "last": [21.6106313333], "githubassets": [44.12385, 27.8933583333, 42.9980876667, 21.2969336667], "sentry-cdn": [28.3770076667, 21.2002773333, 28.395636, 28.8203536667], "polyfill": [22.294933, 21.2082196667, 21.0964356667, 21.2101446667], "ads-twitter": [21.196374], "github": [113.9899016667, 43.9860233333, 44.0188843333, 21.358639, 21.1934643333, 27.7956156667], "redditstatic": [], "pinterest": [21.2224373333, 45.547701], "fastly-insights": [21.092662, 29.2019806667, 21.175408, 21.1733646667], "wikia-services": [21.0993543333, 28.8509403333, 28.2122423333, 21.218852], "tacdn": [21.0680606667], "nocookie": [177.239026, 174.1069473333], "disqus": [45.8055173333], "twitch": [27.684478, 20.9706496667, 21.1559913333, 21.2002816667, 22.1330573333], "elo": [44.655689], "prismic": [21.1228326667], "twitter": [24.7433046667], "stackoverflow": [21.1686406667, 22.2695456667, 21.211896, 27.9033286667], "outbrain": [44.5942473333], "taboola": [21.1645453333, 45.5729293333], "twimg": [21.7081076667, 43.0405406667], "ebaystatic": [28.5119246667], "squarespace": [21.225742, 45.908686], "focas": [45.558345], "everesttech": [21.060102], "newrelic": [21.1456176667], "sstatic": [21.1686406667, 22.2695456667, 21.211896, 27.9033286667]}