{"fastly": [21.1090316667, 21.015812, 28.0970413333, 22.292269], "dotabuff": [43.1802013333, 41.7225123333, 6.5753093333], "cdnst": [21.2017143333, 22.127893, 28.132242, 21.1628936667], "speedtest": [84.3680106667, 22.127893, 21.2017143333, 21.1628936667, 92.6466783333, 28.132242], "redditmedia": [21.188298, 28.091129, 22.1736296667, 28.2014553333], "fandom": [21.0804016667, 43.9778183333], "githubusercontent": [28.335496, 27.905824, 43.013083, 21.1067126667], "tripadvisor": [28.0890423333, 28.2432336667, 21.13363, 28.335228, 27.7553863333, 22.1388453333, 21.296264, 28.770229], "cbsi": [21.0167946667, 22.104083, 28.3414073333, 27.870206, 51.0449323333], "ssl-images-amazon": [21.191167, 27.8942453333, 21.138275, 28.9161636667], "reddit": [28.091129, 22.1736296667, 28.2014553333, 21.188298], "redd": [21.188298, 28.091129, 22.1736296667, 28.2014553333], "vimeocdn": [53.189698], "last": [21.6106313333], "githubassets": [44.12385, 27.8933583333, 42.9980876667, 21.2969336667], "sentry-cdn": [28.8203536667, 21.2002773333, 28.395636, 28.3770076667], "polyfill": [21.2082196667, 21.0964356667, 21.2101446667, 22.294933], "ads-twitter": [45.730279], "github": [113.9894623333, 43.9860233333, 44.0188843333, 21.358639, 21.1934643333, 27.7956156667], "redditstatic": [], "pinterest": [80.0836676667, 80.5691326667, 81.8396476667], "fastly-insights": [21.092662, 29.2019806667, 21.175408, 21.1733646667], "wikia-services": [21.0993543333, 28.8509403333, 28.2122423333, 21.218852], "tacdn": [27.7732336667, 21.1482266667, 21.0789166667, 22.2487806667], "nocookie": [177.239026, 174.1069473333], "disqus": [43.9498983333, 21.0334923333], "twitch": [43.073631, 27.684478, 21.1559913333, 21.2002816667, 22.1330573333], "elo": [43.1802013333, 41.7225123333], "prismic": [46.0193063333], "twitter": [28.165678], "stackoverflow": [21.1686406667, 22.2695456667, 21.211896, 27.9033286667], "outbrain": [44.5942473333], "taboola": [21.1165093333, 28.3300793333, 21.0384503333, 22.0868756667], "twimg": [43.2863583333, 43.0405406667], "ebaystatic": [91.4262], "squarespace": [27.7476023333, 22.1873526667, 28.1631746667, 28.4249693333, 28.8704086667, 21.2431443333, 27.992025, 21.0620483333], "focas": [45.558345], "everesttech": [28.244328, 21.0330626667, 21.1160616667, 29.3213816667], "newrelic": [21.209284, 21.1654366667, 22.1710463333, 21.204576], "sstatic": [21.1686406667, 22.2695456667, 21.211896, 27.9033286667]}