{"fastly": [21.1090316667, 21.015812, 28.0970413333, 22.292269], "dotabuff": [44.655689, 21.2613026667, 26.5375193333], "cdnst": [21.2017143333, 22.127893, 28.132242, 21.1628936667], "speedtest": [21.260602, 21.1628936667, 22.127893, 21.2017143333, 21.261143, 28.132242], "redditmedia": [28.091129, 21.188298, 21.261644, 28.2014553333, 45.3870656667, 22.1736296667], "fandom": [21.0804016667, 43.9778183333], "githubusercontent": [28.335496, 27.905824, 43.013083, 21.1067126667], "tripadvisor": [28.0890423333, 28.335228, 27.7553863333, 28.770229, 43.146373], "cbsi": [21.0167946667, 42.7156933333, 22.104083, 28.3414073333, 27.870206], "ssl-images-amazon": [21.1487563333], "reddit": [28.091129, 22.1736296667, 28.2014553333, 21.188298], "redd": [28.091129, 21.188298, 21.261644, 28.2014553333, 22.1736296667], "vimeocdn": [27.7660766667], "last": [21.6106313333], "githubassets": [44.12385, 27.8933583333, 42.9980876667, 21.2969336667], "sentry-cdn": [28.8203536667, 21.2002773333, 28.395636, 28.3770076667], "polyfill": [21.2082196667, 21.2101446667, 21.0964356667, 22.294933], "ads-twitter": [21.196374], "github": [43.9860233333, 44.0188843333, 21.358639, 114.050712, 21.1934643333, 27.7956156667], "redditstatic": [], "pinterest": [27.7674166667, 28.204215, 28.9771666667, 24.9089146667, 59.2099043333, 28.2585043333], "fastly-insights": [21.092662, 29.2019806667, 21.175408, 21.1733646667], "wikia-services": [21.0993543333, 28.8509403333, 21.218852, 28.2122423333], "tacdn": [], "nocookie": [177.239026, 174.1069473333], "disqus": [20.9955553333], "twitch": [27.684478, 20.9706496667, 21.1559913333, 21.2002816667, 22.1330573333], "elo": [43.1802013333, 41.7225123333], "prismic": [21.1228326667], "twitter": [26.5375193333], "stackoverflow": [21.1686406667, 22.2695456667, 27.9033286667, 21.211896], "outbrain": [21.2125476667], "taboola": [28.3300793333, 21.0384503333, 21.1165093333, 45.5729293333, 22.0868756667], "twimg": [43.0405406667, 25.897293], "ebaystatic": [41.7451746667], "squarespace": [21.117089, 43.0049113333], "focas": [21.1953096667], "everesttech": [21.060102], "newrelic": [43.041873], "sstatic": [21.1686406667, 22.2695456667, 21.211896, 27.9033286667]}