{"avads": [46.8976313333], "openx": [21.288993, 23.5576276667, 21.1956683333, 19.7214156667], "rlcdn": [19.7861936667, 24.3037116667], "googleapis": [18.700923, 21.5931853333, 19.9576896667, 25.9666083333, 23.3621406667, 23.4121706667, 21.281117, 19.5426656667, 19.6462973333, 19.7857446667, 19.420424, 18.7585693333, 19.6062443333, 21.5172826667, 19.60609, 21.5329086667, 18.7719393333, 25.9072123333, 21.417477, 26.3071923333], "btloader": [18.7764803333], "doubleclick": [19.6891753333, 21.7238813333, 21.7208093333, 26.002596, 18.616809, 18.8623523333, 19.875196, 21.637838, 21.1869363333, 21.284783, 18.712127, 21.082132, 21.5268093333, 19.7160063333, 19.657377, 18.876552, 21.141701, 26.0454683333, 23.4860473333, 19.4214796667, 19.5704333333, 18.6627333333, 23.5262526667, 18.6648166667, 19.9831173333, 21.0936163333, 21.3177396667, 21.14508, 26.0353723333, 21.4370756667, 21.6985853333, 25.9006356667, 18.769941, 21.587322], "googleadservices": [18.6996676667, 19.399491, 21.2400656667, 18.6770073333, 26.3285646667, 19.853959, 23.777702, 26.040484], "appspot": [19.4420436667, 18.7095656667], "google": [21.6234043333, 19.4446456667, 19.8902583333, 74.471662, 19.44762, 19.8486816667, 19.308148, 26.0373096667, 24.2448296667, 18.779151, 18.616809, 21.554603, 19.875196, 21.606432, 19.573549, 21.284783, 25.922701, 19.776313, 23.4469616667, 21.621816, 21.6264786667, 18.712127, 21.5268093333, 19.5424106667, 23.4860473333, 21.4335176667, 19.4450323333, 19.4214796667, 18.8081896667, 21.1634793333, 21.677546, 21.5472003333, 19.36703, 26.4128813333, 18.8908026667, 18.634466, 21.0936163333, 19.38221, 24.2798303333, 26.1964046667, 18.6053816667, 21.4370756667, 26.4185533333, 19.3493716667, 21.7863916667, 21.4143703333, 21.256685, 21.587322, 21.120534], "freepik": [19.641343], "assemblyexchange": [18.6684523333], "ytimg": [21.1757956667, 21.575921, 19.565884, 23.4469616667, 21.534425, 21.6012706667, 24.1114836667, 26.3574166667, 21.0905763333, 18.8081896667, 21.5472003333, 21.685934, 24.2798303333, 21.2788383333, 21.6097696667, 25.9068846667, 21.7863916667, 18.8183413333, 21.120534], "weborama": [21.4886723333, 21.5480503333, 26.1893586667, 21.561327], "soccerstand": [21.2868936667], "ad-score": [136.6943893333, 139.092388], "chatubate": [24.207489], "googlesyndication": [21.617975, 21.2872823333, 21.0155766667, 19.6884806667, 18.967092, 19.5419826667], "gstatic": [19.8902583333, 18.794363, 19.875196, 23.4469616667, 18.712127, 23.5862246667, 50.563996, 23.4860473333, 21.120534, 19.4214796667, 26.221666, 21.5686583333, 18.8081896667, 21.5472003333, 26.2545576667, 26.4128813333, 21.0936163333, 21.1729236667, 24.2798303333, 24.3105773333, 21.5825883333, 21.7863916667, 21.587322, 21.2465323333], "33across": [21.0881873333], "sentry": [25.9369823333, 138.953464], "company-target": [21.137715], "gvt1": [26.3574166667], "ctnsnet": [21.4323656667], "media": [21.1721886667], "recaptcha": [21.339476], "googleusercontent": [21.685934, 18.7994256667, 19.727995], "playground": [23.443992], "ggpht": [26.3574166667], "loopme": [44.4883153333], "perfdrive": [21.194851], "simpli": [286.3005003333, 280.4260543333, 280.7397636667], "ml314": [21.1431563333], "wixmp": [18.8071836667], "strangeclocks": [23.4325596667], "googletagservices": [], "googlevideo": [40.575312, 24.8158203333], "2mdn": [21.230229, 21.528794], "last": [21.5072136667, 21.6106313333], "impact-ad": [18.7481186667], "pghub": [21.0891286667], "clean": [21.5213956667], "geniusaudience": [21.4921273333], "captcha-delivery": [21.2641523333], "ivitrack": [19.4536216667], "mixpanel": [26.31738, 21.555045, 21.633755, 21.5812976667], "adingo": [23.3714673333], "google-analytics": [21.436699, 21.528741, 18.8513293333, 21.4999443333, 24.528221, 21.247184, 19.4742513333], "forexpros": [45.078249], "youtube": [21.294806, 21.6031026667, 24.39527, 19.875196, 19.639353, 21.239004, 18.712127, 21.253695, 24.3306516667, 23.3784466667, 21.6786156667, 19.347887, 23.4860473333, 21.7152246667, 26.3574166667, 19.4214796667, 21.6628113333, 24.4760413333, 21.660735, 21.0936163333, 21.2431416667, 19.8886613333, 26.2242883333, 21.2833333333, 21.6674656667, 21.5861176667, 21.587322], "youtube-nocookie": [21.1801996667, 19.9076906667, 21.1841726667, 21.325213], "tangycover": [21.1378936667], "bugsnag": [18.7511846667], "tapad": [26.2939503333], "owox": [19.7787306667], "googleoptimize": [23.4469616667, 18.8081896667, 21.5472003333, 21.7863916667, 24.2798303333, 21.120534], "parastorage": [25.9118583333], "livescore": [21.5456583333], "mediago": [136.8013223333], "fullstory": [21.608576, 21.058298], "exponea": [19.3772163333], "udmserve": [21.180389], "ampproject": [19.5419826667], "googletagmanager": [21.5492006667], "run": [18.7743606667, 21.0583126667, 21.6438883333, 21.180812], "pub": [19.3478123333], "travelaudience": [26.1140396667], "blismedia": [18.5822253333], "datadome": [21.15542], "admedo": [45.8282986667]}