{"googleadservices": [53.205022, 52.4807726667], "impact-ad": [18.7481186667], "googleusercontent": [57.431349, 50.1986286667, 52.7303973333, 18.7994256667], "gvt1": [53.3388053333], "blismedia": [18.5822253333], "googleapis": [52.7606403333, 52.429905, 53.6458176667, 57.334989, 53.5412886667, 53.1336223333, 53.7391533333, 52.5310646667, 52.820232, 52.4439846667, 52.7498336667, 53.3064053333, 57.520551], "google": [59.1452186667, 59.175375, 52.7585933333, 59.1859003333, 59.372022, 122.6916613333, 59.380018, 123.4001733333, 123.2863756667, 123.3470256667, 52.6879313333, 52.9106486667, 122.856729, 52.775593, 52.5882726667, 123.0553803333, 52.5731953333, 52.6378706667, 53.0577823333, 59.1687523333, 52.651578, 53.3388053333, 53.4384806667, 52.4350546667, 63.8712523333], "last": [21.5072136667, 21.6106313333], "33across": [21.0881873333], "media": [21.1721886667], "doubleclick": [48.117821, 52.4807726667, 43.8963646667, 53.3818293333, 48.6489963333, 43.917554, 52.651578, 52.8793043333, 53.205022, 53.3388053333, 52.770801], "livescore": [21.5456583333], "soccerstand": [21.2868936667], "ytimg": [45.7983206667, 45.8354813333, 46.005626, 45.717285, 45.8709266667, 52.6378706667, 50.5141276667, 45.9144426667, 50.3554813333, 45.7159666667, 45.731285, 53.634938], "mediago": [136.8013223333], "appspot": [52.4098283333], "sentry": [25.9369823333, 138.953464], "googlesyndication": [52.7050543333, 52.7235406667, 52.651578], "gstatic": [52.32729, 53.4384806667, 52.630464, 53.3388053333, 53.634938, 53.513682, 258.3802016667], "google-analytics": [53.3233773333, 52.390068], "playground": [23.443992], "clean": [21.5213956667], "simpli": [43.7035663333, 43.8308163333, 43.436854], "youtube-nocookie": [52.6879313333], "rlcdn": [21.1918813333, 21.2431176667], "googleoptimize": [52.775593], "youtube": [52.5731953333, 53.513682, 52.6378706667, 52.6879313333, 53.3388053333, 53.634938, 52.775593], "company-target": [21.137715], "googletagservices": [], "fullstory": [21.058298, 21.608576], "bugsnag": [18.7511846667], "wixmp": [6.5753093333], "ad-score": [136.6943893333, 139.092388], "weborama": [21.4886723333, 21.561327, 26.1893586667, 21.5480503333], "adingo": [23.3714673333], "ggpht": [6.588809], "admedo": [45.8282986667], "avads": [46.8976313333], "udmserve": [21.180389], "2mdn": [52.7376356667], "loopme": [44.4883153333], "ctnsnet": [21.4323656667], "openx": [19.7214156667, 21.1956683333, 23.5576276667, 21.288993], "perfdrive": [21.194851], "forexpros": [45.078249], "btloader": [18.7764803333], "freepik": [19.641343], "tangycover": [21.1378936667], "exponea": [19.3772163333], "recaptcha": [52.531261], "pghub": [21.0891286667], "datadome": [21.15542], "googletagmanager": [53.479149], "run": [18.7743606667, 21.0583126667, 21.6438883333, 21.180812], "ivitrack": [19.4536216667], "googlevideo": [40.575312, 24.8158203333], "mixpanel": [26.31738, 21.633755, 21.555045, 21.5812976667], "geniusaudience": [53.1499286667], "chatubate": [24.207489], "pub": [19.3478123333], "captcha-delivery": [21.2641523333], "tapad": [26.2939503333], "owox": [19.7787306667], "assemblyexchange": [18.6684523333], "strangeclocks": [23.4325596667], "ampproject": [53.2607966667], "parastorage": [69.520239, 69.4047716667, 69.5351916667, 69.454819], "travelaudience": [26.1140396667], "ml314": [21.1431563333]}