{"googleadservices": [18.7787336667, 21.6442626667, 21.466989, 21.5506586667, 19.5132176667, 23.495717, 21.1971563333, 25.968463], "impact-ad": [18.7481186667], "googleusercontent": [19.7603933333, 21.685934, 18.7994256667, 18.967092], "gvt1": [21.270354], "blismedia": [18.5822253333], "googleapis": [19.6462973333, 19.9101613333, 25.9666083333, 19.6062443333, 21.5172826667, 21.6287213333, 19.9576896667, 25.9072123333, 21.417477, 19.60609, 26.3071923333, 21.5931853333, 21.5329086667, 19.5426656667, 18.7719393333, 18.700923, 18.7585693333, 19.420424, 19.7857446667, 21.281117], "google": [19.38221, 19.3546676667, 19.407011, 26.0373096667, 19.4670373333, 21.554603, 21.6674656667, 23.777702, 21.0936163333, 21.660735, 21.5861176667, 18.712127, 21.2054493333, 18.6355506667, 19.3493716667, 21.120534, 19.462675, 19.6891753333, 21.1656606667, 18.8623523333, 21.5825883333, 21.1344916667, 23.4469616667, 26.335242, 18.7263573333, 26.040484, 82.672985, 21.587322, 26.1964046667, 21.5472003333, 19.4214796667, 26.3285646667, 19.657377, 18.8081896667, 19.875196, 18.6627333333, 21.082132, 22.0080983333, 19.4450323333, 21.294806, 19.8486816667, 26.0454683333, 21.6985853333, 21.1634793333, 26.2808346667, 25.8812783333, 18.6770073333, 23.4860473333, 24.2798303333, 21.1869363333, 21.7863916667, 18.876552, 21.4335176667, 23.5262526667, 18.7442553333], "last": [21.5072136667, 21.6106313333], "33across": [21.0881873333], "media": [21.1721886667], "doubleclick": [21.6442626667, 21.4095966667, 18.6648166667, 21.1768136667, 26.0373096667, 23.495717, 21.554603, 21.0936163333, 21.7238813333, 25.9006356667, 19.5704333333, 18.712127, 19.9831173333, 19.6884806667, 21.5506586667, 21.0155766667, 19.8445296667, 21.587322, 21.617975, 19.4214796667, 19.875196, 21.3177396667, 19.5132176667, 19.4450323333, 18.769941, 19.8486816667, 26.1099866667, 21.1634793333, 21.7208093333, 26.0353723333, 21.6577076667, 18.715191, 21.6449573333, 25.9638123333, 21.14508, 21.4335176667, 23.4860473333, 23.5249683333, 21.2872823333, 19.6305966667], "livescore": [21.5456583333], "soccerstand": [21.2868936667], "ytimg": [21.534425, 21.270354, 21.5472003333, 26.3574166667, 18.8183413333, 21.0905763333, 18.8081896667, 21.6012706667, 21.4086153333, 21.1757956667, 21.120534, 25.9068846667, 24.2798303333, 24.1114836667, 21.7863916667, 26.364877, 21.685934, 23.4469616667], "mediago": [136.8013223333], "appspot": [21.2260326667, 21.098459], "sentry": [25.9369823333, 138.953464], "googlesyndication": [21.4370756667, 21.2479476667, 21.5268093333, 21.284783, 18.616809, 18.967092, 19.7623696667, 18.8279826667], "gstatic": [21.0936163333, 26.221666, 24.3105773333, 18.712127, 23.5862246667, 157.8812606667, 23.5262526667, 21.120534, 21.2126393333, 26.2545576667, 19.6891753333, 21.5825883333, 21.587322, 21.1729236667, 23.4469616667, 19.4214796667, 19.875196, 21.5472003333, 19.657377, 18.8081896667, 21.082132, 21.6985853333, 26.4128813333, 24.2798303333, 18.794363, 21.1869363333, 21.7863916667, 23.4860473333, 21.2465323333], "google-analytics": [21.4524643333, 21.5809343333, 24.2388573333, 21.215826, 19.7720796667, 21.5338906667, 21.6045743333], "playground": [23.443992], "clean": [21.5213956667], "simpli": [280.4260543333, 286.3005003333, 280.7397636667], "youtube-nocookie": [19.9076906667, 21.325213, 21.1841726667, 21.1801996667], "rlcdn": [24.3037116667, 19.7861936667], "googleoptimize": [21.5472003333, 18.8081896667, 21.120534, 24.2798303333, 21.7863916667, 23.4469616667], "youtube": [21.5939503333, 21.3184723333, 19.5424106667, 26.4185533333, 26.221666, 26.0240056667, 18.712127, 21.4143703333, 19.471374, 26.2545576667, 21.587322, 21.1729236667, 19.875196, 26.3574166667, 18.779151, 18.8048286667, 24.4123756667, 19.776313, 19.8413563333, 24.081618, 26.1046833333, 21.6351946667, 21.270354, 21.4947553333, 21.256685, 21.2465323333], "company-target": [21.137715], "googletagservices": [], "fullstory": [21.058298, 21.608576], "bugsnag": [18.7511846667], "wixmp": [], "ad-score": [136.6943893333, 139.092388], "weborama": [21.4886723333, 21.561327, 26.1893586667, 21.5480503333], "adingo": [23.3714673333], "ggpht": [19.7623696667], "admedo": [45.8282986667], "avads": [46.8976313333], "udmserve": [21.180389], "2mdn": [21.3177396667, 21.7208093333], "loopme": [44.4883153333], "ctnsnet": [], "openx": [19.7214156667, 21.1956683333, 23.5576276667, 21.288993], "perfdrive": [21.194851], "forexpros": [45.078249], "btloader": [18.7764803333], "freepik": [19.641343], "tangycover": [21.1378936667], "exponea": [19.3772163333], "recaptcha": [19.4658036667], "pghub": [21.0891286667], "datadome": [21.15542], "googletagmanager": [], "run": [18.7743606667, 21.0583126667, 21.6438883333, 21.180812], "ivitrack": [19.4536216667], "googlevideo": [40.575312, 24.8158203333], "mixpanel": [26.31738, 21.633755, 21.555045, 21.5812976667], "geniusaudience": [26.0823873333], "chatubate": [24.207489], "pub": [19.3478123333], "captcha-delivery": [21.2641523333], "tapad": [26.2939503333], "owox": [19.7787306667], "assemblyexchange": [18.6684523333], "strangeclocks": [23.4325596667], "ampproject": [19.559468], "parastorage": [25.9118583333], "travelaudience": [26.1140396667], "ml314": [21.1431563333]}