{"googleadservices": [388.308478, 385.1525093333], "impact-ad": [18.7481186667], "googleusercontent": [384.4729376667, 18.7994256667, 388.9464333333], "gvt1": [383.6993726667], "blismedia": [18.5822253333], "googleapis": [384.5318046667, 382.908029, 382.877933, 384.2645046667, 384.1275066667, 388.0867706667, 384.3696366667, 382.3859323333, 382.516042, 383.22398, 382.4951243333, 388.260069, 387.776587, 385.359306, 390.008176, 384.4773653333, 385.7728296667, 383.1400946667, 382.4784726667, 387.303942, 384.6985616667, 382.3380963333, 385.1812936667, 384.8111113333, 384.754255, 384.4889803333, 383.1318206667, 383.104541, 383.7703606667, 384.2840543333, 386.944838, 387.5240476667, 383.643295, 382.5203206667, 381.6959826667, 385.6675746667, 384.7126516667, 385.4385716667, 384.5017976667, 382.902278, 388.6222943333, 382.9495993333, 384.5230153333, 384.2432616667, 382.8777893333, 384.70548, 383.97466, 385.202798, 381.6630386667, 384.1363546667, 383.9368166667, 387.7308826667], "google": [383.2617236667, 325.792813, 390.1918346667, 383.558664, 388.3551433333, 392.9113646667, 382.885274, 384.499738, 384.8021743333, 382.2249386667, 384.8286033333, 383.6993726667, 385.3143783333, 384.7541503333, 383.9422703333, 388.0585073333, 383.4437436667], "last": [21.5072136667, 21.6106313333], "33across": [21.0881873333], "media": [21.1721886667], "doubleclick": [388.7444286667, 325.0461766667, 386.7519463333, 385.4303333333, 383.558664, 325.0837876667, 382.957975, 322.7710163333, 384.4512363333, 323.2757056667, 382.830476, 383.9422703333, 324.1078496667], "livescore": [21.5456583333], "soccerstand": [21.2868936667], "ytimg": [380.7751303333, 388.426291, 391.8053753333, 389.5098206667, 383.80143, 380.8920603333, 382.1630136667, 382.05007, 382.7823133333, 388.489791, 384.6742343333, 384.1820466667, 383.017095, 384.908694, 383.1505816667, 383.0503766667, 385.508936], "mediago": [136.8013223333], "appspot": [384.6578596667, 385.234204], "sentry": [25.9369823333, 138.953464], "googlesyndication": [381.9898753333, 386.845193, 385.2708083333], "gstatic": [386.1482406667, 384.1497786667, 382.424273, 384.499738, 383.0098733333, 381.921612, 45.7816453333, 45.4172576667, 383.1004446667], "google-analytics": [383.6821776667, 381.8082653333], "playground": [23.443992], "clean": [21.5213956667], "simpli": [280.4260543333, 286.3005003333, 280.7397636667], "youtube-nocookie": [388.3303043333], "rlcdn": [21.1918813333, 21.2431176667], "googleoptimize": [381.8949], "youtube": [385.015605, 383.668108, 388.9636633333, 324.0325463333, 381.921612, 383.6993726667, 384.574276, 388.7473083333, 388.3303043333, 383.558664, 384.499738, 384.414635, 384.8021743333, 383.0098733333, 383.9443606667, 385.0925993333, 385.3143783333, 384.949518, 383.352098, 383.2617236667, 384.6280036667, 389.0472906667, 382.885274, 384.1820466667, 384.531873, 383.4718456667, 383.3244293333, 389.1457383333, 385.3418443333, 383.9422703333, 388.0585073333], "company-target": [21.137715], "googletagservices": [], "fullstory": [21.058298, 21.608576], "bugsnag": [18.7511846667], "wixmp": [6.5753093333], "ad-score": [136.6943893333, 139.092388], "weborama": [21.4886723333, 21.561327, 26.1893586667, 21.5480503333], "adingo": [23.3714673333], "ggpht": [28.165678], "admedo": [292.5631153333, 283.776697], "avads": [46.8976313333], "udmserve": [21.180389], "2mdn": [388.1204093333], "loopme": [44.4883153333], "ctnsnet": [21.4323656667], "openx": [19.7214156667, 21.1956683333, 21.288993, 23.5576276667], "perfdrive": [21.194851], "forexpros": [45.078249], "btloader": [18.7764803333], "freepik": [19.641343], "tangycover": [21.1378936667], "exponea": [19.3772163333], "recaptcha": [388.6686856667], "pghub": [21.0891286667], "datadome": [], "googletagmanager": [382.791838], "run": [18.7743606667, 21.0583126667, 21.6438883333, 21.180812], "ivitrack": [19.4536216667], "googlevideo": [40.575312, 24.8158203333], "mixpanel": [26.31738, 21.633755, 21.555045, 21.5812976667], "geniusaudience": [388.1071763333], "chatubate": [24.207489], "pub": [19.3478123333], "captcha-delivery": [], "tapad": [], "owox": [19.7787306667], "assemblyexchange": [18.6684523333], "strangeclocks": [23.4325596667], "ampproject": [384.4486423333], "parastorage": [25.9118583333], "travelaudience": [26.1140396667], "ml314": [21.1431563333]}