{"avads": [46.8976313333], "openx": [21.288993, 23.5576276667, 21.1956683333, 19.7214156667], "rlcdn": [19.7861936667, 24.3037116667], "googleapis": [36.2310383333, 38.3465386667, 37.696603, 18.6399336667, 35.161064, 37.9416723333, 45.2375916667, 38.2230153333, 39.172684, 42.4410363333, 45.0065536667, 38.6294343333, 35.115948, 35.9775216667, 43.366467, 38.970495, 35.3447456667, 43.121984, 40.3575536667, 40.852721], "btloader": [18.7764803333], "doubleclick": [38.067426, 45.0638843333, 38.4996336667, 42.705831, 37.0014103333, 40.2032896667, 40.7847776667, 40.4910893333, 40.418, 38.8120046667, 40.5389436667], "googleadservices": [40.418], "appspot": [36.4133836667, 37.8726403333], "google": [21.6234043333, 19.875196, 40.5389436667, 40.418, 40.8367316667, 21.621816, 37.0664383333, 18.712127, 37.981078, 23.4860473333, 38.067426, 19.4214796667, 38.0423156667, 40.7601193333, 19.36703, 18.8908026667, 21.0936163333, 38.810088, 35.5199883333, 38.9123403333, 42.598568, 24.353353, 37.9297736667, 37.8941566667, 21.587322], "freepik": [19.641343], "assemblyexchange": [18.6684523333], "ytimg": [40.5221823333, 38.067426], "weborama": [21.4886723333, 21.5480503333, 26.1893586667, 21.561327], "soccerstand": [21.2868936667], "ad-score": [136.6943893333, 139.092388], "chatubate": [24.207489], "googlesyndication": [38.790339, 40.1660576667, 37.7736426667, 38.811127, 40.8105323333], "gstatic": [38.067426, 40.5221823333, 42.598568, 40.7601193333, 37.7346326667, 37.1036293333, 40.6130553333], "33across": [21.0881873333], "sentry": [25.9369823333, 138.953464], "company-target": [21.137715], "gvt1": [38.9123403333], "ctnsnet": [21.4323656667], "media": [21.1721886667], "recaptcha": [37.2759183333], "googleusercontent": [38.0947273333, 40.8105323333, 18.7994256667, 37.7736426667], "playground": [], "ggpht": [6.5753093333], "loopme": [], "perfdrive": [21.194851], "simpli": [43.436854, 43.8308163333, 43.7035663333], "ml314": [21.1431563333], "wixmp": [6.588809], "strangeclocks": [], "googletagservices": [], "googlevideo": [40.575312, 24.8158203333], "2mdn": [40.4910893333], "last": [21.5072136667, 21.6106313333], "impact-ad": [18.7481186667], "pghub": [21.0891286667], "clean": [21.5213956667], "geniusaudience": [40.1620296667, 40.826868], "captcha-delivery": [21.2641523333], "ivitrack": [19.4536216667], "mixpanel": [], "adingo": [23.3714673333], "google-analytics": [35.9173943333, 36.3754403333], "forexpros": [45.078249], "youtube": [38.9123403333, 38.067426, 38.1899373333, 40.5221823333, 42.598568, 40.7601193333, 37.981078, 37.9512763333, 37.8941566667, 38.810088, 40.5389436667], "youtube-nocookie": [40.5389436667], "tangycover": [21.1378936667], "bugsnag": [18.7511846667], "tapad": [26.2939503333], "owox": [19.7787306667], "googleoptimize": [], "parastorage": [25.9118583333], "livescore": [21.5456583333], "mediago": [136.8013223333], "fullstory": [21.058298], "exponea": [19.3772163333], "udmserve": [21.180389], "ampproject": [40.3973066667], "googletagmanager": [38.7302996667], "run": [18.7743606667, 21.0583126667, 21.6438883333, 21.180812], "pub": [19.3478123333], "travelaudience": [26.1140396667], "blismedia": [18.5822253333], "datadome": [21.15542], "admedo": [45.8282986667]}