{"tu-tu": [5.267568, 5.2968796667, 10.0508123333, 5.43863, 9.4559203333, 14.717191, 5.6329353333, 9.993233, 5.4903103333, 5.6092163333, 14.8833693333, 5.3977816667, 5.6638443333, 5.370229, 9.575053], "ecco": [5.194209, 9.514659, 5.256661, 5.4654763333, 5.322964], "static1-sima-land": [10.0508123333, 5.26013, 5.209741, 9.3389293333, 9.575053, 14.8325333333, 5.4109193333, 5.5450496667, 5.4903103333, 5.342959, 5.1758256667, 9.8955396667, 5.3661186667, 5.405813, 5.361525, 5.8843843333, 5.472234, 5.6329353333, 9.801505, 5.3473866667], "nalog": [49.216269, 5.1853993333, 5.14233, 5.1448493333, 5.3847823333, 5.6593133333], "goldapple": [4.998493, 5.5708673333, 5.4168996667, 5.3516933333, 5.717463], "galamart": [9.470754, 10.042622, 5.5090043333, 5.6092163333, 5.3977816667], "ngenix": [5.405813, 10.0297673333, 10.0508123333, 5.1364496667, 49.5111576667, 5.3017296667, 14.8325333333, 9.476864, 5.3463166667, 9.5318253333, 5.342959, 5.7350876667, 5.3661186667], "cian": [5.3450743333, 5.2385776667, 5.432255, 10.2706906667], "letu": [14.6550726667, 5.3285913333, 5.4226436667, 5.8232173333, 9.9488386667, 9.5356226667, 5.3935796667, 10.7012446667, 5.155713, 5.2746413333], "marquiz": [10.0508123333, 9.470754, 72.3242953333, 14.8325333333, 5.291619, 5.1758256667, 5.4747566667], "corr": [5.325664, 9.6958116667, 5.2414803333, 6.2865416667, 5.2666336667, 10.1097986667, 5.1523803333, 5.378001], "betcity": [], "life": [5.827581, 5.726383, 5.2978276667, 4.8042743333, 10.216223, 9.6677336667], "gu-st": [5.3457096667, 5.6950516667, 10.4933483333, 10.1836473333, 9.493716, 14.8250536667, 10.053098, 10.057117, 9.5423586667, 5.4143106667, 9.62547, 14.7100766667, 9.5465256667, 5.3357983333, 5.283722, 9.5314733333], "rendez-vous": [5.7406936667, 5.475914, 10.0347196667, 5.2813033333, 10.054623, 5.90431, 5.312479, 9.4823306667, 5.2100466667, 5.882879, 4.7845083333], "sravni": [5.612032, 5.366432, 10.08475, 5.6650853333, 9.573526], "faberlic": [5.325536], "gov": [23.634659], "aeroflot": [5.9575923333, 5.831234, 5.2672516667, 5.4371373333, 14.735566, 5.4916716667, 5.352997, 5.5397343333, 10.1069613333], "sbermarket": [5.608404]}