{"local": {"momentum": [74.7694576667, 14.707303], "ffmovies": [14.666138, 15.7320983333], "vodacom": [], "dailymaverick": [], "zoominfo": [14.6847263333, 13.510159], "eztv": [15.6838383333, 14.5201843333], "fontawesome": [184.534502, 179.2717133333, 170.852921, 171.2865116667], "glassdoor": [14.8666146667, 10.1472163333], "dropboxstatic": [13.504442, 13.588595], "businesslive": [10.156846, 14.718312, 14.6170883333, 14.451871], "connatix": [15.8290856667, 29.6700206667], "taxtim": [26.0963576667, 9.849583], "indeed": [15.6547183333, 14.570832], "careersportal": [5.8860493333, 26.525273, 14.882978], "qualtrics": [13.457214, 9.8641803333], "etoro": [172.4977336667], "mimecast": [], "crazyegg": [14.6771886667, 10.9117733333], "travelstart": [15.0564546667, 9.863328, 14.6116633333, 67.8831726667], "wetransfer": [], "webrad": [13.5246393333, 13.5057006667], "virtualspirits": [462.4202943333], "sportsnet": [178.6902826667], "bizcommunity": [11.784875], "capetalk": [14.6455736667, 15.711002, 5.901834, 15.651447], "careerjunction": [14.552138], "15minutenews": [15.9901873333, 14.937031], "mindvalley": [14.5240713333, 15.1351046667, 14.759514, 14.8154703333], "bikehub": [], "safarinow": [14.526758, 5.962268], "fmovies": [15.6410983333, 53.8966503333], "braze": [15.199023], "businesstech": [14.7262883333, 14.7190766667, 70.3520063333], "1-grid": [35.83047], "matrixwarehouse": [18.4486546667], "onesignal": [17.5392153333, 14.5911896667], "saflii": [], "dischem": [5.9712596667, 16.0954456667, 15.6885206667], "jsdelivr": [13.531643, 70.5245836667, 10.2908983333, 55.0166336667, 9.889148], "spankbang": [14.5943246667, 13.5733713333], "evetech": [13.7437916667, 11.2042896667, 14.7780303333], "pixabay": [14.141597, 15.827754], "trexname": [15.642657], "cnn": [13.6442733333, 14.4901736667, 13.5164353333, 9.653059], "geolocation-db": [187.5780983333], "onetrust": [14.6889843333, 14.5275693333], "executiveplacements": [281.764928], "klevu": [11.0337203333, 9.9185596667, 15.7862793333], "addsearch": [], "rain": [14.8742493333], "worldometers": [258.8890533333], "aceauto": [14.4801046667, 14.6610536667, 9.8876093333, 16.897872], "series9": [15.5042363333, 13.7071716667], "truworths": [14.4279586667, 14.7823756667, 13.5520206667], "amung": [26.659854, 13.891181, 11.062108], "altcointrader": [14.8240243333, 9.8339576667, 28.4670623333], "salesloft": [13.486537, 6.1359503333], "mrdfood": [], "hostserv": [29.8679063333], "sage": [13.3869503333, 13.708023], "netflorist": [14.814205, 15.0342616667, 13.549156], "hellopeter": [13.5704313333, 14.602955, 25.4857566667], "xnxx-cdn": [179.4011806667, 192.246167], "jquery": [185.7848896667, 186.3385713333], "nr-data": [14.6417463333], "cardinalcommerce": [14.600398, 14.4720293333], "ilovepdf": [15.6896156667, 14.696091], "zando": [13.478305, 63.170693, 20.0454033333], "careers24": [14.576276, 14.8559393333], "box": [13.6298996667], "vox": [], "radiosa": [15.7107983333, 14.5868863333], "soap2day": [15.6838383333, 14.5201843333], "gramfree": [10.560401, 13.0579466667], "dearsystems": [], "moneyweb": [62.0555256667, 15.600797, 13.665028], "everlytic": [9.9515436667, 14.5801376667], "webengage": [9.7236346667, 13.5285566667], "buttercms": [13.4064726667], "cloudflare": [9.7036846667, 15.473601, 21.507849, 288.478388, 14.684935, 9.7767843333], "wondershare": [298.9506003333, 321.9490883333], "easyequities": [], "kissflow": [], "pexels": [13.6210076667, 13.975591], "redbubble": [74.0525476667, 14.5081903333], "crowd1": [42.0218023333, 11.0375133333], "udemy": [14.7654633333, 15.8007253333], "canva": [14.768548, 14.6148933333], "hollywoodbets": [13.6553366667, 72.627775], "czilladx": [328.8058153333], "bulksms": [14.3283436667, 15.142005, 14.707178, 10.215896], "constantcontact": [254.945766], "webuycars": [], "9anime": [185.9565826667, 162.3556226667], "hownow": [], "hificorp": [13.493074, 15.127356, 14.653523], "biz-file": [14.7189153333, 16.5357396667, 14.6841333333], "mybrowser-search": [], "mybroadband": [14.645035, 10.0058933333, 14.5875833333], "sp-trk": [], "pdfdrive": [13.589373, 15.1804366667, 6.2326003333], "indexww": [13.5249463333, 60.3492833333], "jumia": [10.9215173333, 15.7716256667], "boxcdn": [14.766242, 48.3188523333], "shein": [], "g2": [13.6356926667, 13.457839, 30.2137353333, 13.5458173333, 6.1616073333], "scribdassets": [13.4487713333], "15minutefun": [14.587072, 14.2392716667], "appspot": [14.5499526667]}, "diff_metro": {"momentum": [74.7694576667, 14.707303], "ffmovies": [6.2610103333, 14.666138, 15.7320983333, 10.7519876667], "vodacom": [], "dailymaverick": [], "zoominfo": [14.6847263333, 13.510159], "eztv": [15.6838383333, 14.5201843333], "fontawesome": [184.534502, 179.2717133333, 170.852921, 171.2865116667], "glassdoor": [14.8666146667, 10.1472163333], "dropboxstatic": [13.504442, 13.588595], "businesslive": [10.156846, 14.718312, 14.6170883333, 14.451871], "connatix": [15.8290856667, 29.6700206667], "taxtim": [26.0963576667, 9.849583], "indeed": [15.6547183333, 14.570832], "careersportal": [5.8860493333, 26.525273, 14.882978], "qualtrics": [13.457214, 9.8641803333], "etoro": [198.326912], "mimecast": [], "crazyegg": [14.6771886667, 10.9117733333], "travelstart": [15.0564546667, 9.863328, 14.6116633333, 67.8831726667], "wetransfer": [], "webrad": [13.5246393333, 13.5057006667], "virtualspirits": [462.4202943333], "sportsnet": [199.7537766667], "bizcommunity": [11.784875], "capetalk": [14.6455736667, 15.711002, 5.901834, 15.651447], "careerjunction": [14.552138], "15minutenews": [15.9901873333, 14.937031], "mindvalley": [14.5240713333, 15.1351046667, 14.759514, 14.8154703333], "bikehub": [], "safarinow": [14.526758, 5.962268], "fmovies": [15.6410983333, 53.8966503333], "braze": [14.520031, 15.6511846667, 9.6753196667, 13.6001243333], "businesstech": [14.7262883333, 14.7190766667, 70.3520063333], "1-grid": [35.83047], "matrixwarehouse": [18.4486546667], "onesignal": [17.5392153333, 14.5911896667], "saflii": [330.9127533333], "dischem": [5.9712596667, 16.0954456667, 15.6885206667], "jsdelivr": [13.531643, 70.5245836667, 10.2908983333, 55.0166336667, 9.889148], "spankbang": [14.5943246667, 13.5733713333], "evetech": [14.7780303333, 11.2042896667, 13.7437916667], "pixabay": [14.141597, 15.827754], "trexname": [15.642657], "cnn": [13.6442733333, 13.5164353333, 14.4901736667, 9.653059], "geolocation-db": [187.5780983333], "onetrust": [14.6889843333, 14.5275693333], "executiveplacements": [281.764928], "klevu": [11.0337203333, 9.9185596667, 15.7862793333], "addsearch": [], "rain": [14.8742493333], "worldometers": [258.8890533333], "aceauto": [14.4801046667, 9.8876093333, 14.6610536667, 16.897872], "series9": [15.5042363333, 13.7071716667], "truworths": [14.4279586667, 14.7823756667, 13.5520206667], "amung": [26.659854, 13.891181, 11.062108], "altcointrader": [9.8339576667, 14.8240243333, 28.4670623333], "salesloft": [13.486537, 6.1359503333], "mrdfood": [], "hostserv": [29.8679063333], "sage": [13.3869503333, 13.708023], "netflorist": [14.814205, 15.0342616667, 13.549156], "hellopeter": [25.4857566667, 13.5704313333, 14.602955], "xnxx-cdn": [192.246167, 179.4011806667], "jquery": [185.7848896667, 186.3385713333], "nr-data": [14.6417463333], "cardinalcommerce": [14.600398, 14.4720293333], "ilovepdf": [15.6896156667, 14.696091], "zando": [], "careers24": [14.576276, 14.8559393333], "box": [13.6298996667], "vox": [], "radiosa": [15.7107983333, 14.5868863333], "soap2day": [15.6838383333, 14.5201843333], "gramfree": [10.560401, 13.0579466667], "dearsystems": [], "moneyweb": [62.0555256667, 15.600797, 13.665028], "everlytic": [9.9515436667, 14.5801376667], "webengage": [9.7236346667, 13.5285566667], "buttercms": [13.4064726667], "cloudflare": [9.7036846667, 15.473601, 21.507849, 288.478388, 14.684935, 9.7767843333], "wondershare": [298.9506003333, 321.9490883333], "easyequities": [], "kissflow": [], "pexels": [13.975591, 13.6210076667], "redbubble": [74.0525476667, 14.5081903333], "crowd1": [42.0218023333, 11.0375133333],