{"engageya": [70.7144766667], "steamstatic": [13.6217633333, 11.6067643333, 10.1442606667, 14.349526, 14.36263, 14.3647966667, 10.1747933333], "ciceksepeti": [22.2621833333, 19.6835763333, 14.3684933333, 18.1922963333, 22.23464, 139.0585866667, 22.2579063333, 18.77215, 143.3278636667, 13.56687, 22.22682, 16.4196303333, 19.39666, 22.1497033333], "outbrain": [18.72335, 22.1409933333], "adform": [22.2515966667, 17.3770433333], "redblue": [72.8870466667], "alicdn": [20.232734, 22.5188366667, 10.200886, 10.2154836667], "optimizely": [20.1244963333, 20.0118, 19.70887], "tiktok": [67.87619, 29.4655833333, 13.5835433333, 13.539066, 10.2275733333, 13.5086333333, 14.3692433333, 14.34676, 10.1967233333, 17.8857563333, 11.58648, 17.2631533333, 13.58394, 14.3713963333, 28.090206, 17.8703066667, 14.3579096667, 10.1646166667, 17.37553, 13.54851, 10.1867926667, 13.58575, 18.67075, 18.7709333333, 10.1695036667, 11.6067643333, 13.5568066667, 10.200886, 26.5223733333, 13.5370806667, 13.5803733333, 10.1956733333, 18.7263966667, 13.49361, 10.25296, 10.2400533333, 18.7203666667, 13.5375433333, 10.1747933333], "samsung": [17.37414, 20.7762466667], "yotpo": [68.90968], "dotomi": [58.23954, 57.821837, 69.5188703333], "casalemedia": [61.3227266667], "go-mpulse": [23.0960333333, 14.41668, 18.7557533333], "zara": [10.2154836667, 14.3684933333, 10.2400533333, 10.2082533333, 14.34676], "ttwstatic": [16.868183, 17.0261233333, 17.2855566667, 18.4151366667, 17.2882406667, 17.8523933333], "tiktokv": [19.6815133333, 17.8956333333, 18.7893433333, 18.1476066667, 18.783874, 19.65371, 17.3984806667, 20.2114966667, 16.4041033333], "teads": [22.3305133333, 16.4237366667, 16.7787166667], "bbc": [52.9231433333, 65.08811], "transfermarkt": [10.1747933333, 14.36263], "rbxcdn": [10.1695036667, 50.5277966667, 10.266503, 20.76518, 14.3674833333, 10.2346266667, 13.5481966667, 50.6404, 10.1543433333], "cloudinary": [53.23892, 54.3730526667, 55.2070866667, 54.41771], "akamaized": [18.8136733333, 10.1667266667, 18.8727333333, 19.3791103333, 11.58648, 13.5481966667, 19.75023, 10.17366, 18.4796533333, 18.7757533333, 13.58394, 71.5432636667, 14.3560666667, 75.6921, 70.79357, 17.9869963333, 17.1073566667, 14.3674833333, 19.5524566667, 18.7951033333, 19.21713, 10.18712, 17.3002166667, 13.613623, 17.8688496667, 22.25206, 18.7525733333, 78.691417], "optasports": [80.056897], "fcagroup": [10.25296, 10.15338], "steamcommunity": [70.9452533333], "pubmatic": [18.3125066667, 22.1934466667], "tiktokcdn": [17.4682903333, 22.202237, 22.2831406667, 10.16496, 13.54851, 22.29474, 10.300523, 20.1727533333, 13.6217633333, 10.1695036667, 17.40016, 14.3674833333, 13.618463, 14.35437, 10.283983, 18.2124366667, 22.25206, 13.5375433333, 22.2956733333, 22.1497033333], "bbci": [52.9231433333, 20.1190533333], "akstat": [14.41668], "ziffstatic": [14.3692433333, 14.3405433333], "nike": [13.6329766667, 14.3579096667, 10.2142033333, 22.1972036667, 19.2940566667, 61.83806, 61.5277933333, 19.3791103333, 61.6404166667, 61.6000273333, 18.1637636667], "fwmrm": [], "herbalifenutrition": [75.4283466667], "serving-sys": [10.1303066667, 10.266503], "hepsiburada": [14.3713963333, 10.2154836667, 10.2082533333, 14.34676, 20.0135166667, 13.5381433333, 14.38842, 13.58575, 13.0320033333, 13.5370806667, 17.2327166667, 11.6021566667, 11.146277], "clmbtech": [10.6953326667, 14.34676], "licdn": [13.55544, 10.1855033333, 10.2036566667, 11.58648, 10.2302666667, 10.16496], "livechatinc": [17.9851533333, 19.6167733333, 18.4336133333, 18.7203666667, 10.3144933333, 22.2095866667, 18.7476133333, 13.56687, 19.6916696667, 17.8594036667, 18.8107933333, 22.204137, 16.88247], "rubiconproject": [62.9204133333, 60.25465, 203.5202433333, 52.32877, 147.557623, 20.245037, 49.9427533333, 52.3099636667, 74.5052726667, 202.2514566667, 64.61954, 50.9743966667, 60.5065133333, 139.3361233333], "adrecover": [14.3647966667, 10.1695036667], "aliexpress": [55.9362563333, 22.5188366667, 55.0024133333], "goal": [], "avon": [70.5212266667, 55.6033896667], "adobedtm": [22.23683], "etsy": [57.6333133333, 53.6748363333, 53.4634066667, 57.8722166667], "playstream": [18.036063, 22.2674566667], "ebay": [16.3984193333], "steampowered": [19.7738866667], "turn": [62.2845233333, 63.9943533333], "sharethis": [13.6329766667, 13.5568066667], "apple": [70.3783666667, 56.9185166667], "mzstatic": [13.5179126667, 18.189549, 16.7870433333, 66.1270193333], "moatads": [22.1787433333, 10.2056866667], "appier": [], "gratis": [], "cookiebot": [18.1922963333, 19.9995466667, 15.9391666667], "everesttech": [], "trivago": [18.9628733333, 17.94215, 17.9382066667, 20.0077, 54.9039033333, 17.28353, 18.23326, 19.6835763333], "dmcdn": [16.39765, 20.32371, 18.78582], "bilyoner": [18.7753233333, 20.1891766667, 17.8625], "performgroup": [18.34041], "addthis": [17.3148503333, 10.2066166667], "xboxlive": [136.9322933333], "byteoversea": [13.539066, 12.45862, 10.2275733333, 13.5086333333, 14.3799666667, 10.17366, 11.146277, 10.1303066667, 14.3579096667, 14.3405433333, 14.3560666667, 10.1867926667, 13.58575, 10.662043, 10.1543433333, 10.6577066667, 14.3217166667, 14.38842, 10.6953326667, 10.18712, 10.2400533333, 11.6021566667, 10.2302666667], "vlr": [149.2287696667], "alibaba": [20.232734], "sahadan": [15.3244333333], "createjs": [16.39765, 17.8837333333], "msn": [16.4403326667, 19.6815133333, 19.44748, 18.8267333333, 15.7335503333, 18.6949766667, 20.0077, 17.28353, 19.6835763333], "pabidding": [18.7753233333, 18.7525733333], "mookie1": [54.9769703333], "cxense": [20.1128433333], "amazon": [48.1379366667, 55.1088466667, 28.2470266667, 80.5175766667, 68.69752, 52.8925366667, 50.2009733333, 116.9652666667, 27.2131236667, 26.6631233333, 79.18254], "weather": [69.32972], "freepik": [64.0401566667], "ntv": [19.08113], "tidaltv": [], "ebaystatic": [55.3479496667, 54.584363, 54.14582, 54.1365366667], "disneyplus": [], "myherbalife": [72.5188963333, 100.5124066667], "adnxs": [22.2786496667], "tripadvisor": [55.2487266667, 53.70988, 54.3086526667, 53.2775933333, 53.46352, 57.3976733333, 53.38473, 54.2117733333], "bing": [13.539066, 22.10248, 13.5568066667, 14.3684933333, 18.1764663333, 14.3260466667, 10.1867926667, 10.1774633333, 10.6751636667, 10.1956733333, 14.3217166667], "gameforge": [13.54341, 10.1855033333], "yieldlab": [55.0362066667], "office": [74.7011133333, 71.605063], "freepikcompany": [10.15338, 10.2154836667], "directededge": [143.4396333333], "hm": [20.54145], "zdbb": [16.3927466667, 18.7500436667], "microsoft": [20.3580533333, 13.59919, 285.2378066667, 160.938563, 16.4338, 57.4972896667, 197.89168, 136.2268666667], "appsflyer": [22.29594, 22.19902], "wsimg": [63.81568, 64.1543873333], "sefamerve": [15.7335503333, 16.4041033333], "spotxchange": [63.14442, 64.8134303333], "s-microsoft": [13.5570266667], "postrelease": [], "etsystatic": [57.6333133333, 53.6748363333, 53.4634066667, 57.8722166667], "smartadserver": [65.6055903333, 67.34647, 63.1387733333, 64.95278, 63.2087733333, 64.8695866667], "akamaihd": [13.5835433333, 10.662043], "bluekai": [10.24056], "media": [17.96153], "typekit": [22.2427633333, 10.2036566667, 22.29594, 11.58648], "speedtest": [16.4041033333, 16.4338], "huawei": [17.8943466667], "godaddy": [201.0956866667], "cdnpk": [13.53784], "ibytedtos": [13.613623, 10.2302666667], "fcp": [11.5941033333, 14.3405433333], "addthisedge": [17.3148503333], "mackolik": [15.3244333333], "mediadecathlon": [14.3674833333, 10.18712], "pinimg": [19.661443], "cdn-apple": [52.9663333333], "bkrtx": [77.57515], "fiat": [20.434337], "fastclick": [74.97885], "adpushup": [10.1543433333, 13.5835433333], "mediamarkt": [], "arcelik": [31.1193033333], "projectagoraservices": [15.8334733333, 18.78582], "stickyadstv": [12.45862, 10.16496], "gfsrv": [71.606814, 74.1269733333], "dpeurasia": [18.4151366667, 19.7743566667], "koctas": [26.45338], "brightcove": [13.54206], "lcwaikiki": [69.25314], "office365": [17.90966, 19.6167733333], "nikecdn": [13.58575, 13.539066], "mathtag": [17.40729]}