{"engageya": [70.7144766667, 54.4686533333], "steamstatic": [17.3002166667, 17.2358533333, 17.44198, 17.1073566667, 16.9678296667, 19.79487, 15.80484], "ciceksepeti": [22.2621833333, 19.81573, 139.0585866667, 22.23464, 18.6565666667, 18.9628733333, 22.2579063333, 22.202237, 143.3278636667, 22.22682, 16.4196303333, 22.1497033333], "outbrain": [18.72335], "adform": [20.23717, 18.7627066667, 17.90966, 18.7476133333, 17.8487], "redblue": [50.8154, 69.7689333333], "alicdn": [22.5188366667, 18.490217, 20.232734, 18.7899966667, 16.97472], "optimizely": [20.1244963333, 20.0118, 19.70887], "tiktok": [67.87619, 29.4655833333, 16.4269163333, 22.13963, 19.6809466667, 16.38716, 17.2631533333, 16.4403326667, 28.090206, 19.6483303333, 16.75957, 17.9855766667, 19.70374, 18.7542036667, 22.3481166667, 18.67075, 22.3249833333, 15.80484, 19.3236866667, 18.7702966667, 19.4850266667, 17.9382066667, 20.1884033333, 26.5223733333, 17.87971, 18.7640233333, 20.2114966667, 18.1444963333, 17.3963, 18.7828466667, 18.7525733333, 18.59357, 18.6996636667, 19.6835763333], "samsung": [18.0949266667, 20.7762466667], "yotpo": [22.7252966667, 54.3801096667, 68.90968], "dotomi": [58.23954, 68.2528333333, 68.5712636667], "casalemedia": [61.3227266667], "go-mpulse": [23.0960333333, 17.2457266667, 18.7557533333], "zara": [20.23717, 17.2794, 17.37553, 18.7203666667, 17.8857563333, 17.818643, 18.8004466667, 16.97472], "ttwstatic": [22.1813966667, 16.83184, 17.2855566667, 18.4151366667, 17.2882406667, 18.67585], "tiktokv": [19.3236866667, 15.7335503333, 18.7261303333, 18.7639466667, 17.79849, 16.3723266667, 17.38833, 17.85837, 15.9391666667], "teads": [59.19315, 18.7865766667, 16.4237366667], "bbc": [53.4119866667], "transfermarkt": [18.2135633333, 17.903274, 17.2358533333, 17.44198, 16.4269163333, 19.60429, 18.7542036667, 18.730863, 18.7828466667], "rbxcdn": [22.2181766667, 18.7318896667, 22.2517406667, 17.44198, 17.903274, 17.2358533333, 16.39765, 19.6295636667, 18.7951033333, 18.7839663333, 18.7525733333], "cloudinary": [78.9072066667], "akamaized": [18.8136733333, 18.78582, 55.4812033333, 22.202237, 19.3791103333, 19.75023, 16.9678296667, 18.7757533333, 17.3698966667, 17.903274, 18.7542036667, 15.8334733333, 17.9869963333, 17.1073566667, 17.3503733333, 18.81334, 22.2474096667, 56.0271696667, 19.21713, 19.57759, 17.3002166667, 17.395883, 22.25206, 22.1977566667, 18.7828466667, 22.2956733333], "optasports": [61.523714], "fcagroup": [19.6774733333, 16.3927466667], "steamcommunity": [56.7602366667], "pubmatic": [20.1079133333, 22.1934466667], "tiktokcdn": [18.19097, 17.8981266667, 18.2119563333, 8.714283, 18.784594, 16.29784, 20.50872, 18.74414, 13.97583, 17.2855566667, 12.45958, 17.3229233333, 19.69551, 10.1152066667, 16.2669503333, 17.2588066667, 16.3144166667, 18.6736133333, 18.7678166667, 13.52419], "bbci": [53.4119866667, 56.4282806667, 62.9466466667, 61.7004333333], "akstat": [17.2457266667], "ziffstatic": [16.4041033333, 16.4338], "nike": [18.67075, 30.7248166667, 30.6700496667, 18.21043, 17.473203, 22.1972036667, 19.2940566667, 22.23464, 27.72917, 18.7476133333, 17.2631533333, 27.313866, 18.1637636667], "fwmrm": [], "herbalifenutrition": [55.172603], "serving-sys": [17.2358533333, 17.44198], "hepsiburada": [20.3580533333, 53.43618, 17.28353, 16.4403326667, 18.8417636667, 18.6565666667, 15.9391666667, 19.6815133333, 18.80026, 17.79849, 17.2327166667, 20.2114966667, 17.38833, 17.85837, 16.4041033333, 18.8267333333, 20.1800666667, 18.7639466667], "clmbtech": [16.4403326667, 18.1476066667, 18.6565666667], "licdn": [22.3190473333, 17.3503733333], "livechatinc": [53.4303133333, 19.6167733333, 51.3815866667, 18.7476133333, 18.8107933333], "rubiconproject": [62.9204133333, 60.25465, 203.5202433333, 52.32877, 143.7614836667, 64.6853066667, 56.3882, 49.9427533333, 52.3099636667, 202.2514566667, 64.61954, 50.9743966667, 60.5065133333, 52.5457696667], "adrecover": [19.6880833333, 17.1073566667], "aliexpress": [55.9362563333, 22.5188366667, 55.0024133333], "goal": [], "avon": [52.1808566667, 20.7302066667], "adobedtm": [19.69841], "etsy": [53.4634066667, 53.6748363333, 57.6333133333, 57.8722166667], "playstream": [51.93001, 51.8617566667], "ebay": [16.3984193333], "steampowered": [19.7738866667], "turn": [220.490317, 62.2845233333], "sharethis": [18.7263966667, 19.6167733333], "apple": [57.8381533333, 61.2051966667, 56.9185166667], "mzstatic": [18.189549, 18.8099533333, 18.7897666667], "moatads": [18.7588726667], "appier": [], "gratis": [], "cookiebot": [18.1922963333, 19.6099673333, 54.4619666667], "everesttech": [], "trivago": [17.94215, 18.1628963333, 51.391333, 19.6835763333], "dmcdn": [17.8837333333, 18.78582, 17.903274, 16.39765, 18.7951033333], "bilyoner": [18.7753233333, 20.1891766667], "performgroup": [18.34041], "addthis": [17.3148503333], "xboxlive": [136.9322933333], "byteoversea": [22.2213933333, 18.1628963333, 17.8837333333, 18.78582, 19.6809466667, 18.1476066667, 18.0539333333, 16.4196303333, 20.6044866667, 16.74221, 16.4403326667, 16.75957, 17.373686, 17.12827, 16.4338, 15.9391666667, 17.8851866667, 22.2209533333, 17.25486, 22.1973733333, 19.6880833333, 17.79849, 17.85837, 17.9851533333, 18.7662993333, 17.8434333333, 18.6996636667], "vlr": [149.2287696667], "alibaba": [20.232734], "sahadan": [15.3244333333], "createjs": [16.39765, 17.832257, 17.8837333333], "msn": [19.6815133333, 17.8956333333, 15.7335503333, 18.6949766667, 20.1800666667, 19.7279366667, 18.9628733333, 20.0077, 17.28353], "pabidding": [18.7753233333, 18.7525733333], "mookie1": [58.4871606667], "cxense": [58.530703, 54.98458], "amazon": [28.2470266667, 80.5175766667, 68.69752, 116.9652666667, 27.2131236667, 26.6631233333, 79.18254], "weather": [52.3664133333], "freepik": [18.1635963333], "ntv": [17.3372166667], "tidaltv": [], "ebaystatic": [16.3984193333], "disneyplus": [], "myherbalife": [56.6322836667], "adnxs": [65.5449166667], "tripadvisor": [53.70988, 53.46352, 53.38473, 67.9760806667, 57.3976733333], "bing": [22.10248, 20.23717, 18.1764663333, 18.3955066667, 17.90966, 19.2429166667], "gameforge": [50.288977, 50.2980866667], "yieldlab": [76.41601], "office": [22.8158333333, 77.11029], "freepikcompany": [17.818643, 18.7203666667], "directededge": [143.4396333333], "hm": [20.54145], "zdbb": [54.271673, 51.6152433333], "microsoft": [20.3580533333, 57.942514, 285.2378066667, 160.938563, 16.4338, 57.4972896667, 197.89168, 136.2268666667], "appsflyer": [17.25486, 19.6270433333], "wsimg": [17.4358726667, 19.2429166667], "sefamerve": [18.7709333333, 18.7627066667], "spotxchange": [63.14442, 64.8134303333], "s-microsoft": [18.71712], "postrelease": [], "etsystatic": [18.7951033333, 19.6483303333], "smartadserver": [65.6055903333, 67.34647, 63.1387733333, 64.95278, 63.2087733333, 64.8695866667], "akamaihd": [17.1073566667, 17.9546163333], "bluekai": [19.6767866667], "media": [17.93097, 57.7294073333], "typekit": [22.2374833333, 18.8136733333, 22.2427633333, 18.5034133333], "speedtest": [57.5249933333, 53.3009], "huawei": [17.8943466667], "godaddy": [201.0956866667], "cdnpk": [18.1635963333], "ibytedtos": [16.461737, 19.6809466667], "fcp": [18.714937, 17.94215], "addthisedge": [17.3148503333], "mackolik": [15.3244333333], "mediadecathlon": [18.81334, 18.78582], "pinimg": [19.661443], "cdn-apple": [59.5193466667], "bkrtx": [69.2133866667], "fiat": [20.434337], "fastclick": [80.6876166667], "adpushup": [18.7318896667, 15.8979], "mediamarkt": [], "arcelik": [31.1193033333], "projectagoraservices": [15.8334733333, 18.78582], "stickyadstv": [18.7753233333, 18.7839663333], "gfsrv": [18.7828466667, 16.9678296667], "dpeurasia": [19.6483303333, 19.60429], "koctas": [26.45338], "brightcove": [17.4568896667], "lcwaikiki": [69.25314], "office365": [18.3955066667, 19.6167733333], "nikecdn": [18.4677566667, 22.2547733333], "mathtag": [19.7145693333]}