{"xvideos-cdn": [59.1902533333], "userway": [49.9459633333, 54.5811096667, 56.3959073333, 57.1597333333, 54.6957766667], "tofisa": [52.50559], "ilan": [72.7353233333, 70.3231766667], "b-cdn": [52.05344, 52.50559], "hediyesepeti": [52.70974, 49.9459633333, 63.9199066667, 52.6490406667, 56.3959073333, 52.4834503333], "tmdb": [56.4678166667], "kitapyurdu": [52.70974, 49.9459633333, 50.26738, 52.6490406667, 57.1597333333, 52.4834503333, 54.6957766667], "afcdn": [50.26738, 54.5811096667, 56.3959073333, 57.1597333333, 54.6957766667], "dimml": [49.9459633333, 52.6490406667, 54.5811096667, 56.3959073333, 54.6957766667], "consensu": [50.26738, 54.5811096667, 56.3959073333, 57.1597333333, 54.6957766667], "consentmanager": [52.70974, 50.26738, 52.6490406667, 63.9199066667, 56.3959073333], "tjk": [52.0337266667, 51.9489266667], "lngtdv": [49.9459633333, 52.6490406667, 54.5811096667, 56.3959073333, 54.6957766667], "aj2550": [49.9459633333, 54.5811096667, 56.3959073333, 57.1597333333, 54.6957766667], "yenimedya": [64.4522933333, 65.9675066667], "memorial": [50.26738, 54.5811096667, 57.1597333333, 54.6957766667, 52.4834503333], "creativecdn": [49.9459633333, 54.5811096667, 57.1597333333, 52.4834503333, 54.6957766667], "realsrv": [52.70974, 50.26738, 52.6490406667, 63.9199066667, 52.4834503333], "modamerve": [56.4678166667], "ercdn": [54.3535236667, 51.2969296667, 51.1292066667], "plesk": [18.1277166667], "otocikma": [50.26738, 52.6490406667, 54.5811096667, 52.4834503333, 54.6957766667], "ye-mek": [49.9459633333, 63.9199066667, 52.6490406667, 54.5811096667, 52.4834503333], "getsitecontrol": [56.4678166667], "premiumvertising": [61.4815], "merlincdn": [64.4522933333, 65.9675066667], "aksam": [51.6541133333, 52.69953], "slazenger": [50.30276], "xnxx-cdn": [], "sdacdn": [64.4522933333, 65.9675066667], "adtarget": [56.4678166667], "perzonalization": [52.70974, 50.26738, 52.6490406667, 52.4834503333, 54.6957766667], "displayvertising": [60.28628]}