{"xvideos-cdn": [], "userway": [147.27086, 148.5018733333], "tofisa": [175.4360733333], "ilan": [65.374849, 67.62712], "b-cdn": [168.6040666667, 175.4360733333, 168.115, 49.96331], "hediyesepeti": [258.9151133333, 262.383997, 252.80294, 254.9228866667], "tmdb": [175.4360733333], "kitapyurdu": [66.3206, 258.9151133333, 68.3813466667, 254.9228866667], "afcdn": [258.9151133333, 252.80294], "dimml": [258.9151133333, 252.80294], "consensu": [59.653563, 62.7678266667], "consentmanager": [62.0391006667, 65.0845296667], "tjk": [52.0337266667, 51.9489266667], "lngtdv": [258.9151133333, 254.9228866667], "aj2550": [148.5018733333, 135.6893766667], "yenimedya": [54.3849766667, 52.83443, 54.2236333333], "memorial": [262.383997, 252.80294], "creativecdn": [286.1666633333], "realsrv": [262.383997, 254.9228866667], "modamerve": [168.6040666667], "ercdn": [54.3535236667, 51.2969296667, 51.1292066667], "plesk": [262.383997, 252.80294], "otocikma": [289.6445966667], "ye-mek": [52.70974, 49.9459633333, 52.6490406667, 52.4834503333, 54.6957766667], "getsitecontrol": [172.67392], "premiumvertising": [61.4815], "merlincdn": [72.7353233333, 70.3231766667], "aksam": [64.29562, 65.0070866667, 69.1976933333], "slazenger": [175.4360733333], "xnxx-cdn": [], "sdacdn": [], "adtarget": [175.4360733333], "perzonalization": [258.9151133333, 252.80294], "displayvertising": [60.28628]}