{"xvideos-cdn": [55.4910033333, 52.2895993333], "userway": [19.0667236667], "tofisa": [49.89633], "ilan": [64.29562, 65.0070866667, 69.1976933333], "b-cdn": [49.8276836667, 60.3438296667], "hediyesepeti": [19.0667236667, 17.3988733333], "tmdb": [69.1875733333, 28.1625533333, 28.5719096667, 65.9454966667], "kitapyurdu": [52.70974, 49.9459633333, 55.2310533333, 52.6490406667, 52.4834503333, 54.6957766667], "afcdn": [17.3988733333], "dimml": [18.1277166667], "consensu": [45.1092766667], "consentmanager": [42.9343133333], "tjk": [52.0337266667, 51.9489266667], "lngtdv": [18.8224266667], "aj2550": [42.9343133333], "yenimedya": [64.29562, 65.0070866667, 69.1976933333], "memorial": [55.2310533333], "creativecdn": [55.0438], "realsrv": [18.7856336667], "modamerve": [50.30276], "ercdn": [54.3535236667, 51.2969296667, 51.1292066667], "plesk": [18.1277166667], "otocikma": [19.0667236667], "ye-mek": [56.6333393333, 46.9389163333], "getsitecontrol": [56.4678166667], "premiumvertising": [61.4815], "merlincdn": [72.7353233333, 70.3231766667], "aksam": [54.3849766667, 52.83443, 54.2236333333], "slazenger": [49.89633], "xnxx-cdn": [56.5348666667, 52.2895993333], "sdacdn": [64.29562, 65.0070866667, 69.1976933333], "adtarget": [49.89633], "perzonalization": [17.3988733333], "displayvertising": [60.28628]}