{"cimri": [17.2045066667, 59.5872766667], "admatic": [59.5872766667, 51.48481, 55.8317366667], "pandora": [17.2045066667], "nesine": [59.5872766667, 51.48481], "lezzet": [55.8317366667], "flypgs": [52.4897133333, 62.6952473333], "misli": [55.8317366667]}