{"cimri": [196.983977], "admatic": [196.983977], "pandora": [190.5004066667, 188.2971233333], "nesine": [196.983977], "lezzet": [196.983977], "flypgs": [66.28792, 48.8136333333], "misli": [237.1907903333, 234.47016]}