{"cimri": [86.5303466667], "admatic": [86.5303466667], "pandora": [92.6736966667, 86.5303466667], "nesine": [86.5303466667], "lezzet": [86.5303466667], "flypgs": [62.6952473333, 52.4897133333], "misli": [86.5303466667]}