{"cimri": [139.71427], "admatic": [139.71427], "pandora": [303.0843733333], "nesine": [139.71427], "lezzet": [139.71427], "flypgs": [62.6952473333, 66.0979533333], "misli": [165.8120866667, 139.71427]}