{"tmgrup": [82.932143, 86.8198896667, 80.48826, 81.3292966667, 80.7597666667, 82.7587166667, 78.9373, 79.3796033333, 85.0296333333, 84.2038933333, 80.3858436667, 81.1199366667, 82.523743, 78.79377, 81.88534, 79.5588366667, 83.0876233333, 81.6479466667, 84.7659866667], "netmera-web": [77.8158633333, 81.0619666667, 78.6952533333, 83.8527766667], "sabah": [83.5491266667, 81.7116726667, 83.9968533333, 83.0314166667], "tmdb": [], "unblockia": [84.4764566667, 85.8601496667, 83.0314166667, 89.15682], "optad360": [81.2052066667, 82.98979, 76.794523, 79.6819066667, 84.8871726667, 82.1269133333, 82.2111166667, 78.8078166667], "mitula": [66.5436466667, 63.5818233333, 81.48391, 79.2437436667, 66.89522, 79.0224563333, 66.48515, 84.621797], "privacy-center": [79.1114633333, 82.22873, 80.7975366667, 82.1269133333], "agkn": [77.6414303333, 84.3858766667, 79.1793533333, 82.4774066667], "adsafeprotected": [77.9731066667, 80.1974333333, 77.4513296667, 76.86616, 85.49686, 84.98338, 79.8432763333, 81.6521133333], "commonservice": [78.85036, 80.1861996667, 82.577557, 82.3068963333], "playwire": [80.1688666667, 77.8614273333, 79.0551666667, 74.95505], "lottiefiles": [79.5774866667, 83.2046836667, 86.54477, 80.8593, 84.98338, 75.4373533333, 81.6315866667, 81.0287193333], "trtworld": [78.2474006667, 81.4276933333, 77.7633966667, 79.6573933333], "roirevolution": [79.8676466667, 77.8614273333, 78.262873, 79.9167363333], "dr": [82.486643, 78.6952533333, 82.0193766667, 81.9837896667], "fotomac": [22.1219166667], "comm100": [83.9918503333, 85.3549866667, 83.7566433333, 81.8608133333], "bazaarvoice": [79.1793533333, 83.8299066667, 81.6315866667, 82.4958533333], "coinmarketcap": [82.4714566667, 71.71716, 84.2568633333, 85.0569466667, 78.9720006667, 80.8593, 88.7145366667, 71.4068933333, 77.6414303333, 84.73924, 83.4694733333, 82.98979, 80.9869933333, 75.4373533333, 80.203634, 80.96505, 83.2097233333, 80.06492, 83.75986, 81.4253236667, 81.6436133333, 75.9344896667, 82.3068963333, 83.57239, 85.8601496667, 81.5315466667, 83.6172566667, 74.2585733333], "tradingview": [82.932143, 82.7342466667, 78.3299333333, 86.4428233333, 80.44793, 84.8190666667, 85.9929133333, 86.9947703333, 80.17833, 81.8120233333, 79.4620066667, 82.5106066667], "motorsport": [63.4588633333, 63.6462633333, 82.90012, 80.48826, 65.3674533333, 80.3173043333, 83.2568193333, 66.45228], "disquscdn": [86.0710703333, 81.6141903333, 82.0349533333, 84.5791466667], "avantisvideo": [77.9614303333, 79.10257, 82.3384733333, 85.0569466667], "sharethis": [81.7455006667, 82.74589, 84.20417, 80.9869933333, 84.8634066667, 81.9439366667, 84.73924, 83.2621766667], "intergient": [81.76852, 84.38027, 84.4122163333, 82.1661033333], "analyticahouse": [76.4976233333, 77.71044, 80.7975366667, 79.28194], "saasexch": [80.9983833333, 80.1974333333, 81.70859, 80.6241273333, 85.9929133333, 77.9614303333, 81.9956896667, 83.0791533333, 82.3204966667, 84.7652, 81.6283933333, 80.6107733333], "bnbstatic": [81.1604236667, 82.3490633333, 81.7624166667, 82.6670223333, 85.55864, 83.0791533333, 84.7652, 81.6315866667], "tiqcdn": [78.85036, 82.3669966667, 83.69542, 80.3858436667], "s-onetag": [83.4406133333, 80.96505, 83.95112, 84.480583], "emarsys": [77.8158633333, 77.8614273333, 79.7580566667, 82.4495666667], "aspor": [22.1219166667], "surveygizmo": [86.9947703333, 82.4714566667, 79.3840166667, 83.4007433333], "dugout": [81.77401, 83.83614, 85.700017, 84.99053], "improvedigital": [83.95112, 87.0215166667, 83.6460333333, 79.3550733333], "adscale": [86.9733933333, 81.7455006667, 80.17833, 82.3632833333], "bamgrid": [79.3093666667, 77.4685666667, 82.4495666667, 86.4428233333, 83.66547, 81.6880296667, 76.414303, 77.7953433333], "takvim": [78.77953, 22.1219166667, 74.5140503333, 80.1878933333, 78.9102633333], "vestel": [81.2052066667, 83.57239, 79.45699, 78.64909], "minutemedia-prebid": [83.7566433333, 81.5953236667, 82.92519, 85.6369], "dwin1": [], "jubnaadserve": [80.1974333333, 82.0193766667, 81.6436133333, 78.57194, 87.1319266667, 81.42176, 77.1784066667, 81.3675733333, 79.5909556667, 85.3169933333, 84.05339, 78.9102633333], "quantcount": [87.1319266667, 84.38027, 81.7624166667, 82.100023], "binance": [], "dotmetrics": [84.17674, 79.6819066667, 82.833166, 81.4302836667, 82.13147, 84.22365, 78.6652866667, 83.46296], "oribi": [83.21003, 83.0791533333, 82.8059096667, 87.0215166667], "disney-plus": [72.011883, 73.19219, 75.7849833333, 70.5922933333], "scorecardresearch": [81.4573533333, 82.5788933333, 84.8833333333, 81.677666], "vivense": [83.75986, 86.0710703333, 83.4694733333, 82.3632833333], "profitwell": [81.3574363333, 86.0149833333, 83.2621766667, 83.9857133333], "truepush": [81.7645566667, 84.0752233333, 83.6711633333, 78.9405733333], "motorsportnetwork": [80.1688666667, 78.56276, 76.2496566667, 79.9167363333], "atv": [22.1219166667], "sortext": [85.35824, 82.3490633333, 86.4428233333, 80.0424363333], "captcha-delivery": [83.9918503333, 78.86768, 80.6906926667, 82.6968166667], "riotgames": [85.4603333333, 79.61891, 81.1199366667, 78.79377], "amazon-adsystem": [84.2786266667], "gofun-arena": [80.1861996667, 81.6315866667, 86.7718163333, 81.6235033333], "chartbeat": [85.3986036667], "site24x7rum": [84.3745033333, 83.9318833333, 83.85265, 81.5347363333], "telerik": [84.20417, 81.7116726667, 82.92519, 81.8608133333], "dynamicyield": [80.1688666667, 79.8676466667, 80.1878933333, 76.86616], "dopingtech": [84.54757, 82.2309933333, 83.8527766667, 79.2226], "adsrvr": [80.1596333333], "a2z": [], "ahaber": [], "imrworldwide": [79.64805, 80.14318, 79.12581, 80.67683], "intergi": [82.2059696667, 79.4620066667, 81.6315866667, 86.9214733333], "arcgisonline": [81.21063], "durationmedia": [82.3817266667, 80.0424363333, 82.98979, 81.9192566667], "opecloud": [81.0939266667, 80.6241273333, 84.7719366667, 83.74158], "segment": [79.9752566667], "optinly": [83.5117466667, 83.10309, 83.5402533333, 78.9692666667], "persona": [74.63877, 77.93276, 80.1878933333, 76.7444733333], "trackingplan": [79.6592933333, 80.7597666667, 82.3384733333, 82.9152666667], "luckyorange": [82.2059696667, 78.9373, 83.6172566667, 75.4373533333], "usizy": [83.7644733333, 83.9968533333, 83.5961103333, 83.8174733333], "supsis": [80.2774866667, 75.1063533333, 79.7580566667, 82.44013], "uidapi": [80.8294066667], "clickcease": [84.7118436667, 83.61312, 85.8601496667, 80.5265433333], "yeniasir": [22.1219166667], "springserve": [84.7719366667, 86.52116, 83.2777833333, 83.0791533333], "bynogame": [78.85036, 80.3173043333, 82.2059696667, 84.5791466667], "cronitor": [81.8120233333, 77.2988666667, 81.6880296667, 81.88534], "zuimeitianqi": [84.20417, 81.7499566667, 84.8833333333, 81.9169733333], "enthusiastgaming": [85.4903733333, 83.10309, 84.3394933333, 83.61312], "geoedge": [77.5998466667, 81.343057, 78.79377, 81.70859], "abtasty": [82.8059096667, 84.4952933333, 81.6479466667, 82.100023], "polarbyte": [85.49686, 79.3550733333, 81.7624166667, 84.38027], "963bets10": [], "idefix": [82.47204, 75.6056433333, 84.2038933333, 87.0215166667], "a101": []}