{"tmgrup": [71.7107933333, 87.7962866667, 74.5034836667, 87.7464566667, 67.3307636667, 69.46242, 71.7691473333, 71.7420836667, 67.3933033333, 70.6911236667, 68.4492566667, 69.9665533333, 81.7521666667, 82.5519666667, 69.4705766667, 75.2856933333, 68.0568836667, 67.4963766667, 67.6424266667, 68.7248726667], "netmera-web": [74.9097696667, 69.8285766667, 70.419457, 71.4551206667], "sabah": [22.1219166667, 85.4812993333, 80.2921966667, 80.2368166667, 85.9702866667], "tmdb": [56.19371], "unblockia": [67.5767703333, 70.86673, 69.8534406667, 68.8158933333], "optad360": [68.52038, 70.0717696667, 73.6157233333, 70.3816933333, 75.86733, 69.7656233333, 69.4705766667, 73.76602], "mitula": [83.312503, 69.2720363333, 86.0013696667, 82.0333, 69.9784966667, 73.2760233333, 83.3378466667, 68.30747], "privacy-center": [71.6742933333, 72.1666633333, 72.2538133333, 75.478974], "agkn": [83.1269666667, 64.47046, 85.305343, 82.0509696667], "adsafeprotected": [62.1826196667, 78.87908, 64.3649033333, 64.4151133333, 68.224046, 83.39109, 80.2368166667, 79.5698666667], "commonservice": [74.2729666667, 77.81389, 73.5645096667, 74.5685463333], "playwire": [74.2955766667, 74.9535466667, 75.6735433333, 68.7891733333], "lottiefiles": [71.1598166667, 67.5842366667, 82.03704, 81.8002933333, 66.69341, 73.25972, 75.478974, 71.7886166667], "trtworld": [69.46298, 67.26849, 67.3556333333, 73.0453066667], "roirevolution": [68.7411033333, 69.9672103333, 69.7656233333, 68.7248726667], "dr": [73.1157933333, 69.9784966667, 71.841297, 68.55787], "fotomac": [], "comm100": [71.7491466667, 67.7281636667, 69.5803206667, 64.6374633333], "bazaarvoice": [68.7399976667, 73.262103, 71.7269733333, 69.87118], "coinmarketcap": [67.5026366667, 89.58374, 69.86968, 73.77574, 70.78184, 85.115026, 83.3375066667, 72.9499366667, 72.7008696667, 66.6563326667, 68.43157, 68.4513266667, 80.62186, 71.7047563333, 77.26153, 73.281643, 68.578437, 74.1894133333, 72.0311066667, 67.7009233333, 73.9060366667, 72.657946, 85.3907833333, 78.87908, 69.9035866667, 69.7656233333, 69.0393466667, 84.9601296667], "tradingview": [69.82078, 85.7507436667, 69.46242, 66.17376, 69.8494533333, 69.781466, 85.67397, 90.2234966667, 71.7269733333, 82.2368666667, 69.4705766667, 69.1317433333], "motorsport": [89.8833933333, 88.15622, 85.67397, 87.894426], "disquscdn": [86.65885, 85.67397, 79.5698666667, 86.39171], "avantisvideo": [88.2869566667, 85.4812993333, 83.3775703333, 85.0852193333], "sharethis": [80.92219, 70.8318333333, 73.97017, 83.4859733333, 80.00246, 70.793916, 73.6548433333, 89.0350066667], "intergient": [68.0568836667, 68.4780033333, 71.1853933333, 73.2049833333], "analyticahouse": [85.5138793333, 83.4788, 85.67397, 82.8548236667], "saasexch": [69.82078, 72.6972066667, 67.4409133333, 68.2075766667, 75.83707, 69.8988073333, 74.8498466667, 69.433706, 69.0393466667, 69.8285766667, 73.6334033333, 73.76602], "bnbstatic": [66.06934, 74.029817, 66.4806496667, 72.4824096667, 72.0851436667, 70.7936836667, 68.0568836667, 73.6548433333], "tiqcdn": [82.822506, 89.0350066667, 84.6135366667, 79.58443], "s-onetag": [79.43601, 66.6712496667, 81.7509233333, 84.0329833333], "emarsys": [69.781466, 68.6095363333, 70.03589, 69.4235566667], "aspor": [22.1219166667], "surveygizmo": [71.9666823333, 75.6735433333, 73.63333, 74.2119836667], "dugout": [81.8938333333, 84.458917, 85.4251733333, 68.670643], "improvedigital": [72.616163, 71.61159, 71.2062366667, 69.0100956667], "adscale": [83.2222366667, 81.8038, 85.2300366667, 84.3679466667], "bamgrid": [83.41568, 85.4251733333, 83.3936266667, 89.8833933333, 82.1793333333, 83.39109, 65.335654, 86.39171], "takvim": [68.605563, 70.0717696667, 69.0196033333, 68.50608], "vestel": [71.7262566667, 71.2607033333, 73.2760233333, 69.4755466667], "minutemedia-prebid": [70.70044, 71.3141, 71.2062366667, 74.0723533333], "dwin1": [], "jubnaadserve": [73.7073866667, 73.95167, 69.4968666667, 75.86733, 73.020494, 71.80464, 74.4896333333, 75.5295533333], "quantcount": [69.7656233333, 71.7262566667, 64.5157933333, 64.93138], "binance": [], "dotmetrics": [74.2729666667, 69.1317433333, 74.5685463333, 73.1157933333, 71.1786833333, 71.2607033333, 71.80464, 68.7006636667], "oribi": [69.14322, 64.6880766667, 62.200854, 69.4285866667], "disney-plus": [66.06934, 73.2182066667, 67.4475933333, 69.988843], "scorecardresearch": [71.678097, 68.52038, 68.5421166667, 68.7248726667], "vivense": [68.6382766667, 68.7076536667, 69.5803206667, 69.9050333333], "profitwell": [73.05389, 69.4341896667, 67.6098366667, 67.26849], "truepush": [70.336486, 71.49561, 73.76602, 73.6157233333], "motorsportnetwork": [61.3902166667, 64.0602466667, 57.1184, 61.8770533333], "atv": [], "sortext": [84.0860333333, 81.8038, 83.1518466667, 80.62186], "captcha-delivery": [65.3395533333, 81.93849, 66.69341, 65.9589866667], "riotgames": [], "amazon-adsystem": [71.6226866667], "gofun-arena": [71.82194, 73.0453066667, 73.05389, 67.4475933333], "chartbeat": [71.6638333333], "site24x7rum": [86.0013696667, 86.4143733333, 89.1264633333, 85.32484], "telerik": [69.7989133333, 69.40985, 66.5853466667, 69.7520533333], "dynamicyield": [85.3907833333, 83.312503, 81.4932533333, 80.2368166667], "dopingtech": [70.7186326667, 75.1951366667, 71.80464, 74.2119836667], "adsrvr": [86.9766393333], "a2z": [], "ahaber": [22.1219166667], "imrworldwide": [61.518763, 69.939249, 86.57504, 84.3679466667], "intergi": [73.0887, 68.87359, 72.9499366667, 68.6063903333], "arcgisonline": [], "durationmedia": [69.83123, 69.7018866667, 67.3485696667, 68.4594496667], "opecloud": [71.8179233333, 73.05389, 69.8012763333, 69.9050333333], "segment": [68.4145133333], "optinly": [68.6581666667, 67.4953433333, 69.8494533333, 69.433706], "persona": [74.1031133333, 68.35359, 71.6909473333, 76.091417], "trackingplan": [], "luckyorange": [85.3907833333, 85.5138793333, 89.1264633333, 84.5810436667], "usizy": [68.9065563333, 69.2720363333, 68.8090233333, 68.39495], "supsis": [69.9035866667, 67.80532, 71.3069696667, 73.0788363333], "uidapi": [84.086037], "clickcease": [74.3965833333, 75.5962633333, 72.8197633333, 72.2348633333], "yeniasir": [], "springserve": [87.6663666667, 87.7129766667, 85.4812993333, 86.65885], "bynogame": [72.6972066667, 73.77858, 75.3418733333, 69.7454996667], "cronitor": [64.47046, 66.7649433333, 84.0437176667, 71.2464033333], "zuimeitianqi": [65.1385133333, 66.3131733333, 64.6462766667, 82.0509696667], "enthusiastgaming": [70.38369, 73.9060366667, 73.3173963333, 71.9689166667], "geoedge": [82.8548236667, 84.6376, 85.4252766667, 89.64046], "abtasty": [66.7142933333, 66.6712496667, 78.0486466667, 79.4278666667], "polarbyte": [69.46298, 73.05389, 69.4252, 71.3069696667], "963bets10": [], "idefix": [66.7600963333, 67.6904436667, 67.4850333333, 71.2607033333], "a101": []}