{"msftauth": [57.1228733333], "revotas": [58.3405933333], "msecnd": [51.73082, 56.8447966667], "jwplayer": [], "twimg": [51.5011933333], "mindbehind": [58.3405933333], "linkedin": [20.1727533333, 17.3698966667, 22.2653666667, 17.395883, 22.2512436667, 22.23464, 17.3503733333, 17.9869963333, 22.2497436667], "licdn": [18.4796533333, 17.3503733333], "yotpo": [57.6321733333], "cookieinformation": [58.3405933333], "twitter": [], "cms-twdigitalassets": [54.6075033333]}