{"msftauth": [57.1228733333], "revotas": [58.3405933333], "msecnd": [51.73082, 56.8447966667], "jwplayer": [51.9612636667], "twimg": [52.847897, 50.9026233333, 57.0770733333], "mindbehind": [58.3405933333], "linkedin": [109.227137, 108.6942666667], "licdn": [109.227137, 108.6942666667], "yotpo": [57.6321733333], "cookieinformation": [58.3405933333], "twitter": [101.4206066667], "cms-twdigitalassets": [54.6075033333]}