{"msftauth": [57.1228733333], "revotas": [58.3405933333], "msecnd": [51.73082, 56.8447966667], "jwplayer": [51.9612636667], "twimg": [51.5011933333, 63.6779033333, 52.847897], "mindbehind": [58.3405933333], "linkedin": [75.0703133333, 75.7441733333], "licdn": [75.0703133333, 75.7441733333], "yotpo": [57.6321733333], "cookieinformation": [58.3405933333], "twitter": [56.1221866667], "cms-twdigitalassets": [54.6075033333]}