{"facebook": [63.61388, 65.8457273333, 66.0373233333], "fbcdn": [61.973857, 65.347794, 63.61388, 57.63293, 54.056383], "whatsapp": [67.1796633333, 63.02144], "instagram": [65.05268, 69.2336993333], "cdninstagram": [69.2336993333], "fbsbx": [63.61388]}