{"facebook": [26.7944833333, 26.86132, 25.8922836667], "fbcdn": [61.973857, 65.347794, 57.63293, 26.86132, 54.056383], "whatsapp": [30.4926233333], "instagram": [26.4224933333, 25.0991036667], "cdninstagram": [26.4224933333], "fbsbx": [26.86132]}