{"vimeocdn": [61.0683233333, 58.8973766667], "sentry-cdn": [53.4396836667, 52.488814, 53.77396, 57.619153], "pinterest": [66.0340443333, 75.3006766667], "taboola": [53.19338, 53.2033036667, 54.39526, 63.19445, 54.2277103333], "klaviyo": [53.4677533333, 53.6849433333, 57.4973333333, 57.621, 63.347209], "reddit": [62.7792866667, 55.5779366667, 54.5072733333, 53.1592433333, 54.1983366667], "cloudinary": [62.8516966667], "twitchcdn": [61.8758866667], "github": [52.7353366667, 139.05808, 52.2882333333, 56.516803, 60.4856866667, 60.3737733333], "speedtest": [64.5754466667, 57.6390933333, 53.47335, 53.4191266667, 66.7381433333, 57.597457], "scdn": [61.77379], "everesttech": [66.0799933333], "w-x": [53.4677533333, 57.621, 53.6849433333, 57.4973333333], "disqus": [57.688097, 55.5645566667], "redd": [62.7792866667], "redditmedia": [62.7792866667, 55.5779366667, 54.5072733333, 53.1592433333, 54.1983366667], "ssl-images-amazon": [69.0077726667], "ads-twitter": [52.5992533333], "zencdn": [62.1753763333], "jsdelivr": [59.9873466667], "ispot": [64.5281766667], "spotifycdn": [57.03501], "etsy": [57.6333133333, 53.6748363333, 53.4634066667, 57.8722166667], "polyfill": [54.3875366667, 55.37494, 54.34322, 53.2679166667], "ebayimg": [54.1365366667, 55.3479496667, 54.14582, 54.584363], "newrelic": [62.98397], "euronews": [53.4677533333, 53.6849433333, 57.621, 63.347209, 57.4973333333], "githubassets": [53.45916, 60.51178, 58.60618, 53.294657], "globalsign": [19.1172666667, 18.1288133333], "ebaystatic": [79.8560333333], "mit": [53.4677533333, 57.621, 53.6849433333, 57.4973333333], "adnxs": [54.345387, 59.457725, 54.4080366667, 55.0385866667], "tripadvisor": [53.70988, 53.46352, 63.0645503333, 53.38473, 57.3976733333], "innogamescdn": [63.3677633333, 53.4171466667, 57.3521333333, 51.7706466667, 52.43592], "datas3ntinel": [64.5281766667], "stackoverflow": [54.2211933333, 57.4402166667, 55.6766266667, 52.26899], "twimg": [51.5011933333, 59.3830866667], "perfectmarket": [63.19445], "redditstatic": [], "twitch": [53.4817733333, 50.5907726667, 52.391957, 61.8758866667, 53.5820566667], "tacdn": [57.3612366667, 54.49721, 50.5383896667, 51.7776166667], "imgix": [62.9109766667], "cdnst": [61.9472866667], "wistia": [63.0134836667], "etsystatic": [76.8997966667, 75.710577], "boltdns": [57.6674933333, 54.4547466667, 53.5641066667, 57.6498266667], "decathlon": [49.57995, 52.4893866667], "speedtestcustom": [57.6390933333, 61.9472866667, 53.47335, 53.4191266667, 57.597457], "hubvisor": [64.5281766667], "githubusercontent": [56.5406066667, 54.6562126667, 53.67186, 51.368457], "sstatic": [54.2211933333, 57.4402166667, 52.26899, 55.6766266667], "media-amazon": [55.3239606667, 55.2803733333, 54.3051166667, 54.2663433333], "speedcurve": [62.1753763333], "chartbeat": [62.0394033333], "jwpcdn": [55.41408, 55.23354, 54.3559533333, 54.3406266667], "jwpsrv": [55.41408, 55.23354, 54.3559533333, 54.3406266667], "bbc": [53.6749466667, 57.4132333333, 53.3968563333, 57.6988466667], "yottaa": [53.4677533333, 57.621, 53.6849433333, 57.4973333333], "prismic": [62.9109766667], "paypal": [80.86196, 86.68584], "jwpltx": [55.41408, 55.23354, 54.3559533333, 54.3406266667]}