{"googlesyndication": [25.7219333333, 25.3942266667, 24.5532633333, 24.10476], "spotify": [31.6772833333, 24.71054, 26.8216133333], "instana": [26.9476666667, 24.2627266667], "recaptcha": [25.3748866667], "google": [58.1183363333, 26.0230866667, 144.3409766667, 24.76369, 27.5551896667, 29.6252436667, 26.4867766667, 26.7825533333, 24.585414, 58.3852333333, 22.548, 62.03467, 25.9194903333, 31.6334166667, 29.6698133333, 146.3621733333, 29.6267666667, 59.8074133333, 23.5602033333, 58.0557833333, 27.36926, 26.0521466667, 24.8644133333, 145.37372, 31.56916, 23.581331, 25.5517466667, 145.0181133333, 146.37254, 145.0139566667, 23.3849236667, 25.2866066667, 26.7361833333, 58.4186133333, 27.09766, 27.7603766667], "jotform": [26.17943], "doubleclick": [27.0008833333, 25.20708, 59.0352233333, 58.92199, 23.9359166667, 25.63246, 25.0858696667, 25.49634, 63.7019363333, 25.3925696667, 24.9557833333, 58.0098533333], "openxcdn": [29.61896], "google-analytics": [25.3541933333, 25.98557, 32.5978833333, 24.4922933333], "alo-tech": [27.31066, 28.06337], "googleapis": [26.7339133333, 25.8078766667, 23.28214, 24.7527733333, 24.919757, 25.2744333333, 24.5327366667, 30.5828166667, 24.89671, 25.0140533333, 25.4750896667, 25.5412, 24.46784, 29.81699, 29.8213066667, 23.57559, 23.4716433333, 29.6492166667, 25.3501866667, 23.6218593333, 27.0210366667, 26.57143, 24.0342166667, 24.5748436667, 29.4968033333, 28.1393466667, 29.7002733333, 25.0082766667, 32.2735366667, 27.1119633333, 28.7761933333, 24.0812633333, 27.17702, 24.8430266667, 31.7862866667, 24.52719, 24.53274, 26.83981, 23.4989466667], "googleusercontent": [25.41035, 22.5796966667, 27.94323, 27.5151233333], "withgoogle": [26.700817], "appspot": [24.966437, 28.58216, 24.1936333333, 29.7929933333, 27.129763], "2mdn": [25.5844966667], "gstatic": [22.5508933333, 23.99438, 25.538457, 25.7556933333, 25.48257, 25.32444, 51.78345, 25.7073233333], "dominos": [29.6931266667, 24.6618633333, 31.82109, 29.5900066667], "nativendo": [25.4474133333], "sefamerve": [27.943743, 24.6618633333], "googlevideo": [64.044894, 62.5141, 57.9168033333, 63.40789, 69.0201733333, 51.6128333333], "ampproject": [24.945837], "openx": [26.9006, 28.7033433333, 25.5607533333, 25.2995033333, 23.7190903333, 31.661523], "bluecore": [25.29346], "abtasty": [25.38438, 26.5943333333], "brand-display": [25.6223303333], "cookiespool": [24.1406563333], "exitbee": [66.46725], "tfla": [25.29346], "googletagservices": [], "captcha-delivery": [25.3102633333], "bugsnag": [26.8929833333], "rlcdn": [25.409147, 24.4618433333], "viralize": [24.4804036667], "admedo": [65.2090366667], "scorenga": [28.6211833333], "archonunity": [167.47773], "cookieseal": [24.63906], "lcwaikiki": [29.6931266667, 24.6618633333, 29.5900066667], "mookie1": [31.4786836667], "motorsport": [29.6931266667, 24.6618633333, 31.82109, 29.5900066667], "appmate": [26.7820133333], "pippio": [26.7754733333], "luckyorange": [25.4217436667], "flo": [29.6931266667, 24.6618633333, 31.82109, 29.5900066667], "adhaven": [25.1231133333, 26.0537166667], "bc0a": [27.35663, 23.6472193333], "sentry": [140.2458833333, 163.5276866667, 26.6708933333], "bitmovin": [25.6550836667, 28.9007133333], "cloudfunctions": [23.5049466667], "playground": [23.5077163333], "b0e8": [25.8932993333, 26.9006733333], "boyner": [23.5103], "33across": [23.47787, 29.78838], "run": [24.7379636667, 25.5966633333, 23.5620466667, 26.01679], "snapchat": [26.839263], "dopinghafiza": [27.943743], "oremark": [26.6800333333], "sozcu": [20.1427976667, 20.2502763333, 25.3927763333, 19.1599696667], "sporx": [64.5487133333], "ytimg": [29.69564, 30.3832866667, 24.6394933333, 25.4514966667, 23.73856, 29.5520933333, 29.5655733333, 24.6011533333, 25.2643503333, 30.4190333333, 22.548, 23.5071366667, 25.5540833333, 24.0180033333, 24.8644133333, 25.0276466667, 25.41035, 25.737163, 24.9456566667], "chess": [26.4102966667], "loopme": [58.280743], "permutive": [25.6283833333], "gitberry": [62.1032636667], "poltio": [25.37148, 24.9152366667], "youtube": [23.51574, 25.37697, 26.7132366667, 23.381177, 27.01998, 24.02682, 26.4867766667, 22.548, 24.26562, 25.5540833333, 23.5602033333, 27.29739, 27.36926, 26.0521466667, 24.8644133333, 31.56916, 23.581331, 25.2765466667, 25.4874666667, 23.3849236667, 27.7603766667], "pghub": [27.0150733333], "sgmntfy": [28.8591466667], "n11": [23.9607766667], "mixpanel": [25.0901633333, 25.7536273333, 26.1823266667, 23.44336], "smartclip": [27.1249066667], "googleadservices": [26.7690433333, 30.61844], "hyundai": [], "ivitrack": [25.5004733333], "bidence": [24.9634266667], "freepik": [27.2431733333], "ml314": [25.78773], "segmentify": [28.6702636667, 28.6606703333], "googletagmanager": [28.78204], "appconsent": [24.6549733333], "vimeo": [24.1519533333], "px-cloud": [23.5057366667], "rtbhouse": [25.80194], "arcelik": [23.5103], "lqm": [25.2916], "btloader": [23.5970766667], "vimeocdn": [24.1519533333], "yieldoptimizer": [30.5213503333], "cbot": [154.6412966667, 149.1302033333], "avads": [58.33408], "media": [25.31014], "mxpnl": [24.5376236667, 22.6118836667], "udmserve": [25.4039873333], "4dex": [26.5996933333], "shopifysvc": [30.5798433333], "parchedsofa": [25.0188496667], "ctnsnet": [25.2660566667], "datadome": [25.9724703333], "livescore": [26.7540466667], "creativecdn": [25.0217566667, 25.4155833333], "googleoptimize": [24.8644133333], "prmutv": [25.4077266667], "vodafone": [25.0768566667], "a101": [23.5103], "wonderpush": [29.6931266667, 24.6618633333, 31.82109, 29.5900066667], "blismedia": [24.7928266667], "beymen": [24.7828806667], "perfdrive": [29.6255133333], "flashscore": [25.4926566667], "quantummetric": [], "poki": [30.5860366667], "optimove": [27.4059933333], "tapad": [26.9800273333, 25.4019566667], "rakuten": [23.5950233333, 23.6272903333], "mediamarkt": [23.5103], "ggpht": [23.476597], "simpli": [60.956303, 61.6811636667, 64.5862566667], "bit": [26.4282133333, 30.4656466667], "company-target": [27.0748766667], "blogspot": [23.476597], "solvvy": [28.68432], "hexagon-analytics": [24.990977], "seedtag": [26.76465], "livesport": [32.35847], "emarsys": [23.4096833333], "morhipo": [23.5103], "y-track": [58.00021], "grumpydime": [32.4435963333], "px-client": [23.5057366667], "sift": [30.66277], "digitaleast": [26.8842236667], "decathlon": [25.9644496667]}