{"googlesyndication": [400.8774766667, 404.0114033333, 404.94802, 407.14562, 408.9228726667], "spotify": [31.6772833333, 24.71054, 26.8216133333], "instana": [26.9476666667, 24.2627266667], "recaptcha": [409.9477233333], "google": [407.4638, 346.33496, 405.3067033333, 406.1033566667, 406.5662956667, 409.9573633333, 412.3289066667, 405.53326, 352.037986, 403.470374, 346.9549033333, 405.87377, 410.79381, 405.65646, 31.6334166667, 404.9267333333, 407.37978, 347.6774466667, 406.4168333333, 29.6267666667, 403.6303366667, 411.69974, 406.61418, 411.532643, 405.6935296667, 347.2400933333, 410.572723, 345.8838166667, 25.5517466667, 25.2866066667, 404.71715, 404.8651866667, 406.346006], "jotform": [26.17943], "doubleclick": [347.5008466667, 403.6114496667, 408.1163566667, 404.94802, 408.7365733333, 408.1442563333, 353.3728103333, 345.8869833333, 404.6449633333, 404.46456, 406.0698033333, 404.8651866667, 403.9143133333, 348.5758533333], "openxcdn": [29.61896], "google-analytics": [402.4991966667, 25.98557, 32.5978833333, 407.6762333333], "alo-tech": [27.31066, 28.06337], "googleapis": [348.75028, 409.8724266667, 409.0864266667, 411.9314933333, 409.000374, 409.3769166667, 404.8169266667, 411.24056, 409.0763866667, 405.848477, 406.21306, 402.5829133333, 405.4814133333, 410.6400133333, 403.43353, 540.85957, 408.31451, 405.8309133333, 409.37495, 403.9814466667, 406.1395666667, 408.4119, 406.33826, 409.514303, 407.85268, 408.2743163333, 403.67435, 408.770343, 405.9203033333, 409.7043266667, 403.8210733333, 404.13733, 407.7193606667, 407.23599, 408.98958, 409.466153, 407.6463673333, 533.0139533333, 405.5268833333, 536.00049, 409.743517, 414.0404903333, 410.01964, 404.9916, 406.8278333333, 406.8531703333, 407.2807166667, 407.346246], "googleusercontent": [27.5151233333, 405.2982466667, 411.0090533333], "withgoogle": [407.8803366667], "appspot": [406.62953, 403.47887, 414.1651266667, 405.2315333333, 407.4957733333], "2mdn": [408.7365733333], "gstatic": [407.5310866667, 24.06718, 408.5362696667, 407.7825333333, 409.9477233333, 406.7034296667, 408.452034, 405.93326], "dominos": [29.6931266667, 24.6618633333, 31.82109, 29.5900066667], "nativendo": [25.4474133333], "sefamerve": [27.943743, 24.6618633333], "googlevideo": [64.044894, 62.5141, 57.9168033333, 63.40789, 69.0201733333, 51.6128333333], "ampproject": [406.2336993333, 408.7682833333, 409.4279903333], "openx": [26.9006, 28.7033433333, 25.5607533333, 25.2995033333, 23.7190903333, 31.661523], "bluecore": [403.6148833333], "abtasty": [25.38438, 26.5943333333], "brand-display": [25.6223303333], "cookiespool": [24.1406563333], "exitbee": [66.46725], "tfla": [403.6148833333, 410.7439833333], "googletagservices": [], "captcha-delivery": [], "bugsnag": [26.8929833333], "rlcdn": [25.409147, 24.4618433333], "viralize": [24.4804036667], "admedo": [274.306723], "scorenga": [28.6211833333], "archonunity": [167.47773], "cookieseal": [24.63906], "lcwaikiki": [29.6931266667, 24.6618633333, 29.5900066667], "mookie1": [31.4786836667], "motorsport": [29.6931266667, 24.6618633333, 31.82109, 29.5900066667], "appmate": [26.7820133333], "pippio": [26.7754733333], "luckyorange": [25.4217436667], "flo": [29.6931266667, 24.6618633333, 31.82109, 29.5900066667], "adhaven": [25.1231133333, 26.0537166667], "bc0a": [27.35663, 23.6472193333], "sentry": [140.2458833333, 163.5276866667, 26.6708933333], "bitmovin": [25.6550836667, 28.9007133333], "cloudfunctions": [23.5049466667], "playground": [23.5077163333], "b0e8": [25.8932993333, 26.9006733333], "boyner": [23.5103], "33across": [23.47787, 29.78838], "run": [24.7379636667, 25.5966633333, 23.5620466667, 26.01679], "snapchat": [26.839263], "dopinghafiza": [27.943743], "oremark": [26.6800333333], "sozcu": [20.1427976667, 19.1599696667, 20.2502763333, 25.3927763333], "sporx": [64.5487133333], "ytimg": [403.744291, 408.3096266667, 407.3119333333, 403.2613833333, 403.6880326667, 405.2982466667, 406.3870466667, 403.6132166667, 406.2578933333, 407.0178866667, 412.5911833333, 407.51301, 533.9152033333, 407.7902933333, 407.36061, 406.1167133333, 405.904126, 405.825117, 406.346006], "chess": [26.4102966667], "loopme": [58.280743], "permutive": [25.6283833333], "gitberry": [62.1032636667], "poltio": [25.37148, 24.9152366667], "youtube": [408.5590566667, 403.744291, 410.9790033333, 411.5777666667, 406.1033566667, 406.3781133333, 408.5013966667, 412.3289066667, 409.9573633333, 405.4470333333, 404.7765966667, 412.5823733333, 404.4579566667, 404.5765903333, 406.8682466667, 534.1502836667, 404.9267333333, 407.37978, 406.34712, 412.2407566667, 406.1167133333, 348.79376, 403.6303366667, 411.69974, 411.532643, 405.6935296667, 410.572723, 403.0311566667, 404.2915533333, 406.346006], "pghub": [27.0150733333], "sgmntfy": [28.8591466667], "n11": [], "mixpanel": [25.0901633333, 25.7536273333, 26.1823266667, 23.44336], "smartclip": [27.1249066667], "googleadservices": [403.9143133333, 407.14562], "hyundai": [], "ivitrack": [25.5004733333], "bidence": [24.9634266667], "freepik": [27.2431733333], "ml314": [25.78773], "segmentify": [28.6702636667, 28.6606703333], "googletagmanager": [406.70754], "appconsent": [24.6549733333], "vimeo": [24.1519533333], "px-cloud": [23.5057366667], "rtbhouse": [25.80194], "arcelik": [23.5103], "lqm": [25.2916], "btloader": [], "vimeocdn": [24.1519533333], "yieldoptimizer": [25.4014933333], "cbot": [154.6412966667, 149.1302033333], "avads": [58.33408], "media": [25.31014], "mxpnl": [24.5376236667, 22.6118836667], "udmserve": [25.4039873333], "4dex": [26.5996933333], "shopifysvc": [27.1895503333], "parchedsofa": [25.0188496667], "ctnsnet": [25.2660566667], "datadome": [], "livescore": [26.7540466667], "creativecdn": [25.0217566667, 25.4155833333], "googleoptimize": [405.8371696667], "prmutv": [25.4077266667], "vodafone": [25.0768566667], "a101": [23.5103], "wonderpush": [29.6931266667, 24.6618633333, 31.82109, 29.5900066667], "blismedia": [24.7928266667], "beymen": [24.7828806667], "perfdrive": [29.6255133333], "flashscore": [25.4926566667], "quantummetric": [], "poki": [30.5860366667], "optimove": [27.4059933333], "tapad": [26.9800273333, 25.4019566667], "rakuten": [23.5950233333, 23.6272903333], "mediamarkt": [23.5103], "ggpht": [408.1554933333], "simpli": [239.7516976667, 245.9824733333, 239.8812066667], "bit": [26.4282133333, 30.4656466667], "company-target": [27.0748766667], "blogspot": [408.34149], "solvvy": [28.68432], "hexagon-analytics": [24.990977], "seedtag": [26.76465], "livesport": [32.35847], "emarsys": [23.4096833333], "morhipo": [23.5103], "y-track": [58.00021], "grumpydime": [32.4435963333], "px-client": [23.5057366667], "sift": [30.66277], "digitaleast": [], "decathlon": [25.9644496667]}