{"googlesyndication": [249.5417166667, 282.66327, 280.9244423333, 283.8911196667, 283.8940366667], "spotify": [31.6772833333, 24.71054, 26.8216133333], "instana": [26.9476666667, 24.2627266667], "recaptcha": [279.7978133333], "google": [282.0058866667, 284.1030433333, 303.8290166667, 288.2087233333, 283.1146166667, 292.0840933333, 248.74972, 282.6580733333, 279.96101, 274.8991763333, 281.6863866667, 285.3550533333, 305.1242166667, 292.76289, 249.28956, 31.6334166667, 282.66327, 253.0115033333, 283.963674, 29.6267666667, 279.32584, 302.6160633333, 283.07148, 25.5517466667, 278.4964666667, 281.9227403333, 25.2866066667, 281.97507], "jotform": [26.17943], "doubleclick": [285.5698133333, 285.2839266667, 284.0791566667, 303.0806233333, 289.1732163333, 285.8024133333, 307.9681966667, 284.4797233333, 278.8263266667, 281.9923866667, 296.9048266667, 248.3103366667, 283.94832], "openxcdn": [29.61896], "google-analytics": [280.0406666667, 285.9981703333, 25.98557, 32.5978833333], "alo-tech": [27.31066, 28.06337], "googleapis": [280.1217433333, 282.00625, 283.8223466667, 282.45885, 282.0240233333, 285.0298103333, 281.4041966667, 285.4445333333, 282.4918566667, 279.24831, 279.650383, 295.4249406667, 282.8326896667, 288.3887733333, 283.35214, 278.08221, 299.9377366667, 283.5104533333, 283.0784533333, 292.708706, 282.1766166667, 288.2700366667, 283.6527633333, 285.2686733333, 281.22617, 292.17696, 286.32596, 286.1483466667, 282.3670766667, 300.3436933333, 281.0929866667], "googleusercontent": [27.5151233333, 283.8940366667, 285.2881466667, 285.1098766667], "withgoogle": [284.61704], "appspot": [279.1492436667, 303.6243633333, 289.1972, 279.0561633333], "2mdn": [282.5172333333], "gstatic": [24.06718, 279.7612963333, 285.3113766667, 279.5281733333, 278.79679, 284.2730103333, 281.0284566667, 278.2358533333, 280.0187266667], "dominos": [29.6931266667, 24.6618633333, 31.82109, 29.5900066667], "nativendo": [25.4474133333], "sefamerve": [27.943743, 24.6618633333], "googlevideo": [64.044894, 62.5141, 57.9168033333, 63.40789, 69.0201733333, 51.6128333333], "ampproject": [286.2701033333, 284.428386], "openx": [26.9006, 28.7033433333, 25.5607533333, 25.2995033333, 23.7190903333, 31.661523], "bluecore": [279.17119], "abtasty": [25.38438, 26.5943333333], "brand-display": [25.6223303333], "cookiespool": [24.1406563333], "exitbee": [66.46725], "tfla": [279.17119], "googletagservices": [], "captcha-delivery": [], "bugsnag": [26.8929833333], "rlcdn": [25.409147, 24.4618433333], "viralize": [24.4804036667], "admedo": [65.2090366667], "scorenga": [28.6211833333], "archonunity": [167.47773], "cookieseal": [24.63906], "lcwaikiki": [29.6931266667, 24.6618633333, 29.5900066667], "mookie1": [31.4786836667], "motorsport": [29.6931266667, 24.6618633333, 31.82109, 29.5900066667], "appmate": [26.7820133333], "pippio": [26.7754733333], "luckyorange": [25.4217436667], "flo": [29.6931266667, 24.6618633333, 31.82109, 29.5900066667], "adhaven": [25.1231133333, 26.0537166667], "bc0a": [27.35663, 23.6472193333], "sentry": [140.2458833333, 163.5276866667, 26.6708933333], "bitmovin": [25.6550836667, 28.9007133333], "cloudfunctions": [23.5049466667], "playground": [23.5077163333], "b0e8": [25.8932993333, 26.9006733333], "boyner": [23.5103], "33across": [23.47787, 29.78838], "run": [24.7379636667, 25.5966633333, 23.5620466667, 26.01679], "snapchat": [26.839263], "dopinghafiza": [27.943743], "oremark": [26.6800333333], "sozcu": [20.1427976667, 20.2502763333, 25.3927763333, 19.1599696667], "sporx": [64.5487133333], "ytimg": [280.6519896667, 279.5314366667, 287.9605273333, 282.44495, 283.8990033333, 288.2087233333, 288.14408, 287.05009, 279.9617966667, 283.963674, 285.1098766667, 282.0117126667, 285.5061063333, 285.4281066667], "chess": [26.4102966667], "loopme": [58.280743], "permutive": [25.6283833333], "gitberry": [62.1032636667], "poltio": [25.37148, 24.9152366667], "youtube": [292.76289, 282.0058866667, 305.1242166667, 287.9605273333, 283.869857, 288.2087233333, 278.4964666667, 281.9227403333, 292.0840933333, 279.40981, 283.963674, 278.7864233333, 281.97507, 283.7714563333, 282.6580733333], "pghub": [27.0150733333], "sgmntfy": [28.8591466667], "n11": [], "mixpanel": [25.0901633333, 25.7536273333, 26.1823266667, 23.44336], "smartclip": [27.1249066667], "googleadservices": [290.521857, 280.9244423333], "hyundai": [], "ivitrack": [25.5004733333], "bidence": [24.9634266667], "freepik": [27.2431733333], "ml314": [25.78773], "segmentify": [28.6702636667, 28.6606703333], "googletagmanager": [281.46255], "appconsent": [24.6549733333], "vimeo": [24.1519533333], "px-cloud": [23.5057366667], "rtbhouse": [25.80194], "arcelik": [23.5103], "lqm": [25.2916], "btloader": [23.5970766667], "vimeocdn": [24.1519533333], "yieldoptimizer": [26.2590133333], "cbot": [154.6412966667, 149.1302033333], "avads": [58.33408], "media": [25.31014], "mxpnl": [24.5376236667, 22.6118836667], "udmserve": [25.4039873333], "4dex": [26.5996933333], "shopifysvc": [27.1895503333], "parchedsofa": [25.0188496667], "ctnsnet": [25.2660566667], "datadome": [], "livescore": [26.7540466667], "creativecdn": [25.0217566667, 25.4155833333], "googleoptimize": [283.963674], "prmutv": [25.4077266667], "vodafone": [25.0768566667], "a101": [23.5103], "wonderpush": [29.6931266667, 24.6618633333, 31.82109, 29.5900066667], "blismedia": [24.7928266667], "beymen": [24.7828806667], "perfdrive": [29.6255133333], "flashscore": [25.4926566667], "quantummetric": [], "poki": [30.5860366667], "optimove": [27.4059933333], "tapad": [26.9800273333, 25.4019566667], "rakuten": [23.5950233333, 23.6272903333], "mediamarkt": [23.5103], "ggpht": [289.1455503333], "simpli": [162.2324296667, 161.8513563333, 166.70824], "bit": [26.4282133333, 30.4656466667], "company-target": [27.0748766667], "blogspot": [289.1455503333], "solvvy": [28.68432], "hexagon-analytics": [24.990977], "seedtag": [26.76465], "livesport": [32.35847], "emarsys": [23.4096833333], "morhipo": [23.5103], "y-track": [58.00021], "grumpydime": [32.4435963333], "px-client": [23.5057366667], "sift": [30.66277], "digitaleast": [26.8842236667], "decathlon": [25.9644496667]}