{"azure": [19.168866, 56.5443733333], "revotas": [198.6268726667], "dpeurasia": [188.11271, 191.7221866667], "azureedge": [22.7579266667, 18.3484433333, 19.168866, 56.5443733333], "cookieinformation": [198.6268726667], "dengage": [22.7579266667, 18.3484433333], "gfx": [19.168866, 56.5443733333], "aspnetcdn": [197.1462], "mindbehind": [198.6268726667], "turkiyeburslari": [19.168866, 56.5443733333], "visilabs": [22.7579266667, 18.3484433333], "openai": [19.168866, 56.5443733333], "relateddigital": [19.168866, 56.5443733333]}