{"azure": [55.1288833333, 20.56938], "revotas": [58.3405933333], "dpeurasia": [19.60429, 19.6483303333], "azureedge": [55.1288833333, 20.56938], "cookieinformation": [58.3405933333], "dengage": [55.1288833333, 20.56938], "gfx": [55.1288833333, 20.56938], "aspnetcdn": [51.73082], "mindbehind": [58.3405933333], "turkiyeburslari": [55.1288833333, 20.56938], "visilabs": [55.1288833333, 20.56938], "openai": [23.2348, 62.8096956667], "relateddigital": [55.1288833333, 20.56938]}