{"azure": [21.5418833333, 20.0691833333], "revotas": [58.3405933333], "dpeurasia": [110.8839466667, 108.949157], "azureedge": [21.5418833333, 20.0691833333], "cookieinformation": [58.3405933333], "dengage": [21.5418833333, 20.0691833333], "gfx": [21.5418833333, 20.0691833333], "aspnetcdn": [51.73082], "mindbehind": [58.3405933333], "turkiyeburslari": [21.5418833333, 20.0691833333], "visilabs": [21.5418833333, 20.0691833333], "openai": [21.5418833333, 20.0691833333], "relateddigital": [21.5418833333, 20.0691833333]}