{"azure": [17.74033, 21.2053033333], "revotas": [168.4542566667], "dpeurasia": [287.2162433333, 296.039023], "azureedge": [17.74033, 21.2053033333], "cookieinformation": [168.4542566667], "dengage": [17.74033, 21.2053033333], "gfx": [17.74033, 21.2053033333], "aspnetcdn": [172.3900933333], "mindbehind": [168.4542566667], "turkiyeburslari": [17.74033, 21.2053033333], "visilabs": [17.74033, 21.2053033333], "openai": [17.74033, 21.2053033333], "relateddigital": [17.74033, 21.2053033333]}