{"mouseflow": [53.5413666667], "servedby-buysellads": [53.5413666667], "empower": [53.5413666667], "dmca": [53.5413666667], "revcontent": [53.5413666667], "greeter": [50.5277966667, 50.6404], "adtng": [56.929423], "stackpathcdn": [], "buysellads": [53.5413666667], "pushalert": [53.5413666667], "jquery": [54.9039633333, 53.6291233333], "phncdn": [], "userzoom": [55.5001966667], "trafficjunky": [53.2171563333], "lkqd": [53.5413666667]}