Location     	  Internet Users	    DNS	  DNS-Adjusted	  Anycast	  Anycast-Adjusted	  Regional Anycast	  Regional Anycast-Adjusted	  Mixed Approach	  Mixed Approach-Adjusted
North America	             5.5	34.1256	      1.24338 	  31.7399	         1.15645  	           3.59917	                 0.131137  	         30.5353	                1.11256
South America	             4.1	35.1253	      0.947401	  33.0113	         0.890383 	           1.19153	                 0.0321379 	         30.6719	                0.827283
Asia         	            38.4	27.3084	      6.92382 	  41.5477	        10.5341   	           1.51631	                 0.384449  	         29.6276	                7.51185
Europe       	             7.5	25.4294	      1.25187 	  42.6286	         2.09857  	           2.50092	                 0.123118  	         29.4411	                1.44936
Oceania      	             0.4	40.61  	      0.116407	  26.7798	         0.0767632	           0.91023	                 0.00260914	         31.7   	                0.0908667
Africa       	             4.5	25.5144	      0.761613	  45.3155	         1.35268  	           1.27022	                 0.0379164 	         27.8999	                0.832821
World Total  	            66  	29.0377	     19.1649  	  39.5492	        26.1025   	           1.80131	                 1.18886   	         29.6118	               19.5438