Location     	  Internet Users	    DNS	  DNS-Adjusted	  Anycast	  Anycast-Adjusted	  Regional Anycast	  Regional Anycast-Adjusted	  Mixed Approach	  Mixed Approach-Adjusted
North America	             5.5	36.4401	      1.32771 	  23.26  	         0.847485 	          5.51627 	                 0.200987  	         34.7836	                 1.26735
South America	             4.1	27.4136	      0.739401	  35.1659	         0.948496 	          0.694181	                 0.0187235 	         36.7263	                 0.990584
Asia         	            38.4	25.4198	      6.445   	  43.3887	        11.0009   	          0.695873	                 0.176433  	         30.4956	                 7.73192
Europe       	             7.5	27.1765	      1.33788 	  40.0115	         1.96973  	          1.98611 	                 0.0977743 	         30.8259	                 1.51753
Oceania      	             0.4	35.4354	      0.101574	  27.8084	         0.0797116	          0.750751	                 0.00215199	         36.0054	                 0.103208
Africa       	             4.5	18.2034	      0.543379	  49.6515	         1.48211  	          1.26556 	                 0.0377775 	         30.8795	                 0.921765
World Total  	            66  	26.3861	     17.4148  	  39.7054	        26.2056   	          1.51754 	                 1.00158   	         32.391 	                21.3781