{"local": {"menulog": [4.389236, 4.7743053333], "dreamscape": [4.6593613333, 3.836014, 4.6114586667], "art19": [13.455764, 12.976653], "animelab": [3.9411666667, 4.3930413333, 4.5886246667, 3.9173473333], "nsw": [28.7681803333, 28.8374863333], "wiley": [], "zoominfo": [3.9819303333, 3.7977223333], "quoracdn": [4.0405416667, 3.6047496667], "iherb": [4.1609723333, 4.449514], "glassdoor": [4.171861, 4.4435413333, 5.2030696667, 4.9538193333], "seek": [4.7772223333, 4.0477223333, 5.0845556667, 5.1822363333], "ultimate-guitar": [257.256014], "myer": [3.9127083333, 4.4869306667, 3.9614863333, 4.2871246667], "tmr": [4.3735556667, 4.4130556667], "dropboxstatic": [4.369597, 4.4086666667], "bendigobank": [], "inside-graph": [4.132583, 4.4053473333], "aips-sol": [4.9697216667, 5.7773196667], "indeed": [4.3351943333, 4.217042], "qualtrics": [4.5628473333, 5.0595276667], "etoro": [4.2675], "crazyegg": [4.344792, 6.7115416667], "superhero": [], "dbs": [102.7396246667, 102.7533753333], "doubleverify": [4.5337916667, 4.4961386667], "wetransfer": [], "bunnings": [], "episerver": [4.0352083333, 4.3206663333], "selfwealth": [], "auth0": [3.9411666667, 4.3334583333, 4.37625, 4.6694306667], "vntsm": [4.701597, 5.017722, 4.9309303333], "pickles": [4.6190276667, 5.2007083333], "echo360": [28.6555276667, 28.479958], "proquest": [239.8619866667], "hellofresh": [4.3661386667, 3.838625], "rgstatic": [4.831028, 4.728903], "onesignal": [4.5550416667, 4.6857496667], "klaviyo": [3.8099166667, 4.1351946667], "truoptik": [4.53, 4.9272366667, 4.7597083333, 4.9789446667, 4.5130136667], "nr-data": [12.9719863333, 13.4293056667], "sydney": [], "officeworks": [], "pixabay": [4.3457223333, 3.946514], "quora": [4.0405416667, 3.6047496667], "ecosia": [4.5421246667, 3.9527916667], "fontawesome": [13.88725, 4.2127223333, 14.0524026667, 4.5198053333], "onetrust": [5.2722913333, 3.8361386667], "cdnppb": [4.1065276667, 4.049972], "linkt": [209.8918336667, 239.2165283333], "samsung": [], "curalate": [3.9041666667, 5.414458], "livejasmin": [94.9283193333], "worldometers": [204.0268476667], "opentok": [4.3173886667, 3.9104583333, 4.1526526667, 4.3628193333], "employmenthero": [3.9027776667, 4.365042, 4.710361, 4.280764, 3.9633053333, 4.662528, 4.8226113333], "ns1p": [], "u": [], "btcmarkets": [3.894111, 4.1048336667], "bitchute": [4.1923333333, 4.8760693333, 4.9153333333], "crunchyroll": [4.8393893333, 4.5539446667], "media6degrees": [4.328111, 4.1894443333], "jbhifi": [4.4409863333], "asx": [94.933514, 3.3920693333], "coingecko": [4.4256806667, 4.1166386667], "transport": [4.3812776667, 4.350403], "unisa": [24.799208], "xnxx-cdn": [154.02425, 151.511528], "cloudfront": [3.9915973333, 4.4597776667, 4.1986803333, 4.500236], "bcicdn": [4.334236, 4.5675], "box": [4.7507636667], "ebgames": [5.1550836667, 4.993125], "xvideos-cdn": [151.511528, 154.02425], "macquarie": [], "betfair": [4.023944, 4.335097], "deputy": [151.1609303333, 151.2455696667, 151.126639, 151.255458], "ig": [], "realestate": [4.47025, 4.31168, 4.371667, 4.3628193333], "okta": [], "cloudflare": [4.0471666667, 4.0772356667, 4.4864583333, 4.0687913333, 4.6180973333, 4.2719863333], "pexels": [4.4455136667, 4.3923053333], "workable": [4.841403, 4.673875], "ausopen": [4.648375, 3.6962636667], "udemy": [3.7968056667, 4.6003473333], "braze": [13.3432223333, 12.9871246667, 13.4149303333, 13.9709026667], "marketindex": [4.1052083333, 4.638639, 4.4798473333], "dropbox": [3.8763473333], "centrecom": [], "zopim": [4.9260976667, 4.6514723333, 4.6745416667, 4.4770276667, 4.5486246667], "vu": [4.8652773333, 14.8284306667, 4.852139], "edrolo": [4.2616803333, 4.541014, 4.6670556667], "ustatik": [4.0687913333, 4.2719863333], "bankwest": [], "upwork": [4.9852223333, 6.2955], "budgetdirect": [3.9196393333, 4.225111], "securitytrfx": [4.942111, 4.6691526667], "theiconic": [5.346472, 4.7333613333], "acu": [], "businessinsider": [4.6466803333, 4.855653, 4.6271666667], "zoho": [], "granify": [4.5727916667], "indexww": [6.6220413333, 5.0446943333], "crazydomains": [4.0220553333], "boxcdn": [4.781625, 4.3885696667], "shein": [], "quantummetric": [4.352806, 4.718986, 4.7460836667], "steamstatic": [4.293403, 4.9016946667], "bongacams": [4.994222, 4.6397363333], "deakin": [16.0635, 16.4097636667], "qut": [], "issuu": [], "researchgate": [4.758889, 4.8015693333], "latrobe": [15.8818476667], "1form": []}, "diff_metro": {"menulog": [4.389236, 4.7743053333], "dreamscape": [4.6593613333, 3.836014, 4.6114586667], "art19": [13.455764, 12.976653], "animelab": [3.9411666667, 4.5886246667, 4.3930413333, 3.9173473333], "nsw": [28.7681803333, 28.8374863333], "wiley": [], "zoominfo": [3.9819303333, 3.7977223333], "quoracdn": [4.0405416667, 3.6047496667], "iherb": [4.1609723333, 4.449514], "glassdoor": [4.171861, 4.4435413333, 5.2030696667, 4.9538193333], "seek": [4.7772223333, 4.0477223333, 5.0845556667, 5.1822363333], "ultimate-guitar": [257.256014], "myer": [3.9127083333, 4.4869306667, 3.9614863333, 4.2871246667], "tmr": [4.3735556667, 4.4130556667], "dropboxstatic": [4.369597, 4.4086666667], "bendigobank": [], "inside-graph": [4.132583, 4.4053473333], "aips-sol": [4.9697216667, 5.7773196667], "indeed": [4.3351943333, 4.217042], "qualtrics": [4.5628473333, 5.0595276667], "etoro": [3.3738193333], "crazyegg": [4.344792, 6.7115416667], "superhero": [], "dbs": [102.7396246667, 102.7533753333], "doubleverify": [4.5337916667, 4.4961386667], "wetransfer": [], "bunnings": [], "episerver": [4.0352083333, 4.3206663333], "selfwealth": [], "auth0": [15.4152636667, 14.2048333333, 13.0805976667, 14.9966803333], "vntsm": [4.701597, 5.017722, 4.9309303333], "pickles": [4.6190276667, 5.2007083333], "echo360": [28.6555276667, 28.479958], "proquest": [239.8619866667], "hellofresh": [4.3661386667, 3.838625], "rgstatic": [4.831028, 4.728903], "onesignal": [4.5550416667, 4.6857496667], "klaviyo": [3.8099166667, 4.1351946667], "truoptik": [4.53, 4.9272366667, 4.7597083333, 4.9789446667, 4.5130136667], "nr-data": [4.455639, 12.9719863333], "sydney": [], "officeworks": [], "pixabay": [4.3457223333, 3.946514], "quora": [4.0405416667, 3.6047496667], "ecosia": [4.5421246667, 3.9527916667], "fontawesome": [13.88725, 4.2127223333, 14.0524026667, 4.5198053333], "onetrust": [5.2722913333, 3.8361386667], "cdnppb": [4.049972, 4.1065276667], "linkt": [209.8918336667, 239.2165283333], "samsung": [], "curalate": [3.9041666667, 5.414458], "livejasmin": [94.9283193333], "worldometers": [204.0268476667], "opentok": [4.3173886667, 3.9104583333, 4.1526526667, 4.3628193333], "employmenthero": [3.9027776667, 4.365042, 4.710361, 4.280764, 3.9633053333, 4.662528, 4.8226113333], "ns1p": [], "u": [], "btcmarkets": [3.894111, 4.1048336667], "bitchute": [4.1923333333, 4.8760693333, 4.9153333333], "crunchyroll": [221.5357916667], "media6degrees": [4.328111, 4.1894443333], "jbhifi": [4.4409863333], "asx": [94.933514, 3.3920693333], "coingecko": [4.4256806667, 4.1166386667], "transport": [4.3735556667, 4.4130556667], "unisa": [24.799208], "xnxx-cdn": [154.02425, 151.511528], "cloudfront": [3.8165276667, 4.2449583333, 3.850222, 4.2899583333], "bcicdn": [4.334236, 4.5675], "box": [4.7507636667], "ebgames": [5.1550836667, 4.993125], "xvideos-cdn": [154.02425, 151.511528], "macquarie": [], "betfair": [4.023944, 4.335097], "deputy": [152.3203473333, 151.7208056667, 151.903764, 152.565903], "ig": [], "realestate": [4.47025, 4.31168, 4.371667, 4.3628193333], "okta": [], "cloudflare": [4.0471666667, 4.0772356667, 4.4864583333, 4.0687913333, 4.6180973333, 4.2719863333], "pexels": [4.3923053333, 4.4455136667], "workable": [4.841403, 4.673875], "ausopen": [4.648375, 3.6962636667], "udemy": [4.6003473333, 3.7968056667], "braze": [3.6339583333], "marketindex": [4.638639, 4.1052083333, 4.4798473333], "dropbox": [3.8763473333], "centrecom": [], "zopim": [4.9260976667, 4.6514723333, 4.6745416667, 4.4770276667, 4.5486246667], "vu": [4.8652773333, 14.8284306667, 4.852139], "edrolo": [4.2616803333, 4.541014, 4.6670556667],