{"snapchat": [0.1112246667, 3.9261343333, 2.6170453333], "permutive": [0.1112246667], "googleadservices": [0.1112246667], "doubleclick": [0.1112246667], "jobrapido": [328.305271, 2.5964313333], "googlesyndication": [0.1112246667], "firebaseio": [2.590617], "spotify": [2.6094346667, 3.378247], "livescore": [3.3717436667, 2.5699176667, 2.620575, 2.601442, 2.5810646667, 3.9524626667], "onclickgenius": [0.1112246667], "sentry": [2.5633123333, 208.9514953333], "blogspot": [328.298763, 329.8113896667], "drfrostmaths": [2.600368], "appspot": [329.2554206667, 328.0311003333], "smartyblogfeed": [329.3606913333], "segmentify": [0.1112246667], "google": [327.7050963333, 329.357067, 3.6595043333, 329.1934223333, 328.3883016667, 328.2595156667, 329.5690533333, 329.801646, 328.724975, 328.2601726667, 0.1112246667, 328.072021, 329.7932463333, 329.2372913333, 329.70931], "visualwebsiteoptimizer": [0.1112246667], "rtbhouse": [2.5700053333], "googleapis": [329.162698, 328.280061, 328.2926006667, 328.506677, 328.163806, 328.315156, 329.5690533333, 328.3798093333, 329.2265323333, 328.2601726667, 329.706999, 328.5313856667, 328.9274586667, 328.2007426667, 328.4357223333, 327.656881, 329.1523433333, 328.2450513333, 328.9786026667, 327.5034203333, 329.1093663333, 329.6134893333, 327.8964873333, 329.7075476667, 327.9101436667, 328.2400443333, 328.6946573333, 328.5211546667, 329.179804, 328.260302, 329.1229566667, 328.0601076667, 328.280854, 328.314625, 329.2953763333, 327.925811, 329.0276263333, 328.7381053333, 329.1614556667, 329.0006036667], "bc0a": [2.5568313333], "exitbee": [0.1112246667], "px-cloud": [0.1112246667, 2.5645923333], "prmutv": [2.609183], "cloudfunctions": [0.1112246667], "adbutter": [0.1112246667], "trackier": [2.5599533333], "blogblog": [328.4230803333], "google-analytics": [0.1112246667, 328.174128], "jumbo": [113.733763], "simpli": [0.1112246667], "gstatic": [328.360555, 329.3361123333, 112.9311893333, 0.1112246667, 328.2069916667], "impactcdn": [0.1112246667], "sgmntfy": [0.1112246667], "noon": [2.5897743333, 3.9343326667], "rlcdn": [0.1112246667], "googleoptimize": [0.1112246667], "bayut": [328.305271], "openx": [0.1112246667, 3.368422, 2.5744433333], "youtube": [329.6848296667, 328.724975, 329.2372913333, 329.70931, 327.925373, 328.2255153333, 328.3328273333, 328.863522, 329.3624076667, 329.6230896667, 328.5136103333, 327.81081, 329.3315783333, 328.3883016667, 328.701052, 329.801646, 329.7932463333, 328.507665], "poki": [3.8747076667], "pippio": [0.1112246667], "sojern": [0.1112246667], "creativecdn": [0.1112246667], "pub": [2.597274, 3.3420563333], "fullstory": [0.1112246667], "bathandbodyworks": [2.5584943333, 2.566747, 3.8994223333, 3.3891413333], "wixmp": [3.934211], "affinity": [0.1112246667], "myshowpm": [2.566747, 2.5584943333, 3.8994223333, 3.3891413333], "cleartrip": [3.6658076667], "freepik": [3.3798866667], "live-kooora": [329.3606913333], "withgoogle": [328.1194623333], "ampproject": [329.641208], "flashscore": [3.3555026667, 3.862642], "epicsports": [2.566747, 2.5584943333, 3.8994223333, 3.3891413333], "mxpnl": [0.1112246667], "loopme": [0.1112246667], "mawdoo3": [0.1112246667], "googleusercontent": [329.9164683333, 2.5416253333, 328.649363], "optimise": [2.5580156667], "px-client": [2.5645923333], "perfdrive": [0.1112246667, 2.536623], "photo-motion": [3.8499023333], "instana": [0.1112246667], "kampyle": [0.1112246667], "tenpix": [329.3606913333], "vimeo": [0.1112246667], "exponea": [0.1112246667], "mixpanel": [0.1112246667], "blogger": [328.038724], "storefrontcloud": [113.733763], "blooket": [3.3648636667, 2.5861883333, 3.6709303333], "digitaleast": [2.563258], "wetransfer": [2.5584943333, 2.566747, 3.8994223333, 3.3891413333], "emarsys": [2.612037], "quantummetric": [], "ipinfo": [2.577688], "indiamart": [2.618152], "o-s": [0.1112246667, 2.5093926667], "to2": [2.5773873333], "shopifysvc": [0.1112246667], "emaratalyoum": [0.1112246667], "ctnsnet": [0.1112246667], "volatilevessel": [0.1112246667], "americaneagle": [2.566747, 2.5584943333, 3.8994223333, 3.3891413333], "uae-study": [2.5584943333, 2.566747, 3.8994223333, 3.3891413333, 272.6815503333], "pendo": [0.1112246667], "apxor": [3.4012723333], "tapad": [0.1112246667], "ytimg": [328.3063096667, 329.7479625, 328.649363, 329.433617, 329.2475443333, 328.255447, 329.640362, 328.196343, 328.104896, 328.1515046667, 328.4590743333, 329.2197396667, 328.3642263333, 329.2312333333, 329.7527676667, 329.2603543333], "openxcdn": [0.1112246667], "iherb": [2.5584943333, 2.566747, 3.8994223333, 3.3891413333], "nooncdn": [3.8379633333], "pdst": [2.552686], "brightcove": [0.1112246667], "dh-vt-prd": [112.154992], "parastorage": [282.1884563333, 279.549606, 286.934411, 279.6469143333], "nextdirect": [0.1112246667], "linkonclick": [0.1112246667]}