{"snapchat": [3.9261343333, 2.6170453333], "permutive": [2.6154676667], "googleadservices": [112.9130133333, 112.7962786667], "doubleclick": [113.3930566667, 112.4283476667, 112.0332516667, 112.1414586667, 112.738409, 113.2482493333, 113.657966, 112.234709, 112.088096, 113.4034913333, 112.004079, 111.939322, 112.345873, 112.742061, 113.058785, 113.3275633333, 113.003505, 113.280171, 113.3741543333, 113.9157223333, 114.0126013333, 113.2965906667, 112.7746716667, 112.8856166667, 113.166387, 111.9286513333, 113.637811, 113.3266603333, 112.1234886667], "jobrapido": [2.5964313333, 113.0587873333], "googlesyndication": [111.9511873333, 112.7853566667, 113.3091313333, 112.099372, 112.0155, 111.784747, 111.8824783333, 111.9590473333, 113.2651343333], "firebaseio": [2.590617], "spotify": [2.6094346667, 3.378247], "livescore": [3.3717436667, 2.5699176667, 2.620575, 2.601442, 2.5810646667, 3.9524626667], "onclickgenius": [2.5762196667], "sentry": [2.5633123333, 208.9514953333], "blogspot": [111.970043, 112.1101523333], "drfrostmaths": [2.600368], "appspot": [111.9187003333, 112.9958316667], "smartyblogfeed": [111.8834986667], "segmentify": [3.6085316667], "google": [111.7773706667, 112.7053186667, 112.9795066667, 112.9130133333, 111.9543633333, 112.0960273333, 112.0964386667, 112.0538233333, 113.317315, 111.957731, 111.8407256667, 112.663667, 111.8395966667, 111.9684223333, 113.263006, 112.7727236667, 113.0042993333, 112.7413166667, 112.0624593333, 113.307124, 113.2579736667, 113.306878, 111.836357, 111.8637143333], "visualwebsiteoptimizer": [3.888225], "rtbhouse": [2.5700053333], "googleapis": [112.6121896667, 112.769605, 113.1291083333, 112.6628653333, 112.786415, 111.8200023333, 111.896183, 112.757464, 112.9418273333, 111.9892043333, 111.9726876667, 112.0944493333, 111.8801363333, 111.9735826667, 112.0544993333, 112.0230013333, 113.1752173333, 112.7902063333, 112.7964383333, 111.918283, 112.787956, 111.896981, 111.9868983333, 113.0734663333, 113.0637423333, 113.1445353333, 113.2580743333, 113.014722, 113.0110536667, 113.3089576667, 111.9589583333, 111.8442933333, 113.306878, 111.946261, 112.94414, 113.297562, 111.79509, 111.976337], "bc0a": [2.5568313333], "exitbee": [113.0152836667], "px-cloud": [2.5645923333], "prmutv": [2.609183], "cloudfunctions": [3.3717393333], "adbutter": [3.6195416667], "trackier": [2.5599533333], "blogblog": [111.9794363333], "google-analytics": [112.8825493333, 111.817534], "jumbo": [113.733763], "simpli": [119.2519903333, 118.9579606667, 119.367519], "gstatic": [112.1087156667, 2.5846886667, 112.946518, 111.9631116667], "impactcdn": [2.5601773333], "sgmntfy": [3.6598296667], "noon": [2.5897743333, 3.9343326667], "rlcdn": [2.5436376667, 3.6626516667], "googleoptimize": [112.8236983333], "bayut": [111.8554316667], "openx": [3.6457536667, 3.3901743333, 3.368422, 2.5744433333], "youtube": [111.7773706667, 112.9306596667, 112.8236983333, 113.3042223333, 111.9543633333, 112.0538233333, 111.9186416667, 113.317315, 112.663667, 111.9769113333, 111.9631116667, 111.837432, 113.263006, 112.7727236667, 111.9254996667, 112.0122393333, 113.3186733333, 112.0624593333, 113.2579736667, 111.932395, 111.836357, 111.8637143333], "poki": [3.8747076667], "pippio": [3.360705], "sojern": [2.5952096667], "creativecdn": [3.6473826667], "pub": [2.597274, 3.3420563333], "fullstory": [2.557573, 3.387894], "bathandbodyworks": [2.5584943333, 2.566747, 3.8994223333, 3.3891413333], "wixmp": [3.934211], "affinity": [247.943073], "myshowpm": [2.5584943333, 2.566747, 3.8994223333, 3.3891413333], "cleartrip": [3.6658076667], "freepik": [3.3798866667], "live-kooora": [113.0587873333], "withgoogle": [113.2368023333], "ampproject": [113.2903936667, 111.9492466667], "flashscore": [3.3555026667, 3.862642], "epicsports": [2.5584943333, 2.566747, 3.8994223333, 3.3891413333], "mxpnl": [3.6277736667, 3.6098216667], "loopme": [135.846347], "mawdoo3": [2.5820616667], "googleusercontent": [111.970043, 111.955703, 112.7472253333, 2.5416253333], "optimise": [2.5580156667], "px-client": [2.5645923333], "perfdrive": [3.6196686667, 2.536623], "photo-motion": [3.8499023333], "instana": [2.5830843333], "kampyle": [2.667179], "tenpix": [111.8834986667], "vimeo": [3.416433], "exponea": [3.648299], "mixpanel": [3.610063, 3.6336946667, 2.5716776667, 2.5971026667], "blogger": [112.7046906667], "storefrontcloud": [113.733763], "blooket": [3.3648636667, 2.5861883333, 3.6709303333], "digitaleast": [2.563258], "wetransfer": [2.5584943333, 2.566747, 3.8994223333, 3.3891413333], "emarsys": [2.612037], "quantummetric": [], "ipinfo": [2.577688], "indiamart": [201.5981223333, 196.4110993333], "o-s": [2.5561876667, 2.5093926667], "to2": [2.5773873333], "shopifysvc": [3.6600333333], "emaratalyoum": [2.5820616667], "ctnsnet": [2.5600456667], "volatilevessel": [2.5715776667], "americaneagle": [2.566747, 2.5584943333, 3.8994223333, 3.3891413333], "uae-study": [2.5584943333, 3.8994223333, 2.566747, 3.3891413333, 272.6815503333], "pendo": [2.6123993333, 3.369807], "apxor": [3.4012723333], "tapad": [2.587377], "ytimg": [112.0235493333, 113.1627703333, 113.3183133333, 111.963707, 113.1899416667, 112.0066596667, 111.955703, 111.8636036667, 112.0575966667, 111.9233403333, 112.8098706667, 113.2791983333, 112.7918916667, 111.8131226667, 111.928111, 112.0675466667], "openxcdn": [2.6091643333], "iherb": [2.566747, 2.5584943333, 3.8994223333, 3.3891413333], "nooncdn": [3.8379633333], "pdst": [2.552686], "brightcove": [3.647612], "dh-vt-prd": [112.154992], "parastorage": [2.585613], "nextdirect": [3.3965003333], "linkonclick": [3.8733016667]}