{"snapchat": [3.9261343333, 2.6170453333], "permutive": [2.6154676667], "googleadservices": [336.0176153333, 326.5245633333], "doubleclick": [330.9780276667, 326.97313, 319.9779143333, 333.4519853333, 323.54153, 336.2995756667, 343.7260623333, 336.038414, 347.0635623333, 331.1101656667, 300.9569003333, 300.9939163333, 322.1451513333, 295.522767, 320.6455073333, 295.5597203333, 330.8284176667, 322.2937923333, 326.7531946667, 324.8237063333, 350.580285, 320.3914293333], "jobrapido": [2.5964313333, 300.7986863333], "googlesyndication": [326.8081576667, 331.003389, 298.3666236667, 330.316691], "firebaseio": [2.590617], "spotify": [2.6094346667, 3.378247], "livescore": [3.3717436667, 2.5699176667, 2.620575, 2.601442, 3.9524626667], "onclickgenius": [2.5762196667], "sentry": [2.5633123333, 208.9514953333], "blogspot": [298.3666236667, 335.333582], "drfrostmaths": [2.600368], "appspot": [333.8590916667, 331.060509], "smartyblogfeed": [335.2728756667], "segmentify": [3.6085316667], "google": [331.6005976667, 295.719352, 336.2700046667, 332.3888536667, 331.0174796667, 335.3043413333, 333.4538746667, 335.0749253333, 335.221816, 335.4121866667, 337.036509, 331.2982586667, 330.8284176667, 335.9140723333, 336.324585, 336.589644, 331.6498406667, 335.4070486667, 330.9532876667], "visualwebsiteoptimizer": [3.888225], "rtbhouse": [2.5700053333], "googleapis": [326.329782, 330.9565276667, 331.339615, 335.2019436667, 336.152702, 331.9192816667, 335.745637, 330.275682, 295.636017, 336.5774083333, 330.816615, 327.5473953333, 330.8153863333, 335.280673, 335.1841743333, 336.268741, 335.9140723333, 335.2158206667, 335.1389726667, 336.0030256667, 336.4101126667, 330.2516896667, 331.5999813333, 336.6213476667, 330.015924, 337.4898603333, 330.903533, 331.711375, 330.9747583333], "bc0a": [2.5568313333], "exitbee": [113.0152836667], "px-cloud": [2.5645923333], "prmutv": [2.609183], "cloudfunctions": [3.3717393333], "adbutter": [3.6195416667], "trackier": [], "blogblog": [335.2798483333], "google-analytics": [330.9797126667, 335.183709], "jumbo": [113.733763], "simpli": [209.300081, 209.500735, 209.2492333333], "gstatic": [2.5846886667, 331.0174796667, 331.6498406667, 336.3041116667, 331.2982586667], "impactcdn": [2.5601773333], "sgmntfy": [3.6598296667], "noon": [2.5897743333, 3.9343326667], "rlcdn": [3.9140906667, 2.6091706667], "googleoptimize": [335.3962403333], "bayut": [300.7986863333], "openx": [3.6457536667, 3.3901743333, 3.368422, 2.5744433333], "youtube": [331.3319706667, 337.036509, 331.6005976667, 336.077511, 332.3888536667, 335.3962403333, 331.123448, 331.6498406667, 330.3170516667, 330.128175, 330.9532876667, 326.7875623333, 335.3043413333, 336.2700046667], "poki": [3.8747076667], "pippio": [3.360705], "sojern": [2.5952096667], "creativecdn": [3.6473826667], "pub": [2.597274, 3.3420563333], "fullstory": [2.557573, 3.387894], "bathandbodyworks": [], "wixmp": [3.934211], "affinity": [247.943073], "myshowpm": [2.566747, 2.5584943333, 3.8994223333, 3.3891413333], "cleartrip": [3.6658076667], "freepik": [3.3798866667], "live-kooora": [335.2728756667], "withgoogle": [336.5164396667], "ampproject": [330.316691], "flashscore": [3.3555026667, 3.862642], "epicsports": [2.5584943333, 2.566747, 3.8994223333, 3.3891413333], "mxpnl": [3.6098216667, 3.6277736667], "loopme": [135.846347], "mawdoo3": [2.5820616667], "googleusercontent": [326.8081576667, 2.5416253333, 330.999195], "optimise": [2.5580156667], "px-client": [2.5645923333], "perfdrive": [3.6196686667, 2.536623], "photo-motion": [3.8499023333], "instana": [2.5830843333], "kampyle": [2.667179], "tenpix": [335.2728756667], "vimeo": [3.416433], "exponea": [3.648299], "mixpanel": [3.610063, 3.6336946667, 2.5716776667, 2.5971026667], "blogger": [335.9919626667], "storefrontcloud": [113.733763], "blooket": [3.3648636667, 2.5861883333, 3.6709303333], "digitaleast": [2.563258], "wetransfer": [2.5584943333, 2.566747, 3.8994223333, 3.3891413333], "emarsys": [2.612037], "quantummetric": [], "ipinfo": [2.577688], "indiamart": [2.618152], "o-s": [2.5561876667, 2.5093926667], "to2": [2.5773873333], "shopifysvc": [2.5879556667], "emaratalyoum": [2.5820616667], "ctnsnet": [2.5600456667], "volatilevessel": [2.5715776667], "americaneagle": [2.566747, 2.5584943333, 3.8994223333, 3.3891413333], "uae-study": [2.566747, 3.8994223333, 2.5584943333, 3.3891413333, 272.6815503333], "pendo": [2.6123993333, 3.369807], "apxor": [3.4012723333], "tapad": [2.587377], "ytimg": [335.326243, 331.78021, 332.545644, 354.7474343333, 330.8543076667, 336.4683516667, 331.621636, 335.1907343333, 328.2576436667, 335.1396443333, 336.780626, 330.999195, 331.6556106667], "openxcdn": [2.6091643333], "iherb": [2.5584943333, 2.566747, 3.8994223333, 3.3891413333], "nooncdn": [3.8379633333], "pdst": [2.552686], "brightcove": [3.647612], "dh-vt-prd": [112.154992], "parastorage": [2.585613], "nextdirect": [3.3965003333], "linkonclick": [3.8733016667]}