{"snapchat": [3.9261343333, 2.6170453333], "permutive": [2.6154676667], "googleadservices": [3.3916636667, 3.8925256667], "doubleclick": [112.4283476667, 112.0332516667, 2.5576513333, 3.3653036667, 113.657966, 113.4034913333, 113.414003, 113.74108, 112.345873, 113.7472606667, 113.003505, 112.3711576667, 113.4292596667, 112.2857053333, 3.4308063333, 2.574297, 3.870609, 112.3205193333, 113.166387, 112.3765066667, 113.3266603333], "jobrapido": [2.5964313333, 3.6293343333], "googlesyndication": [2.6584306667, 3.8906243333, 3.663838, 2.5941743333], "firebaseio": [2.590617], "spotify": [2.6094346667, 3.378247], "livescore": [3.3717436667, 2.5699176667, 2.620575, 2.601442, 2.5810646667, 3.9524626667], "onclickgenius": [], "sentry": [2.5633123333, 208.9514953333], "blogspot": [2.554875, 2.5941743333], "drfrostmaths": [2.600368], "appspot": [2.5345443333, 3.627306], "smartyblogfeed": [3.6293343333], "segmentify": [3.6085316667], "google": [2.561274, 3.3597596667, 3.655381, 2.5622563333, 3.8673416667, 3.333965, 3.8906243333, 3.3696656667, 2.535785, 2.6118283333, 2.611038, 3.654647, 3.4017036667, 2.5756846667, 3.8557623333, 2.5748613333, 2.5714456667, 2.5487956667, 3.9027213333, 3.4278963333], "visualwebsiteoptimizer": [3.888225], "rtbhouse": [2.5700053333], "googleapis": [2.5714733333, 2.5166046667, 3.4084486667, 3.3597596667, 3.8805833333, 3.673946, 3.3819076667, 2.523309, 3.3641026667, 3.8849, 2.572887, 2.5756846667, 3.3902876667, 2.5206283333, 3.6582523333, 2.5582183333, 2.5568623333, 3.3920796667, 3.3883556667], "bc0a": [2.5568313333], "exitbee": [113.0152836667], "px-cloud": [2.5645923333], "prmutv": [2.609183], "cloudfunctions": [3.3717393333], "adbutter": [3.6195416667], "trackier": [2.5599533333], "blogblog": [2.5893726667], "google-analytics": [2.5738633333, 2.588621], "jumbo": [113.733763], "simpli": [119.2519903333, 118.9579606667, 119.367519], "gstatic": [3.655381, 196.312946, 196.822578, 2.5487956667, 2.5714456667, 3.3829216667], "impactcdn": [2.5601773333], "sgmntfy": [3.6598296667], "noon": [2.5897743333, 3.9343326667], "rlcdn": [3.9140906667, 2.6091706667], "googleoptimize": [3.4278963333], "bayut": [3.6293343333], "openx": [3.6457536667, 2.5744433333, 3.3901743333, 3.368422], "youtube": [2.6118283333, 3.8673416667, 2.611038, 2.5487956667, 3.4017036667, 2.5403013333, 3.9027213333, 2.561274, 3.4278963333], "poki": [3.8747076667], "pippio": [3.360705], "sojern": [2.5952096667], "creativecdn": [3.6473826667], "pub": [2.597274, 3.3420563333], "fullstory": [2.557573, 3.387894], "bathandbodyworks": [2.5584943333, 2.566747, 3.8994223333, 3.3891413333], "wixmp": [3.934211], "affinity": [2.5665326667], "myshowpm": [2.5584943333, 2.566747, 3.8994223333, 3.3891413333], "cleartrip": [3.6658076667], "freepik": [3.3798866667], "live-kooora": [3.6293343333], "withgoogle": [2.6082983333], "ampproject": [2.6584306667, 2.5941743333], "flashscore": [3.3555026667, 3.862642], "epicsports": [2.5584943333, 2.566747, 3.8994223333, 3.3891413333], "mxpnl": [3.6277736667, 3.6098216667], "loopme": [135.846347], "mawdoo3": [2.5820616667], "googleusercontent": [2.554875, 3.855974, 2.5416253333, 3.8666136667], "optimise": [2.5580156667], "px-client": [2.5645923333], "perfdrive": [3.6196686667, 2.536623], "photo-motion": [3.8499023333], "instana": [2.5830843333], "kampyle": [2.667179], "tenpix": [3.6293343333], "vimeo": [3.416433], "exponea": [3.648299], "mixpanel": [3.610063, 3.6336946667, 2.5716776667, 2.5971026667], "blogger": [2.58897], "storefrontcloud": [113.733763], "blooket": [3.3648636667, 2.5861883333, 3.6709303333], "digitaleast": [2.563258], "wetransfer": [2.5584943333, 2.566747, 3.8994223333, 3.3891413333], "emarsys": [2.612037], "quantummetric": [], "ipinfo": [2.577688], "indiamart": [2.618152], "o-s": [2.5561876667, 2.5093926667], "to2": [2.5773873333], "shopifysvc": [3.6600333333], "emaratalyoum": [2.5820616667], "ctnsnet": [2.5600456667], "volatilevessel": [2.5715776667], "americaneagle": [2.5584943333, 2.566747, 3.8994223333, 3.3891413333], "uae-study": [2.566747, 2.5584943333, 3.8994223333, 3.3891413333, 272.6815503333], "pendo": [2.6123993333, 3.369807], "apxor": [3.4012723333], "tapad": [2.587377], "ytimg": [3.3565813333, 2.571051, 3.8666136667, 3.3540973333, 2.578151, 2.53934, 2.5881833333, 3.8822666667, 2.567711], "openxcdn": [2.6091643333], "iherb": [2.566747, 2.5584943333, 3.8994223333, 3.3891413333], "nooncdn": [3.8379633333], "pdst": [2.552686], "brightcove": [3.647612], "dh-vt-prd": [112.154992], "parastorage": [2.585613], "nextdirect": [3.3965003333], "linkonclick": [3.8733016667]}