{"yahoo": [205.2604513333, 227.8134076667, 265.7339653333, 284.0224983333, 266.3104806667, 121.664996, 256.4684253333, 136.5091866667, 261.6086606667, 229.6691433333, 208.074776, 270.1707033333, 261.7391836667, 118.702989], "yimg": [136.5091866667, 262.516122, 118.702989]}