{"yahoo": [205.2604513333, 227.8134076667, 265.7339653333, 266.3104806667, 121.664996, 256.4684253333, 93.5548633333, 89.3721883333, 261.6086606667, 229.6691433333, 208.074776, 261.7391836667], "yimg": [89.3721883333, 262.516122]}