{"yahoo": [205.2604513333, 124.967389, 227.8134076667, 266.3104806667, 265.7339653333, 129.7687683333, 121.664996, 229.6691433333, 208.074776, 129.5587993333], "yimg": [278.7218683333]}