{"dotomi": [8.7334813333, 8.8014523333], "immowelt": [11.7404483333, 33.369596], "ebay": [46.684288, 46.495985, 33.3492903333, 47.6264386667], "ancestrycdn": [0.815178, 33.3862363333, 1.1530853333], "adform": [42.3128043333, 41.8014843333], "akstat": [55.324088], "6sc": [11.592637, 11.5838496667], "outbrain": [33.4895346667, 47.605571], "finanzen": [11.4228886667, 7.821727, 11.4223876667, 41.8149746667, 42.374293], "metro": [42.1662506667, 42.095799], "lightinthebox": [42.1060646667, 41.8832386667, 41.862031, 42.1155763333], "derstandard": [19.5479446667], "bbc": [33.2825913333], "tagesschau": [1.0386233333], "otto": [], "sascdn": [42.6432413333, 42.0900136667], "ullapopken": [48.6760696667, 50.4237366667, 41.8613163333, 42.239541, 50.1771356667, 41.303869, 33.5053143333, 42.29626], "qvc": [46.8005473333], "akamai": [25.979326, 26.042511, 25.9901656667], "techlab-cdn": [42.1141413333, 41.3027086667], "personalstream": [42.1894886667, 50.3065586667], "kleinanzeigen": [49.4842073333, 41.8327123333, 0.829711], "clmbtech": [41.862031, 41.810938], "bild": [49.456317, 47.1750903333, 42.3128043333, 33.377929, 46.7813773333, 11.477538, 41.370552, 33.3393373333, 42.9595466667, 11.6636406667], "asadcdn": [], "traum-ferienwohnungen": [50.3714993333, 41.9063106667, 7.3682606667], "southpark": [], "71i": [33.3584833333], "emsservice": [51.1014816667, 41.3561023333], "bbci": [33.2825913333, 46.655235], "bonprix": [17.9736906667, 34.819958], "web": [33.4423196667], "shein": [11.5785546667, 11.8824716667, 49.6129273333, 11.805098, 11.4870443333, 50.339542, 11.6950493333], "home24": [33.3252713333, 33.3710113333], "microsoft": [28.6251243333, 33.3968316667, 29.603891, 260.8452166667, 84.7341386667, 109.4409476667, 7.451299, 144.7969726667, 55.375658], "steampowered": [55.3925613333], "mzstatic": [33.3651713333, 36.0655493333, 47.503008], "tipico": [33.372405], "baby-walz": [49.5210526667, 5.4630226667, 49.4842073333], "scene7": [33.3966216667, 33.3675346667, 26.0935223333, 39.2221456667], "gmx": [35.0513196667, 47.550148], "tiktokcdn": [40.2365056667, 46.8716323333, 40.2865356667, 46.7504673333, 40.4044686667, 40.3485243333], "zdf": [11.7472696667, 48.8535683333], "samsung": [46.7379383333], "bz-berlin": [42.3525123333, 41.9093846667, 1.2012746667, 0.980691], "focus": [33.4372036667, 33.350717, 11.4379526667, 12.075506], "aliexpress": [46.4299996667], "liveperson": [16.9597013333], "dhl": [6.315037, 46.5045066667], "mcdonalds": [], "ing": [33.370471, 11.7888983333], "weather": [33.387678], "bf-ad": [41.8014843333, 41.7894716667], "n-tv": [49.5050953333, 50.340984], "akamaized": [42.1620813333, 33.3929263333, 42.9679583333, 42.239541, 49.4710313333, 63.449072, 50.447412, 33.4917363333, 50.2667386667, 42.9305083333, 43.250081, 42.1868366667, 49.5066376667, 48.5509286667], "homeaway": [42.340344, 41.8566103333], "edgekey": [26.250083, 21.9519953333], "swr3": [0.744177], "addthis": [46.6709053333, 55.1384246667, 36.3014463333, 47.6161893333], "akamaihd": [11.6245126667, 48.6760696667, 49.6078276667, 49.5194966667, 50.4237366667, 42.9713426667, 49.4710313333, 11.6420193333, 49.5573443333, 41.303869, 41.901967, 11.75406, 42.0900136667, 11.9729243333, 46.7774193333, 42.1868366667, 42.1487053333, 49.2451246667], "moatads": [11.7977243333], "yieldlab": [33.2652633333], "abendblatt": [6.8570036667, 6.8295033333], "hm": [46.871372], "linodeobjects": [0.7773873333, 0.8015243333, 0.9191903333, 2.33284, 1.4948486667, 1.0020236667], "appsflyer": [42.9822003333, 11.4728596667], "deutschlandfunk": [1.1277493333, 1.705958, 48.537154], "ran": [1.096238], "idealo": [6.4556806667, 42.3287483333, 6.6808356667, 41.862031], "eis": [12.9590903333], "tiktok": [40.3357563333, 28.7663886667, 49.5951796667, 42.1378203333, 41.810938, 41.336141, 50.3364743333, 41.3120116667, 41.8327123333, 49.5911386667, 40.285617, 49.5843603333, 41.8675723333, 41.3913163333, 42.3128043333, 49.5203223333, 49.2326046667, 50.3475096667, 28.8943836667, 50.340984, 42.191558, 41.8362073333, 42.374293, 49.456317, 51.1069733333, 41.8392223333, 49.439522, 42.1647406667, 50.345001, 49.375002, 41.384651], "ci-aldi": [41.8566103333, 41.810938], "smartadserver": [15.694471, 15.5359836667, 15.659418, 15.8713803333, 15.7118846667, 15.7259613333], "apple": [33.495082, 1.354502], "perimeterx": [33.338817], "gigya": [47.5641893333, 25.9377776667], "serienjunkies": [1.4116616667], "fewo-direkt": [155.946109], "mobile": [1.0195916667, 7.471094, 33.3838163333, 11.796831], "adobetarget": [33.3419313333], "holidaycheck": [33.306639, 1.0548503333], "optimizely": [46.6859866667, 46.8555493333, 33.3495436667], "medikamente-per-klick": [3.5093833333], "immonet": [33.29377], "airbnb": [], "lpsnmedia": [17.7643383333, 17.494101], "grouponcdn": [55.1839683333], "fastclick": [33.353427], "awin1": [40.4391186667, 28.8381246667, 40.3712233333, 28.9267663333], "ebay-kleinanzeigen": [28.640378, 28.6068873333, 28.610486, 28.637012, 0.829711], "br": [48.8608646667, 6.7327746667], "kaufda": [55.1365056667, 26.005645], "yotpo": [46.649385, 12.410652, 26.0193053333], "faz": [47.642823, 26.005723, 33.4247266667], "gamesassists": [33.3627196667], "sportbuzzer": [42.932262, 42.095799], "notebooksbilliger": [1.458643], "cricbuzz": [29.168008, 29.096385], "wdr": [11.775107], "swr": [0.744177], "tiktokv": [49.5186956667, 50.3714993333, 41.817202, 41.810938, 41.8652923333, 41.870134, 49.5324196667, 50.0033633333, 41.8362073333], "cloudinary": [46.7931866667, 0.611444, 0.7174396667, 1.0323703333, 0.6365533333], "bfgcdn": [10.6743846667], "coremetrics": [26.2573586667], "chip": [50.0066786667, 49.5843603333, 11.7154756667, 12.0153496667, 20.350201, 20.2669306667], "rubiconproject": [9.428318, 9.4423, 10.231257, 26.1851153333, 9.5541286667, 17.8134696667, 9.8737136667, 10.049114, 9.49932, 10.393209], "alicdn": [42.41799, 46.4299996667, 42.320222], "adrecover": [42.29626, 49.527324], "anrdoezrs": [], "tiqcdn": [11.7797166667, 33.34107], "rnd": [], "magentasport": [], "ups": [], "bergfreunde": [10.6743846667], "everesttech": [], "lufthansa": [6.417688], "ardalpha": [6.8660463333], "mdr": [11.7758806667], "cdnsh": [0.8776593333, 1.090662], "eurosport": [33.377503, 1.217846], "stern": [49.2326046667, 49.4568336667, 42.07811, 49.496056], "uicdn": [47.550148], "bfops": [41.8014843333, 41.7894716667], "mtvnservices": [51.1069733333, 49.2585006667], "tvspielfilm": [50.2192643333, 49.5066376667], "xing": [], "spox": [12.082705, 12.0153496667, 41.7894716667], "adnxs": [1.1215253333, 0.718307, 0.7482243333, 0.6206596667], "bing": [50.0066786667, 1.5476983333, 42.320222, 41.8014843333, 1.0406146667, 41.8675723333, 49.502617, 41.8149746667, 50.8812026667, 41.8362073333, 41.862031], "rightinthebox": [42.1060646667, 11.4304766667, 11.771392, 42.1155763333], "turn": [10.1576383333, 9.7843066667], "walz": [33.3823063333, 33.3831386667], "staticfiles": [33.3594546667, 33.3928703333], "tacdn": [1.118836, 0.697176, 0.650804, 0.7650976667], "motor-talk": [11.4239343333, 11.4420616667], "nike": [41.8327123333, 49.456317, 49.528672, 49.5843603333, 55.2022056667, 41.992288, 1.253658, 41.8675723333, 36.025963, 41.8392223333, 10.0198106667, 41.810938, 42.3128043333, 10.4532703333, 42.374293, 10.0182296667], "nintendo": [16.813686, 33.387139, 33.4127493333], "gala": [41.817202, 41.810938], "stepstone": [55.242064], "mmo": [41.992288, 49.4568336667], "ttwstatic": [28.8756236667, 46.777035, 28.5826626667, 46.7421916667, 28.631654], "ebaystatic": [35.3700136667], "mediadecathlon": [46.8112183333, 45.915765], "sportschau": [11.8058266667, 0.557654], "bildstatic": [42.9595466667, 48.4052363333, 41.370552, 50.1128756667], "computer-bild": [33.3642483333, 33.3596013333], "amplience": [0.8776593333, 1.090662], "lidl": [33.3831386667, 33.3490876667], "px-cloud": [41.881107, 42.6432413333], "kununu": [], "adpushup": [41.8211083333], "deichmann": [49.2443166667, 42.944314], "bls": [],