{"dotomi": [8.8525296667, 8.749874], "immowelt": [0.8010626667, 0.9251206667], "ebay": [0.792367, 0.6287483333, 1.0334656667, 0.7714166667, 0.859372], "ancestrycdn": [0.815178, 0.758912, 1.1530853333], "adform": [], "akstat": [0.8435083333], "6sc": [0.88856, 1.070271, 0.947057, 0.839513], "outbrain": [0.9550096667], "finanzen": [0.875711, 7.821727, 0.7968443333], "metro": [0.892976, 1.0267573333], "lightinthebox": [0.996302, 35.8408713333], "derstandard": [19.5479446667], "bbc": [0.82816], "tagesschau": [1.0386233333], "otto": [], "sascdn": [0.7993286667, 0.869082], "ullapopken": [0.8700123333, 0.8043036667, 0.992839, 0.7852313333, 0.8427906667], "qvc": [0.9940446667], "akamai": [0.5535496667, 0.6647286667, 0.9165803333], "techlab-cdn": [0.9976583333, 0.945251], "personalstream": [1.0438516667, 1.2226883333], "kleinanzeigen": [1.348251, 1.1222586667, 0.8661416667, 2.3921666667, 1.0449273333, 0.829711, 0.885786, 0.7495733333, 0.883502, 0.8957246667], "clmbtech": [0.891022, 1.0470146667, 0.8876433333, 1.1473276667], "bild": [1.1222586667, 0.8100643333, 2.3921666667, 0.8782356667, 0.813925, 0.8198973333, 0.885786, 0.8437213333, 1.009276, 1.348251, 0.9800393333, 0.8318083333, 0.8424083333, 35.8408713333, 1.2042033333, 1.2428743333, 1.0818306667, 0.875711, 0.8452626667, 0.825705, 0.996302, 0.8063183333, 1.2149326667, 0.8411943333, 1.1154296667, 1.1783813333, 0.883502, 0.9663856667], "asadcdn": [], "traum-ferienwohnungen": [7.3682606667, 1.185281, 0.8411943333], "southpark": [], "71i": [0.8178716667], "emsservice": [0.945251, 0.883502], "bbci": [0.82816, 9.0224006667], "bonprix": [0.8538083333, 17.9736906667], "web": [0.8051213333], "shein": [0.9976583333, 0.8100643333, 2.3921666667, 1.1154296667, 0.8198973333, 1.0267573333, 0.8187683333, 0.9049773333, 0.8300573333, 0.996302, 1.2042033333, 0.9160243333, 0.8821596667, 0.904586], "home24": [0.7921663333], "microsoft": [1.508367, 260.8452166667, 0.814641, 109.4409476667, 1.3202946667, 1.0267573333, 7.451299, 144.7969726667, 84.7341386667], "steampowered": [1.2786556667], "mzstatic": [0.9524686667, 0.8107773333], "tipico": [0.7969006667], "baby-walz": [5.4630226667, 0.8100643333, 0.8821596667], "scene7": [0.8027243333, 0.3854823333, 0.9604003333], "gmx": [0.8051213333, 0.999559], "tiktokcdn": [18.7690523333, 18.7805063333], "zdf": [4.0088783333, 18.9186776667], "samsung": [0.79795], "bz-berlin": [0.980691, 0.8925586667, 1.2012746667, 1.3482266667], "focus": [1.348251, 1.3317753333, 0.8026826667, 0.758938, 0.875711, 0.885786, 0.8018246667, 0.9182283333, 0.8821596667], "aliexpress": [0.783126, 0.7957133333], "liveperson": [16.9597013333], "dhl": [6.315037, 0.8956356667], "mcdonalds": [], "ing": [0.7398473333], "weather": [0.8249793333], "bf-ad": [1.010986, 0.8424083333, 0.8187683333], "n-tv": [1.0488726667, 1.3628586667], "akamaized": [0.8700123333, 0.884361, 0.8958433333, 1.0344223333, 0.8051943333, 0.7852313333, 0.859791, 0.8427906667, 1.355331, 0.7732876667, 1.3482266667], "homeaway": [0.8164396667, 0.9146653333], "edgekey": [0.768868, 18.6288436667], "swr3": [0.744177], "addthis": [0.9371096667, 0.8135243333, 0.7956553333, 0.8099223333], "akamaihd": [0.8206226667, 0.998969, 1.147422, 1.0271686667, 0.8043036667, 0.7976663333, 0.7547346667, 0.9979033333, 1.435201, 0.7993286667, 0.8717543333, 0.885635, 0.831385, 0.8427906667, 0.9203436667, 0.8896553333], "moatads": [0.8411193333], "yieldlab": [0.8768716667], "abendblatt": [1.1427733333, 0.793091], "hm": [0.9137083333], "linodeobjects": [0.7773873333, 0.8015243333, 0.9191903333, 2.33284, 1.4948486667, 1.0020236667], "appsflyer": [0.7775886667, 1.2226883333], "deutschlandfunk": [1.1277493333, 1.705958, 4.1610206667], "ran": [1.096238], "idealo": [0.8437213333, 6.4556806667, 0.883502, 6.6808356667], "eis": [12.9590903333], "tiktok": [0.8418303333, 10.6427756667, 0.945251, 1.1946053333, 0.831762, 0.8751256667, 0.892976, 1.355331, 0.8683343333, 1.539282, 10.4412423333, 0.8661416667, 35.8408713333, 0.962071, 0.784535, 1.0475813333, 0.7831013333, 0.7921776667, 0.9546843333, 1.0000416667, 0.947057, 0.8554286667, 0.892536, 1.0219466667, 1.3482266667, 1.0516503333, 0.8292746667, 0.9898693333, 1.185281, 10.4166226667, 0.7940483333, 0.8298716667, 2.0573726667], "ci-aldi": [1.1154296667, 0.9663856667], "smartadserver": [10.530394, 10.364906, 10.5026093333, 10.406193, 10.5057583333, 10.543545], "apple": [0.9142053333, 1.354502], "perimeterx": [0.7762486667], "gigya": [1.2056526667, 1.218161], "serienjunkies": [1.4116616667], "fewo-direkt": [155.946109], "mobile": [7.471094, 1.0195916667, 1.2555666667], "adobetarget": [0.8294106667], "holidaycheck": [0.9174596667, 0.6849083333, 0.6931203333, 1.0548503333, 0.6774216667], "optimizely": [0.7524686667, 0.8483616667, 0.9010206667, 1.052179], "medikamente-per-klick": [3.5093833333], "immonet": [0.959775, 2.103484], "airbnb": [], "lpsnmedia": [6.9989703333, 17.7643383333], "grouponcdn": [0.913277, 0.835178], "fastclick": [0.834681], "awin1": [1.4011453333, 1.316131, 1.221419, 1.1915873333], "ebay-kleinanzeigen": [1.2428743333, 1.508367, 0.8092033333, 0.945251, 1.3628586667, 1.1154296667, 0.8198973333, 0.8187683333, 0.829711, 0.885786, 0.7495733333, 0.9182283333], "br": [18.6260203333, 6.7327746667], "kaufda": [0.92406, 1.1360136667], "yotpo": [0.810208], "faz": [0.865439], "gamesassists": [0.8414386667], "sportbuzzer": [1.0573833333, 0.772348], "notebooksbilliger": [1.458643], "cricbuzz": [0.88856, 0.8661416667], "wdr": [0.777939, 18.632512], "swr": [0.744177], "tiktokv": [0.9217526667, 1.2110333333, 1.3092966667, 0.797473, 1.3391586667, 1.2111206667, 0.815011, 1.1517033333, 0.893936], "cloudinary": [0.970535, 0.4641266667, 0.7976323333], "bfgcdn": [10.6743846667], "coremetrics": [0.8475563333], "chip": [0.7921776667, 0.904897, 1.1222586667, 0.8100643333, 0.8684406667, 0.999463, 0.8452626667, 1.0475813333], "rubiconproject": [0.9860743333, 9.4423, 9.428318, 10.231257, 9.5541286667, 8.7737906667, 9.8737136667, 10.049114, 9.49932, 10.393209], "alicdn": [0.783126, 1.4482406667, 1.6320453333], "adrecover": [1.017207, 0.8555113333], "anrdoezrs": [], "tiqcdn": [0.9355993333, 0.94828], "rnd": [], "magentasport": [], "ups": [], "bergfreunde": [10.6743846667], "everesttech": [], "lufthansa": [6.417688], "ardalpha": [6.8660463333], "mdr": [1.2725256667], "cdnsh": [0.9182283333, 0.8411943333], "eurosport": [0.9618606667, 1.217846], "stern": [0.8172816667, 0.7921776667, 0.8063183333, 1.1222586667, 0.947057, 0.8424083333, 1.0449273333, 0.8411943333, 0.875711, 0.7495733333, 0.8821596667], "uicdn": [0.8051213333], "bfops": [0.8362076667, 0.8310536667], "mtvnservices": [0.8100643333, 0.9663856667], "tvspielfilm": [0.8427906667, 0.7852313333], "xing": [], "spox": [2.3921666667, 0.8782356667, 0.8227026667, 0.824666], "adnxs": [1.1215253333, 0.718307, 0.7482243333, 0.6206596667], "bing": [0.7868793333, 0.8643473333, 0.8649353333, 1.5476983333, 0.9946123333, 0.808408, 1.0406146667, 0.8536933333, 1.0928453333, 1.0089023333], "rightinthebox": [0.996302, 35.8408713333], "turn": [10.1576383333, 9.7843066667], "walz": [1.3653013333, 0.86914], "staticfiles": [0.8551623333], "tacdn": [0.7650976667, 0.697176, 0.650804, 1.118836], "motor-talk": [0.891022, 1.0470146667], "nike": [0.901816, 0.8290453333, 0.7580253333, 0.6387203333, 1.7901216667, 10.0198106667, 0.709055, 1.2276436667, 0.821525, 1.1088813333, 1.253658, 0.8684406667, 0.886195, 0.8646176667, 1.106269, 0.86914, 0.8624556667, 0.94632, 10.4532703333, 0.9049773333, 10.0182296667], "nintendo": [1.0174476667, 0.818699], "gala": [0.8063183333, 1.3317753333, 0.8100643333, 0.947057, 0.8821596667, 1.010986], "stepstone": [0.8750843333], "mmo": [1.0449273333, 0.904586], "ttwstatic": [9.929763, 18.6883116667, 3.9325113333, 18.65577, 9.8246743333, 3.7684833333], "ebaystatic": [0.8214096667], "mediadecathlon": [0.8136463333, 0.7879753333], "sportschau": [19.0869653333, 4.0192416667, 0.557654],