{"dotomi": [8.8920513333, 8.749874], "immowelt": [8.848266, 0.9251206667], "ebay": [9.559503, 8.838032, 1.0334656667, 8.8937626667], "ancestrycdn": [0.815178, 4.3753883333, 1.1530853333], "adform": [], "akstat": [0.962919, 0.8435083333], "6sc": [0.88856, 8.8252633333, 8.8928076667, 8.8056696667, 8.8401803333, 0.947057, 9.104297, 9.041071], "outbrain": [9.555073, 0.9550096667, 21.439234], "finanzen": [7.821727, 0.9663856667, 0.8550956667], "metro": [0.892976, 1.0267573333], "lightinthebox": [0.996302, 0.9946123333, 0.836916, 35.8408713333], "derstandard": [19.5479446667], "bbc": [3.0351433333, 0.82816, 3.5942383333], "tagesschau": [1.0386233333], "otto": [], "sascdn": [8.8904733333, 8.7807763333], "ullapopken": [8.9826406667, 1.2155773333, 0.864201, 2.6751706667, 0.767445], "qvc": [0.774699], "akamai": [40.224576, 1.070058, 0.785416], "techlab-cdn": [0.9976583333, 0.945251], "personalstream": [1.0106283333, 0.718422], "kleinanzeigen": [0.7645446667, 0.9682876667, 0.829711], "clmbtech": [0.6762346667, 0.6550466667, 0.8876433333, 1.1473276667], "bild": [1.0818306667, 1.0106283333, 0.8782356667, 35.8408713333, 0.825705, 1.0373973333], "asadcdn": [], "traum-ferienwohnungen": [7.3682606667, 1.185281, 0.8411943333], "southpark": [], "71i": [0.8178716667], "emsservice": [0.945251, 0.883502], "bbci": [3.0351433333, 0.82816, 6.697704, 15.4089193333], "bonprix": [0.8538083333, 17.9736906667], "web": [0.8051213333, 9.0441233333], "shein": [0.7195866667, 8.7698893333, 0.7862963333, 9.0651033333, 9.0665266667, 8.7664486667, 0.6762346667, 0.9601123333, 0.7704443333, 1.283499, 0.7747366667, 8.8101696667, 8.8183906667, 8.8011016667, 0.839656, 9.016792, 8.8308056667, 0.827256], "home24": [0.7921663333], "microsoft": [1.081795, 0.9157156667, 260.8452166667, 0.814641, 109.4409476667, 1.3202946667, 7.451299, 144.7969726667, 84.7341386667], "steampowered": [1.2786556667], "mzstatic": [0.9524686667, 1.1603566667, 8.887124], "tipico": [0.7969006667], "baby-walz": [5.4630226667, 0.8100643333, 0.8821596667], "scene7": [0.8027243333, 21.7248433333, 8.8269563333], "gmx": [0.8051213333], "tiktokcdn": [8.8732286667, 9.1182383333, 8.8039233333], "zdf": [6.2908793333, 0.7547463333], "samsung": [0.79795], "bz-berlin": [2.6751706667, 0.980691, 1.2012746667, 0.883485], "focus": [9.020627, 0.820091, 1.3317753333, 8.845781, 8.887259, 0.8992646667, 0.885786, 8.823585], "aliexpress": [0.783126], "liveperson": [7.168074], "dhl": [6.315037, 0.9524333333], "mcdonalds": [], "ing": [9.043613, 1.2012336667], "weather": [33.387678], "bf-ad": [1.010986, 0.8187683333], "n-tv": [1.0488726667, 1.3628586667], "akamaized": [0.812133, 15.6101033333, 0.8020696667, 0.877282, 0.8792836667, 0.794223, 10.6888023333, 0.954548, 0.9796533333, 1.222041, 15.4248326667, 12.5941933333], "homeaway": [0.8164396667, 1.2743333333, 0.81639, 0.9146653333], "edgekey": [0.768868, 33.387185], "swr3": [0.744177], "addthis": [0.85077, 9.0794143333], "akamaihd": [0.721537, 9.054516, 0.8357726667, 8.8338536667, 0.988657, 9.1422543333, 0.7413243333, 0.828054, 8.7905126667, 8.8413213333, 8.7829676667, 0.7868166667, 0.8232286667, 0.861211, 0.738048, 0.9796533333, 0.8269893333, 0.780253], "moatads": [21.3835416667], "yieldlab": [0.8768716667], "abendblatt": [12.9392903333, 13.9175286667], "hm": [9.0401883333], "linodeobjects": [0.7773873333, 0.8015243333, 0.9191903333, 2.33284, 1.4948486667, 1.0020236667], "appsflyer": [22.753771, 19.8354513333], "deutschlandfunk": [1.1277493333, 1.705958, 0.7810143333], "ran": [1.096238], "idealo": [0.8437213333, 6.4556806667, 1.3628586667, 6.6808356667], "eis": [12.9590903333], "tiktok": [10.0850863333, 0.9629043333, 10.0879156667, 0.864201, 0.771788, 0.8046816667, 0.7398523333, 9.145349, 0.8236673333, 0.8951763333, 0.734197, 0.740265, 9.0308566667, 0.794223, 1.222041, 0.996302, 10.274073, 0.7862653333, 0.8821596667, 10.1188716667, 0.7914473333, 0.7847646667, 0.883485], "ci-aldi": [1.1154296667, 0.9663856667], "smartadserver": [15.694471, 15.5359836667, 15.659418, 15.8713803333, 15.7118846667, 15.7259613333], "apple": [0.9142053333, 1.354502], "perimeterx": [0.7762486667], "gigya": [1.218161], "serienjunkies": [1.4116616667], "fewo-direkt": [155.946109], "mobile": [7.471094, 1.0195916667, 1.2555666667], "adobetarget": [0.8294106667], "holidaycheck": [0.665482, 1.0548503333], "optimizely": [33.3495436667, 8.946171, 0.9010206667], "medikamente-per-klick": [3.5093833333], "immonet": [2.103484, 9.0988493333], "airbnb": [], "lpsnmedia": [6.946239, 6.9989703333], "grouponcdn": [0.810808, 0.913277, 0.835178], "fastclick": [23.0507233333], "awin1": [7.8683163333, 7.891675, 7.8449183333, 8.02375], "ebay-kleinanzeigen": [1.0929766667, 0.6069676667, 0.667476, 0.829711, 0.8290886667], "br": [6.7327746667, 0.8293026667], "kaufda": [1.1360136667, 19.8258036667], "yotpo": [0.810208], "faz": [0.865439], "gamesassists": [3.628077, 0.8414386667], "sportbuzzer": [1.0737363333, 0.9691286667], "notebooksbilliger": [1.458643], "cricbuzz": [0.88856, 0.875711], "wdr": [0.777939, 6.341644, 4.303092], "swr": [0.744177], "tiktokv": [0.7064396667, 0.9691286667, 0.735507, 0.749446, 0.9682876667, 0.9834813333, 1.087975, 32.4956193333, 0.8164073333], "cloudinary": [0.970535, 9.0386776667, 0.7976323333], "bfgcdn": [0.544671], "coremetrics": [21.34167], "chip": [0.7921776667, 0.7415693333, 1.0652483333, 0.708923, 8.8224706667, 1.0475813333, 0.8180243333, 9.0896083333], "rubiconproject": [0.9860743333, 9.4423, 9.428318, 10.231257, 9.5541286667, 9.8737136667, 10.049114, 9.49932, 10.393209, 0.777852], "alicdn": [0.783126, 1.4482406667, 1.6320453333], "adrecover": [0.8042623333, 0.8236673333], "anrdoezrs": [], "tiqcdn": [1.0092866667, 0.94828], "rnd": [], "magentasport": [], "ups": [], "bergfreunde": [10.6743846667], "everesttech": [], "lufthansa": [6.417688], "ardalpha": [6.8660463333], "mdr": [1.2725256667], "cdnsh": [0.8587056667, 1.200384], "eurosport": [0.827877, 0.9618606667, 1.217846], "stern": [32.4956193333, 0.7402473333, 1.1154296667, 0.8821596667], "uicdn": [0.8051213333], "bfops": [0.8424083333, 0.8187683333], "mtvnservices": [0.7921776667, 0.8100643333], "tvspielfilm": [0.7544713333, 0.925896], "xing": [], "spox": [2.3921666667, 0.8782356667, 1.0533246667, 0.930675], "adnxs": [8.8057136667], "bing": [0.9688556667, 1.5476983333, 0.82873, 1.0406146667, 1.050958, 0.8117926667, 0.8505436667, 0.8184866667, 0.7453783333, 0.7594683333, 0.735129], "rightinthebox": [0.996302, 35.8408713333], "turn": [10.1576383333, 9.7843066667], "walz": [0.7495733333, 0.8100643333], "staticfiles": [8.1674803333, 0.8551623333], "tacdn": [6.2782793333], "motor-talk": [0.891022, 1.0470146667], "nike": [1.2276436667, 1.106269, 10.0853083333, 10.041391, 10.0879156667, 10.0985153333, 0.9049773333, 0.886195, 0.9792783333, 1.0763566667, 1.7901216667, 9.0914406667, 0.86914], "nintendo": [16.813686, 8.793815, 0.818699], "gala": [0.8821596667, 1.0488726667], "stepstone": [9.0422293333], "mmo": [0.7340523333, 0.7242466667], "ttwstatic": [1.0869346667, 9.055009, 0.764989, 8.8732286667, 8.850785, 10.1476546667], "ebaystatic": [9.559503], "mediadecathlon": [0.9216476667, 0.7646163333], "sportschau": [6.5286186667, 33.3214056667, 0.557654], "bildstatic": [0.793091, 0.8318083333, 1.2358363333, 0.8782356667, 35.8408713333], "computer-bild": [0.8218746667, 0.8131773333], "amplience": [0.9182283333, 0.8411943333], "lidl": [0.8290453333, 1.0089023333], "px-cloud": [0.998815, 1.0080043333], "kununu": [], "adpushup": [0.771788, 0.974668], "deichmann": [1.0224093333, 0.9387893333], "bls": [], "byteoversea": [1.227735, 0.837486, 1.1222586667, 1.3486263333, 1.2130183333, 0.801985, 0.892976, 0.8020696667, 1.3628586667, 1.1473276667, 1.0475813333, 0.7495733333, 0.8042623333, 0.8676993333, 0.7928883333, 1.2473926667, 0.780253, 0.9182283333, 0.9024863333, 0.812133, 1.3943166667, 1.0488726667, 1.1340526667, 0.940781, 0.974668, 0.8091893333, 1.010986], "msn": [0.8417973333], "bluekai": [0.8135243333], "groupondata": [0.9881936667], "mathtag": [0.8511893333],