{"dotomi": [165.4113246667, 164.9571153333], "immowelt": [133.576029, 114.4607086667], "ebay": [115.4300966667, 159.125371, 123.2314283333, 114.758836, 114.4723163333], "ancestrycdn": [139.3765333333, 0.815178, 1.1530853333], "adform": [162.7182153333, 160.6387586667], "akstat": [170.025126, 109.5234553333], "6sc": [112.167318, 109.4841253333, 111.9747596667, 112.2374763333, 109.5267843333, 112.0436266667, 109.4955713333, 109.58468], "outbrain": [129.9349156667, 123.2874586667, 143.1517256667], "finanzen": [133.725887, 132.1423446667, 7.821727], "metro": [112.0177576667], "lightinthebox": [133.5065103333, 209.2184006667, 203.380907, 133.2775366667], "derstandard": [19.5479446667], "bbc": [267.667644, 114.9016296667], "tagesschau": [1.0386233333], "otto": [], "sascdn": [109.507226, 112.1202376667], "ullapopken": [115.1748883333, 114.7185533333, 114.1765613333, 130.6293216667, 124.2296623333], "qvc": [115.640716], "akamai": [161.4055683333, 113.34641, 157.3514713333], "techlab-cdn": [143.0303693333, 116.954835], "personalstream": [121.5061403333, 113.6392433333], "kleinanzeigen": [133.5216933333, 139.960447, 0.829711], "clmbtech": [112.167318, 109.7834223333, 109.4884373333, 111.9747596667, 109.752531, 109.5407766667, 109.433268, 114.7310005, 109.4785946667, 109.4712813333, 109.4913406667, 112.0130673333], "bild": [232.9942103333, 123.6874556667, 133.2372566667, 113.709045, 114.1732523333], "asadcdn": [], "traum-ferienwohnungen": [160.4824603333, 7.3682606667, 161.8699636667], "southpark": [], "71i": [141.7001386667], "emsservice": [140.9366833333, 129.0108613333], "bbci": [115.7932156667, 123.6712163333, 114.9016296667, 144.3485183333], "bonprix": [126.9814706667, 17.9736906667], "web": [138.0790413333, 115.2616053333], "shein": [109.5732643333, 140.1146203333, 154.643925, 109.505632, 109.4149633333, 109.4846566667], "home24": [130.6535233333], "microsoft": [122.7718036667, 32.2363546667, 260.8452166667, 109.4409476667, 145.2341336667, 7.451299, 144.7969726667, 142.6337826667, 84.7341386667], "steampowered": [114.8308793333], "mzstatic": [126.3701173333, 197.9550023333], "tipico": [259.4652466667, 133.17826], "baby-walz": [159.040254, 5.4630226667, 161.6969953333], "scene7": [130.843544, 109.4723586667, 125.5593986667], "gmx": [137.772513], "tiktokcdn": [114.3824313333, 114.459804], "zdf": [33.307084, 48.8535683333], "samsung": [112.026069], "bz-berlin": [140.496578, 133.2109283333, 1.2012746667, 0.980691], "focus": [133.725887, 268.121096, 109.5050213333, 111.9508816667, 127.9226383333, 250.974373, 250.075301, 128.9891423333], "aliexpress": [114.6393766667, 162.5914446667, 112.2222833333], "liveperson": [273.0878553333, 273.0186853333], "dhl": [6.315037, 113.686428], "mcdonalds": [], "ing": [113.5224766667], "weather": [116.55306], "bf-ad": [133.253022, 131.0945893333], "n-tv": [132.1423446667, 145.2341336667], "akamaized": [120.1328996667, 112.870906, 113.658961, 114.4992993333, 120.400356, 114.702928, 112.5749993333, 115.4774733333, 130.6293216667, 114.563966, 116.311981, 113.876755], "homeaway": [134.6982603333, 165.9870656667, 162.165913, 131.9347903333], "edgekey": [33.387185, 116.9434863333], "swr3": [0.744177], "addthis": [161.5484746667, 112.2312366667, 109.5227766667], "akamaihd": [116.2490353333, 113.3341806667, 122.2954566667, 112.870906, 114.827291, 115.1748883333, 109.4380143333, 32.4975976667, 38.402622, 112.7297876667, 112.1202376667, 129.7875893333, 113.8773266667, 143.6380316667, 124.2637453333, 124.2296623333, 113.876755], "moatads": [115.877703], "yieldlab": [113.16944], "abendblatt": [113.766924, 115.527535], "hm": [112.2042653333], "linodeobjects": [0.7773873333, 0.8015243333, 0.9191903333, 2.33284, 1.4948486667, 1.0020236667], "appsflyer": [113.3600076667, 116.6973563333], "deutschlandfunk": [1.1277493333, 1.705958, 48.537154], "ran": [1.096238], "idealo": [159.5686233333, 6.4556806667, 6.6808356667, 159.8204113333], "eis": [12.9590903333], "tiktok": [133.9087233333, 140.3967286667, 123.6160966667, 181.5369076667, 132.3597636667, 163.4846296667, 112.123115, 123.8380323333, 129.2588553333, 131.6507676667, 170.0367243333, 192.9923643333, 109.4630373333, 133.757238, 123.5875933333, 131.4677843333, 133.1369493333, 123.7501656667], "ci-aldi": [160.4824603333, 167.1711706667], "smartadserver": [], "apple": [113.7563303333, 1.354502], "perimeterx": [115.4073006667], "gigya": [134.8102016667], "serienjunkies": [1.4116616667], "fewo-direkt": [155.946109], "mobile": [7.471094, 1.0195916667, 33.3838163333], "adobetarget": [115.3679133333], "holidaycheck": [1.0548503333], "optimizely": [111.966498, 112.073871, 123.6281746667, 114.0218426667], "medikamente-per-klick": [3.5093833333], "immonet": [121.4407526667, 130.6469633333], "airbnb": [], "lpsnmedia": [281.579622, 243.7141693333, 266.6283613333], "grouponcdn": [109.399119, 112.0554113333], "fastclick": [19.6765456667], "awin1": [169.819319, 179.8857853333, 170.5047733333, 182.1394993333], "ebay-kleinanzeigen": [140.3967286667, 140.58484, 127.9226383333, 117.342306, 0.829711], "br": [48.8608646667, 6.7327746667], "kaufda": [176.447396, 131.0743423333], "yotpo": [125.4725196667], "faz": [109.442473, 127.0893166667, 162.5638826667], "gamesassists": [132.5110246667, 112.722178], "sportbuzzer": [123.398459, 139.2639973333], "notebooksbilliger": [1.458643], "cricbuzz": [123.398459, 133.705304], "wdr": [33.3198086667], "swr": [0.744177], "tiktokv": [131.6452153333, 127.953373, 133.2775366667, 140.3107456667, 140.3967286667, 127.5707443333, 126.8144303333, 131.1839053333, 138.1805273333], "cloudinary": [124.1399656667, 112.386109], "bfgcdn": [10.6743846667], "coremetrics": [114.0785573333], "chip": [131.555071, 126.6623206667, 112.259904, 125.5818556667, 129.684865, 111.914273], "rubiconproject": [164.3432053333, 126.129334, 165.085492, 113.4098123333], "alicdn": [114.6393766667, 111.9785116667, 109.433357, 162.5914446667], "adrecover": [132.8050343333, 125.3699346667], "anrdoezrs": [], "tiqcdn": [33.34107, 122.7956843333], "rnd": [], "magentasport": [], "ups": [], "bergfreunde": [10.6743846667], "everesttech": [], "lufthansa": [6.417688], "ardalpha": [6.8660463333], "mdr": [33.5650833333], "cdnsh": [0.8776593333, 1.090662], "eurosport": [112.6737396667, 1.217846], "stern": [133.253022, 133.5065103333, 126.8144303333, 142.6337826667], "uicdn": [137.772513], "bfops": [133.253022, 131.0945893333], "mtvnservices": [127.4493263333, 118.5501266667], "tvspielfilm": [112.3224033333, 112.91448], "xing": [], "spox": [115.2295653333, 140.4006246667, 112.1725456667, 141.6363703333, 112.2352136667], "adnxs": [123.7606803333], "bing": [109.5574733333, 134.5561503333, 129.702087, 1.5476983333, 112.2034176667, 109.398288, 1.0406146667, 135.5277006667, 130.70518, 136.738389, 109.8085413333], "rightinthebox": [133.5065103333, 109.4226243333, 133.2775366667, 109.448489], "turn": [179.586023, 205.4492333333], "walz": [109.5110523333, 114.611331], "staticfiles": [138.677534, 132.1150583333], "tacdn": [1.118836, 0.697176, 0.650804, 0.7650976667], "motor-talk": [33.3646026667, 33.435532], "nike": [160.5406823333, 183.4432956667, 0.901816, 0.7580253333, 158.5494205, 111.9637763333, 183.6864586667, 0.6387203333, 0.709055, 136.904558, 109.5292556667, 109.5217286667, 172.0427006667, 179.4704053333], "nintendo": [242.927845, 126.469704, 115.186238], "gala": [142.6337826667, 126.8144303333], "stepstone": [116.6688833333], "mmo": [127.750573, 131.0945893333], "ttwstatic": [113.3600076667, 116.8506533333, 113.6392433333, 116.2070273333, 113.6011123333, 113.1441153333], "ebaystatic": [135.475595], "mediadecathlon": [112.655175, 115.500509], "sportschau": [33.3214056667, 0.557654], "bildstatic": [232.9942103333, 116.8158356667, 111.980156, 109.5310963333], "computer-bild": [253.7324423333, 164.423876], "amplience": [0.8776593333, 1.090662], "lidl": [132.727764, 127.5707443333], "px-cloud": [112.68744, 117.491304], "kununu": [], "adpushup": [129.2588553333, 130.048393], "deichmann": [145.2341336667], "bls": [],