{"dotomi": [8.7194813333, 8.6798093333], "immowelt": [13.095613, 11.0212283333], "ebay": [9.8117146667, 15.33608, 10.14818, 9.7563626667], "ancestrycdn": [15.31443, 0.815178, 1.1530853333], "adform": [], "akstat": [15.287305], "6sc": [10.5700983333, 9.1395043333, 8.5459983333, 9.0781413333, 9.2720276667, 8.478788], "outbrain": [9.555073, 16.3880236667], "finanzen": [7.821727, 9.920497, 9.898342, 15.3401703333, 15.286547], "metro": [10.689615], "lightinthebox": [10.7355536667, 10.7986616667, 9.8318686667, 9.9190853333], "derstandard": [19.5479446667], "bbc": [16.479351, 9.9452366667], "tagesschau": [1.0386233333], "otto": [], "sascdn": [10.767966, 10.824492], "ullapopken": [15.4076823333, 15.3522583333, 15.3363896667, 15.3551723333, 15.317518, 16.4083696667, 15.5777836667], "qvc": [9.773203], "akamai": [12.7797003333, 8.707864, 14.837031], "techlab-cdn": [10.6860453333, 10.6533486667], "personalstream": [10.6544586667, 10.6575223333], "kleinanzeigen": [9.805337, 0.829711, 9.787122], "clmbtech": [10.689615, 9.9987646667, 9.9209026667, 10.7282003333], "bild": [9.0701503333, 10.009439, 9.5452863333, 15.5604923333, 9.8930666667, 9.1926383333, 9.668843, 8.4823133333, 8.5113976667, 13.0866123333, 9.921947, 15.5760233333, 9.570608, 9.982961], "asadcdn": [], "traum-ferienwohnungen": [7.3682606667, 9.8291686667, 10.0030046667], "southpark": [], "71i": [17.431244], "emsservice": [10.6607283333, 10.689615], "bbci": [16.479351, 9.9452366667, 15.4089193333, 15.3029636667], "bonprix": [17.9736906667, 9.5822403333], "web": [9.8274246667, 16.6187656667], "shein": [9.134034, 10.7355536667, 10.006867, 10.6533486667, 8.4972653333, 10.689615, 9.1085516667, 10.742177, 10.9655516667, 10.636266, 9.0179913333, 8.5647283333, 8.551988, 9.2019026667, 10.7563013333, 9.0697053333, 9.088035, 10.6905896667, 10.6665543333, 9.218226, 10.7282003333], "home24": [15.3686423333, 17.3750776667], "microsoft": [8.93471, 260.8452166667, 109.4409476667, 10.0125553333, 9.1554676667, 10.1486636667, 7.451299, 144.7969726667, 84.7341386667], "steampowered": [16.3519253333], "mzstatic": [15.586855, 8.532557, 9.914585], "tipico": [8.750828], "baby-walz": [5.4630226667, 9.589832, 9.6371543333], "scene7": [17.919844, 16.532695, 9.952364, 13.8706596667], "gmx": [9.8274246667], "tiktokcdn": [15.3092313333, 16.4083696667], "zdf": [15.3053373333, 8.853865], "samsung": [15.6277693333], "bz-berlin": [0.980691, 9.1284686667, 1.2012746667, 10.702375], "focus": [10.1487346667, 9.957287, 8.441918, 8.502884, 15.328404, 15.6448366667], "aliexpress": [15.6609876667, 9.9761096667], "liveperson": [16.9597013333], "dhl": [6.315037, 9.7487956667], "mcdonalds": [], "ing": [13.101591, 15.6757723333], "weather": [8.9135013333], "bf-ad": [15.4079913333, 15.637946], "n-tv": [15.3082673333, 15.312211, 15.5754766667, 15.3816323333, 15.415153, 15.5942046667], "akamaized": [9.8930666667, 9.5843893333, 15.3674443333, 9.9069893333, 15.7014716667, 15.623554, 15.3551723333, 15.3660233333, 10.721222, 10.0394796667, 9.0959663333], "homeaway": [15.3793793333, 15.3940053333, 15.31584], "edgekey": [13.968438, 17.545739], "swr3": [0.744177], "addthis": [9.8623643333, 8.4862723333, 9.28677, 15.395425], "akamaihd": [15.5673503333, 9.1284686667, 15.6127893333, 15.2540776667, 9.0998253333, 15.3838113333, 9.6066333333, 15.5777836667, 15.378506, 15.4091173333, 15.4354563333, 10.6305836667, 15.828088, 10.001915, 9.7444886667, 9.8739483333, 15.343349, 9.2529156667], "moatads": [16.9438466667], "yieldlab": [17.6666316667], "abendblatt": [10.0238923333, 10.2399083333], "hm": [9.8869743333], "linodeobjects": [0.7773873333, 0.8015243333, 0.9191903333, 2.33284, 1.4948486667, 1.0020236667], "appsflyer": [15.5905383333, 15.5961296667], "deutschlandfunk": [1.1277493333, 1.705958, 15.5749126667], "ran": [1.096238], "idealo": [9.89686, 6.4556806667, 9.6371543333, 6.6808356667], "eis": [12.9590903333], "tiktok": [9.0701503333, 9.99799, 9.568188, 9.955889, 9.0983083333, 10.6533486667, 10.0780403333, 9.0762286667, 10.863217, 9.774304, 10.694514, 9.099184, 8.9059516667, 10.2016273333, 9.6941133333, 9.9645696667, 9.969388, 9.546436, 9.1222283333, 9.8318686667, 9.1627426667, 9.0744206667, 10.6583843333, 9.5795323333, 10.019576, 9.214871, 8.975134, 9.795227, 8.9189103333, 8.9448823333, 10.6561273333, 9.564868, 9.8481993333, 9.776759, 9.2019026667, 10.7209293333, 10.1963353333, 9.218226, 10.675689, 9.969763], "ci-aldi": [9.582347, 9.8598326667], "smartadserver": [15.694471, 15.5359836667, 15.659418, 15.8713803333, 15.7118846667, 15.7259613333], "apple": [17.5417333333, 1.354502], "perimeterx": [10.19195], "gigya": [9.8305153333], "serienjunkies": [1.4116616667], "fewo-direkt": [155.946109], "mobile": [15.5303966667, 7.471094, 9.6613646667, 1.0195916667, 94.9451163333], "adobetarget": [9.9772466667], "holidaycheck": [0.9174596667, 0.6849083333, 0.6931203333, 1.0548503333, 0.6774216667], "optimizely": [15.6101106667, 9.0112146667, 8.8415986667, 10.1135846667], "medikamente-per-klick": [3.5093833333], "immonet": [10.0950883333, 9.8182493333], "airbnb": [], "lpsnmedia": [17.7643383333, 17.494101], "grouponcdn": [15.419538, 15.471956], "fastclick": [17.7511566667], "awin1": [9.0410456667, 8.9227316667, 8.9385546667, 8.9354766667], "ebay-kleinanzeigen": [8.7559193333, 10.3954246667, 0.829711, 8.9117566667, 10.636266], "br": [6.7327746667, 15.5861373333], "kaufda": [16.5717053333, 9.546116], "yotpo": [9.5469413333, 15.5412176667, 13.7920486667], "faz": [8.573684, 15.6164816667], "gamesassists": [17.4690563333], "sportbuzzer": [10.1320933333, 9.774304], "notebooksbilliger": [1.458643], "cricbuzz": [10.3954246667, 10.5700983333], "wdr": [15.4573556667], "swr": [0.744177], "tiktokv": [10.0476113333, 9.7100733333, 9.5746816667, 10.0445983333, 10.1963353333, 9.9100386667, 10.1636366667, 9.5292993333, 9.9521846667], "cloudinary": [0.611444, 0.7174396667, 1.0323703333, 0.6365533333, 9.6485306667], "bfgcdn": [10.6743846667], "coremetrics": [17.5679286667], "chip": [8.457483, 15.43506, 10.4596896667, 9.8467546667, 15.625271, 8.5096363333], "rubiconproject": [0.9860743333, 10.231257, 9.5541286667, 9.8737136667, 13.90212, 10.049114, 9.5398806667, 9.5927393333, 10.393209], "alicdn": [15.6609876667, 10.0561046667, 10.0872083333, 9.782191], "adrecover": [9.935676, 10.0067423333], "anrdoezrs": [], "tiqcdn": [15.194795, 13.9462303333], "rnd": [], "magentasport": [], "ups": [], "bergfreunde": [10.6743846667], "everesttech": [], "lufthansa": [6.417688], "ardalpha": [6.8660463333], "mdr": [15.4606886667], "cdnsh": [0.8776593333, 1.090662], "eurosport": [9.8961193333, 1.217846], "stern": [9.0837226667, 10.0238216667, 9.445721], "uicdn": [9.8274246667], "bfops": [15.4079913333, 15.637946], "mtvnservices": [9.1329386667, 9.0987126667], "tvspielfilm": [15.550946, 15.2807386667], "xing": [], "spox": [10.1487346667, 9.0179913333, 10.815579, 9.7399663333], "adnxs": [1.1215253333, 0.718307, 0.7482243333, 0.6206596667], "bing": [15.7351183333, 15.6897306667, 15.276081, 1.5476983333, 15.5913173333, 1.0406146667, 15.369971, 15.4343953333, 15.662311, 15.3816323333, 15.3150746667], "rightinthebox": [10.7355536667, 10.7986616667, 15.276081, 15.4059906667], "turn": [10.1576383333, 9.7843066667], "walz": [8.49709, 8.5132226667], "staticfiles": [15.8043096667, 10.1466816667, 10.024476], "tacdn": [1.118836, 0.697176, 0.650804, 0.7650976667], "motor-talk": [9.1259753333, 9.218226], "nike": [15.413749, 0.901816, 15.5661073333, 15.3123343333, 8.9610076667, 0.7580253333, 15.31584, 8.9134866667, 8.9297933333, 0.6387203333, 0.709055, 15.5927843333, 15.623511, 15.699984, 15.5942046667, 8.95492, 15.5555536667, 9.6560706667], "nintendo": [10.2947066667, 15.3534283333, 6.781591], "gala": [9.866177, 9.7047616667], "stepstone": [9.9333133333], "mmo": [10.0365583333, 9.957033], "ttwstatic": [15.27866, 15.6127893333, 15.3674443333, 17.215712, 17.0068343333, 15.3496346667], "ebaystatic": [10.14818], "mediadecathlon": [9.7639853333, 9.7918743333], "sportschau": [13.9728786667, 0.557654, 14.231004],