{"poppen": [0.387428, 0.503189, 0.3973673333, 0.38922, 0.487771, 0.4854343333], "ilan": [1.065884, 0.991422, 0.401088], "sport1": [0.387428, 0.503189, 0.3973673333, 0.38922, 0.487771, 0.6406596667, 3.4249053333, 0.4854343333], "membrana": [0.405955], "exactag": [0.503189, 0.38922], "pnp": [0.387428, 0.800587, 0.3973673333, 0.4854343333], "relevant-digital": [0.3973673333, 0.38922], "dentsu": [0.387428, 0.503189], "xnxx-cdn": [0.435812, 0.6868923333, 0.4530316667], "opmnstr": [0.4797196667], "javhd": [0.3973673333, 0.38922], "afcdn": [0.503189, 0.38922, 0.4854343333], "aj2178": [0.387428, 0.3973673333, 0.4854343333], "demirorenmedya": [1.065884, 0.991422, 0.401088], "consensu": [0.387428, 0.503189, 0.3973673333], "consentmanager": [0.503189, 0.38922, 0.487771], "ecn-ldr": [1.151824], "vntsm": [0.4952], "tchibo": [0.3973673333, 0.38922], "medyanetads": [1.065884, 0.991422, 0.401088], "tmgrup": [1.065884, 0.991422, 0.401088], "lngtdv": [0.387428, 0.503189, 0.487771], "findologic": [0.800587, 0.3973673333, 0.38922, 0.4854343333], "hbrcdn": [1.065884, 0.991422, 0.401088], "exosrv": [0.387428, 0.503189, 0.3973673333], "subservis": [1.065884, 0.991422, 0.401088], "hurriyet": [1.065884, 45.991506, 0.991422, 0.401088], "realsrv": [0.387428, 0.503189, 0.3973673333, 0.38922, 0.487771, 0.4854343333], "cookiefirst": [0.3732063333, 0.3680603333], "survicate": [0.4952], "aucdn": [0.800587, 0.503189, 0.38922, 0.4854343333], "hurimg": [1.065884, 0.991422, 0.401088], "enetpulse": [0.503189, 0.38922, 0.4854343333], "xvideos-cdn": [0.4530316667], "plausible": [0.3858413333], "rawgit": [0.4952], "tiktokcdn": [0.7944023333, 0.7187193333, 0.7414813333, 1.044132, 0.4357253333], "meteoblue": [0.3973673333, 0.38922, 0.487771, 0.6406596667], "ravelrycache": [0.3680603333], "omappapi": [0.3858413333], "kaufmich": [0.800587, 0.3973673333, 0.38922, 0.4854343333], "notsy": [0.405955], "haberler": [46.6733496667], "adsessionserv": [0.4374376667], "adspirit": [0.503189, 0.38922]}