{"ctfassets": [117.7481223333, 117.6808753333, 117.7376463333, 118.1748426667], "livebuy": [12.3418143333, 8.971457, 17.5521203333, 8.905701, 9.600984, 9.585538, 14.2251166667, 9.62931, 8.9354646667, 9.1781403333, 9.471419, 17.5049823333], "immobilienscout24": [14.1371203333, 119.0177683333, 9.2679083333, 121.5777176667, 7.9744683333, 119.45199, 125.329505, 8.453734], "n-tv": [17.0142816667, 125.9075376667, 14.325715, 8.519661, 122.16931, 120.1453793333, 17.2429673333, 114.308292, 122.2607876667, 118.1083266667, 19.0384566667, 17.413605, 114.3962053333, 122.0593746667, 122.119102, 120.3724423333, 117.9901456667, 17.2469853333, 14.265568, 118.0895766667], "dynamicyield": [8.9591833333, 8.9323633333, 117.0759366667, 8.950457, 8.9487766667, 117.5766776667, 8.929338, 8.955158, 8.938199, 8.9430966667, 9.5020253333, 121.091768, 8.959548, 125.3276176667, 118.20499, 9.210728, 125.2888286667, 117.6462526667, 118.2318413333, 8.925178], "hood": [14.394903, 8.4409023333, 17.5164256667, 14.3959386667], "static-bahn": [17.151804, 17.3613406667, 17.1039876667, 18.9200433333], "nmrodam": [8.4526736667, 14.2211263333, 108.689641, 106.8576056667, 106.5569063333, 17.4785286667, 17.2083716667, 108.569248], "priv": [9.6291396667, 9.6329613333, 9.6288546667, 9.6093813333], "ethinking": [20.8910276667, 18.986382, 17.0142816667, 17.2102583333], "p7s1": [118.3403313333, 100.766384, 9.623586, 87.678762, 87.771398, 9.610032, 117.7448703333, 88.112896, 9.6141903333, 120.4019583333, 14.905157, 14.8075063333, 100.1434133333, 96.9341523333, 14.8544436667, 9.6800113333, 88.886326, 14.838529, 118.2440506667, 85.8279746667], "netmera-web": [8.9180256667, 8.9757446667, 8.9075866667, 8.9990066667], "sabah": [82.3785633333, 83.9032726667, 84.0366666667, 84.0430176667], "unblockia": [8.9402606667, 8.9883243333, 8.9681526667, 8.9075256667], "welt": [108.7066683333, 121.4501013333, 117.1940123333, 14.9611453333, 14.9082866667, 8.9929083333, 14.9126403333, 14.8432773333, 8.9311706667, 14.0921763333, 117.6649823333, 8.940532, 108.6638256667, 108.4524703333, 9.0792883333, 126.1404743333, 14.9141286667, 125.3191626667, 8.4719023333, 121.568987, 14.8657053333, 14.857574, 104.9330203333, 17.523707, 126.175541, 119.435218, 120.9663636667, 118.25295, 14.851538, 125.3424953333, 118.006236, 8.4340643333], "lzstatic": [13.8246866667, 13.8482776667, 13.902697, 13.9348786667], "dwin2": [], "privacy-center": [14.282075, 8.4678873333, 14.3835306667, 8.6950546667], "userreport": [14.869679, 14.923926, 90.3254436667, 17.751405, 105.5298906667, 14.8295113333, 14.8300306667, 14.8069436667, 18.9533236667, 121.7111496667, 19.0232446667, 125.9398223333, 14.8963706667, 117.979485, 17.258931, 14.8386423333, 90.1902113333, 14.8075063333, 119.3666093333, 120.4434573333], "streamoptim": [17.4811106667, 117.5839026667, 117.611119, 117.561156, 17.279163, 118.339825, 18.9782736667, 19.1027626667], "adsafeprotected": [8.9874353333, 8.9367453333, 7.8769036667, 14.1653903333, 8.606016, 8.9663403333, 8.9354893333, 8.5967683333], "autohero": [8.9733856667, 121.722522, 8.9201663333, 9.6018686667, 8.9302383333, 9.0273256667, 118.5552406667, 122.4436416667, 9.6947703333, 9.5859193333, 9.6013143333, 121.8854656667], "dazn": [86.301225, 85.744382, 8.7035483333, 8.417471, 86.3985446667, 14.2210983333, 86.0532063333, 17.681099], "nordbayern": [14.258189, 9.2438146667, 9.243184, 17.5063876667], "oceansapart": [14.884699, 14.8596773333, 15.0426153333, 14.8816023333], "sueddeutsche": [101.2674563333, 8.9883243333, 8.9082333333, 100.7143616667, 96.339127, 101.3155963333, 9.069064, 17.2124546667, 8.955158], "igaming-service": [9.0578553333, 8.885553, 8.936644, 8.915506], "sprnv": [125.3043073333, 121.6171193333, 121.4929626667, 117.0325843333], "kicker": [14.02, 119.3900936667, 17.812719, 19.0024926667, 17.811499, 119.4842836667, 125.4086683333, 19.0173133333, 17.751405, 17.160821, 17.8037676667, 17.7902353333, 125.3409356667], "onlyfans": [117.562608, 117.673105, 117.582931, 118.2430206667], "conative": [9.5945506667, 9.60043, 9.737448, 9.6013143333], "justfashionnow": [178.3072316667, 19.023203, 165.9188453333, 16.4152963333, 16.5001546667, 166.7544366667, 178.042874, 16.4462293333], "digidip": [14.821653, 15.631633, 15.6849086667, 14.8012716667], "ryanair": [117.789919, 118.217766, 118.165213, 0.7410236667, 118.251418], "dpa-infocom": [121.722522, 120.39314, 121.5722083333, 118.3134636667], "glomex": [14.8181936667, 9.625361, 117.582894, 9.6742123333, 117.5583326667, 9.5952453333, 17.1838133333, 14.8341083333, 14.7856166667, 14.828803, 19.0311546667, 118.2914986667, 9.6495396667, 17.2087236667, 118.1997473333, 17.2634733333], "adup-tech": [8.9603816667, 8.910907, 8.9497646667, 9.0032126667], "bazaarvoice": [18.977897, 8.4428326667, 17.2069313333, 17.541065, 17.5228686667, 18.9647986667, 8.1236926667, 17.163184], "yieldlove": [8.938038, 8.9377446667, 8.942548, 8.9435106667], "coinmarketcap": [17.4994273333, 125.358206, 19.074039, 9.3760483333, 8.9676736667, 122.1096103333, 8.963602, 16.9920663333, 121.680455, 8.9622656667, 14.1934596667, 17.5193503333, 14.0921763333, 18.960689, 17.5272686667, 8.9595983333, 8.4745103333, 8.9599143333, 121.4723386667, 125.365246, 125.2271526667, 8.140313, 121.8270773333, 8.9436043333, 17.5892016667, 9.069064, 8.9835493333, 126.005266], "avantisvideo": [8.910907, 9.9272553333, 9.5952453333, 9.131073, 9.6993806667, 9.6013143333, 9.6372116667, 8.955634], "t-online": [8.9399356667, 8.9784856667, 8.9759236667, 8.9223166667, 118.24033, 118.2373826667, 118.3661413333, 117.720688, 8.9571373333, 8.955634, 8.9104253333, 9.0053506667], "antillephone": [8.706417, 8.6338113333, 17.4121773333, 14.346526], "weltbild": [9.6433213333, 9.6182413333, 9.640286, 9.604031], "sharethis": [8.9591833333, 8.9365833333, 17.5411533333, 14.355699, 8.4580943333, 8.8863336667, 17.448479, 8.907656], "webgains": [101.1839273333, 85.4463416667, 86.198946, 86.6018506667], "intergient": [8.919358, 8.9840393333, 9.236379, 8.9221116667], "louis": [85.5777906667, 88.55882, 97.7456743333, 99.9664973333], "netdoktor": [8.9883243333, 8.9106323333, 9.069064, 8.9658903333], "makerist": [17.2573096667, 8.4208053333, 14.1754503333, 14.2211263333], "stuttgarter-zeitung": [18.7615923333], "saasexch": [100.75965, 90.87253, 8.9223166667, 8.9579203333, 8.9575036667, 101.82685, 85.76588, 8.925178], "trackonomics": [17.50333, 14.4445856667, 8.51338, 14.1597743333], "geeko": [16.4244386667, 9.6731413333, 18.895278, 18.0485523333, 9.9348, 16.3593146667, 17.079702, 9.6528223333, 18.9837193333, 17.1290086667, 16.343837, 9.682911], "onvista": [96.7686253333, 17.1885413333, 19.026251, 96.5416953333, 17.7350263333, 85.5440626667, 19.005367, 87.1750843333], "qimage": [88.1793073333, 86.1977023333, 86.7862423333, 89.1514483333], "rtl": [8.958494, 8.9079446667, 9.008133, 8.9494333333], "ab-in-den-urlaub": [1.2963666667, 1.5987676667], "tiqcdn": [17.5184646667, 17.5534736667, 14.2027556667, 8.5967683333], "s-onetag": [9.0546383333, 9.002623, 8.9491563333, 8.9340323333], "ensighten": [125.3350736667, 125.3428096667, 119.4384803333, 121.0962463333], "crowdin": [117.7160953333, 118.2281736667, 118.2342156667, 118.322403], "emarsys": [8.931018, 8.9180076667, 9.0283926667, 8.920949], "harborcdn": [119.5001596667, 8.938199, 9.210728, 8.953107, 123.2576383333, 125.2844563333, 121.5119036667, 8.9375706667], "mopo": [83.69579, 83.6274056667, 83.7032796667, 83.638759], "bild": [17.4875726667, 8.5993593333, 82.225296, 17.563143, 17.495456, 82.0894583333, 82.1452096667, 83.743924], "surveygizmo": [9.0312316667, 8.9401616667, 9.008133, 9.030247], "xceler8": [8.956792, 8.9063453333, 8.9676736667, 8.9217596667], "pushmaster": [19.0094153333, 19.1411533333, 16.8069663333, 18.151955], "adscale": [16.348392, 17.3216103333, 18.9690876667, 19.0492436667], "shz": [], "svonm": [17.1188096667, 18.0273486667, 16.5837516667, 17.732763], "abrankings": [8.9297933333, 8.9499003333, 8.8853613333, 8.9632293333],