{"ctfassets": [9.5945506667, 9.6683763333, 9.6742123333, 9.576305], "livebuy": [12.3418143333, 8.971457, 17.5521203333, 8.905701, 9.585538, 9.600984, 14.2251166667, 9.62931, 8.9354646667, 9.1781403333, 9.471419, 17.5049823333], "immobilienscout24": [12.4533683333, 14.1371203333, 12.4295053333, 12.4912326667, 9.2679083333, 7.9744683333, 12.647032, 8.453734], "n-tv": [12.4527296667, 12.699871, 8.947587, 12.4474916667, 17.413605, 12.608642, 14.265568, 12.4443016667, 12.453307, 8.9210373333, 9.2777326667, 14.325715, 12.5972986667, 8.519661, 8.9013246667, 12.5766976667], "dynamicyield": [8.9591833333, 8.9323633333, 12.468742, 12.4099313333, 9.6013946667, 12.454675, 8.950457, 8.9487766667, 8.929338, 8.955158, 9.6075576667, 8.938199, 8.9430966667, 9.5020253333, 9.6964546667, 8.959548, 9.210728, 9.6150066667, 12.4528153333, 8.925178], "hood": [14.394903, 8.4409023333, 17.5164256667, 14.3959386667], "static-bahn": [8.933694, 8.9892563333, 9.023516, 8.9306516667], "nmrodam": [30.5698186667, 8.4526736667, 17.5892463333, 14.2211263333, 17.668072, 17.4785286667, 17.2083716667, 19.09719], "priv": [9.6291396667, 9.6329613333, 9.6288546667, 9.6093813333], "ethinking": [17.5982336667, 8.6929886667, 14.258189, 14.337071], "p7s1": [14.2615566667, 8.9863823333, 8.8946173333, 9.623586, 8.1436453333, 14.3896166667, 8.901925, 8.940532, 9.9261753333, 8.6609063333, 9.610032, 8.910907, 8.9603816667, 9.6141903333, 8.7506, 8.78685, 9.6800113333, 17.516073, 17.2123893333, 8.9013246667], "netmera-web": [8.9757446667, 8.9075866667, 8.9990066667, 8.9180256667], "sabah": [8.9402606667, 8.9259116667, 8.9195123333, 8.948703], "unblockia": [8.9883243333, 8.9402606667, 8.9075256667, 8.9681526667], "welt": [8.9929083333, 14.282075, 8.9311706667, 14.0921763333, 17.815046, 8.5993593333, 16.47916, 17.563143, 14.3902863333, 8.940532, 8.0834516667, 17.4875726667, 9.0792883333, 8.942807, 14.4958803333, 8.4719023333, 12.467787, 12.5445503333, 17.523707, 12.5766976667, 17.50333, 8.9883803333, 8.726602, 13.3995326667, 17.495456, 18.1465883333, 14.355699, 17.5291816667, 16.925545, 9.4316043333, 8.9191366667, 8.4340643333], "lzstatic": [8.410315, 8.427595, 17.468183, 17.5063876667], "dwin2": [], "privacy-center": [14.282075, 8.4678873333, 8.6950546667, 14.3835306667], "userreport": [8.9979753333, 12.4754826667, 9.2882756667, 12.7139403333, 12.417427, 8.8992623333, 17.59219, 8.909641, 8.9392916667, 14.3959386667, 12.4173913333, 12.5314493333, 8.9317133333, 8.942548, 8.9385546667, 12.4492623333, 9.3748713333, 12.4728826667, 12.585126, 8.891733], "streamoptim": [17.4811106667, 24.9026203333, 12.4527296667, 17.279163, 12.4107386667, 18.9782736667, 12.5233173333, 19.1027626667], "adsafeprotected": [8.9874353333, 8.9367453333, 9.605167, 14.2280976667, 9.4310216667, 8.9663403333, 8.5301256667, 8.9354893333], "autohero": [8.9733856667, 8.9201663333, 9.6018686667, 8.9747603333, 8.9302383333, 9.0273256667, 9.6947703333, 8.9100906667, 9.5859193333, 8.929338, 9.6013143333, 8.8964133333], "dazn": [8.7035483333, 8.417471, 8.9409603333, 8.9714416667, 14.2210983333, 8.891733, 17.681099, 8.8723143333], "nordbayern": [14.258189, 9.2438146667, 9.243184, 17.5063876667], "oceansapart": [14.2403566667, 17.5063876667, 9.243184, 8.7857563333], "sueddeutsche": [8.4208053333, 8.9883243333, 17.5405183333, 8.9082333333, 8.955158, 9.1944176667, 9.069064, 17.2124546667, 8.4817373333], "igaming-service": [9.0578553333, 8.885553, 8.936644, 8.915506], "sprnv": [8.919358, 8.9411143333, 8.9409603333, 8.9177506667], "kicker": [14.02, 8.919358, 8.905545, 8.991637, 8.863843, 8.901925, 8.9773416667, 8.921085, 8.9051576667, 8.9515653333, 8.9409396667, 8.9261786667, 8.8910523333], "onlyfans": [12.4142783333, 12.608642, 12.8825746667, 12.5435916667], "conative": [9.5945506667, 9.6013143333, 9.737448, 9.60043], "justfashionnow": [9.2679083333, 8.9180326667, 8.9120526667, 9.0081486667, 9.2890603333, 8.42011, 14.1253076667, 8.9575376667], "digidip": [8.9124523333, 8.9297866667, 8.9732766667, 8.9206636667], "ryanair": [12.5416076667, 12.4662446667, 12.4756066667, 0.7410236667, 12.445663], "dpa-infocom": [14.3091506667, 14.3902863333, 17.4911963333, 8.4580943333], "glomex": [8.6609063333, 9.625361, 8.4047733333, 14.2615566667, 9.6742123333, 9.5952453333, 7.870609, 7.9217603333, 9.6495396667, 17.523707, 8.6313063333, 45.0427203333], "adup-tech": [8.9603816667, 8.910907, 9.0032126667, 8.9497646667], "bazaarvoice": [8.4428326667, 17.541065, 17.5228686667, 14.3535733333, 14.1815326667, 8.1236926667, 17.447361, 8.4818733333], "yieldlove": [8.938038, 8.9435106667, 8.942548, 8.9377446667], "coinmarketcap": [9.3760483333, 8.9676736667, 8.963602, 12.439619, 8.9622656667, 14.1934596667, 8.6950546667, 17.558495, 17.448479, 12.4702463333, 8.9595983333, 8.4745103333, 12.4912326667, 8.9599143333, 8.6952006667, 12.4173913333, 12.454824, 12.4226936667, 17.413605, 8.8569776667, 9.471419, 12.4284646667, 8.140313, 8.700488, 8.9436043333, 9.069064, 8.9835493333], "avantisvideo": [8.910907, 9.9272553333, 9.5952453333, 9.131073, 9.6993806667, 9.6013143333, 9.6372116667, 8.955634], "t-online": [8.9399356667, 8.9784856667, 8.9759236667, 8.9223166667, 8.9255363333, 8.9221116667, 9.0610996667, 8.9571373333, 8.955634, 8.9104253333, 8.9632293333, 9.0053506667], "antillephone": [8.706417, 8.6338113333, 17.4121773333, 14.346526], "weltbild": [9.6433213333, 9.6182413333, 9.640286, 9.604031], "sharethis": [8.9591833333, 8.9365833333, 17.5411533333, 14.355699, 8.4580943333, 8.8863336667, 17.448479, 8.907656], "webgains": [8.9694893333, 8.9493103333, 8.962399, 8.915194], "intergient": [8.919358, 8.9840393333, 9.236379, 8.9221116667], "louis": [8.8769006667, 8.9223166667, 8.9221793333, 8.9246543333], "netdoktor": [8.9883243333, 8.9106323333, 9.069064, 8.9658903333], "makerist": [17.2573096667, 8.4208053333, 14.1754503333, 14.2211263333], "stuttgarter-zeitung": [18.7615923333], "saasexch": [8.4745103333, 8.4049113333, 8.9223166667, 14.3835306667, 8.9579203333, 8.9575036667, 17.5135543333, 8.925178], "trackonomics": [17.50333, 14.4445856667, 8.51338, 14.1597743333], "geeko": [16.4244386667, 9.6731413333, 18.895278, 14.4739566667, 9.6528223333, 9.9348, 8.437086, 17.079702, 8.697941, 16.343837, 8.706417, 9.682911], "onvista": [8.946672, 8.91908, 8.9246543333, 9.6612756667, 9.5915466667, 9.3941976667, 9.6293906667, 9.60043], "qimage": [14.306184, 42.4099796667, 14.833426, 17.4770116667], "rtl": [8.958494, 8.9079446667, 9.008133, 8.9494333333], "ab-in-den-urlaub": [1.5987676667, 1.2963666667], "tiqcdn": [17.5184646667, 17.5534736667, 14.2027556667, 8.5967683333], "s-onetag": [9.0546383333, 9.002623, 8.9491563333, 8.9340323333], "ensighten": [14.838229, 12.5467013333, 12.5049066667, 12.4984366667], "crowdin": [14.4881566667, 17.500294, 14.3453483333, 17.738114], "emarsys": [8.931018, 8.9180076667, 9.0283926667, 8.920949], "harborcdn": [8.69079, 14.2974836667, 8.938199, 9.210728, 8.437086, 8.953107, 17.5135543333, 8.9375706667], "mopo": [8.936506, 8.9648836667, 8.933574, 9.1781403333], "bild": [17.4875726667, 8.9676736667, 8.8923803333, 8.5993593333, 17.563143, 17.495456, 8.9394933333, 8.939867], "surveygizmo": [9.0312316667, 8.9401616667, 9.008133, 9.030247], "xceler8": [8.9063453333, 8.9676736667, 8.956792, 8.9217596667], "pushmaster": [14.5899403333, 14.2916323333, 9.2882756667, 8.9191366667], "adscale": [9.008133, 8.9342073333, 8.9435106667, 8.9317133333], "shz": [], "svonm": [42.6519633333, 14.838229, 12.4702463333, 12.441473], "abrankings": [8.9297933333, 8.9499003333, 8.8853613333, 8.9632293333], "bamgrid": [8.928943, 8.921457, 8.947587, 8.8682926667, 8.9703733333, 8.9929083333, 8.975134, 8.925178], "dpa-sportslive": [8.936506, 8.9571373333, 9.9272553333, 8.9869626667], "dwin1": [], "trov": [9.637782, 8.9571373333, 8.937378, 8.9338676667], "ptengine": [8.934846, 14.3535733333, 17.2123893333, 14.0477466667, 17.213389, 8.9216546667, 8.9481963333, 8.950457], "vorwerk-digital": [14.2009206667, 8.9957693333, 8.9191366667, 17.738114],