{"ctfassets": [9.9773056667, 1.5972206667, 1.3076456667, 1.41194], "livebuy": [1.3759783333, 1.6240473333, 1.190527, 1.2028226667, 1.243431, 1.3459433333, 0.9986506667, 10.348632, 10.4293266667, 1.3607956667, 0.8194113333, 10.434539], "immobilienscout24": [1.2156023333, 1.0033956667, 1.3234233333, 1.0130313333, 1.6131636667, 1.1355956667, 10.3507633333, 1.0042993333], "n-tv": [1.3472256667, 3.5654123333, 1.8563853333, 1.192433, 1.8801583333, 10.004182, 10.475321, 1.293741, 1.832863, 12.622689, 0.945408, 1.327735, 3.25405, 1.665538, 12.584914, 3.7056816667], "dynamicyield": [1.2038626667, 1.201267, 0.9120733333, 10.354871, 1.17868, 10.0827606667, 1.2606393333, 21.5887556667, 9.9886643333, 9.760965, 22.7407076667, 1.396906, 9.907482, 1.3029263333, 1.2306626667, 10.0554316667, 9.9979706667, 9.835669, 1.156688, 1.387339], "hood": [10.4360026667, 0.81775, 10.0601476667, 10.2681873333], "static-bahn": [1.3148913333, 1.384414, 1.2963763333, 1.4108856667], "nmrodam": [1.6131876667, 10.009641, 0.9084476667, 1.6457843333], "priv": [1.4494323333, 1.3444386667, 1.3784126667, 1.361289], "ethinking": [0.8907756667, 1.1996816667, 1.2094293333, 1.1739266667], "p7s1": [10.3199066667, 10.0100753333, 1.2254606667, 10.353608, 1.0199396667, 1.0050176667, 1.4463113333, 1.2680236667, 1.4144973333, 1.242411, 10.0087846667, 10.0446003333, 1.2374866667, 1.2678493333, 1.6160943333, 1.1773306667, 10.5382593333, 0.9976286667, 10.528034, 0.8310143333], "netmera-web": [1.361289, 1.3822443333, 2.224707, 1.553167], "sabah": [9.912151, 9.99433, 10.3834433333, 58.2751726667, 0.8135383333], "unblockia": [1.387339, 1.353241, 1.2310696667, 1.1793266667], "welt": [9.9489903333, 1.31503, 19.091483, 9.9099913333, 17.1927896667, 1.1355386667, 1.4434343333, 17.902905, 1.2018513333, 1.4463113333, 0.8705083333, 10.444606, 1.3167973333, 2.0790356667, 10.5079286667, 10.4579026667, 6.5625753333, 0.9148576667, 19.0311546667, 1.6774393333, 10.2139606667, 1.8095173333, 9.0888606667, 10.377242, 9.875594, 0.8770463333, 1.4510073333, 11.0380956667, 7.401229, 10.5729923333, 1.8228746667, 1.9647173333], "lzstatic": [10.0134136667, 1.2357233333, 1.378369, 10.212801], "dwin2": [], "privacy-center": [0.9057286667, 10.2461276667, 9.983668, 1.2241993333], "userreport": [1.2242093333, 0.8816096667, 0.8963873333, 1.17868, 0.9276963333, 9.971664, 10.446505, 0.8699423333, 1.2840226667, 1.355229, 1.6082413333, 9.9697156667, 1.27129, 10.4180276667, 37.2973183333, 1.2156023333, 1.349666, 1.3977086667, 10.380664, 10.340554], "streamoptim": [10.4759923333, 0.8773816667, 1.192649, 10.0087846667, 10.0648146667, 10.5298306667, 10.4734106667, 10.0573906667], "adsafeprotected": [7.541322, 1.1445933333, 16.8671436667, 1.4439606667, 1.2168023333, 16.8332636667, 1.4456933333, 7.777675], "autohero": [3.241034, 0.9034086667, 0.8759813333, 3.1922663333, 0.89428, 10.6071323333, 0.895715, 10.519587, 3.7514473333, 10.4518066667, 9.8744383333, 3.209985], "dazn": [1.3842196667, 10.48616, 1.26946, 10.0564853333, 2.0234656667, 9.925195, 1.3554283333, 1.6697823333], "nordbayern": [11.2779113333, 11.3024993333, 11.387031, 11.2711056667], "oceansapart": [1.488543, 10.3495626667, 1.378369, 9.9206773333], "sueddeutsche": [9.9570793333, 1.116789, 1.2558206667, 1.317114, 1.2207876667, 0.890863, 17.2124546667, 10.2289633333, 1.180781], "igaming-service": [10.2991343333, 1.2110156667, 0.8772736667, 10.3506096667], "sprnv": [1.3330476667, 1.2680236667, 1.242411, 10.5382593333], "kicker": [14.02, 10.3762856667, 11.285897, 1.614063, 10.0087846667, 1.623248, 11.234385, 11.310785, 10.3329496667, 11.2726823333, 10.3506096667, 10.389519, 10.501755], "onlyfans": [1.2094293333, 0.8668263333, 0.8950716667, 10.041358], "conative": [1.134769, 1.830241, 1.5723873333, 1.4635626667], "justfashionnow": [1.1339393333, 1.3858226667, 1.39436, 1.6745253333, 1.0866133333, 1.3987186667, 1.4177053333, 1.1164116667], "digidip": [0.8595076667, 10.362681, 9.832895, 10.5244006667], "ryanair": [2.8419563333, 10.004536, 0.7410236667, 1.3745356667, 10.469915], "dpa-infocom": [1.2956363333, 0.8958093333, 0.951257, 1.2606393333], "glomex": [1.277784, 1.1137206667, 1.0999956667, 1.8360523333, 10.456662, 1.700953, 1.649018, 1.2885226667, 1.106647, 1.8798516667, 10.5418886667, 1.1448973333], "adup-tech": [1.2579783333, 1.539282, 1.211548, 10.6427756667], "bazaarvoice": [10.430529, 0.9057286667, 0.937239, 1.6449276667, 1.83766, 9.9945283333, 9.848042, 1.6567803333], "yieldlove": [0.8376943333, 10.4709646667, 1.7318666667, 1.013308], "coinmarketcap": [1.1902616667, 1.2377246667, 10.2836463333, 10.6071323333, 1.6131636667, 1.2254606667, 0.8681676667, 1.6053146667, 1.3513516667, 11.2930376667, 11.3082046667, 11.2691976667, 10.0648146667, 1.1739266667, 9.9780623333, 10.4531436667, 11.292724, 11.3098883333, 11.265957, 1.6025996667, 1.5174556667, 11.2743553333, 10.3179293333, 1.277463, 10.4968236667, 11.25686, 1.3977086667, 1.4150146667], "avantisvideo": [1.285672, 9.8813816667, 1.1708953333, 10.0078346667, 1.406456, 10.0446003333, 1.7602916667, 1.2569486667], "t-online": [9.8665233333, 1.2563263333, 1.3757653333, 0.8907756667, 9.808107, 1.209669, 1.27706, 1.0378133333, 9.8787806667, 1.0689156667, 1.38364, 10.3347406667], "antillephone": [1.3878543333, 1.361289, 1.304994, 1.6667553333], "weltbild": [0.9057286667, 10.3142373333, 0.91425, 1.0272913333], "sharethis": [1.308939, 1.3287063333, 1.1094123333, 1.392332, 1.1708243333, 0.9895626667, 1.2052893333, 1.695337], "webgains": [9.9829043333, 0.938081, 10.0109486667, 10.0122143333], "intergient": [0.9086526667, 1.1124453333, 0.8880136667, 10.020478], "louis": [1.8460756667, 1.7559016667, 1.7523096667, 1.8513816667], "netdoktor": [0.9207766667, 10.4530003333, 1.245613, 1.295229], "makerist": [9.8310263333, 1.1936136667, 0.8135383333, 9.877361], "stuttgarter-zeitung": [18.7615923333], "saasexch": [1.311529, 9.9354296667, 1.1832853333, 21.6184596667, 9.8240863333, 1.1434786667, 1.9929053333, 9.786318], "trackonomics": [7.0708663333, 7.536954, 16.1497606667, 16.0630356667], "geeko": [1.198961, 1.3148913333, 1.7987296667, 1.291974, 1.3532666667, 1.027033, 1.2957313333, 1.060394, 10.4267143333, 1.5530336667, 0.8829716667, 10.501755], "onvista": [10.0760166667, 1.1942583333, 1.280034, 9.955803, 9.8848556667, 1.5866003333, 0.823973, 1.4003826667], "qimage": [1.6267986667, 0.893199, 1.355229, 10.0087116667], "rtl": [9.9323, 10.2326373333, 9.848261, 0.838081], "ab-in-den-urlaub": [1.2963666667, 1.5987676667], "tiqcdn": [0.801573, 9.9349213333, 10.0054686667, 10.3291033333], "s-onetag": [1.321952, 1.002068, 1.4288873333, 1.0022383333], "ensighten": [1.2056813333, 1.312836, 1.258138, 1.553167], "crowdin": [9.8263166667, 10.044658, 0.8380146667, 9.93762], "emarsys": [10.3986026667, 1.2266066667, 1.3209286667, 9.9529036667], "harborcdn": [1.3100456667, 1.0408503333, 1.241645, 1.1907746667, 1.2952486667, 10.654678, 1.8793366667, 10.5192273333], "mopo": [10.435417, 10.2866523333, 1.1331626667, 1.730189], "bild": [7.8400486667, 1.2018513333, 7.8322836667, 7.835092, 7.8205656667, 1.4510073333, 1.1355386667, 1.4434343333], "surveygizmo": [0.930508, 2.0452526667, 1.2991846667, 10.4334936667], "xceler8": [], "pushmaster": [3.3981913333, 1.6697823333, 9.957311, 10.3261253333], "adscale": [1.2492253333, 9.832895, 9.9826436667, 10.541548], "shz": [], "svonm": [10.3131396667, 2.4139453333, 9.9206846667, 9.8373773333], "abrankings": [9.9623613333, 1.0914076667, 10.501755, 10.023957], "bamgrid": [1.1445933333, 1.203058, 1.1011543333, 1.4111993333, 1.3396486667, 1.5144656667, 1.4438736667, 1.449959], "dpa-sportslive": [1.1456376667, 1.6892316667, 9.970609, 0.8914193333], "dwin1": [], "trov": [1.451578, 1.060394, 1.4480516667, 1.116396], "ptengine": [0.8160666667, 9.875594, 9.8263166667, 1.4004483333, 1.4096616667, 1.0050176667, 1.103999, 1.0101433333], "vorwerk-digital": [1.4510073333, 1.4228096667, 1.355534, 1.3987186667], "joblift": [7.03253, 15.8027583333, 7.3084313333, 16.1843403333], "tvmovie": [0.771367, 10.122461, 1.0407706667, 9.8824193333],