{"ctfassets": [203.7329123333, 179.5936686667, 164.0975196667, 170.5047733333], "livebuy": [188.894654, 182.2620116667, 178.622021, 208.7291083333, 181.5192063333, 172.5182053333, 178.5795693333, 179.644267, 171.49275, 176.1224093333, 175.8577613333, 173.5539703333], "immobilienscout24": [171.0659566667, 166.9784793333, 166.3505096667, 163.2963406667, 173.8052136667, 190.476377, 166.1674616667, 173.407454], "n-tv": [163.6793576667, 201.4182073333, 22.6548116667, 21.6336373333, 14.9522786667, 13.9371966667, 167.2318753333, 173.5267356667, 167.334377, 9.770929, 173.3496276667, 13.9884936667, 9.9291893333, 179.3368566667, 170.335031, 22.425911], "dynamicyield": [178.1726563333, 182.639615, 173.292319, 167.049615, 178.5369853333, 172.9408833333, 162.2674003333, 178.8950673333, 170.0475123333, 169.8378543333, 178.520641, 177.9462863333, 182.2008526667, 182.611525, 170.4432263333, 179.408716, 164.2985326667, 182.6713356667, 178.423923, 166.857147], "hood": [178.3772236667, 193.78449, 168.6257333333, 163.8369156667], "static-bahn": [9.799918, 21.3487013333, 9.767886, 22.59474], "nmrodam": [185.6992433333, 168.285286, 178.036551, 166.4986573333], "priv": [173.2730293333, 164.664951, 166.9082806667, 182.6759403333], "ethinking": [181.2906613333, 185.1196073333, 171.6216243333, 175.4239353333], "p7s1": [188.9538733333, 178.8329296667, 12.51143, 180.259467, 24.9026203333, 170.751787, 12.403423, 168.7276563333, 178.3772236667, 167.3475933333, 173.2574363333, 163.8369156667, 181.7306873333, 178.4594693333, 170.373209, 173.106124, 208.7291083333, 13.3995326667, 179.7926573333, 196.95451], "netmera-web": [172.550609, 172.3953783333, 176.3864616667, 174.51277], "sabah": [12.455607, 12.6417473333, 12.4708023333, 12.4570636667, 58.2751726667], "unblockia": [178.725739, 174.898731, 172.533323, 166.0651563333], "welt": [170.4459483333, 179.3261886667, 22.6223043333, 12.4570636667, 10.46454, 170.2822326667, 12.39594, 10.389519, 203.7329123333, 12.4505826667, 21.5605563333, 14.838229, 170.4506536667, 1.3221443333, 179.2075496667, 173.5267356667, 9.786318, 12.5233173333, 9.9987893333, 167.0020433333, 12.454824, 12.4173913333, 12.467787, 163.6793576667, 0.894883, 9.9328043333, 9.9354296667, 206.9856063333, 9.7727383333, 9.8267483333, 182.8441123333, 181.152445], "lzstatic": [170.334564, 184.2536376667, 197.261081, 164.4050143333], "dwin2": [], "privacy-center": [165.2174236667, 172.9412683333, 184.9176626667, 166.1746623333], "userreport": [178.7204883333, 181.722603, 179.600684, 173.136323, 164.0990933333, 169.381417, 173.388935, 172.946408, 175.8005913333, 182.2008526667, 201.4182073333, 179.408716, 188.5366383333, 181.5707656667, 166.5240116667, 209.8873276667, 172.8907106667, 175.8577613333, 166.857147], "streamoptim": [184.2888906667, 178.4961313333, 167.0991673333, 160.9433606667, 170.376966, 178.423923, 179.2167643333, 181.8062513333], "adsafeprotected": [184.1446476667, 172.8747593333, 179.1140373333, 181.958169, 172.9408833333, 175.0852243333, 164.0990933333, 181.6035333333], "autohero": [170.4459483333, 179.5100356667, 181.818215, 171.49275, 182.536479, 165.7233823333, 185.361764, 182.2284173333, 163.9269006667, 179.9569153333, 179.174869, 176.496515], "dazn": [166.3639536667, 180.753739, 172.08955, 167.015779, 171.1307473333, 178.398355, 170.6273473333, 176.121123], "nordbayern": [9.7627033333, 9.7034533333, 9.9209603333, 9.8208206667], "oceansapart": [9.9857936667, 22.6519836667, 21.6580276667, 21.5719083333], "sueddeutsche": [182.826124, 173.8814973333, 179.0375086667, 182.279808, 182.7994503333, 172.9850633333, 164.3202806667, 17.2124546667, 165.8796956667], "igaming-service": [182.313635, 209.8873276667, 179.1555963333, 187.6320763333], "sprnv": [166.8986286667, 182.6713356667, 166.5419913333, 176.5414473333], "kicker": [167.5535216667, 213.0986326667, 179.5253396667, 171.9955906667, 14.02, 172.08955, 206.7958593333, 170.554853, 172.714642, 169.1100353333, 172.8119216667, 170.1356793333, 165.4180223333], "onlyfans": [181.8560973333, 184.560833, 177.8582383333, 167.0991673333], "conative": [178.700212, 179.8857853333, 170.5047733333, 181.7583913333], "justfashionnow": [181.5707656667, 181.708427, 13.9407806667, 170.218664, 176.8623226667, 13.93021, 22.4621593333, 22.425911], "digidip": [172.8747593333, 179.1555963333, 164.00301, 173.6270396667], "ryanair": [175.991712, 170.4463653333, 0.7410236667, 209.352825, 185.4916633333], "dpa-infocom": [175.562873, 170.33887, 179.174869, 178.569828], "glomex": [163.3313196667, 170.8279866667, 173.3166746667, 172.7748673333, 170.4506536667, 175.872228, 180.019891, 179.7558976667, 176.756629, 178.838396, 182.9458143333, 175.7751156667], "adup-tech": [176.0732173333, 167.5116143333, 176.756629, 179.2075496667], "bazaarvoice": [177.277689, 183.3079006667, 176.6345903333, 167.3506706667, 172.9617613333, 181.581239, 185.2309773333, 173.3496276667], "yieldlove": [180.6448206667, 166.711898, 170.1356793333, 164.2934123333], "coinmarketcap": [178.2063973333, 179.257568, 163.383344, 181.5107443333, 178.6544216667, 167.2780846667, 170.4953363333, 177.017933, 160.8608156667, 181.6035333333, 182.0418206667, 167.0020433333, 171.6216243333, 173.2569153333, 173.0361623333, 170.3246116667, 178.770853, 165.186836, 178.342649, 167.413361, 181.5707656667, 208.7291083333, 170.4461343333, 170.0222676667, 161.0832043333, 179.1826286667, 169.5212013333, 178.4961313333], "avantisvideo": [176.477674, 178.9687393333, 166.5240116667, 173.1705343333, 172.7164613333, 184.6955663333, 178.7871953333, 179.3922296667], "t-online": [176.569669, 179.447868, 178.943048, 178.2063973333, 176.051721, 173.2467956667, 191.203311, 174.898731, 167.049615, 185.598057, 175.0897753333, 179.485148], "antillephone": [213.0986326667, 171.7088206667, 193.7740946667, 181.5211346667], "weltbild": [170.4437086667, 170.1356793333, 181.9789476667, 190.476377], "sharethis": [175.7548253333, 228.6299583333, 176.6202226667, 213.1337866667, 225.5885246667, 178.4897353333, 212.1879003333, 170.3305756667], "webgains": [183.067173, 182.0418206667, 167.5116143333, 181.9222153333], "intergient": [178.4745446667, 182.6713356667, 168.3034146667, 178.569828], "louis": [180.6980336667, 166.1746623333, 167.015779, 178.8950673333], "netdoktor": [182.1913533333, 175.2653586667, 179.9569153333, 179.2075496667], "makerist": [175.0852243333, 167.0651856667, 172.8131036667, 168.6047243333], "stuttgarter-zeitung": [18.7615923333], "saasexch": [176.480485, 164.443206, 184.9176626667, 168.2878663333, 179.5100356667, 164.1731866667, 171.1307473333, 180.742494], "trackonomics": [224.6049553333, 210.4037776667, 220.4163806667, 216.0978366667], "geeko": [184.1446476667, 187.6320763333, 172.8747593333, 179.1485526667, 179.3329093333, 179.3305313333, 175.8005913333, 167.255087, 179.3805743333, 175.7473003333, 197.3391103333], "onvista": [21.5476873333, 11.2723006667, 10.029968, 11.4997086667, 11.2743833333, 11.31498, 10.0239543333, 52.4733213333], "qimage": [182.187845, 166.711898, 164.027122, 173.2957226667], "rtl": [167.36181, 178.723431, 170.9620246667, 164.1676203333], "ab-in-den-urlaub": [1.5987676667, 1.2963666667], "tiqcdn": [166.8986286667, 178.3379033333, 178.206658, 175.9369836667], "s-onetag": [182.8055946667, 179.7393676667, 179.8573456667, 185.598057], "ensighten": [180.0413003333, 170.2304593333, 170.4432263333, 208.7291083333], "crowdin": [181.9380346667, 179.1140373333, 179.1768123333, 181.8473263333], "emarsys": [212.1246713333, 223.4972043333, 220.5418756667, 205.9944873333], "harborcdn": [172.6431096667, 180.259467, 170.376966, 178.8820023333, 167.3596496667, 168.6375133333, 176.8623226667, 172.068621], "mopo": [12.7139403333, 12.4025946667, 12.490379, 12.504445], "bild": [176.140909, 9.7952476667, 173.106124, 9.7971516667, 178.015016, 21.505206, 9.800876, 179.633957], "surveygizmo": [226.8835293333, 233.233982, 230.234211, 229.9608046667], "xceler8": [180.5370423333, 177.4233203333, 184.8422993333, 176.5813756667],