{"tagcommander": [19.9014053333], "paypal": [0.6708546667, 0.8230846667, 0.66125, 0.8484066667], "snrcdn": [], "ltwebstatic": [0.8486773333, 0.9868293333], "twimg": [0.374343], "linkedin": [41.31165, 49.5832496667, 49.2375113333, 50.1675113333, 50.447412, 49.5361843333, 42.1729273333, 42.1305606667, 49.2451246667], "msecnd": [0.403158], "securedataimages": [0.8684656667], "dreamstime": [0.378581], "yotpo": [0.481994], "cookieinformation": [0.3488563333], "twitter": [0.4251613333], "trustcommander": [1.3156576667], "cpmstar": [0.3945576667], "paypalobjects": [27.783481, 27.168093], "ebaystatic": [0.44588]}