{"tagcommander": [1.3156576667], "paypal": [0.6708546667, 0.8230846667, 0.66125, 0.8484066667], "snrcdn": [], "ltwebstatic": [9.9372316667, 0.8486773333, 9.7061003333, 0.9868293333], "twimg": [0.374343], "linkedin": [0.3984686667], "msecnd": [0.403158], "securedataimages": [0.8684656667], "dreamstime": [0.378581], "yotpo": [0.481994], "cookieinformation": [0.3488563333], "twitter": [0.527978], "trustcommander": [1.3156576667], "cpmstar": [0.3945576667], "paypalobjects": [27.783481, 27.168093], "ebaystatic": [0.7165893333, 0.6908773333, 0.6596936667, 0.7167116667]}