{"tagcommander": [0.7510703333, 0.6432, 0.7200483333, 0.6567086667], "paypal": [0.6708546667, 0.8230846667, 0.66125, 0.8484066667], "snrcdn": [], "ltwebstatic": [0.8486773333, 0.9868293333], "twimg": [162.162174], "linkedin": [113.8773266667, 124.2296623333], "msecnd": [158.9503516667], "securedataimages": [164.3572376667], "dreamstime": [255.830478], "yotpo": [166.4752933333], "cookieinformation": [163.6226006667], "twitter": [161.1154966667], "trustcommander": [255.629097], "cpmstar": [167.2598673333], "paypalobjects": [27.783481, 27.168093], "ebaystatic": [0.7165893333, 0.6908773333, 0.6596936667, 0.7167116667]}