{"nr-data": [1.0664886667, 1.12168], "mediavine": [0.6965616667, 0.674403, 0.684653, 0.9019263333], "ticketmaster": [0.8347946667, 0.846162, 1.0828986667, 0.683034], "vimeocdn": [9.7503466667], "sentry-cdn": [1.2653616667, 0.64949, 1.4231663333, 0.674414], "pinterest": [47.62343, 0.9412113333, 0.6438926667, 36.1926166667, 0.69773, 1.0888583333], "cbsivideo": [10.1144643333], "baqend": [0.6582066667, 0.680593, 0.7094143333, 1.0650196667], "px-cdn": [0.6770966667, 0.7312403333, 0.964468, 0.6692626667], "taboola": [0.6517796667, 0.6809696667, 0.725245, 0.6655786667], "reddit": [1.3434166667, 0.689228, 0.8049343333, 0.7824196667], "kaufland": [1.3230153333, 0.6990213333, 0.6697313333, 0.695557], "imgix": [1.2029096667, 9.7533926667], "outbrain": [34.1274356667, 6.2842263333], "cloudinary": [1.0323703333, 0.7174396667, 0.6365533333, 0.611444], "opodo": [0.6954536667], "amazon": [116.5849456667, 115.9206676667, 116.887518], "berliner-kurier": [6.298141], "thingiverse": [0.8918086667, 0.7917993333, 0.6588613333, 0.844526, 0.6065883333, 1.023551], "scdn": [9.7023353333, 0.7321516667], "guardianapis": [1.1580693333, 0.8656113333, 0.6799403333, 0.9120113333], "nike": [36.025963], "everesttech": [0.9048366667, 0.765509, 0.658709, 0.7369816667], "mps-gba": [0.6567086667, 0.6432, 0.7200483333, 0.7510703333], "zeit": [0.765509, 0.658709, 0.9048366667, 0.7586883333, 0.7369816667], "braintreegateway": [40.3661863333, 40.3596173333, 40.3614086667, 28.8585786667], "w-x": [0.8918086667, 0.6065883333, 0.6588613333, 1.023551], "redd": [1.3434166667, 0.689228, 0.8049343333, 0.7824196667], "fastly": [0.689314, 0.6605516667, 0.6348113333, 0.8598383333, 0.9406353333, 0.6469653333, 0.7783656667, 0.6759096667], "tmecosys": [49.502617, 42.320222], "redditmedia": [1.3434166667, 0.689228, 0.8049343333, 0.7824196667], "ads-twitter": [6.250692], "speedcurve": [1.2653616667, 0.64949, 1.4231663333, 0.674414], "paypal": [29.7792083333, 0.6708546667, 0.8230846667, 0.8075093333, 28.7484826667, 0.8729393333, 0.6782996667, 0.8484066667, 0.66125, 1.46749], "spotifycdn": [45.5614753333], "etsy": [0.8218616667, 0.726667, 0.654805, 1.388547], "upday": [0.7510703333, 0.6432, 0.7200483333, 0.6567086667], "evgnet": [1.2184963333, 0.8823083333, 0.9967453333, 1.093708], "theguardian": [0.9120113333, 1.1580693333, 0.6799403333, 0.8656113333], "wfxtriggers": [0.6567086667, 0.6432, 0.7200483333, 0.7510703333], "polyfill": [0.677628, 0.651947, 0.629318, 0.7236166667], "engelbert-strauss": [0.6868663333, 1.046527, 0.6739766667, 0.6423793333], "github": [84.208721, 0.8826136667], "newrelic": [0.700594, 0.6624686667, 0.6518073333, 0.9205873333], "split": [1.031187, 0.692826, 0.8713856667, 1.0715083333], "wfcdn": [0.700652, 0.69776, 1.293273, 1.204598], "guim": [1.1580693333, 0.8656113333, 0.6799403333, 0.9120113333], "netzwelt": [0.8683793333, 2.652591, 0.7187126667, 0.6587003333, 1.413699], "media-amazon": [40.394933, 0.6890566667, 0.6343243333, 0.6572466667, 0.7147953333], "jsdelivr": [0.8306543333, 0.6834103333, 0.6199206667, 0.7730793333], "githubassets": [0.670424, 0.8539286667, 0.6447503333, 0.636876], "guardianapps": [1.1580693333, 0.8656113333, 0.6799403333, 0.9120113333], "ravenjs": [1.2653616667, 0.674414, 1.4231663333, 0.64949], "ebaystatic": [0.44588], "innogamescdn": [0.876247, 46.8270726667, 0.705558, 0.8208616667, 0.7650043333], "eurogamer": [0.6497123333, 0.7762463333, 1.150808, 0.7015946667], "web": [0.8763616667], "fetlife": [1.5509176667, 0.910114, 1.0529266667, 1.0019083333], "adnxs": [1.1215253333, 0.718307, 0.7482243333, 0.6206596667], "tripadvisor": [0.9400876667, 0.6688683333, 0.724018, 0.638533, 1.0431883333, 0.8943493333, 0.697383, 0.8642533333], "cbsi": [6.321542], "stackoverflow": [0.82988, 0.6566883333, 0.6361363333, 0.6442076667], "twimg": [0.6550823333], "perfectmarket": [0.6517796667, 0.6655786667, 0.6809696667, 0.725245], "redditstatic": [], "twitch": [0.704282, 0.6262816667, 0.711715, 0.9672546667, 2.3480016667], "medallia": [9.756559], "tacdn": [1.118836, 0.697176, 0.650804, 0.7650976667], "apester": [0.674414, 1.4231663333, 0.64949, 1.2653616667], "inside-digital": [1.5509176667], "nkd": [0.620842, 1.086452, 0.6941146667, 0.6583806667], "reedpopcdn": [1.150808, 0.7762463333, 0.6497123333, 0.7015946667], "wayfair": [1.0228386667, 0.7183313333, 0.6265373333, 0.6675686667, 1.423069, 0.6557236667, 0.6714726667, 0.9021813333], "pnp": [1.5158683333, 0.6970743333, 1.0223963333, 0.654021], "ketchjs": [0.700594, 0.6518073333, 0.6624686667, 0.9205873333], "boltdns": [0.6371153333, 0.6580333333, 1.036659, 0.987532], "braze": [0.7183313333, 0.6714726667, 0.6675686667, 0.9021813333], "webcontentassessor": [0.674414, 1.4231663333, 0.64949, 1.2653616667], "gofeminin": [0.5397883333], "perimeterx": [33.338817], "ketchcdn": [0.6567086667, 0.6432, 0.7200483333, 0.7510703333], "podlove": [0.6756723333, 0.669445, 0.9441083333, 0.6623573333], "hubvisor": [0.6567086667, 0.6432, 0.7200483333, 0.7510703333], "pantheonsite": [0.7105883333], "holidaycheck": [33.306639], "asideas": [0.6567086667, 0.6432, 0.7200483333, 0.7510703333], "spektrum": [0.6567086667, 0.6432, 0.7200483333, 0.7510703333], "sstatic": [0.82988, 0.6361363333, 0.6442076667, 0.6566883333], "noibu": [40.3234853333, 40.4279096667, 40.2938583333, 28.94371], "lieferando": [0.6207526667, 0.6505766667, 1.7341716667, 0.6929486667], "apotheken-gesundheit": [26.1156593333, 27.672755, 25.4071983333], "rossmann": [0.8918086667, 0.6065883333, 0.6588613333, 1.023551], "ok-magazin": [5.5615556667, 4.9753316667], "chartbeat": [1.1691703333, 0.9600626667, 0.674472, 0.6834193333], "bbc": [0.6910686667, 0.6596576667, 0.7307173333, 0.6690906667], "bestereviews": [33.305714], "ubembed": [0.6555783333, 0.8562243333, 0.6767926667, 0.631077], "prismic": [], "decathlon": [18.0191783333, 17.9992476667], "klambt": [0.6446456667, 0.990579, 1.649619, 0.678166], "launchdarkly": [0.674414, 1.4231663333, 0.64949, 1.2653616667]}