{"nr-data": [1.0664886667, 0.6854173333], "mediavine": [8.850119], "ticketmaster": [0.8347946667, 1.0828986667, 0.846162, 0.683034, 0.683649], "vimeocdn": [0.8182436667, 9.0371056667], "sentry-cdn": [0.674414, 1.4231663333, 0.64949, 1.2653616667], "pinterest": [0.9412113333, 0.6438926667, 8.82173, 9.0776533333, 0.69773, 1.0888583333], "cbsivideo": [9.0435163333], "baqend": [0.6582066667, 0.680593, 0.7094143333, 1.0650196667], "px-cdn": [9.044731], "taboola": [9.06108, 0.8150623333], "reddit": [0.8049343333, 0.671327, 0.689228, 8.8213136667, 0.7824196667, 1.3434166667], "kaufland": [1.3230153333, 0.6990213333, 0.6697313333, 0.695557], "imgix": [1.2029096667, 9.0673336667], "outbrain": [9.0808783333], "cloudinary": [0.970535, 0.7976323333, 0.627258], "opodo": [0.6954536667], "amazon": [116.5849456667, 115.9206676667, 116.887518], "berliner-kurier": [9.0673336667], "thingiverse": [0.8918086667, 0.7917993333, 0.6588613333, 8.8501873333, 0.844526, 0.6065883333, 1.023551], "scdn": [0.7321516667], "guardianapis": [8.8225423333], "nike": [0.9792783333], "everesttech": [8.7793823333], "mps-gba": [0.6567086667, 0.6432, 0.7200483333, 0.7510703333], "zeit": [0.7586883333, 8.7793823333], "braintreegateway": [7.9983043333, 7.8568166667, 7.837832, 7.8400486667], "w-x": [8.8501873333, 0.681134], "redd": [0.671327, 8.8213136667], "fastly": [0.6952086667, 1.141923], "tmecosys": [8.8656956667], "redditmedia": [0.8049343333, 0.689228, 8.8213136667, 0.7824196667, 1.3434166667], "ads-twitter": [0.9936046667], "speedcurve": [0.736221], "paypal": [0.635431, 28.7484826667, 0.9462803333, 29.7792083333], "spotifycdn": [8.8385933333], "etsy": [0.8218616667, 0.726667, 0.654805, 1.388547], "upday": [9.0808783333], "evgnet": [1.2184963333, 0.8823083333, 0.9967453333, 1.093708], "theguardian": [0.6799403333, 0.9710653333, 0.8656113333, 1.1580693333, 0.9120113333], "wfxtriggers": [9.0808783333], "polyfill": [0.6810333333], "engelbert-strauss": [8.823813], "github": [83.9576616667, 0.8826136667], "newrelic": [0.6773696667], "split": [0.6596846667], "wfcdn": [8.8143673333], "guim": [8.8225423333], "netzwelt": [8.7828746667, 1.413699], "media-amazon": [0.6640966667, 10.1186046667], "jsdelivr": [0.8745583333], "githubassets": [0.670424, 0.8539286667, 0.6447503333, 0.636876], "guardianapps": [8.8225423333], "ravenjs": [1.2653616667, 0.674414, 1.4231663333, 0.64949], "ebaystatic": [8.8937626667], "innogamescdn": [0.8182436667, 0.5694186667], "eurogamer": [1.150808, 0.7762463333, 0.6497123333, 0.7015946667], "web": [0.8763616667], "fetlife": [1.5509176667, 0.943861, 1.0019083333, 1.0529266667, 0.910114], "adnxs": [8.8057136667], "tripadvisor": [0.6688683333, 1.0431883333, 8.8385333333, 0.697383, 0.8943493333], "cbsi": [0.763317], "stackoverflow": [0.82988, 0.6566883333, 0.6361363333, 0.6442076667], "twimg": [6.300816], "perfectmarket": [9.06108], "redditstatic": [], "twitch": [0.704282, 0.6262816667, 0.711715, 0.9672546667, 2.3480016667], "medallia": [9.0595333333], "tacdn": [6.2782793333], "apester": [8.7815376667], "inside-digital": [1.5509176667], "nkd": [1.086452, 0.620842, 0.6941146667, 0.6583806667], "reedpopcdn": [9.0610393333], "wayfair": [0.6766066667, 9.292189], "pnp": [1.5158683333, 0.6970743333, 1.0223963333, 0.654021], "ketchjs": [0.6773696667], "boltdns": [8.8249096667], "braze": [9.292189], "webcontentassessor": [0.736221], "gofeminin": [0.5397883333], "perimeterx": [0.7762486667], "ketchcdn": [1.378701], "podlove": [0.6756723333, 0.669445, 0.9441083333, 0.6623573333], "hubvisor": [1.378701], "pantheonsite": [0.7105883333], "holidaycheck": [0.665482], "asideas": [1.378701], "spektrum": [9.0808783333], "sstatic": [0.82988, 0.6566883333, 0.6361363333, 0.6442076667], "noibu": [10.1556426667, 10.102021, 11.5176083333, 10.0680696667], "lieferando": [0.6207526667, 0.6505766667, 1.7341716667, 0.6929486667], "apotheken-gesundheit": [26.1156593333, 27.672755, 25.4071983333], "rossmann": [0.8918086667, 0.6065883333, 0.6588613333, 1.023551], "ok-magazin": [5.5615556667, 4.9753316667], "chartbeat": [9.0971673333], "bbc": [0.6596576667, 0.6910686667, 0.7307173333, 0.6690906667], "bestereviews": [10.0825943333], "ubembed": [0.665336], "prismic": [9.0673336667], "decathlon": [18.0191783333, 17.9992476667], "klambt": [0.7164243333], "launchdarkly": [0.736221]}