{"autobild": [7.5502293333], "appspot": [358.581411, 353.030322], "spotify": [1.2963306667, 0.577015, 0.7308553333], "home24": [7.3154556667, 0.3655026667, 0.6471856667, 1.1788733333, 0.8052913333], "lngtd": [0.6471856667, 0.3655026667, 1.1788733333, 0.8052913333], "trk42": [0.6471856667, 0.3655026667, 1.1788733333, 0.8052913333], "instana": [0.783707], "recaptcha": [370.8855953333], "pxf": [0.615265], "weborama": [1.6810236667, 0.7004226667], "tagesschau": [1.0386233333], "openxcdn": [0.58579], "stuttgarter-nachrichten": [370.1270373333], "google": [354.281388, 1.0016673333, 369.9357733333, 294.1237543333, 354.857051, 365.9475143333, 353.8283373333, 358.1065146667, 353.8137033333, 0.307868, 357.2834513333, 352.394949, 369.478225, 353.764748, 295.172695, 354.2359013333, 353.8657626667, 355.734171, 353.294791, 352.155341, 353.488482, 355.565405, 366.142462, 353.6704936667, 353.0081146667, 370.6307386667, 323.0969413333, 354.8713886667, 292.595351, 294.9564106667, 294.368568, 351.404184], "google-analytics": [354.903251, 355.498332, 0.307868, 1.0016673333], "googleapis": [355.3197773333, 353.5857036667, 353.539961, 508.1861016667, 383.683022, 373.4263896667, 353.8429173333, 354.449982, 386.0151646667, 353.2035546667, 377.4839893333, 356.160333, 353.8397136667, 356.0427923333, 383.1131486667, 353.5683926667, 384.2405473333, 369.312316, 354.3915793333, 384.138329, 355.4451976667, 379.1135476667, 354.4396963333, 353.4166613333, 366.054195, 355.246531, 369.615102, 354.2103083333, 369.3820293333, 352.8147903333, 502.3948716667, 363.5779956667, 354.216632, 380.5811393333, 355.564405, 361.5957533333, 354.855531, 353.080925, 353.04083, 355.1128303333, 355.0492406667, 355.3756876667, 368.7191853333, 355.8655606667, 294.2106836667, 361.8898563333, 350.6691536667, 383.2718316667, 354.2510693333, 351.8009803333, 381.4388316667], "kleinanzeigen": [0.829711], "sentry": [86.878544, 110.1921156667, 0.5486293333], "withgoogle": [353.919492], "livescore": [0.600075, 0.7184746667, 0.7696056667, 0.3837936667, 0.6127543333, 0.540435, 0.6013696667], "2mdn": [352.1569366667], "doubleclick": [294.8682053333, 358.445795, 361.6165546667, 387.337536, 383.2051113333, 296.0561086667, 365.447078, 295.8152073333, 313.548694, 383.415423, 353.6030196667, 380.0942353333, 351.404184], "gstatic": [386.08483, 371.4176643333, 355.3394796667, 352.7300193333, 352.4788766667, 110.137714], "yieldscale": [1.4019146667], "googlesyndication": [386.257682, 353.6168913333, 354.4655086667, 369.8568733333, 354.7992936667, 366.819801], "stuttgarter-zeitung": [370.1270373333], "googlecommerce": [354.677096], "liveticker": [0.7653103333], "finative": [0.7054523333], "pravda": [0.3510196667, 1.2165926667], "usercentrics": [1.044952, 0.3422203333, 0.3866213333, 0.855139, 0.6763446667, 0.5813036667], "googletagservices": [], "swp": [2.1488786667], "kampyle": [0.349869], "skimresources": [0.6558463333, 0.6093323333, 0.555656, 0.4106443333], "swr3": [0.744177], "bugsnag": [0.345146, 0.6572793333], "aiden": [], "dmtech": [0.3163596667], "rlcdn": [0.904786, 0.595084], "firebaseio": [0.3327233333], "ga": [0.8085046667], "ruhrnachrichten": [0.329779], "admedo": [260.9877146667, 264.168546], "kaufland": [1.1349846667, 0.3561723333, 0.8905363333], "nintendo": [0.6471856667, 0.3655026667, 1.1788733333, 0.8052913333], "squarelovin": [1.044547], "mookie1": [1.4266476667], "exponea": [1.362075, 0.572432], "tangycover": [0.3266486667], "northdata": [0.435897], "apester": [0.979518], "hoerzu": [365.8257533333], "dm": [0.818312, 0.3163596667], "ebay-kleinanzeigen": [0.829711], "adktrack": [0.5808773333], "bitmovin": [40.2955676667], "sa-tech": [0.6831766667, 1.259616, 0.405699], "pressekompass": [0.7905626667], "spieletipps": [7.3774763333], "openx": [0.5691246667, 0.4333256667, 0.588194, 0.5855476667], "smythstoys": [1.0957543333], "dumontnext": [0.7586746667], "swr": [0.744177], "chefkoch": [0.6471856667, 0.3655026667, 1.1788733333, 0.8052913333], "impactcdn": [0.3895603333], "run": [0.784699, 0.324128, 0.350227, 0.7937226667], "snapchat": [0.5010893333], "digitalmediawire": [97.8868263333], "refurbed": [0.3655026667, 0.6471856667, 1.1788733333, 0.828333, 0.8052913333], "sozcu": [1.084929, 0.9511636667, 0.424898, 1.1036023333], "youtube": [352.5857383333, 369.9357733333, 381.226475, 354.857051, 369.4572603333, 365.9475143333, 354.712734, 358.1065146667, 357.2834513333, 352.394949, 369.958341, 353.764748, 363.903811, 352.906505, 354.677096, 353.8657626667, 354.1299386667, 365.59924, 384.9327916667, 357.9178493333, 355.734171, 353.294791, 354.8800803333, 352.155341, 353.488482, 355.565405, 353.095031, 353.4518996667, 377.4381103333, 351.404184], "magiccandles": [0.7287063333], "funkedigital": [0.8789293333, 1.2048913333, 0.6476296667], "lvz": [0.6471856667, 0.3655026667, 1.1788733333, 0.8052913333], "yhelper": [7.262424], "chess": [0.5490006667], "loopme": [8.7398223333], "algolia": [0.5581356667], "statista": [0.3655026667, 0.6471856667, 1.1788733333, 370.1270373333, 0.8052913333], "flashscore": [0.959788, 0.7653103333], "sae-conversational": [0.585784], "ruthlessdegree": [0.856601], "notino": [0.4136106667], "hornbach": [0.3594823333], "px-cloud": [0.8074973333], "pghub": [0.5530003333], "netzwelt": [1.413699], "visualwebsiteoptimizer": [0.5319203333], "finanzen": [0.5449676667], "tvdigital": [370.1270373333], "ab-in-den-urlaub": [0.6471856667, 0.3655026667, 1.1788733333, 0.8052913333], "kino": [7.3774763333], "zeit": [0.7586883333], "googleadservices": [353.3010376667, 365.447078], "nordkurier": [], "9gag": [0.552444], "ivitrack": [0.3391593333], "siftscience": [0.8099606667], "saarbruecker-zeitung": [0.8085046667], "roller": [0.3655026667, 0.702532, 0.6471856667, 1.1788733333, 0.8052913333], "vindicosuite": [0.3856286667], "baur": [0.6471856667, 0.3655026667, 1.1788733333, 0.8052913333], "cloudfunctions": [1.057158], "opinary": [370.1270373333, 0.636055], "werstreamt": [370.1270373333], "googletagmanager": [356.037162], "verivox": [0.5128123333], "srmdata-eur": [], "rtbhouse": [0.347979], "br": [0.3655026667, 0.6471856667, 1.1788733333, 0.58679, 0.8052913333], "solvemate": [0.778876], "es": [0.6963346667], "mytoys": [0.70421], "btloader": [0.9132203333], "myhermes": [0.630765], "rp-online": [0.8085046667], "empirietest": [1.2782543333], "familie": [7.3774763333], "vimeocdn": [0.581417], "abendblatt": [0.6471856667, 0.3655026667, 1.1788733333, 0.8052913333], "express": [1.0075686667], "33across": [1.3172833333], "tchibo": [0.4156683333], "trbo": [0.592546, 0.6471856667, 0.3655026667], "sportschau": [0.557654], "ndr": [], "myself": [357.8526583333], "sportal365": [12.4485773333], "rollbar": [177.2822466667, 172.9617613333, 166.851666, 183.8586013333], "googleusercontent": [0.3835186667, 383.1303036667, 354.857803, 354.8484396667], "markt": [0.5445793333], "postbank": [0.3072776667], "aswpsdkeu": [0.5742946667], "bz-berlin": [7.3883883333], "permutive": [0.4793386667], "mirapodo": [0.70421], "diretta": [0.929452], "shopifysvc": [0.3626206667], "t-online": [7.54924], "px-client": [0.8074973333], "creativecdn": [0.6382223333, 0.327803], "wardow": [0.6471856667, 0.3655026667, 1.1788733333, 0.8052913333], "toom": [0.8302776667, 0.7935476667], "trmcdn2": [0.3849003333], "googleoptimize": [352.5857383333], "prmutv": [1.3204076667], "holidaycheck": [1.0548503333], "wixstatic": [0.9716736667], "oceansapart": [0.6471856667, 0.3655026667, 1.1788733333, 0.8052913333], "flaschenpost": [0.6471856667, 0.3655026667, 1.1788733333, 0.8052913333], "parastorage": [1.0274803333], "ruhr24": [0.8610976667], "swrfernsehen": [0.744177], "fiftyt": [0.691698], "nativendo": [0.365489], "sheego": [0.6471856667, 0.3655026667, 1.1788733333, 0.8052913333], "ard-text": [1.2829463333], "perfdrive": [0.483332], "wixmp": [0.3440666667], "gravitec": [], "opodo": [0.6954536667], "bottalk": [1.1871943333], "freenet-mobilfunk": [0.6471856667, 0.3655026667, 1.1788733333, 0.8052913333], "traum-ferienwohnungen": [7.3682606667], "ctnsnet": [0.352886],