{"autobild": [7.5502293333], "appspot": [228.343229, 233.704722], "spotify": [1.2963306667, 0.577015, 0.7308553333], "home24": [7.3154556667, 0.3655026667, 0.6471856667, 1.1788733333, 0.8052913333], "lngtd": [0.6471856667, 0.3655026667, 1.1788733333, 0.8052913333], "trk42": [0.6471856667, 0.3655026667, 1.1788733333, 0.8052913333], "instana": [0.783707], "recaptcha": [236.7077063333], "pxf": [0.615265], "weborama": [1.6810236667, 0.7004226667], "tagesschau": [1.0386233333], "openxcdn": [0.58579], "stuttgarter-nachrichten": [228.8412166667], "google": [231.2734116667, 1.0016673333, 233.1418683333, 196.772596, 230.7210313333, 198.944323, 232.9293943333, 231.938138, 0.307868, 202.1645033333, 232.4025653333, 232.8964216667, 236.3718463333, 228.1480433333, 231.2190686667, 233.4522796667, 232.946859, 199.9745226667, 233.4292863333, 235.446419, 200.3017303333, 235.86378, 229.0829313333, 235.4184033333, 196.589149, 235.52715], "google-analytics": [0.307868, 230.5720393333, 1.0016673333, 235.6459883333], "googleapis": [228.6339636667, 231.1550853333, 232.0777403333, 232.2311963333, 235.593657, 233.37481, 228.1737533333, 228.422435, 235.6057573333, 227.409467, 234.5829613333, 232.2244386667, 233.1772603333, 235.623586, 236.3374683333, 226.3804406667, 232.1532643333, 231.6915283333, 228.0966043333, 233.7273933333, 235.5935383333, 231.8726456667, 231.9767293333, 236.571499, 228.306411, 235.606531, 228.631682, 226.600005, 237.0730743333, 237.1197833333, 232.90973, 231.2437616667, 228.1305863333], "kleinanzeigen": [0.829711], "sentry": [86.878544, 110.1921156667, 0.5486293333], "withgoogle": [232.235738], "livescore": [0.600075, 0.7184746667, 0.7696056667, 0.3837936667, 0.6127543333, 0.540435, 0.6013696667], "2mdn": [227.0249496667], "doubleclick": [231.938138, 196.5328003333, 226.79117, 198.3424563333, 231.7329836667, 233.6321606667, 227.401856, 236.076256, 221.986593, 196.655298, 232.233773, 231.7798136667], "gstatic": [231.8794763333, 228.6260213333, 227.1671566667, 226.593539, 271.254885, 236.3718463333, 279.8962783333], "yieldscale": [1.4019146667], "googlesyndication": [227.5791563333, 231.692039, 232.4025653333, 235.526557, 233.35411], "stuttgarter-zeitung": [228.8412166667], "googlecommerce": [232.946859], "liveticker": [0.7653103333], "finative": [], "pravda": [0.3510196667, 1.2165926667], "usercentrics": [1.044952, 0.3422203333, 0.3866213333, 0.855139, 0.6763446667, 0.5813036667], "googletagservices": [], "swp": [2.1488786667], "kampyle": [0.349869], "skimresources": [0.6558463333, 0.6093323333, 0.555656, 0.4106443333], "swr3": [0.744177], "bugsnag": [0.345146, 0.6572793333], "aiden": [7.0620793333], "dmtech": [0.3163596667], "rlcdn": [0.904786, 0.595084], "firebaseio": [0.3327233333], "ga": [0.8085046667], "ruhrnachrichten": [0.329779], "admedo": [7.5683196667], "kaufland": [1.1349846667, 0.3561723333, 0.8905363333], "nintendo": [0.6471856667, 0.3655026667, 1.1788733333, 0.8052913333], "squarelovin": [1.044547], "mookie1": [1.4266476667], "exponea": [1.362075, 0.572432], "tangycover": [0.3266486667], "northdata": [0.435897], "apester": [0.979518], "hoerzu": [228.8412166667], "dm": [0.818312, 0.3163596667], "ebay-kleinanzeigen": [0.829711], "adktrack": [0.5808773333], "bitmovin": [40.2955676667], "sa-tech": [0.6831766667, 1.259616, 0.405699], "pressekompass": [0.7905626667], "spieletipps": [], "openx": [0.5691246667, 0.4333256667, 0.588194, 0.5855476667], "smythstoys": [1.0957543333], "dumontnext": [0.7586746667], "swr": [0.744177], "chefkoch": [0.6471856667, 0.3655026667, 1.1788733333, 0.8052913333], "impactcdn": [0.3895603333], "run": [0.784699, 0.324128, 0.350227, 0.7937226667], "snapchat": [0.5010893333], "digitalmediawire": [97.8868263333], "refurbed": [0.3655026667, 0.6471856667, 1.1788733333, 0.828333, 0.8052913333], "sozcu": [1.084929, 0.9511636667, 0.424898, 1.1036023333], "youtube": [229.440986, 231.2734116667, 231.2190686667, 235.4184033333, 230.7210313333, 235.52715, 232.946859, 231.3857586667, 232.9293943333, 232.8964216667, 228.5587883333, 232.9853243333, 228.186385, 227.772492, 228.1480433333], "magiccandles": [0.7287063333], "funkedigital": [0.8789293333, 1.2048913333, 0.6476296667], "lvz": [0.6471856667, 0.3655026667, 1.1788733333, 0.8052913333], "yhelper": [7.262424], "chess": [0.5490006667], "loopme": [8.7398223333], "algolia": [0.5800216667], "statista": [0.3655026667, 0.6471856667, 1.1788733333, 228.8412166667, 0.8052913333], "flashscore": [0.959788, 0.7653103333], "sae-conversational": [0.585784], "ruthlessdegree": [0.856601], "notino": [0.4136106667], "hornbach": [0.3594823333], "px-cloud": [0.8074973333], "pghub": [0.5530003333], "netzwelt": [1.413699], "visualwebsiteoptimizer": [], "finanzen": [0.5449676667], "tvdigital": [228.8412166667], "ab-in-den-urlaub": [0.6471856667, 0.3655026667, 1.1788733333, 0.8052913333], "kino": [7.3774763333], "zeit": [0.7586883333], "googleadservices": [232.9197403333, 232.4025653333], "nordkurier": [], "9gag": [0.552444], "ivitrack": [0.3391593333], "siftscience": [0.8099606667], "saarbruecker-zeitung": [0.8085046667], "roller": [0.3655026667, 0.702532, 0.6471856667, 1.1788733333, 0.8052913333], "vindicosuite": [0.3856286667], "baur": [], "cloudfunctions": [1.057158], "opinary": [228.8412166667, 0.636055], "werstreamt": [228.8412166667], "googletagmanager": [228.0977313333], "verivox": [0.5128123333], "srmdata-eur": [], "rtbhouse": [0.347979], "br": [0.3655026667, 0.6471856667, 1.1788733333, 0.58679, 0.8052913333], "solvemate": [0.778876], "es": [0.6963346667], "mytoys": [0.70421], "btloader": [0.9132203333], "myhermes": [0.630765], "rp-online": [0.8085046667], "empirietest": [1.2782543333], "familie": [7.3774763333], "vimeocdn": [0.581417], "abendblatt": [0.6471856667, 0.3655026667, 1.1788733333, 0.8052913333], "express": [1.0075686667], "33across": [1.3172833333], "tchibo": [0.4156683333], "trbo": [0.592546, 0.6471856667, 0.3655026667], "sportschau": [0.557654], "ndr": [1.0950586667], "myself": [228.8412166667], "sportal365": [12.4485773333], "rollbar": [105.828061, 108.503002, 104.4147363333, 105.582829], "googleusercontent": [231.965583, 0.3835186667, 231.692039], "markt": [0.5445793333], "postbank": [0.3072776667], "aswpsdkeu": [0.5742946667], "bz-berlin": [7.3883883333], "permutive": [0.4793386667], "mirapodo": [0.70421], "diretta": [0.929452], "shopifysvc": [0.7862906667], "t-online": [7.54924], "px-client": [0.8074973333], "creativecdn": [0.6382223333, 0.327803], "wardow": [0.6471856667, 0.3655026667, 1.1788733333, 0.8052913333], "toom": [0.8302776667, 0.7935476667], "trmcdn2": [0.3849003333], "googleoptimize": [231.3857586667], "prmutv": [1.3204076667], "holidaycheck": [1.0548503333], "wixstatic": [0.9716736667], "oceansapart": [0.6471856667, 0.3655026667, 1.1788733333, 0.8052913333], "flaschenpost": [0.6471856667, 0.3655026667, 1.1788733333, 0.8052913333], "parastorage": [1.0274803333], "ruhr24": [0.8610976667], "swrfernsehen": [0.744177], "fiftyt": [0.691698], "nativendo": [0.365489], "sheego": [0.6471856667, 0.3655026667, 1.1788733333, 0.8052913333], "ard-text": [1.2829463333], "perfdrive": [0.483332], "wixmp": [0.3440666667], "gravitec": [], "opodo": [0.6954536667], "bottalk": [1.1871943333], "freenet-mobilfunk": [0.6471856667, 0.3655026667, 1.1788733333, 0.8052913333], "traum-ferienwohnungen": [7.3682606667], "ctnsnet": [0.352886], "tapad": [0.8194903333], "pub": [0.5447493333], "aachener-zeitung": [0.95553], "fatmedia": [0.6471856667, 0.3655026667, 1.1788733333, 0.8052913333], "symplr": [0.6336026667], "kurzurlaub": [0.848803], "giga": [7.3774763333], "ggpht": [236.0863], "simpli": [110.2850286667, 110.2204393333, 109.6791556667], "congstar": [0.5685043333], "hunkemoller": [0.6471856667, 0.3655026667, 1.1788733333, 0.8052913333], "megabad": [0.6471856667, 0.3655026667, 1.1788733333, 0.8052913333], "hexagon-analytics": [0.5567456667], "seedtag": [0.3833763333], "ksta": [0.7660513333], "forexpros": [8.740635], "kreuzwortraetsel": [0.7206853333],