{"tnaflix": [0.7218443333, 0.6316106667], "sportdeutschland": [0.7218443333, 0.6316106667], "tnastatic": [0.7218443333, 0.6316106667], "markt": [0.5970563333, 0.4227916667], "goasrv": [0.5970563333, 0.4227916667], "rdtcdn": [0.7218443333, 0.6316106667], "nsimg": [0.4227916667, 0.5970563333], "phncdn": [0.447163], "moviefap": [0.7218443333, 0.6316106667], "ypncdn": [0.9228463333], "adtng": [1.0366283333], "greeter": [0.7218443333, 0.6316106667], "jquery": [0.5970563333, 0.4227916667], "sancdn": [0.4227916667, 0.5970563333], "juicyads": [0.5970563333, 0.4227916667], "rbxcdn": [0.7218443333, 0.6316106667], "fluidplayer": [0.7218443333, 0.6316106667], "trafficjunky": [0.804403], "exoclick": [0.7218443333, 0.6316106667]}