{"snrcdn": [], "aspnetcdn": [182.4570463333], "cookieinformation": [174.2292866667], "riverty": [1.335765, 1.4699186667], "test": [1.4699186667, 1.335765], "bahag": [1.4699186667, 1.335765], "soliver": [1.335765, 1.4699186667], "azureedge": [1.4699186667, 1.335765], "boersenmedien": [1.4699186667, 1.335765], "azure": [1.4699186667, 1.335765], "gfx": [1.4699186667, 1.335765], "nuance": [1.4699186667, 1.335765], "bike-discount": [1.4699186667, 1.335765], "openai": [1.4699186667, 1.335765], "faz-azure": [1.335765, 1.4699186667]}