{"snrcdn": [], "aspnetcdn": [0.403158], "cookieinformation": [0.3488563333], "riverty": [4.4635253333, 1.025862, 1.032855, 1.4549876667], "test": [4.4635253333, 1.4549876667], "bahag": [4.4635253333, 1.4549876667], "soliver": [4.4635253333, 1.4549876667], "azureedge": [4.4635253333, 1.025862, 1.032855, 1.4549876667], "boersenmedien": [4.4635253333, 1.4549876667], "azure": [4.4635253333, 1.4549876667], "gfx": [1.025862, 1.032855], "nuance": [1.025862, 1.032855], "bike-discount": [4.4635253333, 1.4549876667], "openai": [1.2880666667, 1.5823666667], "faz-azure": [4.4635253333, 1.4549876667]}