{"tnaflix": [0.7218443333, 0.6316106667], "sportdeutschland": [0.7218443333, 0.6316106667], "tnastatic": [0.7218443333, 0.6316106667], "mouseflow": [0.6558463333], "cptrack": [0.6558463333], "k5a": [0.6558463333], "markt": [0.5970563333, 0.4227916667], "goasrv": [0.4227916667, 0.5970563333], "rdtcdn": [0.7218443333, 0.6316106667], "requestmetrics": [0.6558463333], "nsimg": [0.4227916667, 0.5970563333], "sonnenklar": [0.6558463333], "phncdn": [0.447163], "dmca": [0.6558463333], "buysellads": [0.6558463333], "fti-group": [0.6558463333], "moviefap": [0.7218443333, 0.6316106667], "ypncdn": [0.9228463333], "trackjs": [0.6558463333], "adtng": [1.0366283333], "greeter": [0.7218443333, 0.6316106667], "skimresources": [0.6558463333], "lkqd": [0.6558463333], "jquery": [0.4227916667, 0.5970563333], "sancdn": [0.5970563333, 0.4227916667], "juicyads": [0.5970563333, 0.4227916667], "rbxcdn": [29.4458343333, 29.5711623333], "fluidplayer": [0.7218443333, 0.6316106667], "trafficjunky": [0.804403], "exoclick": [0.7218443333, 0.6316106667]}