{"yahoo": [179.6482746667, 139.5828576667, 176.1423216667, 176.4984883333, 137.9265023333, 255.6779446667, 180.1807773333, 176.1545746667, 163.8486833333], "aol": [167.1621276667, 179.6482746667, 156.4178493333, 263.659473, 165.3835163333, 153.331816, 22.9134443333, 88.3482856667], "yimg": [255.6779446667]}