{"yahoo": [88.2785866667, 88.2963783333, 86.9821433333, 88.3986926667, 256.785819, 87.360155, 251.5722663333, 88.3063366667, 251.5639666667, 87.2626443333], "aol": [224.4223823333, 167.1621276667, 222.38936, 87.360155, 263.659473, 225.4268823333, 153.331816, 221.4458916667, 22.9134443333, 88.3482856667], "yimg": [255.6779446667]}